{
  "method": "hcmarl",
  "seed": 2,
  "total_episodes": 4167,
  "total_steps": 2000160,
  "best_reward": -35708.80461542114,
  "wall_time_seconds": 6356.281702280045,
  "wall_time_hours": 1.7656338061889012
}