{
  "n_demonstrations": 102,
  "n_types_discovered": 4,
  "type_proportions": [
    0.3235294117647059,
    0.24509803921568626,
    0.3431372549019608,
    0.08823529411764706
  ],
  "mutual_information": 0.0,
  "mi_collapsed": true,
  "objective_value": 0.0,
  "theta_per_type": {
    "0": {
      "shoulder": 0.18374177813529968
    },
    "1": {
      "shoulder": 0.31078365445137024
    },
    "2": {
      "shoulder": 0.24059544503688812
    },
    "3": {
      "shoulder": 0.19663813710212708
    }
  },
  "lambda1": 1.0,
  "lambda2": 1.0,
  "bic_scores": {
    "1": 1440260352.0,
    "2": 14934292.0,
    "3": 40924504.0,
    "4": 40.132362365722656,
    "5": 4944.72607421875
  },
  "k_selection": {
    "score": "heldout_nll",
    "values": {
      "1": 1440260352.0,
      "2": 14934292.0,
      "3": 40924504.0,
      "4": 40.132362365722656,
      "5": 4944.72607421875
    }
  }
}