{
  "n_demonstrations": 102,
  "n_types_discovered": 2,
  "type_proportions": [
    0.9509803921568627,
    0.049019607843137254
  ],
  "mutual_information": 5.960464477539063e-08,
  "mi_collapsed": false,
  "objective_value": 5.960464477539063e-08,
  "theta_per_type": {
    "0": {
      "shoulder": 0.23339338600635529
    },
    "1": {
      "shoulder": 0.36028945446014404
    }
  },
  "lambda1": 1.0,
  "lambda2": 1.0,
  "bic_scores": {
    "1": 1820.31494140625,
    "2": 186.6509552001953,
    "3": 21763.77734375,
    "4": 4091.36376953125,
    "5": 79597.3046875
  },
  "k_selection": {
    "score": "heldout_nll",
    "values": {
      "1": 1820.31494140625,
      "2": 186.6509552001953,
      "3": 21763.77734375,
      "4": 4091.36376953125,
      "5": 79597.3046875
    }
  }
}