{
  "n_demonstrations": 102,
  "n_types_discovered": 4,
  "type_proportions": [
    0.3431372549019608,
    0.24509803921568626,
    0.3235294117647059,
    0.08823529411764706
  ],
  "mutual_information": 1.2909644842147827,
  "mi_collapsed": false,
  "objective_value": 1.2909644842147827,
  "theta_per_type": {
    "0": {
      "shoulder": 0.3045082986354828
    },
    "1": {
      "shoulder": 0.2208547741174698
    },
    "2": {
      "shoulder": 0.18374177813529968
    },
    "3": {
      "shoulder": 0.160885751247406
    }
  },
  "lambda1": 1.0,
  "lambda2": 1.0,
  "bic_scores": {
    "1": 1348.3375244140625,
    "2": 573130.75,
    "3": 1366454.375,
    "4": 141.89120483398438,
    "5": 9966.7109375
  },
  "k_selection": {
    "score": "heldout_nll",
    "values": {
      "1": 1348.3375244140625,
      "2": 573130.75,
      "3": 1366454.375,
      "4": 141.89120483398438,
      "5": 9966.7109375
    }
  }
}