{
  "method": "mappo_lag",
  "seed": 0,
  "total_episodes": 4167,
  "total_steps": 2000160,
  "best_reward": -8975.605638787987,
  "wall_time_seconds": 10239.84136557579,
  "wall_time_hours": 2.8444003793266086
}