{
  "method": "hcmarl",
  "seed": 2,
  "total_episodes": 4167,
  "total_steps": 2000160,
  "best_reward": -1278.3394531174292,
  "wall_time_seconds": 9160.03679728508,
  "wall_time_hours": 2.544454665912522
}