{
  "method": "mappo_lag",
  "seed": 8,
  "total_episodes": 4167,
  "total_steps": 2000160,
  "best_reward": -8931.716330835541,
  "wall_time_seconds": 9905.544915914536,
  "wall_time_hours": 2.7515402544207044
}