{
  "n_demonstrations": 102,
  "n_types_discovered": 3,
  "type_proportions": [
    0.5784313725490197,
    0.08823529411764706,
    0.3333333333333333
  ],
  "mutual_information": 0.0,
  "mi_collapsed": true,
  "objective_value": 0.0,
  "theta_per_type": {
    "0": {
      "shoulder": 0.27555251121520996
    },
    "1": {
      "shoulder": 0.22057195007801056
    },
    "2": {
      "shoulder": 0.18618856370449066
    }
  },
  "lambda1": 1.0,
  "lambda2": 1.0,
  "bic_scores": {
    "1": 165981.265625,
    "2": 1724867018752.0,
    "3": 173.52621459960938,
    "4": 135284.984375,
    "5": 7406.29345703125
  },
  "k_selection": {
    "score": "heldout_nll",
    "values": {
      "1": 165981.265625,
      "2": 1724867018752.0,
      "3": 173.52621459960938,
      "4": 135284.984375,
      "5": 7406.29345703125
    }
  }
}