{
  "method": "hcmarl",
  "seed": 8,
  "total_episodes": 4167,
  "total_steps": 2000160,
  "best_reward": -40507.25937859812,
  "wall_time_seconds": 6320.801722288132,
  "wall_time_hours": 1.7557782561911477
}