{
  "is_continuous_mode": true,
  "experiment": "Appendix F continuous-mode probe",
  "production_runs": {
    "0": {
      "seed_dir": "Results Appendix F\\logs\\continuous_probe\\seed_0",
      "summary": {
        "method": "hcmarl",
        "seed": 0,
        "total_episodes": 105,
        "total_steps": 50400,
        "best_reward": -70297.2213005991,
        "wall_time_seconds": 370.49269676208496,
        "wall_time_hours": 0.10291463798946804
      },
      "mmicrl": {
        "n_demonstrations": 102,
        "n_types_discovered": 1,
        "type_proportions": [
          1.0
        ],
        "mutual_information": 0.0,
        "mi_collapsed": false,
        "objective_value": 0.0,
        "theta_per_type": {
          "0": {
            "shoulder": 0.2412293553352356
          }
        },
        "lambda1": 1.0,
        "lambda2": 1.0,
        "bic_scores": {
          "1": 3365.930908203125,
          "2": 23969.75390625,
          "3": 177264.21875,
          "4": 139124.234375,
          "5": 72304104.0
        },
        "k_selection": {
          "score": "heldout_nll",
          "values": {
            "1": 3365.930908203125,
            "2": 23969.75390625,
            "3": 177264.21875,
            "4": 139124.234375,
            "5": 72304104.0
          }
        }
      },
      "n_episodes": 105,
      "reward_first_ep": -76573.946375,
      "reward_last_ep": -71001.641934,
      "reward_best": -70297.221301,
      "reward_worst": -76578.946375,
      "reward_mean": -71679.06458199999,
      "reward_last10_mean": -70951.4957501,
      "log_std_first": 0.000863,
      "log_std_last": 1.576192,
      "log_std_min": 0.000863,
      "log_std_max": 1.729111,
      "log_std_mean": 1.4621179999999998,
      "log_std_within_clamp": true,
      "log_std_saturated_low": false,
      "log_std_saturated_high": true,
      "log_std_n_valid": 105,
      "log_std_trajectory": [
        0.000863,
        0.049642,
        0.103722,
        0.169688,
        0.236775,
        0.299167,
        0.356538,
        0.431713,
        0.505008,
        0.574123,
        0.63983,
        0.709732,
        0.780009,
        0.851803,
        0.908303,
        0.974555,
        1.041485,
        1.115727,
        1.189413,
        1.253248,
        1.323406,
        1.400284,
        1.475847,
        1.553663,
        1.632921,
        1.69668,
        1.723655,
        1.726014,
        1.728033,
        1.729111,
        1.728536,
        1.727406,
        1.727799,
        1.724529,
        1.728363,
        1.725364,
        1.721893,
        1.713907,
        1.719279,
        1.718477,
        1.715846,
        1.715649,
        1.714505,
        1.714647,
        1.71525,
        1.714276,
        1.717732,
        1.716007,
        1.71465,
        1.713248,
        1.712433,
        1.711239,
        1.704967,
        1.69877,
        1.697921,
        1.693675,
        1.696353,
        1.695287,
        1.69563,
        1.696666,
        1.692751,
        1.690528,
        1.687025,
        1.681858,
        1.68353,
        1.684263,
        1.681839,
        1.679047,
        1.677741,
        1.677089,
        1.674471,
        1.675761,
        1.672566,
        1.673196,
        1.669017,
        1.671083,
        1.667897,
        1.666659,
        1.663531,
        1.660618,
        1.657171,
        1.655414,
        1.655313,
        1.651512,
        1.645308,
        1.643441,
        1.638758,
        1.632389,
        1.629503,
        1.626215,
        1.624916,
        1.622112,
        1.613209,
        1.614752,
        1.60942,
        1.601652,
        1.601051,
        1.600193,
        1.59812,
        1.590961,
        1.588559,
        1.588194,
        1.581393,
        1.57491,
        1.576192
      ],
      "nan_inf_total": 0,
      "nan_inf_any": false,
      "allocator_calls_total": 1680,
      "allocator_calls_per_episode_mean": 16.0,
      "allocator_calls_per_episode_min": 16,
      "allocator_calls_per_episode_max": 16,
      "allocator_calls_per_episode_expected": 16,
      "allocator_calls_match_expected": true,
      "safety_rate_first": 0.15625,
      "safety_rate_last": 0.15625,
      "safety_rate_mean": 0.15625,
      "peak_fatigue_first": 0.834217,
      "peak_fatigue_last": 0.834204,
      "peak_fatigue_max": 0.834239,
      "ecbf_interventions_total": 1768235.0
    },
    "1": {
      "seed_dir": "Results Appendix F\\logs\\continuous_probe\\seed_1",
      "summary": {
        "method": "hcmarl",
        "seed": 1,
        "total_episodes": 105,
        "total_steps": 50400,
        "best_reward": -70038.9463750966,
        "wall_time_seconds": 371.3053152561188,
        "wall_time_hours": 0.10314036534892188
      },
      "mmicrl": {
        "n_demonstrations": 102,
        "n_types_discovered": 3,
        "type_proportions": [
          0.3333333333333333,
          0.6078431372549019,
          0.058823529411764705
        ],
        "mutual_information": 2.384185791015625e-07,
        "mi_collapsed": false,
        "objective_value": 2.384185791015625e-07,
        "theta_per_type": {
          "0": {
            "shoulder": 0.28664320707321167
          },
          "1": {
            "shoulder": 0.19796189665794373
          },
          "2": {
            "shoulder": 0.31033656001091003
          }
        },
        "lambda1": 1.0,
        "lambda2": 1.0,
        "bic_scores": {
          "1": 1700.6014404296875,
          "2": 83988.8828125,
          "3": 780.9244384765625,
          "4": 317311.78125,
          "5": 18175020.0
        },
        "k_selection": {
          "score": "heldout_nll",
          "values": {
            "1": 1700.6014404296875,
            "2": 83988.8828125,
            "3": 780.9244384765625,
            "4": 317311.78125,
            "5": 18175020.0
          }
        }
      },
      "n_episodes": 105,
      "reward_first_ep": -76573.946375,
      "reward_last_ep": -70038.946375,
      "reward_best": -70038.946375,
      "reward_worst": -76578.946375,
      "reward_mean": -71432.49172098096,
      "reward_last10_mean": -70292.94637500001,
      "log_std_first": 0.00051,
      "log_std_last": 1.570067,
      "log_std_min": 0.00051,
      "log_std_max": 1.69396,
      "log_std_mean": 1.4471049142857142,
      "log_std_within_clamp": true,
      "log_std_saturated_low": false,
      "log_std_saturated_high": true,
      "log_std_n_valid": 105,