{
  "hcmarl__vs__mappo": {
    "cumulative_reward__final_window": {
      "poi": 1.0,
      "poi_ci_lo": 1.0,
      "poi_ci_hi": 1.0,
      "mean_diff": 7449.161220214599,
      "diff_ci_lo": 6983.927542316439,
      "diff_ci_hi": 7697.192092785081
    },
    "cumulative_reward__best": {
      "poi": 1.0,
      "poi_ci_lo": 1.0,
      "poi_ci_hi": 1.0,
      "mean_diff": 7394.989756499999,
      "diff_ci_lo": 6829.100088779999,
      "diff_ci_hi": 7687.5672472025
    },
    "safety_rate__final_window": {
      "poi": 0.31,
      "poi_ci_lo": 0.08,
      "poi_ci_hi": 0.6,
      "mean_diff": 0.013987920799999776,
      "diff_ci_lo": -0.008712281875000066,
      "diff_ci_hi": 0.05160787739499994
    },
    "safety_rate__best": {
      "poi": 0.65,
      "poi_ci_lo": 0.5,
      "poi_ci_hi": 0.8,
      "mean_diff": 0.0008333000000000368,
      "diff_ci_lo": 0.0,
      "diff_ci_hi": 0.0018749000000000127
    },
    "violation_rate__final_window": {
      "poi": 0.68,
      "poi_ci_lo": 0.42,
      "poi_ci_hi": 0.91,
      "mean_diff": -0.004765623400000002,
      "diff_ci_lo": -0.011947407585000002,
      "diff_ci_hi": -0.00029692161000000115
    },
    "violation_rate__best": {
      "poi": 0.65,
      "poi_ci_lo": 0.5,
      "poi_ci_hi": 0.8,
      "mean_diff": -0.00013879999999999999,
      "diff_ci_lo": -0.0003123,
      "diff_ci_hi": 0.0
    },
    "peak_fatigue__final_window": {
      "poi": 0.0,
      "poi_ci_lo": 0.0,
      "poi_ci_hi": 0.0,
      "mean_diff": 0.13424901613200024,
      "diff_ci_lo": 0.13127364829730023,
      "diff_ci_hi": 0.1400459431106
    },
    "peak_fatigue__best": {
      "poi": 0.0,
      "poi_ci_lo": 0.0,
      "poi_ci_hi": 0.0,
      "mean_diff": 0.11762366700000004,
      "diff_ci_lo": 0.1089257725249999,
      "diff_ci_hi": 0.12836798637499988
    }
  },
  "hcmarl__vs__mappo_lag": {
    "cumulative_reward__final_window": {
      "poi": 1.0,
      "poi_ci_lo": 1.0,
      "poi_ci_hi": 1.0,
      "mean_diff": 7419.014923682,
      "diff_ci_lo": 6944.205746905969,
      "diff_ci_hi": 7662.861212764401
    },
    "cumulative_reward__best": {
      "poi": 1.0,
      "poi_ci_lo": 1.0,
      "poi_ci_hi": 1.0,
      "mean_diff": 7393.148801400001,
      "diff_ci_lo": 6835.450389625,
      "diff_ci_hi": 7679.231422329999
    },
    "safety_rate__final_window": {
      "poi": 0.1,
      "poi_ci_lo": 0.0,
      "poi_ci_hi": 0.3,
      "mean_diff": 0.0033512543999998368,
      "diff_ci_lo": -0.01343996210000006,
      "diff_ci_hi": 0.03358318151999956
    },
    "safety_rate__best": {
      "poi": 0.6,
      "poi_ci_lo": 0.5,
      "poi_ci_hi": 0.75,
      "mean_diff": 0.0004165999999999892,
      "diff_ci_lo": 0.0,
      "diff_ci_hi": 0.0010414999999998065
    },
    "violation_rate__final_window": {
      "poi": 0.5,
      "poi_ci_lo": 0.24,
      "poi_ci_hi": 0.78,
      "mean_diff": -0.0022610367999999995,
      "diff_ci_lo": -0.008005181385,
      "diff_ci_hi": 0.001203825485000001
    },
    "violation_rate__best": {
      "poi": 0.6,
      "poi_ci_lo": 0.5,
      "poi_ci_hi": 0.75,
      "mean_diff": -6.939999999999999e-05,
      "diff_ci_lo": -0.0001735,
      "diff_ci_hi": 0.0
    },
    "peak_fatigue__final_window": {
      "poi": 0.0,
      "poi_ci_lo": 0.0,
      "poi_ci_hi": 0.0,
      "mean_diff": 0.1344721088180002,
      "diff_ci_lo": 0.13127364935930008,
      "diff_ci_hi": 0.1407152200976
    },
    "peak_fatigue__best": {
      "poi": 0.0,
      "poi_ci_lo": 0.0,
      "poi_ci_hi": 0.0,
      "mean_diff": 0.11852234699999997,
      "diff_ci_lo": 0.11035391907499997,
      "diff_ci_hi": 0.12916388687499977
    }
  },
  "hcmarl__vs__happo": {
    "cumulative_reward__final_window": {
      "poi": 1.0,
      "poi_ci_lo": 1.0,
      "poi_ci_hi": 1.0,
      "mean_diff": 10616.818289231598,
      "diff_ci_lo": 9830.672719336355,
      "diff_ci_hi": 11303.267828022888
    },
    "cumulative_reward__best": {
      "poi": 1.0,
      "poi_ci_lo": 1.0,
      "poi_ci_hi": 1.0,
      "mean_diff": 6515.9938935,
      "diff_ci_lo": 6080.2611826699995,
      "diff_ci_hi": 6997.745303992499
    },
    "safety_rate__final_window": {
      "poi": 1.0,
      "poi_ci_lo": 1.0,
      "poi_ci_hi": 1.0,
      "mean_diff": 0.6440095855999999,
      "diff_ci_lo": 0.5982066275500001,
      "diff_ci_hi": 0.677143069655
    },
    "safety_rate__best": {
      "poi": 1.0,
      "poi_ci_lo": 1.0,
      "poi_ci_hi": 1.0,
      "mean_diff": 0.08729160000000002,
      "diff_ci_lo": 0.05999999749999983,
      "diff_ci_hi": 0.12583850499999996
    },
    "violation_rate__final_window": {
      "poi": 1.0,
      "poi_ci_lo": 1.0,
      "poi_ci_hi": 1.0,
      "mean_diff": -0.4032376352,
      "diff_ci_lo": -0.47804747397999997,
      "diff_ci_hi": -0.32042567375500003
    },
    "violation_rate__best": {
      "poi": 1.0,
      "poi_ci_lo": 1.0,
      "poi_ci_hi": 1.0,
      "mean_diff": -0.016388800000000002,
      "diff_ci_lo": -0.0248957,
      "diff_ci_hi": -0.0105208
    },
    "peak_fatigue__final_window": {
      "poi": 0.0,
      "poi_ci_lo": 0.0,
      "poi_ci_hi": 0.0,
      "mean_diff": 0.09671939409200014,
      "diff_ci_lo": 0.08122357317905005,
      "diff_ci_hi": 0.10803175046215012
    },
    "peak_fatigue__best": {
      "poi": 0.0,
      "poi_ci_lo": 0.0,
      "poi_ci_hi": 0.0,
      "mean_diff": 0.13267497000000006,
      "diff_ci_lo": 0.12196672327499995,
      "diff_ci_hi": 0.14346582915000006
    }
  },
  "hcmarl__vs__shielded_mappo": {
    "cumulative_reward__final_window": {
      "poi": 1.0,
      "poi_ci_lo": 1.0,
      "poi_ci_hi": 1.0,
      "mean_diff": 5858.4967087754,
      "diff_ci_lo": 5838.477295089915,
      "diff_ci_hi": 5878.815046125851
    },
    "cumulative_reward__best": {
      "poi": 1.0,
      "poi_ci_lo": 1.0,
      "poi_ci_hi": 1.0,
      "mean_diff": 5969.3472853,
      "diff_ci_lo": 5951.411990672499,
      "diff_ci_hi": 5987.1232343525
    },
    "safety_rate__final_window": {
      "poi": 0.0,
      "poi_ci_lo": 0.0,
      "poi_ci_hi": 0.0,
      "mean_diff": -0.0356024934000001,
      "diff_ci_lo": -0.03797755235000004,
      "diff_ci_hi": -0.03364496191000003
    },
    "safety_rate__best": {
      "poi": 0.5,
      "poi_ci_lo": 0.5,
      "poi_ci_hi": 0.5,
      "mean_diff": 0.0,
      "diff_ci_lo": 0.0,
      "diff_ci_hi": 0.0
    },
    "violation_rate__final_window": {
      "poi": 0.0,
      "poi_ci_lo": 0.0,
      "poi_ci_hi": 0.0,
      "mean_diff": 0.0079511116,
      "diff_ci_lo": 0.007462885534999999,
      "diff_ci_hi": 0.008518464434999998
    },
    "violation_rate__best": {
      "poi": 0.5,
      "poi_ci_lo": 0.5,
      "poi_ci_hi": 0.5,
      "mean_diff": 0.0,
      "diff_ci_lo": 0.0,
      "diff_ci_hi": 0.0
    },
    "peak_fatigue__final_window": {
      "poi": 0.0,
      "poi_ci_lo": 0.0,
      "poi_ci_hi": 0.0,
      "mean_diff": 0.25816097214200007,
      "diff_ci_lo": 0.2382919713828498,
      "diff_ci_hi": 0.27804241369389987
    },
    "peak_fatigue__best": {
      "poi": 0.0,
      "poi_ci_lo": 0.0,
      "poi_ci_hi": 0.0,
      "mean_diff": 0.216641937,
      "diff_ci_lo": 0.19615694625000002,
      "diff_ci_hi": 0.2372526947000001
    }
  },
  "mappo__vs__mappo_lag": {
    "cumulative_reward__final_window": {
      "poi": 0.37,
      "poi_ci_lo": 0.14,
      "poi_ci_hi": 0.65,
      "mean_diff": -30.14629653259908,
      "diff_ci_lo": -719.3512516953284,
      "diff_ci_hi": 648.2230925913842
    },
    "cumulative_reward__best": {
      "poi": 0.43,
      "poi_ci_lo": 0.18,
      "poi_ci_hi": 0.7,
      "mean_diff": -1.8409550999986095,
      "diff_ci_lo": -825.8508182524997,
      "diff_ci_hi": 825.2157140224963
    },
    "safety_rate__final_window": {
      "poi": 0.33,
      "poi_ci_lo": 0.11,
      "poi_ci_hi": 0.58,
      "mean_diff": -0.010636666399999939,
      "diff_ci_lo": -0.05724673456999995,
      "diff_ci_hi": 0.03192313308999997
    },
    "safety_rate__best": {
      "poi": 0.44,
      "poi_ci_lo": 0.25,
      "poi_ci_hi": 0.63,