{
  "n_demonstrations": 102,
  "n_types_discovered": 4,
  "type_proportions": [
    0.4411764705882353,
    0.12745098039215685,
    0.0784313725490196,
    0.35294117647058826
  ],
  "mutual_information": 1.1920928955078125e-07,
  "mi_collapsed": false,
  "objective_value": 1.1920928955078125e-07,
  "theta_per_type": {
    "0": {
      "shoulder": 0.22927968204021454
    },
    "1": {
      "shoulder": 0.3080105781555176
    },
    "2": {
      "shoulder": 0.32246658205986023
    },
    "3": {
      "shoulder": 0.19488194584846497
    }
  },
  "lambda1": 1.0,
  "lambda2": 1.0,
  "bic_scores": {
    "1": 1881107.875,
    "2": 40768.6328125,
    "3": 15921.830078125,
    "4": 7526.205078125,
    "5": 2008208768.0
  },
  "k_selection": {
    "score": "heldout_nll",
    "values": {
      "1": 1881107.875,
      "2": 40768.6328125,
      "3": 15921.830078125,
      "4": 7526.205078125,
      "5": 2008208768.0
    }
  }
}