{
  "method": "hcmarl",
  "seed": 7,
  "total_episodes": 4167,
  "total_steps": 2000160,
  "best_reward": -1269.76073499735,
  "wall_time_seconds": 6328.062813997269,
  "wall_time_hours": 1.7577952261103524
}