{
  "method": "hcmarl",
  "seed": 9,
  "total_episodes": 4167,
  "total_steps": 2000160,
  "best_reward": -1228.3439123257203,
  "wall_time_seconds": 6331.344603300095,
  "wall_time_hours": 1.7587068342500263
}