{
  "method": "hcmarl",
  "seed": 4,
  "total_episodes": 4167,
  "total_steps": 2000160,
  "best_reward": -1275.6056495065789,
  "wall_time_seconds": 6365.473687887192,
  "wall_time_hours": 1.76818713552422
}