{
  "method": "mappo_lag",
  "seed": 3,
  "total_episodes": 4167,
  "total_steps": 2000160,
  "best_reward": -8975.959322785442,
  "wall_time_seconds": 9880.809790611267,
  "wall_time_hours": 2.7446693862809077
}