{
  "method": "hcmarl",
  "seed": 6,
  "total_episodes": 4167,
  "total_steps": 2000160,
  "best_reward": -1275.3649052496144,
  "wall_time_seconds": 5289.843205690384,
  "wall_time_hours": 1.469400890469551
}