{
  "method": "hcmarl",
  "seed": 1,
  "total_episodes": 4167,
  "total_steps": 2000160,
  "best_reward": -8931.829203557816,
  "wall_time_seconds": 6346.2727200984955,
  "wall_time_hours": 1.7628535333606932
}