{
  "n_demonstrations": 102,
  "n_types_discovered": 5,
  "type_proportions": [
    0.3235294117647059,
    0.24509803921568626,
    0.08823529411764706,
    0.08823529411764706,
    0.2549019607843137
  ],
  "mutual_information": 0.0,
  "mi_collapsed": true,
  "objective_value": 0.0,
  "theta_per_type": {
    "0": {
      "shoulder": 0.18374177813529968
    },
    "1": {
      "shoulder": 0.31078365445137024
    },
    "2": {
      "shoulder": 0.160885751247406
    },
    "3": {
      "shoulder": 0.19663813710212708
    },
    "4": {
      "shoulder": 0.2545446753501892
    }
  },
  "lambda1": 1.0,
  "lambda2": 1.0,
  "bic_scores": {
    "1": 1368.5784912109375,
    "2": -23.049999237060547,
    "3": 8638.099609375,
    "4": 176041.8125,
    "5": -25.849441528320312
  },
  "k_selection": {
    "score": "heldout_nll",
    "values": {
      "1": 1368.5784912109375,
      "2": -23.049999237060547,
      "3": 8638.099609375,
      "4": 176041.8125,
      "5": -25.849441528320312
    }
  }
}