{
  "method": "mappo_lag",
  "seed": 9,
  "total_episodes": 4167,
  "total_steps": 2000160,
  "best_reward": -8936.84375918683,
  "wall_time_seconds": 10116.298431873322,
  "wall_time_hours": 2.810082897742589
}