{
  "method": "hcmarl",
  "seed": 0,
  "total_episodes": 4167,
  "total_steps": 2000160,
  "best_reward": -8971.914505113522,
  "wall_time_seconds": 6345.008452653885,
  "wall_time_hours": 1.7625023479594124
}