{
  "method": "hcmarl",
  "seed": 0,
  "total_episodes": 4167,
  "total_steps": 2000160,
  "best_reward": -1233.3439123257199,
  "wall_time_seconds": 6361.410153627396,
  "wall_time_hours": 1.76705837600761
}