{
  "method": "hcmarl",
  "seed": 9,
  "total_episodes": 4167,
  "total_steps": 2000160,
  "best_reward": -1276.5504574958843,
  "wall_time_seconds": 6352.7097272872925,
  "wall_time_hours": 1.7646415909131368
}