{
  "n_demonstrations": 102,
  "n_types_discovered": 4,
  "type_proportions": [
    0.3235294117647059,
    0.24509803921568626,
    0.3431372549019608,
    0.08823529411764706
  ],
  "mutual_information": 0.0,
  "mi_collapsed": true,
  "objective_value": 0.0,
  "theta_per_type": {
    "0": {
      "shoulder": 0.18374177813529968
    },
    "1": {
      "shoulder": 0.31078365445137024
    },
    "2": {
      "shoulder": 0.24059544503688812
    },
    "3": {
      "shoulder": 0.19663813710212708
    }
  },
  "lambda1": 1.0,
  "lambda2": 1.0,
  "bic_scores": {
    "1": 5694.4990234375,
    "2": 392.01544189453125,
    "3": 107679.625,
    "4": -18.498762130737305,
    "5": 307526074368.0
  },
  "k_selection": {
    "score": "heldout_nll",
    "values": {
      "1": 5694.4990234375,
      "2": 392.01544189453125,
      "3": 107679.625,
      "4": -18.498762130737305,
      "5": 307526074368.0
    }
  }
}