{
  "method": "mappo_lag",
  "seed": 4,
  "total_episodes": 4167,
  "total_steps": 2000160,
  "best_reward": -8926.736084066886,
  "wall_time_seconds": 10104.197050333023,
  "wall_time_hours": 2.8067214028702843
}