{
  "method": "hcmarl",
  "seed": 4,
  "total_episodes": 4167,
  "total_steps": 2000160,
  "best_reward": -1275.6056495065789,
  "wall_time_seconds": 6332.700756072998,
  "wall_time_hours": 1.7590835433536105
}