{
  "method": "hcmarl",
  "seed": 9,
  "total_episodes": 4167,
  "total_steps": 2000160,
  "best_reward": -34894.3638578043,
  "wall_time_seconds": 6315.6623475551605,
  "wall_time_hours": 1.7543506520986556
}