{
  "method": "hcmarl",
  "seed": 5,
  "total_episodes": 4167,
  "total_steps": 2000160,
  "best_reward": -1269.5154217572829,
  "wall_time_seconds": 6368.845549583435,
  "wall_time_hours": 1.7691237637731765
}