{
  "method": "hcmarl",
  "seed": 1,
  "total_episodes": 4167,
  "total_steps": 2000160,
  "best_reward": -1275.3244049907064,
  "wall_time_seconds": 9143.772160768509,
  "wall_time_hours": 2.539936711324586
}