{
  "method": "mappo",
  "seed": 7,
  "total_episodes": 4167,
  "total_steps": 2000160,
  "best_reward": -8931.668923302574,
  "wall_time_seconds": 9013.346467733383,
  "wall_time_hours": 2.503707352148162
}