{
  "method": "hcmarl",
  "seed": 3,
  "total_episodes": 4167,
  "total_steps": 2000160,
  "best_reward": -8951.822122714075,
  "wall_time_seconds": 6341.891070604324,
  "wall_time_hours": 1.7616364085012013
}