{
  "method": "hcmarl",
  "seed": 8,
  "total_episodes": 4167,
  "total_steps": 2000160,
  "best_reward": -1275.09273330286,
  "wall_time_seconds": 8999.704854011536,
  "wall_time_hours": 2.4999180150032045
}