{
  "method": "hcmarl",
  "seed": 0,
  "total_episodes": 4167,
  "total_steps": 2000160,
  "best_reward": -1276.1801116468832,
  "wall_time_seconds": 9083.062363386154,
  "wall_time_hours": 2.5230728787183763
}