{
  "n_demonstrations": 102,
  "n_types_discovered": 4,
  "type_proportions": [
    0.35294117647058826,
    0.3137254901960784,
    0.13725490196078433,
    0.19607843137254902
  ],
  "mutual_information": 0.8984228372573853,
  "mi_collapsed": false,
  "objective_value": 0.8984228372573853,
  "theta_per_type": {
    "0": {
      "shoulder": 0.2939566373825073
    },
    "1": {
      "shoulder": 0.2349155843257904
    },
    "2": {
      "shoulder": 0.21810436248779297
    },
    "3": {
      "shoulder": 0.1542748361825943
    }
  },
  "lambda1": 1.0,
  "lambda2": 1.0,
  "bic_scores": {
    "1": 66240.1015625,
    "2": 119624393818112.0,
    "3": 15381214.0,
    "4": 1828.311767578125,
    "5": 15538764906496.0
  },
  "k_selection": {
    "score": "heldout_nll",
    "values": {
      "1": 66240.1015625,
      "2": 119624393818112.0,
      "3": 15381214.0,
      "4": 1828.311767578125,
      "5": 15538764906496.0
    }
  }
}