{
  "method": "hcmarl",
  "seed": 7,
  "total_episodes": 4167,
  "total_steps": 2000160,
  "best_reward": -33948.42354339504,
  "wall_time_seconds": 6322.480453491211,
  "wall_time_hours": 1.7562445704142253
}