{
  "method": "hcmarl",
  "seed": 0,
  "total_episodes": 4167,
  "total_steps": 2000160,
  "best_reward": -1274.020085147896,
  "wall_time_seconds": 6312.192847728729,
  "wall_time_hours": 1.7533869021468693
}