{
  "method": "hcmarl",
  "seed": 5,
  "total_episodes": 4167,
  "total_steps": 2000160,
  "best_reward": -1228.3439123257206,
  "wall_time_seconds": 6336.099909067154,
  "wall_time_hours": 1.7600277525186538
}