{
  "method": "mappo_lag",
  "seed": 5,
  "total_episodes": 4167,
  "total_steps": 2000160,
  "best_reward": -6186.329878727139,
  "wall_time_seconds": 10142.834921121597,
  "wall_time_hours": 2.8174541447559993
}