{
  "n_demonstrations": 102,
  "n_types_discovered": 3,
  "type_proportions": [
    0.3235294117647059,
    0.3333333333333333,
    0.3431372549019608
  ],
  "mutual_information": 0.0,
  "mi_collapsed": true,
  "objective_value": 0.0,
  "theta_per_type": {
    "0": {
      "shoulder": 0.18374177813529968
    },
    "1": {
      "shoulder": 0.29258203506469727
    },
    "2": {
      "shoulder": 0.24059544503688812
    }
  },
  "lambda1": 1.0,
  "lambda2": 1.0,
  "bic_scores": {
    "1": 3435.634521484375,
    "2": 116535.09375,
    "3": -11.93179988861084,
    "4": 14426030.0,
    "5": 17284.26171875
  },
  "k_selection": {
    "score": "heldout_nll",
    "values": {
      "1": 3435.634521484375,
      "2": 116535.09375,
      "3": -11.93179988861084,
      "4": 14426030.0,
      "5": 17284.26171875
    }
  }
}