{
  "method": "hcmarl",
  "seed": 7,
  "total_episodes": 4167,
  "total_steps": 2000160,
  "best_reward": -1274.7405481374071,
  "wall_time_seconds": 8907.115664958954,
  "wall_time_hours": 2.474198795821932
}