{
  "n_demonstrations": 102,
  "n_types_discovered": 5,
  "type_proportions": [
    0.12745098039215685,
    0.19607843137254902,
    0.3235294117647059,
    0.049019607843137254,
    0.30392156862745096
  ],
  "mutual_information": 0.0,
  "mi_collapsed": true,
  "objective_value": 0.0,
  "theta_per_type": {
    "0": {
      "shoulder": 0.21494027972221375
    },
    "1": {
      "shoulder": 0.2905893325805664
    },
    "2": {
      "shoulder": 0.18194688856601715
    },
    "3": {
      "shoulder": 0.3455171585083008
    },
    "4": {
      "shoulder": 0.23362472653388977
    }
  },
  "lambda1": 1.0,
  "lambda2": 1.0,
  "bic_scores": {
    "1": 6704283.5,
    "2": 284044.3125,
    "3": 47497.78515625,
    "4": 6160727.5,
    "5": 7474.67578125
  },
  "k_selection": {
    "score": "heldout_nll",
    "values": {
      "1": 6704283.5,
      "2": 284044.3125,
      "3": 47497.78515625,
      "4": 6160727.5,
      "5": 7474.67578125
    }
  }
}