{
  "method": "hcmarl",
  "seed": 3,
  "total_episodes": 4167,
  "total_steps": 2000160,
  "best_reward": -33200.16134797139,
  "wall_time_seconds": 6356.596285820007,
  "wall_time_hours": 1.7657211905055576
}