{
  "method": "hcmarl",
  "seed": 4,
  "total_episodes": 4167,
  "total_steps": 2000160,
  "best_reward": -34234.16456466806,
  "wall_time_seconds": 6355.912527084351,
  "wall_time_hours": 1.7655312575234308
}