{
  "method": "hcmarl",
  "seed": 3,
  "total_episodes": 4167,
  "total_steps": 2000160,
  "best_reward": -1272.896612304333,
  "wall_time_seconds": 9298.343737840652,
  "wall_time_hours": 2.5828732605112923
}