{
  "method": "shielded_mappo",
  "seed": 0,
  "total_episodes": 4167,
  "total_steps": 2000160,
  "best_reward": -7269.229093027421,
  "wall_time_seconds": 20923.751062631607,
  "wall_time_hours": 5.812153072953224
}