{
  "n_demonstrations": 102,
  "n_types_discovered": 2,
  "type_proportions": [
    0.9313725490196079,
    0.06862745098039216
  ],
  "mutual_information": 0.0,
  "mi_collapsed": true,
  "objective_value": 0.0,
  "theta_per_type": {
    "0": {
      "shoulder": 0.23339338600635529
    },
    "1": {
      "shoulder": 0.32395651936531067
    }
  },
  "lambda1": 1.0,
  "lambda2": 1.0,
  "bic_scores": {
    "1": 46881.41015625,
    "2": -18.83097267150879,
    "3": 6.237428188323975,
    "4": 4351.4189453125,
    "5": 6923.787109375
  },
  "k_selection": {
    "score": "heldout_nll",
    "values": {
      "1": 46881.41015625,
      "2": -18.83097267150879,
      "3": 6.237428188323975,
      "4": 4351.4189453125,
      "5": 6923.787109375
    }
  }
}