{
  "method": "hcmarl",
  "seed": 4,
  "total_episodes": 4167,
  "total_steps": 2000160,
  "best_reward": -1231.1737927822699,
  "wall_time_seconds": 6321.54815196991,
  "wall_time_hours": 1.7559855977694194
}