{
  "method": "hcmarl",
  "seed": 4,
  "total_episodes": 4167,
  "total_steps": 2000160,
  "best_reward": -1276.9445181951328,
  "wall_time_seconds": 8958.209275007248,
  "wall_time_hours": 2.488391465279791
}