{
  "method": "hcmarl",
  "seed": 1,
  "total_episodes": 4167,
  "total_steps": 2000160,
  "best_reward": -34174.14400485714,
  "wall_time_seconds": 6356.102605581284,
  "wall_time_hours": 1.765584057105912
}