{
  "n_demonstrations": 102,
  "n_types_discovered": 2,
  "type_proportions": [
    0.5784313725490197,
    0.4215686274509804
  ],
  "mutual_information": 0.0,
  "mi_collapsed": true,
  "objective_value": 0.0,
  "theta_per_type": {
    "0": {
      "shoulder": 0.24678608775138855
    },
    "1": {
      "shoulder": 0.2276463657617569
    }
  },
  "lambda1": 1.0,
  "lambda2": 1.0,
  "bic_scores": {
    "1": 62283.0234375,
    "2": 1966.1019287109375,
    "3": 25227.755859375,
    "4": 67905.90625,
    "5": 159467.484375
  },
  "k_selection": {
    "score": "heldout_nll",
    "values": {
      "1": 62283.0234375,
      "2": 1966.1019287109375,
      "3": 25227.755859375,
      "4": 67905.90625,
      "5": 159467.484375
    }
  }
}