{
  "method": "hcmarl",
  "seed": 2,
  "total_episodes": 4167,
  "total_steps": 2000160,
  "best_reward": -8980.321989975202,
  "wall_time_seconds": 6343.209036588669,
  "wall_time_hours": 1.762002510163519
}