{
  "n_demonstrations": 102,
  "n_types_discovered": 1,
  "type_proportions": [
    1.0
  ],
  "mutual_information": 0.0,
  "mi_collapsed": false,
  "objective_value": 0.0,
  "theta_per_type": {
    "0": {
      "shoulder": 0.2412293553352356
    }
  },
  "lambda1": 1.0,
  "lambda2": 1.0,
  "bic_scores": {
    "1": 8525.513671875,
    "2": 1580098560.0,
    "3": 113967.8203125,
    "4": 279349.4375,
    "5": 13298.68359375
  },
  "k_selection": {
    "score": "heldout_nll",
    "values": {
      "1": 8525.513671875,
      "2": 1580098560.0,
      "3": 113967.8203125,
      "4": 279349.4375,
      "5": 13298.68359375
    }
  }
}