{
  "method": "hcmarl",
  "seed": 1,
  "total_episodes": 4167,
  "total_steps": 2000160,
  "best_reward": -1279.1706847805565,
  "wall_time_seconds": 6364.6269245147705,
  "wall_time_hours": 1.7679519234763252
}