{
  "method": "hcmarl",
  "seed": 7,
  "total_episodes": 4167,
  "total_steps": 2000160,
  "best_reward": -1224.299423770747,
  "wall_time_seconds": 6332.705644130707,
  "wall_time_hours": 1.7590849011474186
}