{
  "method": "hcmarl",
  "seed": 5,
  "total_episodes": 4167,
  "total_steps": 2000160,
  "best_reward": -34439.13595289113,
  "wall_time_seconds": 6352.108307600021,
  "wall_time_hours": 1.7644745298888949
}