{
  "method": "hcmarl",
  "seed": 8,
  "total_episodes": 4167,
  "total_steps": 2000160,
  "best_reward": -3280.5630119949697,
  "wall_time_seconds": 6339.750249624252,
  "wall_time_hours": 1.7610417360067367
}