{
  "method": "happo",
  "seed": 1,
  "total_episodes": 4167,
  "total_steps": 2000160,
  "best_reward": -8068.714796925849,
  "wall_time_seconds": 42288.81874084473,
  "wall_time_hours": 11.74689409467909
}