{
  "method": "hcmarl",
  "seed": 5,
  "total_episodes": 4167,
  "total_steps": 2000160,
  "best_reward": -1274.131659655721,
  "wall_time_seconds": 9163.74064874649,
  "wall_time_hours": 2.5454835135406917
}