{
  "method": "hcmarl",
  "seed": 6,
  "total_episodes": 4167,
  "total_steps": 2000160,
  "best_reward": -34475.36321477939,
  "wall_time_seconds": 6307.2495992183685,
  "wall_time_hours": 1.752013777560658
}