{
  "method": "mappo_lag",
  "seed": 1,
  "total_episodes": 4167,
  "total_steps": 2000160,
  "best_reward": -8926.80279072643,
  "wall_time_seconds": 10308.47533607483,
  "wall_time_hours": 2.863465371131897
}