{
  "method": "hcmarl",
  "seed": 4,
  "total_episodes": 4167,
  "total_steps": 2000160,
  "best_reward": -8970.916997395263,
  "wall_time_seconds": 6346.102298259735,
  "wall_time_hours": 1.7628061939610375
}