{
  "n_demonstrations": 102,
  "n_types_discovered": 4,
  "type_proportions": [
    0.39215686274509803,
    0.06862745098039216,
    0.49019607843137253,
    0.049019607843137254
  ],
  "mutual_information": 0.0,
  "mi_collapsed": true,
  "objective_value": 0.0,
  "theta_per_type": {
    "0": {
      "shoulder": 0.2861543893814087
    },
    "1": {
      "shoulder": 0.21154950559139252
    },
    "2": {
      "shoulder": 0.19517533481121063
    },
    "3": {
      "shoulder": 0.23494496941566467
    }
  },
  "lambda1": 1.0,
  "lambda2": 1.0,
  "bic_scores": {
    "1": 617.5885009765625,
    "2": 601.5789184570312,
    "3": 2524068.75,
    "4": 241.77622985839844,
    "5": 7382.7099609375
  },
  "k_selection": {
    "score": "heldout_nll",
    "values": {
      "1": 617.5885009765625,
      "2": 601.5789184570312,
      "3": 2524068.75,
      "4": 241.77622985839844,
      "5": 7382.7099609375
    }
  }
}