{
  "n_demonstrations": 102,
  "n_types_discovered": 3,
  "type_proportions": [
    0.24509803921568626,
    0.08823529411764706,
    0.6666666666666666
  ],
  "mutual_information": 0.0,
  "mi_collapsed": true,
  "objective_value": 0.0,
  "theta_per_type": {
    "0": {
      "shoulder": 0.31078365445137024
    },
    "1": {
      "shoulder": 0.19663813710212708
    },
    "2": {
      "shoulder": 0.2133776992559433
    }
  },
  "lambda1": 1.0,
  "lambda2": 1.0,
  "bic_scores": {
    "1": 75290.359375,
    "2": 372.8138122558594,
    "3": 44.68935012817383,
    "4": 5046.3916015625,
    "5": 945418944.0
  },
  "k_selection": {
    "score": "heldout_nll",
    "values": {
      "1": 75290.359375,
      "2": 372.8138122558594,
      "3": 44.68935012817383,
      "4": 5046.3916015625,
      "5": 945418944.0
    }
  }
}