Headline grid: 5 methods x 10 seeds = 50 runs
Methods: ['hcmarl', 'mappo', 'mappo_lag', 'happo', 'shielded_mappo']
Seeds:   [0, 1, 2, 3, 4, 5, 6, 7, 8, 9]
--fresh-logs: wiping prior per-method logs/ and checkpoints/
  (nothing to remove at logs/hcmarl/)
  (nothing to remove at checkpoints/hcmarl/)
  (nothing to remove at logs/mappo/)
  (nothing to remove at checkpoints/mappo/)
  (nothing to remove at logs/mappo_lag/)
  (nothing to remove at checkpoints/mappo_lag/)
  (nothing to remove at logs/happo/)
  (nothing to remove at checkpoints/happo/)
  (nothing to remove at logs/shielded_mappo/)
  (nothing to remove at checkpoints/shielded_mappo/)

Thread cap per child: OMP/MKL/OPENBLAS_NUM_THREADS=8 (max_parallel=6)

Launching 50 runs with --max-parallel=6 (concurrent train.py subprocesses)
Using device: cuda
Using device: cuda
Using device: cuda
Using device: cuda
Using device: cuda
Using device: cuda
2026-05-02 16:24:09 | hcmarl.utils | INFO | HIGH determinism: cudnn.deterministic=True, torch.use_deterministic_algorithms(True), matmul=highest, CUBLAS_WORKSPACE_CONFIG=:4096:8 (EXP3-Part-1-equivalent reproducibility)
Path G: loading pre-computed profiles from /root/hcmarl_project/config/pathg_profiles.json
Generating demonstrations from calibrated profiles (Eq 35 controller)...
2026-05-02 16:24:09 | hcmarl.utils | INFO | HIGH determinism: cudnn.deterministic=True, torch.use_deterministic_algorithms(True), matmul=highest, CUBLAS_WORKSPACE_CONFIG=:4096:8 (EXP3-Part-1-equivalent reproducibility)
Path G: loading pre-computed profiles from /root/hcmarl_project/config/pathg_profiles.json
Generating demonstrations from calibrated profiles (Eq 35 controller)...
2026-05-02 16:24:09 | hcmarl.utils | INFO | HIGH determinism: cudnn.deterministic=True, torch.use_deterministic_algorithms(True), matmul=highest, CUBLAS_WORKSPACE_CONFIG=:4096:8 (EXP3-Part-1-equivalent reproducibility)
Path G: loading pre-computed profiles from /root/hcmarl_project/config/pathg_profiles.json
Generating demonstrations from calibrated profiles (Eq 35 controller)...
2026-05-02 16:24:09 | hcmarl.utils | INFO | HIGH determinism: cudnn.deterministic=True, torch.use_deterministic_algorithms(True), matmul=highest, CUBLAS_WORKSPACE_CONFIG=:4096:8 (EXP3-Part-1-equivalent reproducibility)
Path G: loading pre-computed profiles from /root/hcmarl_project/config/pathg_profiles.json
Generating demonstrations from calibrated profiles (Eq 35 controller)...
2026-05-02 16:24:09 | hcmarl.utils | INFO | HIGH determinism: cudnn.deterministic=True, torch.use_deterministic_algorithms(True), matmul=highest, CUBLAS_WORKSPACE_CONFIG=:4096:8 (EXP3-Part-1-equivalent reproducibility)
Path G: loading pre-computed profiles from /root/hcmarl_project/config/pathg_profiles.json
Generating demonstrations from calibrated profiles (Eq 35 controller)...
2026-05-02 16:24:09 | hcmarl.utils | INFO | HIGH determinism: cudnn.deterministic=True, torch.use_deterministic_algorithms(True), matmul=highest, CUBLAS_WORKSPACE_CONFIG=:4096:8 (EXP3-Part-1-equivalent reproducibility)
Path G: loading pre-computed profiles from /root/hcmarl_project/config/pathg_profiles.json
Generating demonstrations from calibrated profiles (Eq 35 controller)...
  Generated 102 demonstrations from 34 workers
  HELDOUT_NLL model selection for K:
  Generated 102 demonstrations from 34 workers
  Generated 102 demonstrations from 34 workers
  Generated 102 demonstrations from 34 workers
  Generated 102 demonstrations from 34 workers
  Generated 102 demonstrations from 34 workers
  HELDOUT_NLL model selection for K:
  HELDOUT_NLL model selection for K:
  HELDOUT_NLL model selection for K:
  HELDOUT_NLL model selection for K:
  HELDOUT_NLL model selection for K:
    K=1: heldout_nll=46881.4102
    K=1: heldout_nll=17605972.0000
    K=1: heldout_nll=5694.4990
    K=1: heldout_nll=75290.3594
    K=1: heldout_nll=1820.3149
    K=1: heldout_nll=1440260352.0000
    K=2: heldout_nll=-18.8310
    K=2: heldout_nll=29865.1680
    K=2: heldout_nll=186.6510
    K=2: heldout_nll=372.8138
    K=2: heldout_nll=392.0154
    K=2: heldout_nll=14934292.0000
    K=3: heldout_nll=6.2374
    K=3: heldout_nll=1247173.7500
    K=3: heldout_nll=21763.7773
    K=3: heldout_nll=44.6894
    K=3: heldout_nll=107679.6250
    K=3: heldout_nll=40924504.0000
    K=4: heldout_nll=4351.4189
    K=4: heldout_nll=1113374.0000
    K=4: heldout_nll=5046.3916
    K=4: heldout_nll=4091.3638
    K=4: heldout_nll=-18.4988
    K=4: heldout_nll=40.1324
    K=5: heldout_nll=6923.7871
  Selected K=2 (lowest heldout_nll=-18.8310)
    K=5: heldout_nll=-6.3683
  Selected K=5 (lowest heldout_nll=-6.3683)
    K=5: heldout_nll=945418944.0000
  Selected K=3 (lowest heldout_nll=44.6894)
    K=5: heldout_nll=307526074368.0000
  Selected K=4 (lowest heldout_nll=-18.4988)
    K=5: heldout_nll=79597.3047
  Selected K=2 (lowest heldout_nll=186.6510)
    K=5: heldout_nll=4944.7261
  Selected K=4 (lowest heldout_nll=40.1324)

--- MMICRL Type Discovery Results ---
  Demonstrations: 102
  Types discovered: 2
  Type proportions: ['0.93', '0.07']
  Mutual information I(tau;z): 0.0000
  Objective value: 0.0000
  Learned thresholds per type (raw):
    Type 0: {shoulder: 0.233}
    Type 1: {shoulder: 0.324}
  WARNING: MI (0.0000) < 0.01 -- latent types are behaviorally indistinguishable on this demo set. Effective per-worker theta will fall back to config floors (no MMICRL contribution). Consider multi-muscle demos or lambda1 tuning to restore discrimination.
  Results saved to logs/hcmarl/seed_4/mmicrl/mmicrl_results.json
2026-05-02 16:25:00 | hcmarl.utils | INFO | HIGH determinism: cudnn.deterministic=True, torch.use_deterministic_algorithms(True), matmul=highest, CUBLAS_WORKSPACE_CONFIG=:4096:8 (EXP3-Part-1-equivalent reproducibility)
Using MMICRL-learned thresholds for 6 workers (2 types, rescaled into [floor,1]; floors: {'shoulder': 0.7, 'ankle': 0.8, 'knee': 0.6, 'elbow': 0.45, 'trunk': 0.65, 'grip': 0.45})
  Effective per-worker theta_max: {'worker_0': {'shoulder': 0.7}, 'worker_1': {'shoulder': 0.7}, 'worker_2': {'shoulder': 0.7}, 'worker_3': {'shoulder': 0.7}, 'worker_4': {'shoulder': 0.7}, 'worker_5': {'shoulder': 0.7}}
============================================================
HC-MARL Training: HC-MARL (MAPPO + ECBF + NSWF)
Seed: 4 | Device: cuda | Workers: 6
Total steps: 2,000,000 | Eval every: 50,000
Checkpoint dir: checkpoints/hcmarl/seed_4
============================================================

--- MMICRL Type Discovery Results ---
  Demonstrations: 102
  Types discovered: 5
  Type proportions: ['0.32', '0.25', '0.09', '0.09', '0.25']
  Mutual information I(tau;z): 0.0000
  Objective value: 0.0000
  Learned thresholds per type (raw):
    Type 0: {shoulder: 0.184}
    Type 1: {shoulder: 0.311}
    Type 2: {shoulder: 0.161}
    Type 3: {shoulder: 0.197}
    Type 4: {shoulder: 0.255}
  WARNING: MI (0.0000) < 0.01 -- latent types are behaviorally indistinguishable on this demo set. Effective per-worker theta will fall back to config floors (no MMICRL contribution). Consider multi-muscle demos or lambda1 tuning to restore discrimination.
  Results saved to logs/hcmarl/seed_3/mmicrl/mmicrl_results.json
2026-05-02 16:25:01 | hcmarl.utils | INFO | HIGH determinism: cudnn.deterministic=True, torch.use_deterministic_algorithms(True), matmul=highest, CUBLAS_WORKSPACE_CONFIG=:4096:8 (EXP3-Part-1-equivalent reproducibility)
Using MMICRL-learned thresholds for 6 workers (5 types, rescaled into [floor,1]; floors: {'shoulder': 0.7, 'ankle': 0.8, 'knee': 0.6, 'elbow': 0.45, 'trunk': 0.65, 'grip': 0.45})
  Effective per-worker theta_max: {'worker_0': {'shoulder': 0.7}, 'worker_1': {'shoulder': 0.7}, 'worker_2': {'shoulder': 0.7}, 'worker_3': {'shoulder': 0.7}, 'worker_4': {'shoulder': 0.7}, 'worker_5': {'shoulder': 0.7}}

--- MMICRL Type Discovery Results ---
  Demonstrations: 102
  Types discovered: 3
  Type proportions: ['0.25', '0.09', '0.67']
  Mutual information I(tau;z): 0.0000
  Objective value: 0.0000
  Learned thresholds per type (raw):
    Type 0: {shoulder: 0.311}
    Type 1: {shoulder: 0.197}
    Type 2: {shoulder: 0.213}
  WARNING: MI (0.0000) < 0.01 -- latent types are behaviorally indistinguishable on this demo set. Effective per-worker theta will fall back to config floors (no MMICRL contribution). Consider multi-muscle demos or lambda1 tuning to restore discrimination.
  Results saved to logs/hcmarl/seed_5/mmicrl/mmicrl_results.json
2026-05-02 16:25:01 | hcmarl.utils | INFO | HIGH determinism: cudnn.deterministic=True, torch.use_deterministic_algorithms(True), matmul=highest, CUBLAS_WORKSPACE_CONFIG=:4096:8 (EXP3-Part-1-equivalent reproducibility)
Using MMICRL-learned thresholds for 6 workers (3 types, rescaled into [floor,1]; floors: {'shoulder': 0.7, 'ankle': 0.8, 'knee': 0.6, 'elbow': 0.45, 'trunk': 0.65, 'grip': 0.45})
  Effective per-worker theta_max: {'worker_0': {'shoulder': 0.7}, 'worker_1': {'shoulder': 0.7}, 'worker_2': {'shoulder': 0.7}, 'worker_3': {'shoulder': 0.7}, 'worker_4': {'shoulder': 0.7}, 'worker_5': {'shoulder': 0.7}}
============================================================
HC-MARL Training: HC-MARL (MAPPO + ECBF + NSWF)
Seed: 3 | Device: cuda | Workers: 6
Total steps: 2,000,000 | Eval every: 50,000
Checkpoint dir: checkpoints/hcmarl/seed_3
============================================================
============================================================
HC-MARL Training: HC-MARL (MAPPO + ECBF + NSWF)
Seed: 5 | Device: cuda | Workers: 6
Total steps: 2,000,000 | Eval every: 50,000
Checkpoint dir: checkpoints/hcmarl/seed_5
============================================================

--- MMICRL Type Discovery Results ---
  Demonstrations: 102
  Types discovered: 4
  Type proportions: ['0.32', '0.25', '0.34', '0.09']
  Mutual information I(tau;z): 0.0000
  Objective value: 0.0000
  Learned thresholds per type (raw):
    Type 0: {shoulder: 0.184}
    Type 1: {shoulder: 0.311}
    Type 2: {shoulder: 0.241}
    Type 3: {shoulder: 0.197}
  WARNING: MI (0.0000) < 0.01 -- latent types are behaviorally indistinguishable on this demo set. Effective per-worker theta will fall back to config floors (no MMICRL contribution). Consider multi-muscle demos or lambda1 tuning to restore discrimination.
  Results saved to logs/hcmarl/seed_0/mmicrl/mmicrl_results.json
2026-05-02 16:25:03 | hcmarl.utils | INFO | HIGH determinism: cudnn.deterministic=True, torch.use_deterministic_algorithms(True), matmul=highest, CUBLAS_WORKSPACE_CONFIG=:4096:8 (EXP3-Part-1-equivalent reproducibility)
Using MMICRL-learned thresholds for 6 workers (4 types, rescaled into [floor,1]; floors: {'shoulder': 0.7, 'ankle': 0.8, 'knee': 0.6, 'elbow': 0.45, 'trunk': 0.65, 'grip': 0.45})
  Effective per-worker theta_max: {'worker_0': {'shoulder': 0.7}, 'worker_1': {'shoulder': 0.7}, 'worker_2': {'shoulder': 0.7}, 'worker_3': {'shoulder': 0.7}, 'worker_4': {'shoulder': 0.7}, 'worker_5': {'shoulder': 0.7}}
============================================================
HC-MARL Training: HC-MARL (MAPPO + ECBF + NSWF)
Seed: 0 | Device: cuda | Workers: 6
Total steps: 2,000,000 | Eval every: 50,000
Checkpoint dir: checkpoints/hcmarl/seed_0
============================================================

--- MMICRL Type Discovery Results ---
  Demonstrations: 102
  Types discovered: 2
  Type proportions: ['0.95', '0.05']
  Mutual information I(tau;z): 0.0000
  Objective value: 0.0000
  Learned thresholds per type (raw):
    Type 0: {shoulder: 0.233}
    Type 1: {shoulder: 0.360}
  WARNING: MI (0.0000) < 0.01 -- latent types are behaviorally indistinguishable on this demo set. Effective per-worker theta will fall back to config floors (no MMICRL contribution). Consider multi-muscle demos or lambda1 tuning to restore discrimination.
  Results saved to logs/hcmarl/seed_1/mmicrl/mmicrl_results.json
2026-05-02 16:25:06 | hcmarl.utils | INFO | HIGH determinism: cudnn.deterministic=True, torch.use_deterministic_algorithms(True), matmul=highest, CUBLAS_WORKSPACE_CONFIG=:4096:8 (EXP3-Part-1-equivalent reproducibility)
Using MMICRL-learned thresholds for 6 workers (2 types, rescaled into [floor,1]; floors: {'shoulder': 0.7, 'ankle': 0.8, 'knee': 0.6, 'elbow': 0.45, 'trunk': 0.65, 'grip': 0.45})
  Effective per-worker theta_max: {'worker_0': {'shoulder': 0.7}, 'worker_1': {'shoulder': 0.7}, 'worker_2': {'shoulder': 0.7}, 'worker_3': {'shoulder': 0.7}, 'worker_4': {'shoulder': 0.7}, 'worker_5': {'shoulder': 0.7}}
============================================================
HC-MARL Training: HC-MARL (MAPPO + ECBF + NSWF)
Seed: 1 | Device: cuda | Workers: 6
Total steps: 2,000,000 | Eval every: 50,000
Checkpoint dir: checkpoints/hcmarl/seed_1
============================================================

--- MMICRL Type Discovery Results ---
  Demonstrations: 102
  Types discovered: 4
  Type proportions: ['0.32', '0.25', '0.34', '0.09']
  Mutual information I(tau;z): 0.0000
  Objective value: 0.0000
  Learned thresholds per type (raw):
    Type 0: {shoulder: 0.184}
    Type 1: {shoulder: 0.311}
    Type 2: {shoulder: 0.241}
    Type 3: {shoulder: 0.197}
  WARNING: MI (0.0000) < 0.01 -- latent types are behaviorally indistinguishable on this demo set. Effective per-worker theta will fall back to config floors (no MMICRL contribution). Consider multi-muscle demos or lambda1 tuning to restore discrimination.
  Results saved to logs/hcmarl/seed_2/mmicrl/mmicrl_results.json
2026-05-02 16:25:11 | hcmarl.utils | INFO | HIGH determinism: cudnn.deterministic=True, torch.use_deterministic_algorithms(True), matmul=highest, CUBLAS_WORKSPACE_CONFIG=:4096:8 (EXP3-Part-1-equivalent reproducibility)
Using MMICRL-learned thresholds for 6 workers (4 types, rescaled into [floor,1]; floors: {'shoulder': 0.7, 'ankle': 0.8, 'knee': 0.6, 'elbow': 0.45, 'trunk': 0.65, 'grip': 0.45})
  Effective per-worker theta_max: {'worker_0': {'shoulder': 0.7}, 'worker_1': {'shoulder': 0.7}, 'worker_2': {'shoulder': 0.7}, 'worker_3': {'shoulder': 0.7}, 'worker_4': {'shoulder': 0.7}, 'worker_5': {'shoulder': 0.7}}
============================================================
HC-MARL Training: HC-MARL (MAPPO + ECBF + NSWF)
Seed: 2 | Device: cuda | Workers: 6
Total steps: 2,000,000 | Eval every: 50,000
Checkpoint dir: checkpoints/hcmarl/seed_2
============================================================
[Ep    50 | Step    24,000/2,000,000 | 277 sps] R=-5402.7 C= 444 Safe=66.25% SAI=0.411 Jain=1.000 PeakMF=0.678
[Ep    50 | Step    24,000/2,000,000 | 266 sps] R=-5821.2 C= 407 Safe=57.29% SAI=0.440 Jain=1.000 PeakMF=0.666
[Ep    50 | Step    24,000/2,000,000 | 253 sps] R=-6743.9 C= 585 Safe=53.54% SAI=0.422 Jain=1.000 PeakMF=0.678
[Ep    50 | Step    24,000/2,000,000 | 232 sps] R=-6968.2 C= 698 Safe=48.96% SAI=0.413 Jain=1.000 PeakMF=0.681
[Ep    50 | Step    24,000/2,000,000 | 219 sps] R=-7089.5 C= 704 Safe=66.25% SAI=0.425 Jain=1.000 PeakMF=0.678
[Ep    50 | Step    24,000/2,000,000 | 223 sps] R=-11274.5 C=1072 Safe=42.71% SAI=0.417 Jain=0.999 PeakMF=0.693
[Ep   100 | Step    48,000/2,000,000 | 275 sps] R=-4826.2 C= 340 Safe=54.37% SAI=0.414 Jain=1.000 PeakMF=0.692
[Ep   100 | Step    48,000/2,000,000 | 251 sps] R=-5810.4 C= 487 Safe=61.04% SAI=0.421 Jain=1.000 PeakMF=0.680
[Ep   100 | Step    48,000/2,000,000 | 237 sps] R=-4159.1 C= 229 Safe=66.25% SAI=0.400 Jain=1.000 PeakMF=0.693
[Ep   100 | Step    48,000/2,000,000 | 234 sps] R=-5197.3 C= 378 Safe=76.67% SAI=0.427 Jain=1.000 PeakMF=0.684
[Ep   100 | Step    48,000/2,000,000 | 226 sps] R=-5524.3 C= 488 Safe=61.67% SAI=0.406 Jain=1.000 PeakMF=0.687
[Ep   100 | Step    48,000/2,000,000 | 218 sps] R=-5229.0 C= 417 Safe=54.79% SAI=0.414 Jain=1.000 PeakMF=0.693
[Ep   150 | Step    72,000/2,000,000 | 265 sps] R=-3045.5 C=  33 Safe=93.75% SAI=0.414 Jain=1.000 PeakMF=0.683
[Ep   150 | Step    72,000/2,000,000 | 242 sps] R=-6100.6 C= 726 Safe=37.50% SAI=0.385 Jain=1.000 PeakMF=0.688
[Ep   150 | Step    72,000/2,000,000 | 233 sps] R=-3115.8 C= 146 Safe=81.04% SAI=0.383 Jain=1.000 PeakMF=0.682
[Ep   150 | Step    72,000/2,000,000 | 230 sps] R=-3455.2 C= 120 Safe=86.04% SAI=0.406 Jain=1.000 PeakMF=0.683
[Ep   150 | Step    72,000/2,000,000 | 218 sps] R=-4414.9 C= 358 Safe=56.88% SAI=0.389 Jain=1.000 PeakMF=0.694
[Ep   150 | Step    72,000/2,000,000 | 212 sps] R=-3082.5 C=  99 Safe=80.42% SAI=0.389 Jain=1.000 PeakMF=0.683
[Ep   200 | Step    96,000/2,000,000 | 251 sps] R=-2771.2 C=  38 Safe=93.54% SAI=0.404 Jain=1.000 PeakMF=0.676
[Ep   200 | Step    96,000/2,000,000 | 237 sps] R=-2877.9 C=  46 Safe=91.25% SAI=0.399 Jain=1.000 PeakMF=0.686
[Ep   200 | Step    96,000/2,000,000 | 229 sps] R=-4242.4 C= 441 Safe=55.62% SAI=0.367 Jain=1.000 PeakMF=0.692
[Ep   200 | Step    96,000/2,000,000 | 225 sps] R=-4727.4 C= 402 Safe=57.08% SAI=0.397 Jain=1.000 PeakMF=0.689
[Ep   200 | Step    96,000/2,000,000 | 215 sps] R=-2735.0 C=  50 Safe=91.04% SAI=0.385 Jain=1.000 PeakMF=0.683
[Ep   200 | Step    96,000/2,000,000 | 215 sps] R=-3639.5 C= 231 Safe=67.08% SAI=0.391 Jain=1.000 PeakMF=0.685
[Ep   250 | Step   120,000/2,000,000 | 236 sps] R=-3853.4 C= 318 Safe=69.79% SAI=0.373 Jain=1.000 PeakMF=0.686
[Ep   250 | Step   120,000/2,000,000 | 233 sps] R=-2671.9 C=  53 Safe=91.25% SAI=0.389 Jain=1.000 PeakMF=0.683
[Ep   250 | Step   120,000/2,000,000 | 228 sps] R=-2785.3 C=  91 Safe=81.25% SAI=0.385 Jain=1.000 PeakMF=0.669
[Ep   250 | Step   120,000/2,000,000 | 222 sps] R=-2999.0 C= 164 Safe=71.67% SAI=0.369 Jain=1.000 PeakMF=0.678
[Ep   250 | Step   120,000/2,000,000 | 217 sps] R=-2964.7 C= 141 Safe=79.58% SAI=0.374 Jain=1.000 PeakMF=0.692
[Ep   250 | Step   120,000/2,000,000 | 212 sps] R=-2594.7 C=  37 Safe=92.29% SAI=0.390 Jain=1.000 PeakMF=0.680
[Ep   300 | Step   144,000/2,000,000 | 231 sps] R=-3058.5 C= 154 Safe=77.92% SAI=0.373 Jain=1.000 PeakMF=0.684
[Ep   300 | Step   144,000/2,000,000 | 229 sps] R=-3150.2 C= 215 Safe=76.46% SAI=0.360 Jain=1.000 PeakMF=0.688
[Ep   300 | Step   144,000/2,000,000 | 227 sps] R=-2473.1 C=  35 Safe=93.12% SAI=0.379 Jain=1.000 PeakMF=0.682
[Ep   300 | Step   144,000/2,000,000 | 222 sps] R=-2279.2 C=   9 Safe=98.12% SAI=0.376 Jain=1.000 PeakMF=0.681
[Ep   300 | Step   144,000/2,000,000 | 218 sps] R=-2717.0 C=  61 Safe=87.50% SAI=0.384 Jain=1.000 PeakMF=0.678
[Ep   300 | Step   144,000/2,000,000 | 210 sps] R=-4228.9 C= 440 Safe=63.75% SAI=0.365 Jain=1.000 PeakMF=0.685
[Ep   350 | Step   168,000/2,000,000 | 230 sps] R=-2452.0 C=  95 Safe=84.38% SAI=0.359 Jain=1.000 PeakMF=0.685
[Ep   350 | Step   168,000/2,000,000 | 225 sps] R=-2908.4 C= 207 Safe=76.25% SAI=0.359 Jain=1.000 PeakMF=0.685
[Ep   350 | Step   168,000/2,000,000 | 225 sps] R=-2291.7 C=  37 Safe=92.92% SAI=0.366 Jain=1.000 PeakMF=0.684
[Ep   350 | Step   168,000/2,000,000 | 223 sps] R=-2200.8 C=   3 Safe=99.38% SAI=0.372 Jain=1.000 PeakMF=0.684
[Ep   350 | Step   168,000/2,000,000 | 218 sps] R=-3335.2 C= 274 Safe=67.92% SAI=0.363 Jain=1.000 PeakMF=0.684
[Ep   350 | Step   168,000/2,000,000 | 212 sps] R=-2744.3 C= 199 Safe=70.83% SAI=0.355 Jain=1.000 PeakMF=0.682
[Ep   400 | Step   192,000/2,000,000 | 229 sps] R=-4292.2 C= 491 Safe=65.83% SAI=0.353 Jain=1.000 PeakMF=0.692
[Ep   400 | Step   192,000/2,000,000 | 224 sps] R=-2298.0 C=  92 Safe=84.58% SAI=0.352 Jain=1.000 PeakMF=0.685
[Ep   400 | Step   192,000/2,000,000 | 223 sps] R=-2255.0 C=  23 Safe=95.42% SAI=0.369 Jain=1.000 PeakMF=0.686
[Ep   400 | Step   192,000/2,000,000 | 221 sps] R=-1958.9 C=  22 Safe=95.62% SAI=0.352 Jain=1.000 PeakMF=0.680
[Ep   400 | Step   192,000/2,000,000 | 218 sps] R=-2203.0 C=  71 Safe=87.71% SAI=0.352 Jain=1.000 PeakMF=0.676
[Ep   400 | Step   192,000/2,000,000 | 213 sps] R=-1819.6 C=  30 Safe=94.17% SAI=0.347 Jain=1.000 PeakMF=0.682
[Ep   450 | Step   216,000/2,000,000 | 228 sps] R=-1929.7 C=  19 Safe=96.04% SAI=0.354 Jain=1.000 PeakMF=0.681
[Ep   450 | Step   216,000/2,000,000 | 223 sps] R=-2298.2 C=  74 Safe=86.46% SAI=0.358 Jain=1.000 PeakMF=0.685
[Ep   450 | Step   216,000/2,000,000 | 223 sps] R=-1872.5 C=  46 Safe=92.29% SAI=0.343 Jain=1.000 PeakMF=0.683
[Ep   450 | Step   216,000/2,000,000 | 218 sps] R=-2800.8 C= 239 Safe=72.08% SAI=0.344 Jain=1.000 PeakMF=0.687
[Ep   450 | Step   216,000/2,000,000 | 219 sps] R=-3660.2 C= 389 Safe=72.71% SAI=0.349 Jain=1.000 PeakMF=0.687
[Ep   450 | Step   216,000/2,000,000 | 214 sps] R=-1870.1 C=  55 Safe=91.25% SAI=0.343 Jain=1.000 PeakMF=0.686
[Ep   500 | Step   240,000/2,000,000 | 227 sps] R=-1840.5 C=  27 Safe=95.21% SAI=0.346 Jain=1.000 PeakMF=0.686
[Ep   500 | Step   240,000/2,000,000 | 222 sps] R=-1779.5 C=   2 Safe=99.58% SAI=0.349 Jain=1.000 PeakMF=0.678
[Ep   500 | Step   240,000/2,000,000 | 221 sps] R=-2348.8 C= 150 Safe=77.29% SAI=0.348 Jain=1.000 PeakMF=0.688
[Ep   500 | Step   240,000/2,000,000 | 219 sps] R=-1886.9 C=  38 Safe=92.50% SAI=0.347 Jain=1.000 PeakMF=0.684
[Ep   500 | Step   240,000/2,000,000 | 215 sps] R=-1721.2 C=  10 Safe=97.92% SAI=0.347 Jain=1.000 PeakMF=0.680
[Ep   500 | Step   240,000/2,000,000 | 215 sps] R=-1860.8 C=  59 Safe=89.79% SAI=0.344 Jain=1.000 PeakMF=0.684
[Ep   550 | Step   264,000/2,000,000 | 227 sps] R=-2004.0 C=  91 Safe=85.62% SAI=0.346 Jain=1.000 PeakMF=0.689
[Ep   550 | Step   264,000/2,000,000 | 222 sps] R=-2562.1 C= 210 Safe=71.67% SAI=0.342 Jain=1.000 PeakMF=0.688
[Ep   550 | Step   264,000/2,000,000 | 221 sps] R=-2224.3 C= 145 Safe=79.79% SAI=0.342 Jain=1.000 PeakMF=0.683
[Ep   550 | Step   264,000/2,000,000 | 219 sps] R=-2089.5 C= 113 Safe=81.88% SAI=0.341 Jain=1.000 PeakMF=0.689
[Ep   550 | Step   264,000/2,000,000 | 216 sps] R=-2100.1 C= 109 Safe=83.96% SAI=0.344 Jain=1.000 PeakMF=0.685
[Ep   550 | Step   264,000/2,000,000 | 213 sps] R=-1689.8 C=  20 Safe=96.04% SAI=0.342 Jain=1.000 PeakMF=0.681
[Ep   600 | Step   288,000/2,000,000 | 226 sps] R=-1639.6 C=  12 Safe=97.50% SAI=0.343 Jain=1.000 PeakMF=0.686
[Ep   600 | Step   288,000/2,000,000 | 222 sps] R=-1652.6 C=  35 Safe=92.71% SAI=0.337 Jain=1.000 PeakMF=0.690
[Ep   600 | Step   288,000/2,000,000 | 220 sps] R=-1760.8 C=  54 Safe=90.83% SAI=0.338 Jain=1.000 PeakMF=0.689
[Ep   600 | Step   288,000/2,000,000 | 220 sps] R=-2050.6 C= 110 Safe=82.50% SAI=0.342 Jain=1.000 PeakMF=0.693
[Ep   600 | Step   288,000/2,000,000 | 213 sps] R=-1813.4 C=  64 Safe=90.42% SAI=0.342 Jain=1.000 PeakMF=0.682
[Ep   600 | Step   288,000/2,000,000 | 214 sps] R=-1615.3 C=  28 Safe=95.83% SAI=0.339 Jain=1.000 PeakMF=0.680
[Ep   650 | Step   312,000/2,000,000 | 226 sps] R=-1559.8 C=  19 Safe=97.08% SAI=0.339 Jain=1.000 PeakMF=0.691
[Ep   650 | Step   312,000/2,000,000 | 222 sps] R=-1629.5 C=  28 Safe=95.62% SAI=0.340 Jain=1.000 PeakMF=0.686
[Ep   650 | Step   312,000/2,000,000 | 220 sps] R=-1611.5 C=  28 Safe=94.79% SAI=0.338 Jain=1.000 PeakMF=0.686
[Ep   650 | Step   312,000/2,000,000 | 220 sps] R=-1697.6 C=  48 Safe=91.25% SAI=0.341 Jain=1.000 PeakMF=0.688
[Ep   650 | Step   312,000/2,000,000 | 212 sps] R=-1603.0 C=  32 Safe=93.96% SAI=0.338 Jain=1.000 PeakMF=0.689
[Ep   650 | Step   312,000/2,000,000 | 214 sps] R=-1602.2 C=  33 Safe=94.38% SAI=0.340 Jain=1.000 PeakMF=0.684
[Ep   700 | Step   336,000/2,000,000 | 225 sps] R=-1878.6 C=  90 Safe=83.96% SAI=0.339 Jain=1.000 PeakMF=0.687
[Ep   700 | Step   336,000/2,000,000 | 222 sps] R=-1595.0 C=  18 Safe=96.46% SAI=0.340 Jain=1.000 PeakMF=0.684
[Ep   700 | Step   336,000/2,000,000 | 220 sps] R=-1504.4 C=  11 Safe=97.71% SAI=0.337 Jain=1.000 PeakMF=0.689
[Ep   700 | Step   336,000/2,000,000 | 220 sps] R=-1508.0 C=   9 Safe=98.12% SAI=0.338 Jain=1.000 PeakMF=0.690
[Ep   700 | Step   336,000/2,000,000 | 212 sps] R=-1592.0 C=  23 Safe=95.83% SAI=0.338 Jain=1.000 PeakMF=0.687
[Ep   700 | Step   336,000/2,000,000 | 213 sps] R=-1574.2 C=  33 Safe=94.79% SAI=0.336 Jain=1.000 PeakMF=0.685
[Ep   750 | Step   360,000/2,000,000 | 225 sps] R=-1642.4 C=  43 Safe=92.92% SAI=0.340 Jain=1.000 PeakMF=0.691
[Ep   750 | Step   360,000/2,000,000 | 222 sps] R=-1508.6 C=  17 Safe=96.67% SAI=0.338 Jain=1.000 PeakMF=0.688
[Ep   750 | Step   360,000/2,000,000 | 220 sps] R=-1576.8 C=  30 Safe=94.17% SAI=0.340 Jain=1.000 PeakMF=0.685
[Ep   750 | Step   360,000/2,000,000 | 220 sps] R=-1542.2 C=  19 Safe=96.04% SAI=0.336 Jain=1.000 PeakMF=0.691
[Ep   800 | Step   384,000/2,000,000 | 225 sps] R=-1653.1 C=  49 Safe=91.04% SAI=0.336 Jain=1.000 PeakMF=0.686
[Ep   750 | Step   360,000/2,000,000 | 211 sps] R=-1517.0 C=  15 Safe=96.88% SAI=0.339 Jain=1.000 PeakMF=0.688
[Ep   750 | Step   360,000/2,000,000 | 212 sps] R=-1519.5 C=  18 Safe=96.88% SAI=0.338 Jain=1.000 PeakMF=0.684
[Ep   800 | Step   384,000/2,000,000 | 222 sps] R=-1679.6 C=  60 Safe=90.42% SAI=0.337 Jain=1.000 PeakMF=0.693
[Ep   800 | Step   384,000/2,000,000 | 220 sps] R=-1474.4 C=   8 Safe=98.33% SAI=0.337 Jain=1.000 PeakMF=0.687
[Ep   800 | Step   384,000/2,000,000 | 220 sps] R=-1608.8 C=  47 Safe=92.08% SAI=0.337 Jain=1.000 PeakMF=0.691
[Ep   850 | Step   408,000/2,000,000 | 225 sps] R=-1471.0 C=  12 Safe=97.71% SAI=0.340 Jain=1.000 PeakMF=0.689
[Ep   800 | Step   384,000/2,000,000 | 211 sps] R=-1656.0 C=  50 Safe=91.67% SAI=0.337 Jain=1.000 PeakMF=0.689
[Ep   800 | Step   384,000/2,000,000 | 211 sps] R=-1513.5 C=  21 Safe=96.46% SAI=0.338 Jain=1.000 PeakMF=0.689
[Ep   850 | Step   408,000/2,000,000 | 222 sps] R=-1462.6 C=  12 Safe=97.71% SAI=0.338 Jain=1.000 PeakMF=0.688
[Ep   850 | Step   408,000/2,000,000 | 220 sps] R=-1432.2 C=   6 Safe=98.75% SAI=0.337 Jain=1.000 PeakMF=0.692
[Ep   850 | Step   408,000/2,000,000 | 221 sps] R=-1432.6 C=   4 Safe=99.17% SAI=0.337 Jain=1.000 PeakMF=0.691
[Ep   900 | Step   432,000/2,000,000 | 224 sps] R=-1493.2 C=  21 Safe=96.67% SAI=0.338 Jain=1.000 PeakMF=0.690
[Ep   850 | Step   408,000/2,000,000 | 210 sps] R=-1511.0 C=  24 Safe=95.21% SAI=0.337 Jain=1.000 PeakMF=0.694
[Ep   850 | Step   408,000/2,000,000 | 211 sps] R=-1484.3 C=  21 Safe=96.67% SAI=0.337 Jain=1.000 PeakMF=0.687
[Ep   900 | Step   432,000/2,000,000 | 222 sps] R=-1571.9 C=  40 Safe=93.33% SAI=0.338 Jain=1.000 PeakMF=0.691
[Ep   900 | Step   432,000/2,000,000 | 221 sps] R=-1725.4 C=  71 Safe=88.96% SAI=0.336 Jain=1.000 PeakMF=0.691
[Ep   900 | Step   432,000/2,000,000 | 220 sps] R=-1474.4 C=  23 Safe=95.62% SAI=0.336 Jain=1.000 PeakMF=0.694
[Ep   950 | Step   456,000/2,000,000 | 223 sps] R=-1426.6 C=   9 Safe=98.33% SAI=0.338 Jain=1.000 PeakMF=0.690
[Ep   950 | Step   456,000/2,000,000 | 222 sps] R=-1421.8 C=   5 Safe=98.96% SAI=0.338 Jain=1.000 PeakMF=0.690
[Ep   900 | Step   432,000/2,000,000 | 209 sps] R=-1502.3 C=  16 Safe=97.08% SAI=0.339 Jain=1.000 PeakMF=0.687
[Ep   900 | Step   432,000/2,000,000 | 210 sps] R=-1491.5 C=  24 Safe=96.46% SAI=0.338 Jain=1.000 PeakMF=0.688
[Ep   950 | Step   456,000/2,000,000 | 221 sps] R=-1434.9 C=  11 Safe=97.71% SAI=0.338 Jain=1.000 PeakMF=0.689
[Ep   950 | Step   456,000/2,000,000 | 220 sps] R=-1535.1 C=  35 Safe=93.75% SAI=0.336 Jain=1.000 PeakMF=0.689
[Ep  1000 | Step   480,000/2,000,000 | 223 sps] R=-1509.4 C=  28 Safe=95.83% SAI=0.337 Jain=1.000 PeakMF=0.691
[Ep  1000 | Step   480,000/2,000,000 | 222 sps] R=-1502.6 C=  32 Safe=95.21% SAI=0.337 Jain=1.000 PeakMF=0.694
[Ep  1000 | Step   480,000/2,000,000 | 221 sps] R=-1387.7 C=   2 Safe=99.58% SAI=0.336 Jain=1.000 PeakMF=0.689
[Ep   950 | Step   456,000/2,000,000 | 210 sps] R=-1622.3 C=  54 Safe=90.83% SAI=0.337 Jain=1.000 PeakMF=0.689
[Ep  1000 | Step   480,000/2,000,000 | 220 sps] R=-1423.3 C=   9 Safe=98.12% SAI=0.338 Jain=1.000 PeakMF=0.692
[Ep   950 | Step   456,000/2,000,000 | 209 sps] R=-1428.1 C=  17 Safe=96.67% SAI=0.335 Jain=1.000 PeakMF=0.691
[Ep  1050 | Step   504,000/2,000,000 | 223 sps] R=-1421.8 C=   2 Safe=99.58% SAI=0.339 Jain=1.000 PeakMF=0.690
[Ep  1050 | Step   504,000/2,000,000 | 222 sps] R=-1839.3 C= 104 Safe=86.46% SAI=0.337 Jain=1.000 PeakMF=0.692
[Ep  1050 | Step   504,000/2,000,000 | 221 sps] R=-1485.9 C=  26 Safe=95.42% SAI=0.335 Jain=1.000 PeakMF=0.694
[Ep  1050 | Step   504,000/2,000,000 | 220 sps] R=-1536.9 C=  37 Safe=93.12% SAI=0.338 Jain=1.000 PeakMF=0.692
[Ep  1000 | Step   480,000/2,000,000 | 210 sps] R=-1562.0 C=  42 Safe=94.58% SAI=0.338 Jain=1.000 PeakMF=0.687
[Ep  1000 | Step   480,000/2,000,000 | 208 sps] R=-1423.5 C=  11 Safe=97.71% SAI=0.337 Jain=1.000 PeakMF=0.693
[Ep  1100 | Step   528,000/2,000,000 | 223 sps] R=-1415.8 C=   8 Safe=98.75% SAI=0.337 Jain=1.000 PeakMF=0.690
[Ep  1100 | Step   528,000/2,000,000 | 221 sps] R=-1404.5 C=  10 Safe=97.92% SAI=0.337 Jain=1.000 PeakMF=0.694
[Ep  1100 | Step   528,000/2,000,000 | 221 sps] R=-1574.7 C=  45 Safe=92.08% SAI=0.337 Jain=1.000 PeakMF=0.695
[Ep  1100 | Step   528,000/2,000,000 | 220 sps] R=-1442.0 C=  20 Safe=96.67% SAI=0.337 Jain=1.000 PeakMF=0.694
[Ep  1050 | Step   504,000/2,000,000 | 209 sps] R=-1393.8 C=   1 Safe=99.79% SAI=0.338 Jain=1.000 PeakMF=0.685
[Ep  1050 | Step   504,000/2,000,000 | 208 sps] R=-1382.7 C=   2 Safe=99.58% SAI=0.337 Jain=1.000 PeakMF=0.694
[Ep  1150 | Step   552,000/2,000,000 | 223 sps] R=-1463.1 C=  25 Safe=95.42% SAI=0.337 Jain=1.000 PeakMF=0.693
[Ep  1150 | Step   552,000/2,000,000 | 221 sps] R=-1379.5 C=   1 Safe=99.79% SAI=0.337 Jain=1.000 PeakMF=0.692
[Ep  1150 | Step   552,000/2,000,000 | 221 sps] R=-1419.4 C=  16 Safe=97.71% SAI=0.337 Jain=1.000 PeakMF=0.696
[Ep  1150 | Step   552,000/2,000,000 | 220 sps] R=-2060.3 C= 151 Safe=81.67% SAI=0.335 Jain=1.000 PeakMF=0.695
[Ep  1100 | Step   528,000/2,000,000 | 209 sps] R=-1390.1 C=   6 Safe=98.75% SAI=0.337 Jain=1.000 PeakMF=0.689
[Ep  1100 | Step   528,000/2,000,000 | 208 sps] R=-1368.1 C=   2 Safe=99.58% SAI=0.337 Jain=1.000 PeakMF=0.695
[Ep  1200 | Step   576,000/2,000,000 | 222 sps] R=-1369.4 C=   5 Safe=98.96% SAI=0.336 Jain=1.000 PeakMF=0.694
[Ep  1200 | Step   576,000/2,000,000 | 221 sps] R=-1557.8 C=  48 Safe=92.50% SAI=0.337 Jain=1.000 PeakMF=0.694
[Ep  1200 | Step   576,000/2,000,000 | 221 sps] R=-1364.4 C=   0 Safe=100.00% SAI=0.337 Jain=1.000 PeakMF=0.695
[Ep  1200 | Step   576,000/2,000,000 | 220 sps] R=-1542.4 C=  43 Safe=95.00% SAI=0.338 Jain=1.000 PeakMF=0.694
[Ep  1150 | Step   552,000/2,000,000 | 209 sps] R=-1380.3 C=   1 Safe=99.79% SAI=0.338 Jain=1.000 PeakMF=0.691
[Ep  1150 | Step   552,000/2,000,000 | 207 sps] R=-1362.0 C=   3 Safe=99.38% SAI=0.337 Jain=1.000 PeakMF=0.694
[Ep  1250 | Step   600,000/2,000,000 | 222 sps] R=-1419.9 C=  16 Safe=97.08% SAI=0.337 Jain=1.000 PeakMF=0.691
[Ep  1250 | Step   600,000/2,000,000 | 221 sps] R=-1373.2 C=   3 Safe=99.38% SAI=0.338 Jain=1.000 PeakMF=0.692
[Ep  1250 | Step   600,000/2,000,000 | 222 sps] R=-1630.9 C=  61 Safe=92.08% SAI=0.337 Jain=1.000 PeakMF=0.691
[Ep  1250 | Step   600,000/2,000,000 | 220 sps] R=-1403.9 C=  10 Safe=98.75% SAI=0.338 Jain=1.000 PeakMF=0.692
[Ep  1200 | Step   576,000/2,000,000 | 209 sps] R=-1395.9 C=   7 Safe=98.75% SAI=0.337 Jain=1.000 PeakMF=0.691
[Ep  1200 | Step   576,000/2,000,000 | 207 sps] R=-1369.4 C=   7 Safe=98.75% SAI=0.336 Jain=1.000 PeakMF=0.695
[Ep  1300 | Step   624,000/2,000,000 | 222 sps] R=-1498.8 C=  31 Safe=95.21% SAI=0.336 Jain=1.000 PeakMF=0.694
[Ep  1300 | Step   624,000/2,000,000 | 222 sps] R=-1415.4 C=  14 Safe=97.92% SAI=0.337 Jain=1.000 PeakMF=0.692
[Ep  1300 | Step   624,000/2,000,000 | 221 sps] R=-1387.4 C=  10 Safe=98.12% SAI=0.337 Jain=1.000 PeakMF=0.695
[Ep  1300 | Step   624,000/2,000,000 | 220 sps] R=-1394.1 C=  11 Safe=98.54% SAI=0.337 Jain=1.000 PeakMF=0.693
[Ep  1250 | Step   600,000/2,000,000 | 209 sps] R=-1483.5 C=  29 Safe=96.88% SAI=0.337 Jain=1.000 PeakMF=0.687
[Ep  1250 | Step   600,000/2,000,000 | 207 sps] R=-1540.9 C=  38 Safe=96.67% SAI=0.338 Jain=1.000 PeakMF=0.692
[Ep  1350 | Step   648,000/2,000,000 | 222 sps] R=-1440.5 C=  20 Safe=96.25% SAI=0.336 Jain=1.000 PeakMF=0.695
[Ep  1350 | Step   648,000/2,000,000 | 222 sps] R=-1393.7 C=  13 Safe=97.71% SAI=0.336 Jain=1.000 PeakMF=0.695
[Ep  1350 | Step   648,000/2,000,000 | 221 sps] R=-1404.9 C=  17 Safe=96.67% SAI=0.337 Jain=1.000 PeakMF=0.695
[Ep  1350 | Step   648,000/2,000,000 | 220 sps] R=-1504.2 C=  33 Safe=93.75% SAI=0.336 Jain=1.000 PeakMF=0.695
[Ep  1300 | Step   624,000/2,000,000 | 209 sps] R=-1418.8 C=  16 Safe=97.08% SAI=0.337 Jain=1.000 PeakMF=0.691
[Ep  1300 | Step   624,000/2,000,000 | 207 sps] R=-1401.0 C=  15 Safe=96.88% SAI=0.336 Jain=1.000 PeakMF=0.695
[Ep  1400 | Step   672,000/2,000,000 | 222 sps] R=-1581.1 C=  55 Safe=93.54% SAI=0.337 Jain=1.000 PeakMF=0.694
[Ep  1400 | Step   672,000/2,000,000 | 222 sps] R=-1685.3 C=  73 Safe=91.25% SAI=0.337 Jain=1.000 PeakMF=0.695
[Ep  1400 | Step   672,000/2,000,000 | 221 sps] R=-1446.3 C=  22 Safe=95.62% SAI=0.336 Jain=1.000 PeakMF=0.695
[Ep  1400 | Step   672,000/2,000,000 | 220 sps] R=-1487.8 C=  33 Safe=95.83% SAI=0.337 Jain=1.000 PeakMF=0.694
[Ep  1350 | Step   648,000/2,000,000 | 209 sps] R=-1377.0 C=   1 Safe=99.79% SAI=0.338 Jain=1.000 PeakMF=0.691
[Ep  1450 | Step   696,000/2,000,000 | 222 sps] R=-1669.7 C=  73 Safe=88.33% SAI=0.336 Jain=1.000 PeakMF=0.695
[Ep  1350 | Step   648,000/2,000,000 | 207 sps] R=-1430.4 C=  25 Safe=95.83% SAI=0.336 Jain=1.000 PeakMF=0.696
[Ep  1450 | Step   696,000/2,000,000 | 222 sps] R=-1418.6 C=  16 Safe=97.71% SAI=0.336 Jain=1.000 PeakMF=0.694
[Ep  1450 | Step   696,000/2,000,000 | 221 sps] R=-1448.5 C=  22 Safe=96.46% SAI=0.337 Jain=1.000 PeakMF=0.693
[Ep  1450 | Step   696,000/2,000,000 | 220 sps] R=-1425.6 C=  17 Safe=96.88% SAI=0.336 Jain=1.000 PeakMF=0.690
[Ep  1400 | Step   672,000/2,000,000 | 209 sps] R=-1461.6 C=  28 Safe=95.83% SAI=0.337 Jain=1.000 PeakMF=0.694
[Ep  1500 | Step   720,000/2,000,000 | 222 sps] R=-1510.4 C=  38 Safe=94.58% SAI=0.336 Jain=1.000 PeakMF=0.695
[Ep  1500 | Step   720,000/2,000,000 | 222 sps] R=-1455.6 C=  24 Safe=96.67% SAI=0.335 Jain=1.000 PeakMF=0.692
[Ep  1400 | Step   672,000/2,000,000 | 207 sps] R=-1351.4 C=   4 Safe=99.17% SAI=0.337 Jain=1.000 PeakMF=0.694
[Ep  1500 | Step   720,000/2,000,000 | 221 sps] R=-1397.4 C=  15 Safe=97.29% SAI=0.337 Jain=1.000 PeakMF=0.694
[Ep  1500 | Step   720,000/2,000,000 | 220 sps] R=-1425.1 C=  17 Safe=96.88% SAI=0.338 Jain=1.000 PeakMF=0.696
[Ep  1450 | Step   696,000/2,000,000 | 210 sps] R=-1369.5 C=  12 Safe=97.92% SAI=0.336 Jain=1.000 PeakMF=0.696
[Ep  1550 | Step   744,000/2,000,000 | 222 sps] R=-1364.1 C=   2 Safe=99.58% SAI=0.337 Jain=1.000 PeakMF=0.692
[Ep  1550 | Step   744,000/2,000,000 | 222 sps] R=-1370.7 C=   4 Safe=99.17% SAI=0.337 Jain=1.000 PeakMF=0.695
[Ep  1550 | Step   744,000/2,000,000 | 221 sps] R=-1374.4 C=   8 Safe=98.54% SAI=0.337 Jain=1.000 PeakMF=0.695
[Ep  1450 | Step   696,000/2,000,000 | 207 sps] R=-1459.5 C=  29 Safe=94.38% SAI=0.336 Jain=1.000 PeakMF=0.696
[Ep  1550 | Step   744,000/2,000,000 | 219 sps] R=-1535.9 C=  42 Safe=93.12% SAI=0.337 Jain=1.000 PeakMF=0.692
[Ep  1500 | Step   720,000/2,000,000 | 210 sps] R=-1398.6 C=  17 Safe=96.46% SAI=0.335 Jain=1.000 PeakMF=0.695
[Ep  1600 | Step   768,000/2,000,000 | 222 sps] R=-1492.0 C=  32 Safe=95.62% SAI=0.336 Jain=1.000 PeakMF=0.694
[Ep  1600 | Step   768,000/2,000,000 | 222 sps] R=-1529.4 C=  41 Safe=93.33% SAI=0.336 Jain=1.000 PeakMF=0.694
[Ep  1600 | Step   768,000/2,000,000 | 221 sps] R=-1392.2 C=  13 Safe=97.92% SAI=0.337 Jain=1.000 PeakMF=0.694
[Ep  1500 | Step   720,000/2,000,000 | 207 sps] R=-1850.8 C= 111 Safe=82.50% SAI=0.335 Jain=1.000 PeakMF=0.696
[Ep  1600 | Step   768,000/2,000,000 | 219 sps] R=-1364.7 C=   9 Safe=98.75% SAI=0.336 Jain=1.000 PeakMF=0.695
[Ep  1550 | Step   744,000/2,000,000 | 210 sps] R=-1595.3 C=  58 Safe=91.46% SAI=0.335 Jain=1.000 PeakMF=0.696
[Ep  1650 | Step   792,000/2,000,000 | 222 sps] R=-1474.3 C=  30 Safe=94.38% SAI=0.337 Jain=1.000 PeakMF=0.695
[Ep  1650 | Step   792,000/2,000,000 | 222 sps] R=-1440.7 C=  23 Safe=97.50% SAI=0.336 Jain=1.000 PeakMF=0.696
[Ep  1650 | Step   792,000/2,000,000 | 221 sps] R=-1417.5 C=  18 Safe=97.29% SAI=0.337 Jain=1.000 PeakMF=0.693
[Ep  1550 | Step   744,000/2,000,000 | 208 sps] R=-1692.5 C=  77 Safe=90.21% SAI=0.335 Jain=1.000 PeakMF=0.696
[Ep  1650 | Step   792,000/2,000,000 | 218 sps] R=-1363.8 C=   8 Safe=98.54% SAI=0.337 Jain=1.000 PeakMF=0.695
[Ep  1600 | Step   768,000/2,000,000 | 210 sps] R=-1370.1 C=   9 Safe=98.12% SAI=0.337 Jain=1.000 PeakMF=0.694
[Ep  1700 | Step   816,000/2,000,000 | 222 sps] R=-1380.5 C=   5 Safe=98.96% SAI=0.337 Jain=1.000 PeakMF=0.695
[Ep  1700 | Step   816,000/2,000,000 | 222 sps] R=-1396.5 C=  15 Safe=97.71% SAI=0.337 Jain=1.000 PeakMF=0.695
[Ep  1700 | Step   816,000/2,000,000 | 221 sps] R=-1423.1 C=  22 Safe=96.46% SAI=0.336 Jain=1.000 PeakMF=0.696
[Ep  1600 | Step   768,000/2,000,000 | 208 sps] R=-1405.1 C=  16 Safe=97.50% SAI=0.336 Jain=1.000 PeakMF=0.695
[Ep  1700 | Step   816,000/2,000,000 | 218 sps] R=-1364.5 C=   7 Safe=98.75% SAI=0.337 Jain=1.000 PeakMF=0.695
[Ep  1650 | Step   792,000/2,000,000 | 211 sps] R=-1360.6 C=   9 Safe=98.12% SAI=0.336 Jain=1.000 PeakMF=0.695
[Ep  1750 | Step   840,000/2,000,000 | 222 sps] R=-1452.2 C=  27 Safe=96.25% SAI=0.336 Jain=1.000 PeakMF=0.697
[Ep  1750 | Step   840,000/2,000,000 | 222 sps] R=-1481.0 C=  33 Safe=95.62% SAI=0.337 Jain=1.000 PeakMF=0.694
[Ep  1750 | Step   840,000/2,000,000 | 221 sps] R=-1486.9 C=  34 Safe=94.38% SAI=0.336 Jain=1.000 PeakMF=0.694
[Ep  1650 | Step   792,000/2,000,000 | 209 sps] R=-1410.0 C=  18 Safe=97.08% SAI=0.336 Jain=1.000 PeakMF=0.694
[Ep  1750 | Step   840,000/2,000,000 | 217 sps] R=-1402.2 C=  13 Safe=98.12% SAI=0.337 Jain=1.000 PeakMF=0.693
[Ep  1700 | Step   816,000/2,000,000 | 211 sps] R=-1365.6 C=  10 Safe=98.12% SAI=0.336 Jain=1.000 PeakMF=0.695
[Ep  1800 | Step   864,000/2,000,000 | 222 sps] R=-1463.1 C=  29 Safe=96.67% SAI=0.337 Jain=1.000 PeakMF=0.697
[Ep  1800 | Step   864,000/2,000,000 | 222 sps] R=-1469.3 C=  32 Safe=94.17% SAI=0.337 Jain=1.000 PeakMF=0.697
[Ep  1700 | Step   816,000/2,000,000 | 209 sps] R=-1389.0 C=   7 Safe=98.75% SAI=0.336 Jain=1.000 PeakMF=0.693
[Ep  1800 | Step   864,000/2,000,000 | 221 sps] R=-1453.0 C=  27 Safe=95.42% SAI=0.336 Jain=1.000 PeakMF=0.694
[Ep  1800 | Step   864,000/2,000,000 | 217 sps] R=-1409.9 C=  16 Safe=97.92% SAI=0.337 Jain=1.000 PeakMF=0.693
[Ep  1750 | Step   840,000/2,000,000 | 211 sps] R=-1448.6 C=  26 Safe=96.67% SAI=0.337 Jain=1.000 PeakMF=0.694
[Ep  1850 | Step   888,000/2,000,000 | 222 sps] R=-1474.1 C=  31 Safe=95.00% SAI=0.336 Jain=1.000 PeakMF=0.696
[Ep  1750 | Step   840,000/2,000,000 | 209 sps] R=-1369.7 C=   9 Safe=98.12% SAI=0.336 Jain=1.000 PeakMF=0.696
[Ep  1850 | Step   888,000/2,000,000 | 221 sps] R=-1392.4 C=  16 Safe=96.88% SAI=0.336 Jain=1.000 PeakMF=0.694
[Ep  1850 | Step   888,000/2,000,000 | 221 sps] R=-1354.1 C=   3 Safe=99.58% SAI=0.337 Jain=1.000 PeakMF=0.695
[Ep  1900 | Step   912,000/2,000,000 | 223 sps] R=-1438.6 C=  23 Safe=96.04% SAI=0.336 Jain=1.000 PeakMF=0.695
[Ep  1850 | Step   888,000/2,000,000 | 217 sps] R=-1422.4 C=  22 Safe=96.25% SAI=0.337 Jain=1.000 PeakMF=0.696
[Ep  1800 | Step   864,000/2,000,000 | 212 sps] R=-1389.8 C=  13 Safe=97.92% SAI=0.337 Jain=1.000 PeakMF=0.695
[Ep  1800 | Step   864,000/2,000,000 | 210 sps] R=-1490.0 C=  31 Safe=94.38% SAI=0.336 Jain=1.000 PeakMF=0.692
[Ep  1900 | Step   912,000/2,000,000 | 222 sps] R=-1408.5 C=  18 Safe=96.67% SAI=0.336 Jain=1.000 PeakMF=0.695
[Ep  1900 | Step   912,000/2,000,000 | 221 sps] R=-1751.5 C=  90 Safe=86.67% SAI=0.336 Jain=1.000 PeakMF=0.697
[Ep  1950 | Step   936,000/2,000,000 | 223 sps] R=-1586.2 C=  56 Safe=91.25% SAI=0.335 Jain=1.000 PeakMF=0.697
[Ep  1850 | Step   888,000/2,000,000 | 212 sps] R=-1366.9 C=   4 Safe=99.38% SAI=0.338 Jain=1.000 PeakMF=0.691
[Ep  1900 | Step   912,000/2,000,000 | 217 sps] R=-1377.0 C=   9 Safe=98.54% SAI=0.337 Jain=1.000 PeakMF=0.694
[Ep  1850 | Step   888,000/2,000,000 | 210 sps] R=-1585.5 C=  52 Safe=93.12% SAI=0.337 Jain=1.000 PeakMF=0.694
[Ep  1950 | Step   936,000/2,000,000 | 222 sps] R=-1540.5 C=  46 Safe=93.33% SAI=0.336 Jain=1.000 PeakMF=0.696
[Ep  1950 | Step   936,000/2,000,000 | 221 sps] R=-1527.4 C=  46 Safe=93.54% SAI=0.336 Jain=1.000 PeakMF=0.695
[Ep  1900 | Step   912,000/2,000,000 | 213 sps] R=-1433.3 C=  25 Safe=96.46% SAI=0.337 Jain=1.000 PeakMF=0.692
[Ep  2000 | Step   960,000/2,000,000 | 223 sps] R=-1684.0 C=  77 Safe=90.21% SAI=0.336 Jain=1.000 PeakMF=0.695
[Ep  1950 | Step   936,000/2,000,000 | 217 sps] R=-1361.0 C=   9 Safe=98.75% SAI=0.336 Jain=1.000 PeakMF=0.695
[Ep  1900 | Step   912,000/2,000,000 | 211 sps] R=-1377.9 C=   6 Safe=98.75% SAI=0.336 Jain=1.000 PeakMF=0.693
[Ep  2000 | Step   960,000/2,000,000 | 222 sps] R=-1423.2 C=  21 Safe=96.46% SAI=0.337 Jain=1.000 PeakMF=0.694
[Ep  2000 | Step   960,000/2,000,000 | 221 sps] R=-1441.1 C=  26 Safe=96.25% SAI=0.336 Jain=1.000 PeakMF=0.692
[Ep  1950 | Step   936,000/2,000,000 | 213 sps] R=-1619.8 C=  61 Safe=92.29% SAI=0.337 Jain=1.000 PeakMF=0.694
[Ep  2050 | Step   984,000/2,000,000 | 223 sps] R=-1482.3 C=  32 Safe=95.21% SAI=0.336 Jain=1.000 PeakMF=0.694
[Ep  2000 | Step   960,000/2,000,000 | 217 sps] R=-1406.3 C=  19 Safe=97.71% SAI=0.336 Jain=1.000 PeakMF=0.693
[Ep  1950 | Step   936,000/2,000,000 | 211 sps] R=-1461.7 C=  30 Safe=94.58% SAI=0.336 Jain=1.000 PeakMF=0.694
[Ep  2050 | Step   984,000/2,000,000 | 222 sps] R=-1351.1 C=   3 Safe=99.38% SAI=0.337 Jain=1.000 PeakMF=0.695
[Ep  2050 | Step   984,000/2,000,000 | 221 sps] R=-1370.7 C=  11 Safe=98.33% SAI=0.335 Jain=1.000 PeakMF=0.692
[Ep  2000 | Step   960,000/2,000,000 | 213 sps] R=-1375.6 C=   7 Safe=98.96% SAI=0.337 Jain=1.000 PeakMF=0.695
[Ep  2100 | Step 1,008,000/2,000,000 | 223 sps] R=-1534.4 C=  47 Safe=92.29% SAI=0.337 Jain=1.000 PeakMF=0.695
[Ep  2050 | Step   984,000/2,000,000 | 217 sps] R=-1485.7 C=  35 Safe=94.17% SAI=0.337 Jain=1.000 PeakMF=0.697
[Ep  2000 | Step   960,000/2,000,000 | 211 sps] R=-1442.4 C=  28 Safe=95.42% SAI=0.336 Jain=1.000 PeakMF=0.696
[Ep  2100 | Step 1,008,000/2,000,000 | 222 sps] R=-1543.1 C=  48 Safe=92.92% SAI=0.336 Jain=1.000 PeakMF=0.695
[Ep  2100 | Step 1,008,000/2,000,000 | 221 sps] R=-1388.3 C=  15 Safe=98.12% SAI=0.336 Jain=1.000 PeakMF=0.692
[Ep  2150 | Step 1,032,000/2,000,000 | 223 sps] R=-1437.0 C=  25 Safe=95.83% SAI=0.336 Jain=1.000 PeakMF=0.696
[Ep  2050 | Step   984,000/2,000,000 | 213 sps] R=-1357.5 C=   6 Safe=98.75% SAI=0.336 Jain=1.000 PeakMF=0.695
[Ep  2100 | Step 1,008,000/2,000,000 | 218 sps] R=-1554.9 C=  50 Safe=93.12% SAI=0.337 Jain=1.000 PeakMF=0.696
[Ep  2050 | Step   984,000/2,000,000 | 212 sps] R=-1367.3 C=   7 Safe=98.54% SAI=0.336 Jain=1.000 PeakMF=0.694
[Ep  2150 | Step 1,032,000/2,000,000 | 222 sps] R=-1742.9 C=  89 Safe=88.12% SAI=0.336 Jain=1.000 PeakMF=0.697
[Ep  2150 | Step 1,032,000/2,000,000 | 220 sps] R=-1514.7 C=  45 Safe=91.46% SAI=0.336 Jain=1.000 PeakMF=0.697
[Ep  2100 | Step 1,008,000/2,000,000 | 214 sps] R=-1376.4 C=   9 Safe=98.33% SAI=0.337 Jain=1.000 PeakMF=0.695
[Ep  2200 | Step 1,056,000/2,000,000 | 223 sps] R=-1368.2 C=  11 Safe=97.92% SAI=0.337 Jain=1.000 PeakMF=0.694
[Ep  2150 | Step 1,032,000/2,000,000 | 218 sps] R=-1484.6 C=  38 Safe=94.79% SAI=0.337 Jain=1.000 PeakMF=0.695
[Ep  2100 | Step 1,008,000/2,000,000 | 212 sps] R=-1361.7 C=  10 Safe=97.92% SAI=0.336 Jain=1.000 PeakMF=0.695
[Ep  2200 | Step 1,056,000/2,000,000 | 222 sps] R=-1426.8 C=  24 Safe=95.21% SAI=0.336 Jain=1.000 PeakMF=0.694
[Ep  2200 | Step 1,056,000/2,000,000 | 220 sps] R=-1484.7 C=  38 Safe=93.12% SAI=0.336 Jain=1.000 PeakMF=0.696
[Ep  2150 | Step 1,032,000/2,000,000 | 214 sps] R=-1392.3 C=   8 Safe=98.54% SAI=0.337 Jain=1.000 PeakMF=0.691
[Ep  2250 | Step 1,080,000/2,000,000 | 223 sps] R=-1339.8 C=   2 Safe=99.58% SAI=0.336 Jain=1.000 PeakMF=0.693
[Ep  2200 | Step 1,056,000/2,000,000 | 218 sps] R=-1415.0 C=  18 Safe=97.08% SAI=0.337 Jain=1.000 PeakMF=0.691
[Ep  2150 | Step 1,032,000/2,000,000 | 212 sps] R=-1387.8 C=  16 Safe=97.29% SAI=0.336 Jain=1.000 PeakMF=0.694
[Ep  2250 | Step 1,080,000/2,000,000 | 222 sps] R=-1334.5 C=   5 Safe=98.96% SAI=0.336 Jain=1.000 PeakMF=0.693
[Ep  2250 | Step 1,080,000/2,000,000 | 220 sps] R=-1433.6 C=  25 Safe=97.08% SAI=0.336 Jain=1.000 PeakMF=0.694
[Ep  2300 | Step 1,104,000/2,000,000 | 223 sps] R=-1465.9 C=  34 Safe=94.79% SAI=0.336 Jain=1.000 PeakMF=0.695
[Ep  2200 | Step 1,056,000/2,000,000 | 214 sps] R=-1504.9 C=  39 Safe=94.58% SAI=0.337 Jain=1.000 PeakMF=0.695
[Ep  2250 | Step 1,080,000/2,000,000 | 218 sps] R=-1403.8 C=  14 Safe=97.71% SAI=0.337 Jain=1.000 PeakMF=0.694
[Ep  2300 | Step 1,104,000/2,000,000 | 222 sps] R=-1447.3 C=  28 Safe=95.62% SAI=0.336 Jain=1.000 PeakMF=0.695
[Ep  2200 | Step 1,056,000/2,000,000 | 212 sps] R=-1392.8 C=  21 Safe=95.62% SAI=0.336 Jain=1.000 PeakMF=0.696
[Ep  2300 | Step 1,104,000/2,000,000 | 219 sps] R=-1598.2 C=  60 Safe=87.92% SAI=0.337 Jain=1.000 PeakMF=0.697
[Ep  2350 | Step 1,128,000/2,000,000 | 223 sps] R=-1387.8 C=  15 Safe=96.88% SAI=0.337 Jain=1.000 PeakMF=0.693
[Ep  2250 | Step 1,080,000/2,000,000 | 214 sps] R=-1358.0 C=   5 Safe=98.96% SAI=0.337 Jain=1.000 PeakMF=0.694
[Ep  2300 | Step 1,104,000/2,000,000 | 218 sps] R=-1352.0 C=   9 Safe=98.12% SAI=0.336 Jain=1.000 PeakMF=0.696
[Ep  2350 | Step 1,128,000/2,000,000 | 222 sps] R=-1355.4 C=  10 Safe=97.92% SAI=0.336 Jain=1.000 PeakMF=0.696
[Ep  2250 | Step 1,080,000/2,000,000 | 212 sps] R=-1391.3 C=   8 Safe=98.96% SAI=0.337 Jain=1.000 PeakMF=0.694
[Ep  2350 | Step 1,128,000/2,000,000 | 219 sps] R=-1935.1 C= 132 Safe=83.33% SAI=0.336 Jain=1.000 PeakMF=0.698
[Ep  2400 | Step 1,152,000/2,000,000 | 223 sps] R=-1363.9 C=  11 Safe=98.12% SAI=0.337 Jain=1.000 PeakMF=0.693
[Ep  2300 | Step 1,104,000/2,000,000 | 214 sps] R=-1584.7 C=  54 Safe=91.04% SAI=0.336 Jain=1.000 PeakMF=0.694
[Ep  2350 | Step 1,128,000/2,000,000 | 218 sps] R=-1411.3 C=  19 Safe=96.88% SAI=0.336 Jain=1.000 PeakMF=0.696
[Ep  2400 | Step 1,152,000/2,000,000 | 222 sps] R=-1476.2 C=  37 Safe=93.54% SAI=0.337 Jain=1.000 PeakMF=0.697
[Ep  2300 | Step 1,104,000/2,000,000 | 212 sps] R=-1333.0 C=   8 Safe=98.75% SAI=0.336 Jain=1.000 PeakMF=0.696
[Ep  2400 | Step 1,152,000/2,000,000 | 219 sps] R=-1355.3 C=  10 Safe=98.33% SAI=0.336 Jain=1.000 PeakMF=0.694
[Ep  2450 | Step 1,176,000/2,000,000 | 223 sps] R=-1311.6 C=   4 Safe=99.38% SAI=0.337 Jain=1.000 PeakMF=0.693
[Ep  2350 | Step 1,128,000/2,000,000 | 214 sps] R=-1479.2 C=  34 Safe=93.54% SAI=0.336 Jain=1.000 PeakMF=0.696
[Ep  2400 | Step 1,152,000/2,000,000 | 218 sps] R=-1393.9 C=  16 Safe=97.08% SAI=0.337 Jain=1.000 PeakMF=0.695
[Ep  2450 | Step 1,176,000/2,000,000 | 222 sps] R=-1380.6 C=  15 Safe=97.08% SAI=0.336 Jain=1.000 PeakMF=0.692
[Ep  2350 | Step 1,128,000/2,000,000 | 211 sps] R=-1523.5 C=  48 Safe=91.25% SAI=0.336 Jain=1.000 PeakMF=0.697
[Ep  2450 | Step 1,176,000/2,000,000 | 219 sps] R=-1605.0 C=  65 Safe=91.67% SAI=0.337 Jain=1.000 PeakMF=0.694
[Ep  2500 | Step 1,200,000/2,000,000 | 223 sps] R=-1480.5 C=  39 Safe=93.12% SAI=0.336 Jain=1.000 PeakMF=0.697
[Ep  2400 | Step 1,152,000/2,000,000 | 214 sps] R=-1367.1 C=   3 Safe=99.38% SAI=0.336 Jain=1.000 PeakMF=0.689
[Ep  2450 | Step 1,176,000/2,000,000 | 218 sps] R=-2066.0 C= 159 Safe=86.88% SAI=0.336 Jain=1.000 PeakMF=0.696
[Ep  2500 | Step 1,200,000/2,000,000 | 222 sps] R=-1443.5 C=  33 Safe=95.00% SAI=0.337 Jain=1.000 PeakMF=0.694
[Ep  2400 | Step 1,152,000/2,000,000 | 211 sps] R=-1357.4 C=  14 Safe=98.33% SAI=0.337 Jain=1.000 PeakMF=0.694
[Ep  2500 | Step 1,200,000/2,000,000 | 219 sps] R=-1344.2 C=   7 Safe=98.54% SAI=0.336 Jain=1.000 PeakMF=0.694
[Ep  2550 | Step 1,224,000/2,000,000 | 223 sps] R=-1343.7 C=   8 Safe=98.33% SAI=0.336 Jain=1.000 PeakMF=0.694
[Ep  2450 | Step 1,176,000/2,000,000 | 214 sps] R=-1469.2 C=  35 Safe=94.79% SAI=0.336 Jain=1.000 PeakMF=0.697
[Ep  2500 | Step 1,200,000/2,000,000 | 218 sps] R=-1322.5 C=   4 Safe=99.17% SAI=0.337 Jain=1.000 PeakMF=0.695
[Ep  2550 | Step 1,224,000/2,000,000 | 222 sps] R=-1473.0 C=  37 Safe=96.67% SAI=0.336 Jain=1.000 PeakMF=0.697
[Ep  2450 | Step 1,176,000/2,000,000 | 211 sps] R=-1421.9 C=  27 Safe=94.58% SAI=0.336 Jain=1.000 PeakMF=0.693
[Ep  2600 | Step 1,248,000/2,000,000 | 223 sps] R=-1342.6 C=   7 Safe=98.96% SAI=0.337 Jain=1.000 PeakMF=0.695
[Ep  2550 | Step 1,224,000/2,000,000 | 218 sps] R=-1514.6 C=  47 Safe=91.88% SAI=0.336 Jain=1.000 PeakMF=0.696
[Ep  2550 | Step 1,224,000/2,000,000 | 218 sps] R=-1403.8 C=  20 Safe=96.46% SAI=0.337 Jain=1.000 PeakMF=0.695
[Ep  2500 | Step 1,200,000/2,000,000 | 214 sps] R=-1335.5 C=   6 Safe=98.75% SAI=0.336 Jain=1.000 PeakMF=0.696
[Ep  2600 | Step 1,248,000/2,000,000 | 221 sps] R=-1523.4 C=  46 Safe=93.75% SAI=0.337 Jain=1.000 PeakMF=0.695
[Ep  2500 | Step 1,200,000/2,000,000 | 211 sps] R=-1384.2 C=  21 Safe=96.46% SAI=0.336 Jain=1.000 PeakMF=0.696
[Ep  2650 | Step 1,272,000/2,000,000 | 223 sps] R=-1338.8 C=  10 Safe=98.33% SAI=0.336 Jain=1.000 PeakMF=0.696
[Ep  2600 | Step 1,248,000/2,000,000 | 218 sps] R=-1353.0 C=   7 Safe=98.96% SAI=0.337 Jain=1.000 PeakMF=0.692
[Ep  2550 | Step 1,224,000/2,000,000 | 214 sps] R=-1346.3 C=  10 Safe=97.92% SAI=0.337 Jain=1.000 PeakMF=0.697
[Ep  2600 | Step 1,248,000/2,000,000 | 218 sps] R=-1333.7 C=   4 Safe=99.58% SAI=0.337 Jain=1.000 PeakMF=0.691
[Ep  2650 | Step 1,272,000/2,000,000 | 222 sps] R=-1689.4 C=  84 Safe=87.92% SAI=0.336 Jain=1.000 PeakMF=0.693
[Ep  2550 | Step 1,224,000/2,000,000 | 211 sps] R=-1427.0 C=  31 Safe=95.83% SAI=0.336 Jain=1.000 PeakMF=0.696
[Ep  2700 | Step 1,296,000/2,000,000 | 223 sps] R=-1457.8 C=  36 Safe=94.17% SAI=0.336 Jain=1.000 PeakMF=0.695
[Ep  2600 | Step 1,248,000/2,000,000 | 214 sps] R=-1483.7 C=  40 Safe=92.29% SAI=0.335 Jain=1.000 PeakMF=0.698
[Ep  2650 | Step 1,272,000/2,000,000 | 218 sps] R=-1389.7 C=  19 Safe=96.25% SAI=0.336 Jain=1.000 PeakMF=0.696
[Ep  2650 | Step 1,272,000/2,000,000 | 218 sps] R=-1504.9 C=  46 Safe=93.12% SAI=0.336 Jain=1.000 PeakMF=0.696
[Ep  2700 | Step 1,296,000/2,000,000 | 222 sps] R=-1363.6 C=  16 Safe=96.88% SAI=0.335 Jain=1.000 PeakMF=0.695
[Ep  2600 | Step 1,248,000/2,000,000 | 211 sps] R=-1341.9 C=   6 Safe=98.96% SAI=0.337 Jain=1.000 PeakMF=0.691
[Ep  2750 | Step 1,320,000/2,000,000 | 223 sps] R=-1584.7 C=  63 Safe=88.75% SAI=0.336 Jain=1.000 PeakMF=0.694
[Ep  2650 | Step 1,272,000/2,000,000 | 215 sps] R=-1361.8 C=  14 Safe=97.29% SAI=0.336 Jain=1.000 PeakMF=0.694
[Ep  2700 | Step 1,296,000/2,000,000 | 218 sps] R=-1337.1 C=   8 Safe=98.54% SAI=0.336 Jain=1.000 PeakMF=0.694
[Ep  2750 | Step 1,320,000/2,000,000 | 222 sps] R=-1425.2 C=  28 Safe=95.83% SAI=0.337 Jain=1.000 PeakMF=0.696
[Ep  2700 | Step 1,296,000/2,000,000 | 218 sps] R=-1298.4 C=   2 Safe=99.58% SAI=0.336 Jain=1.000 PeakMF=0.695
[Ep  2800 | Step 1,344,000/2,000,000 | 223 sps] R=-1309.0 C=   1 Safe=99.79% SAI=0.337 Jain=1.000 PeakMF=0.694
[Ep  2650 | Step 1,272,000/2,000,000 | 211 sps] R=-1376.1 C=  20 Safe=96.88% SAI=0.337 Jain=1.000 PeakMF=0.695
[Ep  2700 | Step 1,296,000/2,000,000 | 215 sps] R=-1389.0 C=  21 Safe=96.04% SAI=0.336 Jain=1.000 PeakMF=0.696
[Ep  2750 | Step 1,320,000/2,000,000 | 218 sps] R=-1536.2 C=  52 Safe=90.42% SAI=0.336 Jain=1.000 PeakMF=0.695
[Ep  2800 | Step 1,344,000/2,000,000 | 222 sps] R=-1325.1 C=   8 Safe=98.75% SAI=0.336 Jain=1.000 PeakMF=0.695
[Ep  2750 | Step 1,320,000/2,000,000 | 218 sps] R=-1342.4 C=  12 Safe=97.71% SAI=0.336 Jain=1.000 PeakMF=0.694
[Ep  2850 | Step 1,368,000/2,000,000 | 223 sps] R=-1551.6 C=  58 Safe=91.25% SAI=0.336 Jain=1.000 PeakMF=0.694
[Ep  2750 | Step 1,320,000/2,000,000 | 215 sps] R=-1453.7 C=  34 Safe=94.17% SAI=0.336 Jain=1.000 PeakMF=0.696
[Ep  2700 | Step 1,296,000/2,000,000 | 211 sps] R=-1529.7 C=  50 Safe=93.54% SAI=0.337 Jain=1.000 PeakMF=0.695
[Ep  2800 | Step 1,344,000/2,000,000 | 218 sps] R=-1504.7 C=  45 Safe=94.17% SAI=0.337 Jain=1.000 PeakMF=0.695
[Ep  2850 | Step 1,368,000/2,000,000 | 221 sps] R=-1341.5 C=  11 Safe=98.33% SAI=0.336 Jain=1.000 PeakMF=0.696
[Ep  2800 | Step 1,344,000/2,000,000 | 217 sps] R=-1466.1 C=  38 Safe=92.92% SAI=0.336 Jain=1.000 PeakMF=0.698
[Ep  2900 | Step 1,392,000/2,000,000 | 223 sps] R=-1364.6 C=  16 Safe=97.08% SAI=0.337 Jain=1.000 PeakMF=0.694
[Ep  2800 | Step 1,344,000/2,000,000 | 215 sps] R=-1423.5 C=  28 Safe=94.38% SAI=0.336 Jain=1.000 PeakMF=0.696
[Ep  2850 | Step 1,368,000/2,000,000 | 218 sps] R=-1344.7 C=   7 Safe=98.54% SAI=0.338 Jain=1.000 PeakMF=0.692
[Ep  2750 | Step 1,320,000/2,000,000 | 210 sps] R=-1354.8 C=  12 Safe=97.50% SAI=0.337 Jain=1.000 PeakMF=0.693
[Ep  2900 | Step 1,392,000/2,000,000 | 221 sps] R=-1412.8 C=  27 Safe=95.62% SAI=0.336 Jain=1.000 PeakMF=0.695
[Ep  2850 | Step 1,368,000/2,000,000 | 217 sps] R=-1336.4 C=   9 Safe=98.12% SAI=0.336 Jain=1.000 PeakMF=0.696
[Ep  2950 | Step 1,416,000/2,000,000 | 223 sps] R=-1439.3 C=  34 Safe=95.21% SAI=0.336 Jain=1.000 PeakMF=0.696
[Ep  2850 | Step 1,368,000/2,000,000 | 215 sps] R=-1326.2 C=   6 Safe=98.96% SAI=0.337 Jain=1.000 PeakMF=0.694
[Ep  2900 | Step 1,392,000/2,000,000 | 218 sps] R=-1339.0 C=  12 Safe=97.71% SAI=0.337 Jain=1.000 PeakMF=0.696
[Ep  2800 | Step 1,344,000/2,000,000 | 210 sps] R=-1410.0 C=  25 Safe=96.04% SAI=0.337 Jain=1.000 PeakMF=0.696
[Ep  2950 | Step 1,416,000/2,000,000 | 221 sps] R=-1385.8 C=  20 Safe=96.04% SAI=0.336 Jain=1.000 PeakMF=0.695
[Ep  2900 | Step 1,392,000/2,000,000 | 217 sps] R=-1336.0 C=   7 Safe=98.75% SAI=0.336 Jain=1.000 PeakMF=0.693
[Ep  3000 | Step 1,440,000/2,000,000 | 223 sps] R=-1392.4 C=  24 Safe=95.00% SAI=0.336 Jain=1.000 PeakMF=0.696
[Ep  2900 | Step 1,392,000/2,000,000 | 215 sps] R=-1375.5 C=  21 Safe=96.04% SAI=0.336 Jain=1.000 PeakMF=0.696
[Ep  2950 | Step 1,416,000/2,000,000 | 219 sps] R=-1308.4 C=   0 Safe=100.00% SAI=0.337 Jain=1.000 PeakMF=0.695
[Ep  2850 | Step 1,368,000/2,000,000 | 210 sps] R=-1371.1 C=  19 Safe=96.88% SAI=0.337 Jain=1.000 PeakMF=0.694
[Ep  3000 | Step 1,440,000/2,000,000 | 221 sps] R=-1349.7 C=  14 Safe=98.12% SAI=0.336 Jain=1.000 PeakMF=0.697
[Ep  2950 | Step 1,416,000/2,000,000 | 217 sps] R=-1342.6 C=   9 Safe=98.54% SAI=0.337 Jain=1.000 PeakMF=0.692
[Ep  3050 | Step 1,464,000/2,000,000 | 223 sps] R=-1480.9 C=  43 Safe=93.12% SAI=0.336 Jain=1.000 PeakMF=0.697
[Ep  2950 | Step 1,416,000/2,000,000 | 215 sps] R=-1533.9 C=  52 Safe=92.08% SAI=0.336 Jain=1.000 PeakMF=0.696
[Ep  3000 | Step 1,440,000/2,000,000 | 219 sps] R=-1474.3 C=  40 Safe=93.12% SAI=0.337 Jain=1.000 PeakMF=0.697
[Ep  2900 | Step 1,392,000/2,000,000 | 210 sps] R=-1401.2 C=  24 Safe=95.21% SAI=0.336 Jain=1.000 PeakMF=0.697
[Ep  3050 | Step 1,464,000/2,000,000 | 221 sps] R=-1356.9 C=  16 Safe=97.08% SAI=0.336 Jain=1.000 PeakMF=0.695
[Ep  3000 | Step 1,440,000/2,000,000 | 217 sps] R=-1304.2 C=   5 Safe=98.96% SAI=0.336 Jain=1.000 PeakMF=0.696
[Ep  3100 | Step 1,488,000/2,000,000 | 223 sps] R=-1396.2 C=  23 Safe=95.83% SAI=0.337 Jain=1.000 PeakMF=0.695
[Ep  3000 | Step 1,440,000/2,000,000 | 215 sps] R=-1575.2 C=  61 Safe=89.58% SAI=0.336 Jain=1.000 PeakMF=0.697
[Ep  3050 | Step 1,464,000/2,000,000 | 219 sps] R=-1371.4 C=  15 Safe=97.50% SAI=0.337 Jain=1.000 PeakMF=0.692
[Ep  2950 | Step 1,416,000/2,000,000 | 211 sps] R=-1376.1 C=  19 Safe=96.25% SAI=0.337 Jain=1.000 PeakMF=0.694
[Ep  3100 | Step 1,488,000/2,000,000 | 221 sps] R=-1418.6 C=  29 Safe=94.79% SAI=0.336 Jain=1.000 PeakMF=0.697
[Ep  3050 | Step 1,464,000/2,000,000 | 217 sps] R=-1368.1 C=  15 Safe=97.29% SAI=0.337 Jain=1.000 PeakMF=0.693
[Ep  3150 | Step 1,512,000/2,000,000 | 223 sps] R=-1382.9 C=  20 Safe=96.25% SAI=0.337 Jain=1.000 PeakMF=0.694
[Ep  3050 | Step 1,464,000/2,000,000 | 216 sps] R=-1342.4 C=  15 Safe=97.50% SAI=0.337 Jain=1.000 PeakMF=0.696
[Ep  3100 | Step 1,488,000/2,000,000 | 219 sps] R=-1319.6 C=   7 Safe=98.54% SAI=0.337 Jain=1.000 PeakMF=0.696
[Ep  3000 | Step 1,440,000/2,000,000 | 211 sps] R=-1306.1 C=   6 Safe=98.75% SAI=0.337 Jain=1.000 PeakMF=0.696
[Ep  3150 | Step 1,512,000/2,000,000 | 220 sps] R=-1353.5 C=  15 Safe=96.88% SAI=0.336 Jain=1.000 PeakMF=0.697
[Ep  3100 | Step 1,488,000/2,000,000 | 216 sps] R=-1327.4 C=   7 Safe=98.54% SAI=0.336 Jain=1.000 PeakMF=0.695
[Ep  3200 | Step 1,536,000/2,000,000 | 223 sps] R=-1410.5 C=  28 Safe=95.21% SAI=0.337 Jain=1.000 PeakMF=0.695
[Ep  3100 | Step 1,488,000/2,000,000 | 216 sps] R=-1412.4 C=  27 Safe=96.04% SAI=0.337 Jain=1.000 PeakMF=0.695
[Ep  3150 | Step 1,512,000/2,000,000 | 219 sps] R=-1334.2 C=  12 Safe=98.12% SAI=0.336 Jain=1.000 PeakMF=0.695
[Ep  3050 | Step 1,464,000/2,000,000 | 211 sps] R=-1327.0 C=   9 Safe=98.12% SAI=0.337 Jain=1.000 PeakMF=0.695
[Ep  3200 | Step 1,536,000/2,000,000 | 220 sps] R=-1301.2 C=   2 Safe=99.58% SAI=0.336 Jain=1.000 PeakMF=0.695
[Ep  3150 | Step 1,512,000/2,000,000 | 216 sps] R=-1386.1 C=  24 Safe=96.04% SAI=0.337 Jain=1.000 PeakMF=0.694
[Ep  3250 | Step 1,560,000/2,000,000 | 223 sps] R=-1341.5 C=  12 Safe=98.54% SAI=0.336 Jain=1.000 PeakMF=0.696
[Ep  3200 | Step 1,536,000/2,000,000 | 219 sps] R=-1412.1 C=  29 Safe=95.42% SAI=0.337 Jain=1.000 PeakMF=0.695
[Ep  3150 | Step 1,512,000/2,000,000 | 216 sps] R=-1400.5 C=  27 Safe=95.42% SAI=0.337 Jain=1.000 PeakMF=0.694
[Ep  3100 | Step 1,488,000/2,000,000 | 211 sps] R=-1429.9 C=  27 Safe=96.46% SAI=0.337 Jain=1.000 PeakMF=0.692
[Ep  3250 | Step 1,560,000/2,000,000 | 220 sps] R=-1363.4 C=  15 Safe=96.88% SAI=0.337 Jain=1.000 PeakMF=0.693
[Ep  3300 | Step 1,584,000/2,000,000 | 223 sps] R=-1292.3 C=   2 Safe=99.58% SAI=0.336 Jain=1.000 PeakMF=0.695
[Ep  3200 | Step 1,536,000/2,000,000 | 216 sps] R=-1840.7 C= 116 Safe=86.67% SAI=0.336 Jain=1.000 PeakMF=0.695
[Ep  3250 | Step 1,560,000/2,000,000 | 219 sps] R=-1395.7 C=  23 Safe=96.46% SAI=0.337 Jain=1.000 PeakMF=0.693
[Ep  3200 | Step 1,536,000/2,000,000 | 216 sps] R=-1352.9 C=  11 Safe=97.92% SAI=0.337 Jain=1.000 PeakMF=0.695
[Ep  3150 | Step 1,512,000/2,000,000 | 211 sps] R=-1331.6 C=  12 Safe=97.71% SAI=0.337 Jain=1.000 PeakMF=0.696
[Ep  3300 | Step 1,584,000/2,000,000 | 220 sps] R=-1330.8 C=  11 Safe=98.12% SAI=0.337 Jain=1.000 PeakMF=0.694
[Ep  3350 | Step 1,608,000/2,000,000 | 223 sps] R=-1403.6 C=  26 Safe=95.62% SAI=0.336 Jain=1.000 PeakMF=0.696
[Ep  3250 | Step 1,560,000/2,000,000 | 216 sps] R=-1384.1 C=  23 Safe=96.25% SAI=0.336 Jain=1.000 PeakMF=0.696
[Ep  3300 | Step 1,584,000/2,000,000 | 219 sps] R=-1335.3 C=  12 Safe=97.50% SAI=0.336 Jain=1.000 PeakMF=0.693
[Ep  3250 | Step 1,560,000/2,000,000 | 216 sps] R=-1311.1 C=   6 Safe=98.96% SAI=0.337 Jain=1.000 PeakMF=0.695
[Ep  3200 | Step 1,536,000/2,000,000 | 211 sps] R=-1356.2 C=  18 Safe=97.08% SAI=0.337 Jain=1.000 PeakMF=0.695
[Ep  3400 | Step 1,632,000/2,000,000 | 223 sps] R=-1315.4 C=   7 Safe=98.54% SAI=0.337 Jain=1.000 PeakMF=0.695
[Ep  3350 | Step 1,608,000/2,000,000 | 219 sps] R=-1963.3 C= 140 Safe=84.79% SAI=0.336 Jain=1.000 PeakMF=0.696
[Ep  3350 | Step 1,608,000/2,000,000 | 219 sps] R=-1303.1 C=   3 Safe=99.38% SAI=0.336 Jain=1.000 PeakMF=0.696
[Ep  3300 | Step 1,584,000/2,000,000 | 216 sps] R=-1477.0 C=  43 Safe=93.12% SAI=0.337 Jain=1.000 PeakMF=0.694
[Ep  3300 | Step 1,584,000/2,000,000 | 216 sps] R=-1355.3 C=  16 Safe=97.71% SAI=0.336 Jain=1.000 PeakMF=0.695
[Ep  3250 | Step 1,560,000/2,000,000 | 211 sps] R=-1514.9 C=  47 Safe=95.00% SAI=0.337 Jain=1.000 PeakMF=0.693
[Ep  3450 | Step 1,656,000/2,000,000 | 223 sps] R=-1323.4 C=  10 Safe=98.12% SAI=0.337 Jain=1.000 PeakMF=0.696
[Ep  3400 | Step 1,632,000/2,000,000 | 219 sps] R=-1344.5 C=  10 Safe=98.54% SAI=0.337 Jain=1.000 PeakMF=0.693
[Ep  3400 | Step 1,632,000/2,000,000 | 219 sps] R=-1321.0 C=   6 Safe=98.96% SAI=0.337 Jain=1.000 PeakMF=0.695
[Ep  3350 | Step 1,608,000/2,000,000 | 216 sps] R=-1344.2 C=  13 Safe=97.71% SAI=0.337 Jain=1.000 PeakMF=0.695
[Ep  3350 | Step 1,608,000/2,000,000 | 215 sps] R=-1495.5 C=  44 Safe=93.54% SAI=0.336 Jain=1.000 PeakMF=0.693
[Ep  3300 | Step 1,584,000/2,000,000 | 212 sps] R=-1311.8 C=   4 Safe=99.38% SAI=0.336 Jain=1.000 PeakMF=0.693
[Ep  3500 | Step 1,680,000/2,000,000 | 223 sps] R=-1306.9 C=   0 Safe=100.00% SAI=0.337 Jain=1.000 PeakMF=0.696
[Ep  3450 | Step 1,656,000/2,000,000 | 219 sps] R=-1410.5 C=  28 Safe=95.21% SAI=0.336 Jain=1.000 PeakMF=0.695
[Ep  3400 | Step 1,632,000/2,000,000 | 216 sps] R=-1358.1 C=  13 Safe=97.71% SAI=0.337 Jain=1.000 PeakMF=0.695
[Ep  3450 | Step 1,656,000/2,000,000 | 219 sps] R=-1343.1 C=  12 Safe=97.92% SAI=0.337 Jain=1.000 PeakMF=0.692
[Ep  3400 | Step 1,632,000/2,000,000 | 215 sps] R=-1306.3 C=   6 Safe=98.96% SAI=0.336 Jain=1.000 PeakMF=0.696
[Ep  3350 | Step 1,608,000/2,000,000 | 212 sps] R=-1319.0 C=   8 Safe=98.33% SAI=0.337 Jain=1.000 PeakMF=0.695
[Ep  3550 | Step 1,704,000/2,000,000 | 223 sps] R=-1301.0 C=   5 Safe=99.17% SAI=0.337 Jain=1.000 PeakMF=0.695
[Ep  3450 | Step 1,656,000/2,000,000 | 216 sps] R=-1413.7 C=  29 Safe=95.42% SAI=0.337 Jain=1.000 PeakMF=0.695
[Ep  3500 | Step 1,680,000/2,000,000 | 219 sps] R=-1398.8 C=  27 Safe=95.21% SAI=0.336 Jain=1.000 PeakMF=0.697
[Ep  3500 | Step 1,680,000/2,000,000 | 219 sps] R=-1545.2 C=  54 Safe=93.12% SAI=0.337 Jain=1.000 PeakMF=0.693
[Ep  3450 | Step 1,656,000/2,000,000 | 215 sps] R=-1362.5 C=  17 Safe=97.08% SAI=0.336 Jain=1.000 PeakMF=0.695
[Ep  3400 | Step 1,632,000/2,000,000 | 212 sps] R=-1371.4 C=  14 Safe=98.33% SAI=0.337 Jain=1.000 PeakMF=0.692
[Ep  3600 | Step 1,728,000/2,000,000 | 223 sps] R=-1300.7 C=   3 Safe=99.38% SAI=0.337 Jain=1.000 PeakMF=0.692
[Ep  3500 | Step 1,680,000/2,000,000 | 216 sps] R=-1545.7 C=  56 Safe=92.92% SAI=0.336 Jain=1.000 PeakMF=0.694
[Ep  3550 | Step 1,704,000/2,000,000 | 219 sps] R=-1336.5 C=   8 Safe=98.33% SAI=0.337 Jain=1.000 PeakMF=0.694
[Ep  3550 | Step 1,704,000/2,000,000 | 218 sps] R=-1521.5 C=  49 Safe=93.33% SAI=0.337 Jain=1.000 PeakMF=0.694
[Ep  3500 | Step 1,680,000/2,000,000 | 215 sps] R=-1492.1 C=  42 Safe=93.33% SAI=0.337 Jain=1.000 PeakMF=0.695
[Ep  3450 | Step 1,656,000/2,000,000 | 212 sps] R=-1398.0 C=  26 Safe=96.88% SAI=0.336 Jain=1.000 PeakMF=0.692
[Ep  3650 | Step 1,752,000/2,000,000 | 223 sps] R=-1300.2 C=   1 Safe=99.79% SAI=0.337 Jain=1.000 PeakMF=0.696
[Ep  3550 | Step 1,704,000/2,000,000 | 216 sps] R=-1340.1 C=  10 Safe=98.54% SAI=0.337 Jain=1.000 PeakMF=0.692
[Ep  3600 | Step 1,728,000/2,000,000 | 219 sps] R=-1361.1 C=  18 Safe=96.88% SAI=0.336 Jain=1.000 PeakMF=0.696
[Ep  3550 | Step 1,704,000/2,000,000 | 215 sps] R=-1440.7 C=  33 Safe=93.54% SAI=0.336 Jain=1.000 PeakMF=0.697
[Ep  3600 | Step 1,728,000/2,000,000 | 218 sps] R=-1332.3 C=  13 Safe=98.12% SAI=0.336 Jain=1.000 PeakMF=0.696
[Ep  3500 | Step 1,680,000/2,000,000 | 212 sps] R=-1387.3 C=  25 Safe=96.04% SAI=0.336 Jain=1.000 PeakMF=0.697
[Ep  3700 | Step 1,776,000/2,000,000 | 223 sps] R=-1303.5 C=   4 Safe=99.17% SAI=0.336 Jain=1.000 PeakMF=0.695
[Ep  3600 | Step 1,728,000/2,000,000 | 216 sps] R=-1309.6 C=   5 Safe=98.96% SAI=0.337 Jain=1.000 PeakMF=0.695
[Ep  3650 | Step 1,752,000/2,000,000 | 219 sps] R=-1521.3 C=  47 Safe=93.54% SAI=0.337 Jain=1.000 PeakMF=0.691
[Ep  3600 | Step 1,728,000/2,000,000 | 216 sps] R=-1326.1 C=   9 Safe=98.96% SAI=0.336 Jain=1.000 PeakMF=0.694
[Ep  3650 | Step 1,752,000/2,000,000 | 218 sps] R=-1861.5 C= 122 Safe=83.96% SAI=0.336 Jain=1.000 PeakMF=0.696
[Ep  3550 | Step 1,704,000/2,000,000 | 212 sps] R=-2074.7 C= 161 Safe=77.71% SAI=0.336 Jain=1.000 PeakMF=0.695
[Ep  3750 | Step 1,800,000/2,000,000 | 223 sps] R=-1355.8 C=  18 Safe=96.46% SAI=0.336 Jain=1.000 PeakMF=0.695
[Ep  3700 | Step 1,776,000/2,000,000 | 219 sps] R=-1376.9 C=  20 Safe=96.25% SAI=0.337 Jain=1.000 PeakMF=0.695
[Ep  3650 | Step 1,752,000/2,000,000 | 216 sps] R=-1317.1 C=   9 Safe=98.12% SAI=0.336 Jain=1.000 PeakMF=0.696
[Ep  3650 | Step 1,752,000/2,000,000 | 216 sps] R=-1502.5 C=  47 Safe=92.08% SAI=0.336 Jain=1.000 PeakMF=0.696
[Ep  3600 | Step 1,728,000/2,000,000 | 212 sps] R=-1414.6 C=  28 Safe=95.21% SAI=0.337 Jain=1.000 PeakMF=0.693
[Ep  3700 | Step 1,776,000/2,000,000 | 218 sps] R=-1333.1 C=   9 Safe=98.54% SAI=0.337 Jain=1.000 PeakMF=0.696
[Ep  3800 | Step 1,824,000/2,000,000 | 223 sps] R=-1707.5 C=  90 Safe=89.38% SAI=0.336 Jain=1.000 PeakMF=0.695
[Ep  3750 | Step 1,800,000/2,000,000 | 219 sps] R=-1286.5 C=   1 Safe=99.79% SAI=0.337 Jain=1.000 PeakMF=0.695
[Ep  3700 | Step 1,776,000/2,000,000 | 217 sps] R=-1440.4 C=  35 Safe=93.54% SAI=0.336 Jain=1.000 PeakMF=0.697
[Ep  3700 | Step 1,776,000/2,000,000 | 216 sps] R=-1396.5 C=  26 Safe=95.62% SAI=0.336 Jain=1.000 PeakMF=0.697
[Ep  3650 | Step 1,752,000/2,000,000 | 212 sps] R=-1369.3 C=  19 Safe=96.46% SAI=0.337 Jain=1.000 PeakMF=0.695
[Ep  3750 | Step 1,800,000/2,000,000 | 218 sps] R=-1287.4 C=   2 Safe=99.58% SAI=0.337 Jain=1.000 PeakMF=0.696
[Ep  3850 | Step 1,848,000/2,000,000 | 223 sps] R=-1407.2 C=  27 Safe=96.04% SAI=0.337 Jain=1.000 PeakMF=0.694
[Ep  3800 | Step 1,824,000/2,000,000 | 219 sps] R=-1317.9 C=   9 Safe=98.96% SAI=0.337 Jain=1.000 PeakMF=0.696
[Ep  3750 | Step 1,800,000/2,000,000 | 217 sps] R=-1299.2 C=   4 Safe=99.17% SAI=0.337 Jain=1.000 PeakMF=0.695
[Ep  3750 | Step 1,800,000/2,000,000 | 216 sps] R=-1362.9 C=  14 Safe=97.92% SAI=0.337 Jain=1.000 PeakMF=0.692
[Ep  3700 | Step 1,776,000/2,000,000 | 213 sps] R=-1368.7 C=  20 Safe=96.67% SAI=0.336 Jain=1.000 PeakMF=0.696
[Ep  3800 | Step 1,824,000/2,000,000 | 218 sps] R=-1484.4 C=  43 Safe=94.58% SAI=0.337 Jain=1.000 PeakMF=0.694
[Ep  3900 | Step 1,872,000/2,000,000 | 223 sps] R=-1396.4 C=  24 Safe=96.25% SAI=0.336 Jain=1.000 PeakMF=0.694
[Ep  3850 | Step 1,848,000/2,000,000 | 219 sps] R=-1331.3 C=  12 Safe=98.12% SAI=0.337 Jain=1.000 PeakMF=0.695
[Ep  3800 | Step 1,824,000/2,000,000 | 217 sps] R=-1312.4 C=   2 Safe=99.58% SAI=0.337 Jain=1.000 PeakMF=0.695
[Ep  3800 | Step 1,824,000/2,000,000 | 216 sps] R=-1347.9 C=  14 Safe=97.71% SAI=0.336 Jain=1.000 PeakMF=0.695
[Ep  3750 | Step 1,800,000/2,000,000 | 213 sps] R=-1445.9 C=  34 Safe=95.83% SAI=0.337 Jain=1.000 PeakMF=0.695
[Ep  3850 | Step 1,848,000/2,000,000 | 218 sps] R=-1412.2 C=  28 Safe=95.62% SAI=0.336 Jain=1.000 PeakMF=0.695
[Ep  3950 | Step 1,896,000/2,000,000 | 223 sps] R=-1313.5 C=   6 Safe=98.75% SAI=0.337 Jain=1.000 PeakMF=0.692
[Ep  3850 | Step 1,848,000/2,000,000 | 217 sps] R=-1340.4 C=  12 Safe=98.54% SAI=0.336 Jain=1.000 PeakMF=0.695
[Ep  3900 | Step 1,872,000/2,000,000 | 220 sps] R=-1296.4 C=   0 Safe=100.00% SAI=0.337 Jain=1.000 PeakMF=0.695
[Ep  3850 | Step 1,848,000/2,000,000 | 217 sps] R=-1493.8 C=  46 Safe=93.33% SAI=0.336 Jain=1.000 PeakMF=0.696
[Ep  3800 | Step 1,824,000/2,000,000 | 213 sps] R=-1371.2 C=  20 Safe=96.46% SAI=0.337 Jain=1.000 PeakMF=0.695
[Ep  3900 | Step 1,872,000/2,000,000 | 218 sps] R=-1356.0 C=  17 Safe=96.88% SAI=0.336 Jain=1.000 PeakMF=0.695
[Ep  4000 | Step 1,920,000/2,000,000 | 223 sps] R=-1491.7 C=  47 Safe=92.92% SAI=0.337 Jain=1.000 PeakMF=0.696
[Ep  3900 | Step 1,872,000/2,000,000 | 217 sps] R=-1308.9 C=   5 Safe=98.96% SAI=0.336 Jain=1.000 PeakMF=0.690
[Ep  3900 | Step 1,872,000/2,000,000 | 217 sps] R=-1347.3 C=  12 Safe=97.92% SAI=0.337 Jain=1.000 PeakMF=0.693
[Ep  3950 | Step 1,896,000/2,000,000 | 220 sps] R=-1395.3 C=  22 Safe=96.88% SAI=0.337 Jain=1.000 PeakMF=0.692
[Ep  3850 | Step 1,848,000/2,000,000 | 213 sps] R=-1344.0 C=  15 Safe=97.50% SAI=0.337 Jain=1.000 PeakMF=0.696
[Ep  3950 | Step 1,896,000/2,000,000 | 218 sps] R=-1359.3 C=  17 Safe=98.12% SAI=0.337 Jain=1.000 PeakMF=0.694
[Ep  4050 | Step 1,944,000/2,000,000 | 223 sps] R=-1301.9 C=   5 Safe=99.17% SAI=0.337 Jain=1.000 PeakMF=0.695
[Ep  3950 | Step 1,896,000/2,000,000 | 218 sps] R=-1386.2 C=  23 Safe=96.04% SAI=0.336 Jain=1.000 PeakMF=0.694
[Ep  3950 | Step 1,896,000/2,000,000 | 217 sps] R=-1290.5 C=   5 Safe=98.96% SAI=0.337 Jain=1.000 PeakMF=0.695
[Ep  4000 | Step 1,920,000/2,000,000 | 220 sps] R=-1348.0 C=  14 Safe=97.50% SAI=0.337 Jain=1.000 PeakMF=0.695
[Ep  3900 | Step 1,872,000/2,000,000 | 214 sps] R=-1544.4 C=  55 Safe=93.33% SAI=0.336 Jain=1.000 PeakMF=0.697
[Ep  4100 | Step 1,968,000/2,000,000 | 223 sps] R=-1613.1 C=  68 Safe=90.42% SAI=0.337 Jain=1.000 PeakMF=0.693
[Ep  4000 | Step 1,920,000/2,000,000 | 218 sps] R=-1459.4 C=  36 Safe=95.62% SAI=0.337 Jain=1.000 PeakMF=0.693
[Ep  4000 | Step 1,920,000/2,000,000 | 218 sps] R=-1364.9 C=  18 Safe=97.29% SAI=0.337 Jain=1.000 PeakMF=0.694
[Ep  4000 | Step 1,920,000/2,000,000 | 218 sps] R=-1432.0 C=  33 Safe=95.21% SAI=0.336 Jain=1.000 PeakMF=0.696
[Ep  4050 | Step 1,944,000/2,000,000 | 220 sps] R=-1453.8 C=  30 Safe=95.21% SAI=0.337 Jain=1.000 PeakMF=0.692
[Ep  3950 | Step 1,896,000/2,000,000 | 214 sps] R=-1359.6 C=  16 Safe=97.50% SAI=0.337 Jain=1.000 PeakMF=0.695
[Ep  4050 | Step 1,944,000/2,000,000 | 218 sps] R=-1372.2 C=  20 Safe=97.08% SAI=0.337 Jain=1.000 PeakMF=0.696
[Ep  4150 | Step 1,992,000/2,000,000 | 223 sps] R=-1401.2 C=  24 Safe=95.42% SAI=0.337 Jain=1.000 PeakMF=0.693
[Ep  4050 | Step 1,944,000/2,000,000 | 218 sps] R=-1399.5 C=  27 Safe=96.25% SAI=0.337 Jain=1.000 PeakMF=0.695
[Ep  4050 | Step 1,944,000/2,000,000 | 218 sps] R=-1413.7 C=  29 Safe=95.42% SAI=0.337 Jain=1.000 PeakMF=0.693
[Ep  4100 | Step 1,968,000/2,000,000 | 220 sps] R=-1314.1 C=   8 Safe=98.33% SAI=0.337 Jain=1.000 PeakMF=0.693

============================================================
Training complete: 4167 episodes, 2,000,160 steps
Best reward: -1276.9
Wall time: 2.49 hours
Checkpoint: checkpoints/hcmarl/seed_4/checkpoint_final.pt
============================================================
[5/50] hcmarl seed=4 DONE
Using device: cuda
2026-05-02 18:54:22 | hcmarl.utils | INFO | HIGH determinism: cudnn.deterministic=True, torch.use_deterministic_algorithms(True), matmul=highest, CUBLAS_WORKSPACE_CONFIG=:4096:8 (EXP3-Part-1-equivalent reproducibility)
Path G: loading pre-computed profiles from /root/hcmarl_project/config/pathg_profiles.json
Generating demonstrations from calibrated profiles (Eq 35 controller)...
  Generated 102 demonstrations from 34 workers
  HELDOUT_NLL model selection for K:
    K=1: heldout_nll=8525.5137
    K=2: heldout_nll=1580098560.0000
    K=3: heldout_nll=113967.8203
[Ep  4000 | Step 1,920,000/2,000,000 | 214 sps] R=-1301.7 C=   6 Safe=98.75% SAI=0.336 Jain=1.000 PeakMF=0.696
    K=4: heldout_nll=279349.4375
    K=5: heldout_nll=13298.6836
  Selected K=1 (lowest heldout_nll=8525.5137)

--- MMICRL Type Discovery Results ---
  Demonstrations: 102
  Types discovered: 1
  Type proportions: ['1.00']
  Mutual information I(tau;z): 0.0000
  Objective value: 0.0000
  Learned thresholds per type (raw):
    Type 0: {shoulder: 0.241}
  WARNING: MI (0.0000) < 0.01 -- latent types are behaviorally indistinguishable on this demo set. Effective per-worker theta will fall back to config floors (no MMICRL contribution). Consider multi-muscle demos or lambda1 tuning to restore discrimination.
  Results saved to logs/hcmarl/seed_6/mmicrl/mmicrl_results.json
2026-05-02 18:55:09 | hcmarl.utils | INFO | HIGH determinism: cudnn.deterministic=True, torch.use_deterministic_algorithms(True), matmul=highest, CUBLAS_WORKSPACE_CONFIG=:4096:8 (EXP3-Part-1-equivalent reproducibility)
Using MMICRL-learned thresholds for 6 workers (1 types, rescaled into [floor,1]; floors: {'shoulder': 0.7, 'ankle': 0.8, 'knee': 0.6, 'elbow': 0.45, 'trunk': 0.65, 'grip': 0.45})
  Effective per-worker theta_max: {'worker_0': {'shoulder': 0.7}, 'worker_1': {'shoulder': 0.7}, 'worker_2': {'shoulder': 0.7}, 'worker_3': {'shoulder': 0.7}, 'worker_4': {'shoulder': 0.7}, 'worker_5': {'shoulder': 0.7}}
============================================================
HC-MARL Training: HC-MARL (MAPPO + ECBF + NSWF)
Seed: 6 | Device: cuda | Workers: 6
Total steps: 2,000,000 | Eval every: 50,000
Checkpoint dir: checkpoints/hcmarl/seed_6
============================================================
[Ep  4100 | Step 1,968,000/2,000,000 | 218 sps] R=-1307.4 C=   5 Safe=98.96% SAI=0.336 Jain=1.000 PeakMF=0.694
[Ep  4100 | Step 1,968,000/2,000,000 | 218 sps] R=-1487.8 C=  44 Safe=93.96% SAI=0.337 Jain=1.000 PeakMF=0.694
[Ep  4100 | Step 1,968,000/2,000,000 | 218 sps] R=-1307.9 C=   4 Safe=99.17% SAI=0.337 Jain=1.000 PeakMF=0.694
[Ep  4150 | Step 1,992,000/2,000,000 | 220 sps] R=-1453.2 C=  36 Safe=93.33% SAI=0.336 Jain=1.000 PeakMF=0.696
[Ep  4050 | Step 1,944,000/2,000,000 | 214 sps] R=-1423.1 C=  32 Safe=94.58% SAI=0.336 Jain=1.000 PeakMF=0.695

============================================================
Training complete: 4167 episodes, 2,000,160 steps
Best reward: -1276.2
Wall time: 2.52 hours
Checkpoint: checkpoints/hcmarl/seed_0/checkpoint_final.pt
============================================================
[1/50] hcmarl seed=0 DONE
Using device: cuda
2026-05-02 18:56:29 | hcmarl.utils | INFO | HIGH determinism: cudnn.deterministic=True, torch.use_deterministic_algorithms(True), matmul=highest, CUBLAS_WORKSPACE_CONFIG=:4096:8 (EXP3-Part-1-equivalent reproducibility)
Path G: loading pre-computed profiles from /root/hcmarl_project/config/pathg_profiles.json
Generating demonstrations from calibrated profiles (Eq 35 controller)...
  Generated 102 demonstrations from 34 workers
  HELDOUT_NLL model selection for K:
    K=1: heldout_nll=6.9202
    K=2: heldout_nll=956251.0000
[Ep    50 | Step    24,000/2,000,000 | 263 sps] R=-5087.5 C= 320 Safe=76.04% SAI=0.441 Jain=1.000 PeakMF=0.672
    K=3: heldout_nll=16153.6582
    K=4: heldout_nll=-14.0660
    K=5: heldout_nll=4.2207
  Selected K=4 (lowest heldout_nll=-14.0660)
[Ep  4150 | Step 1,992,000/2,000,000 | 219 sps] R=-1336.1 C=   9 Safe=98.33% SAI=0.337 Jain=1.000 PeakMF=0.695
[Ep  4150 | Step 1,992,000/2,000,000 | 218 sps] R=-1990.9 C= 148 Safe=82.08% SAI=0.336 Jain=1.000 PeakMF=0.696

--- MMICRL Type Discovery Results ---
  Demonstrations: 102
  Types discovered: 4
  Type proportions: ['0.31', '0.05', '0.18', '0.46']
  Mutual information I(tau;z): 0.0000
  Objective value: 0.0000
  Learned thresholds per type (raw):
    Type 0: {shoulder: 0.299}
    Type 1: {shoulder: 0.114}
    Type 2: {shoulder: 0.253}
    Type 3: {shoulder: 0.195}
  WARNING: MI (0.0000) < 0.01 -- latent types are behaviorally indistinguishable on this demo set. Effective per-worker theta will fall back to config floors (no MMICRL contribution). Consider multi-muscle demos or lambda1 tuning to restore discrimination.
  Results saved to logs/hcmarl/seed_7/mmicrl/mmicrl_results.json
2026-05-02 18:57:15 | hcmarl.utils | INFO | HIGH determinism: cudnn.deterministic=True, torch.use_deterministic_algorithms(True), matmul=highest, CUBLAS_WORKSPACE_CONFIG=:4096:8 (EXP3-Part-1-equivalent reproducibility)
Using MMICRL-learned thresholds for 6 workers (4 types, rescaled into [floor,1]; floors: {'shoulder': 0.7, 'ankle': 0.8, 'knee': 0.6, 'elbow': 0.45, 'trunk': 0.65, 'grip': 0.45})
  Effective per-worker theta_max: {'worker_0': {'shoulder': 0.7}, 'worker_1': {'shoulder': 0.7}, 'worker_2': {'shoulder': 0.7}, 'worker_3': {'shoulder': 0.7}, 'worker_4': {'shoulder': 0.7}, 'worker_5': {'shoulder': 0.7}}
============================================================
HC-MARL Training: HC-MARL (MAPPO + ECBF + NSWF)
Seed: 7 | Device: cuda | Workers: 6
Total steps: 2,000,000 | Eval every: 50,000
Checkpoint dir: checkpoints/hcmarl/seed_7
============================================================
[Ep  4150 | Step 1,992,000/2,000,000 | 218 sps] R=-1342.7 C=  15 Safe=97.29% SAI=0.336 Jain=1.000 PeakMF=0.693

============================================================
Training complete: 4167 episodes, 2,000,160 steps
Best reward: -1275.3
Wall time: 2.54 hours
Checkpoint: checkpoints/hcmarl/seed_1/checkpoint_final.pt
============================================================
[2/50] hcmarl seed=1 DONE
Using device: cuda
2026-05-02 18:57:33 | hcmarl.utils | INFO | HIGH determinism: cudnn.deterministic=True, torch.use_deterministic_algorithms(True), matmul=highest, CUBLAS_WORKSPACE_CONFIG=:4096:8 (EXP3-Part-1-equivalent reproducibility)
Path G: loading pre-computed profiles from /root/hcmarl_project/config/pathg_profiles.json
Generating demonstrations from calibrated profiles (Eq 35 controller)...
  Generated 102 demonstrations from 34 workers
  HELDOUT_NLL model selection for K:
    K=1: heldout_nll=3294.8293

============================================================
Training complete: 4167 episodes, 2,000,160 steps
Best reward: -1274.1
Wall time: 2.55 hours
Checkpoint: checkpoints/hcmarl/seed_5/checkpoint_final.pt
============================================================
[6/50] hcmarl seed=5 DONE
Using device: cuda
2026-05-02 18:57:47 | hcmarl.utils | INFO | HIGH determinism: cudnn.deterministic=True, torch.use_deterministic_algorithms(True), matmul=highest, CUBLAS_WORKSPACE_CONFIG=:4096:8 (EXP3-Part-1-equivalent reproducibility)
Path G: loading pre-computed profiles from /root/hcmarl_project/config/pathg_profiles.json
Generating demonstrations from calibrated profiles (Eq 35 controller)...
  Generated 102 demonstrations from 34 workers
  HELDOUT_NLL model selection for K:
    K=2: heldout_nll=1256852.6250

============================================================
Training complete: 4167 episodes, 2,000,160 steps
Best reward: -1278.3
Wall time: 2.54 hours
Checkpoint: checkpoints/hcmarl/seed_2/checkpoint_final.pt
============================================================
[Ep  4100 | Step 1,968,000/2,000,000 | 215 sps] R=-1395.6 C=  26 Safe=95.42% SAI=0.336 Jain=1.000 PeakMF=0.696
[3/50] hcmarl seed=2 DONE
    K=1: heldout_nll=165981.2656
Using device: cuda
2026-05-02 18:57:54 | hcmarl.utils | INFO | HIGH determinism: cudnn.deterministic=True, torch.use_deterministic_algorithms(True), matmul=highest, CUBLAS_WORKSPACE_CONFIG=:4096:8 (EXP3-Part-1-equivalent reproducibility)
2026-05-02 18:57:54 | hcmarl.utils | INFO | HIGH determinism: cudnn.deterministic=True, torch.use_deterministic_algorithms(True), matmul=highest, CUBLAS_WORKSPACE_CONFIG=:4096:8 (EXP3-Part-1-equivalent reproducibility)
    K=3: heldout_nll=30021290.0000
============================================================
HC-MARL Training: MAPPO (no safety filter)
Seed: 0 | Device: cuda | Workers: 6
Total steps: 2,000,000 | Eval every: 50,000
Checkpoint dir: checkpoints/mappo/seed_0
============================================================
    K=2: heldout_nll=1724867018752.0000
    K=4: heldout_nll=3642.6475
    K=3: heldout_nll=173.5262
    K=5: heldout_nll=6233619968.0000
  Selected K=1 (lowest heldout_nll=3294.8293)
    K=4: heldout_nll=135284.9844
[Ep   100 | Step    48,000/2,000,000 | 261 sps] R=-4664.2 C= 285 Safe=72.08% SAI=0.417 Jain=1.000 PeakMF=0.680
    K=5: heldout_nll=7406.2935
  Selected K=3 (lowest heldout_nll=173.5262)

--- MMICRL Type Discovery Results ---
  Demonstrations: 102
  Types discovered: 1
  Type proportions: ['1.00']
  Mutual information I(tau;z): 0.0000
  Objective value: 0.0000
  Learned thresholds per type (raw):
    Type 0: {shoulder: 0.241}
  WARNING: MI (0.0000) < 0.01 -- latent types are behaviorally indistinguishable on this demo set. Effective per-worker theta will fall back to config floors (no MMICRL contribution). Consider multi-muscle demos or lambda1 tuning to restore discrimination.
  Results saved to logs/hcmarl/seed_8/mmicrl/mmicrl_results.json
2026-05-02 18:58:33 | hcmarl.utils | INFO | HIGH determinism: cudnn.deterministic=True, torch.use_deterministic_algorithms(True), matmul=highest, CUBLAS_WORKSPACE_CONFIG=:4096:8 (EXP3-Part-1-equivalent reproducibility)
Using MMICRL-learned thresholds for 6 workers (1 types, rescaled into [floor,1]; floors: {'shoulder': 0.7, 'ankle': 0.8, 'knee': 0.6, 'elbow': 0.45, 'trunk': 0.65, 'grip': 0.45})
  Effective per-worker theta_max: {'worker_0': {'shoulder': 0.7}, 'worker_1': {'shoulder': 0.7}, 'worker_2': {'shoulder': 0.7}, 'worker_3': {'shoulder': 0.7}, 'worker_4': {'shoulder': 0.7}, 'worker_5': {'shoulder': 0.7}}
============================================================
HC-MARL Training: HC-MARL (MAPPO + ECBF + NSWF)
Seed: 8 | Device: cuda | Workers: 6
Total steps: 2,000,000 | Eval every: 50,000
Checkpoint dir: checkpoints/hcmarl/seed_8
============================================================
[Ep    50 | Step    24,000/2,000,000 | 277 sps] R=-9442.3 C= 975 Safe=47.29% SAI=0.426 Jain=1.000 PeakMF=0.686

--- MMICRL Type Discovery Results ---
  Demonstrations: 102
  Types discovered: 3
  Type proportions: ['0.58', '0.09', '0.33']
  Mutual information I(tau;z): 0.0000
  Objective value: 0.0000
  Learned thresholds per type (raw):
    Type 0: {shoulder: 0.276}
    Type 1: {shoulder: 0.221}
    Type 2: {shoulder: 0.186}
  WARNING: MI (0.0000) < 0.01 -- latent types are behaviorally indistinguishable on this demo set. Effective per-worker theta will fall back to config floors (no MMICRL contribution). Consider multi-muscle demos or lambda1 tuning to restore discrimination.
  Results saved to logs/hcmarl/seed_9/mmicrl/mmicrl_results.json
2026-05-02 18:58:43 | hcmarl.utils | INFO | HIGH determinism: cudnn.deterministic=True, torch.use_deterministic_algorithms(True), matmul=highest, CUBLAS_WORKSPACE_CONFIG=:4096:8 (EXP3-Part-1-equivalent reproducibility)
Using MMICRL-learned thresholds for 6 workers (3 types, rescaled into [floor,1]; floors: {'shoulder': 0.7, 'ankle': 0.8, 'knee': 0.6, 'elbow': 0.45, 'trunk': 0.65, 'grip': 0.45})
  Effective per-worker theta_max: {'worker_0': {'shoulder': 0.7}, 'worker_1': {'shoulder': 0.7}, 'worker_2': {'shoulder': 0.7}, 'worker_3': {'shoulder': 0.7}, 'worker_4': {'shoulder': 0.7}, 'worker_5': {'shoulder': 0.7}}
============================================================
HC-MARL Training: HC-MARL (MAPPO + ECBF + NSWF)
Seed: 9 | Device: cuda | Workers: 6
Total steps: 2,000,000 | Eval every: 50,000
Checkpoint dir: checkpoints/hcmarl/seed_9
============================================================
[Ep    50 | Step    24,000/2,000,000 | 302 sps] R=-34614.1 C=2261 Safe=20.42% SAI=1.000 Jain=1.000 PeakMF=0.699
[Ep  4150 | Step 1,992,000/2,000,000 | 215 sps] R=-1368.5 C=  19 Safe=97.08% SAI=0.337 Jain=1.000 PeakMF=0.694
[Ep   150 | Step    72,000/2,000,000 | 266 sps] R=-6786.8 C= 787 Safe=43.33% SAI=0.388 Jain=1.000 PeakMF=0.697

============================================================
Training complete: 4167 episodes, 2,000,160 steps
Best reward: -1272.9
Wall time: 2.58 hours
Checkpoint: checkpoints/hcmarl/seed_3/checkpoint_final.pt
============================================================
[4/50] hcmarl seed=3 DONE
Using device: cuda
2026-05-02 19:00:03 | hcmarl.utils | INFO | HIGH determinism: cudnn.deterministic=True, torch.use_deterministic_algorithms(True), matmul=highest, CUBLAS_WORKSPACE_CONFIG=:4096:8 (EXP3-Part-1-equivalent reproducibility)
2026-05-02 19:00:03 | hcmarl.utils | INFO | HIGH determinism: cudnn.deterministic=True, torch.use_deterministic_algorithms(True), matmul=highest, CUBLAS_WORKSPACE_CONFIG=:4096:8 (EXP3-Part-1-equivalent reproducibility)
============================================================
HC-MARL Training: MAPPO (no safety filter)
Seed: 1 | Device: cuda | Workers: 6
Total steps: 2,000,000 | Eval every: 50,000
Checkpoint dir: checkpoints/mappo/seed_1
============================================================
[Ep    50 | Step    24,000/2,000,000 | 228 sps] R=-6252.1 C= 521 Safe=60.62% SAI=0.424 Jain=1.000 PeakMF=0.676
[Ep   100 | Step    48,000/2,000,000 | 252 sps] R=-3927.1 C= 151 Safe=80.21% SAI=0.431 Jain=1.000 PeakMF=0.678
[Ep    50 | Step    24,000/2,000,000 | 220 sps] R=-9486.0 C= 962 Safe=45.21% SAI=0.413 Jain=1.000 PeakMF=0.679
[Ep   100 | Step    48,000/2,000,000 | 267 sps] R=-34695.3 C=2307 Safe=19.17% SAI=1.000 Jain=1.000 PeakMF=0.688
[Ep   200 | Step    96,000/2,000,000 | 267 sps] R=-3291.6 C= 169 Safe=78.12% SAI=0.383 Jain=1.000 PeakMF=0.684
[Ep    50 | Step    24,000/2,000,000 | 279 sps] R=-34379.5 C=2257 Safe=20.62% SAI=1.000 Jain=1.000 PeakMF=0.675
[Ep   100 | Step    48,000/2,000,000 | 225 sps] R=-6037.0 C= 608 Safe=39.17% SAI=0.383 Jain=1.000 PeakMF=0.690
[Ep   150 | Step    72,000/2,000,000 | 242 sps] R=-4234.0 C= 327 Safe=61.25% SAI=0.389 Jain=1.000 PeakMF=0.689
[Ep   100 | Step    48,000/2,000,000 | 220 sps] R=-4346.8 C= 271 Safe=70.00% SAI=0.410 Jain=1.000 PeakMF=0.684
[Ep   150 | Step    72,000/2,000,000 | 256 sps] R=-18012.1 C=1975 Safe=19.58% SAI=1.000 Jain=1.000 PeakMF=0.629
[Ep   250 | Step   120,000/2,000,000 | 264 sps] R=-4820.1 C= 512 Safe=47.08% SAI=0.370 Jain=1.000 PeakMF=0.693
[Ep   100 | Step    48,000/2,000,000 | 280 sps] R=-19004.2 C=1995 Safe=19.38% SAI=1.000 Jain=0.999 PeakMF=0.629
[Ep   150 | Step    72,000/2,000,000 | 227 sps] R=-7710.0 C=1062 Safe=32.50% SAI=0.371 Jain=1.000 PeakMF=0.688
[Ep   200 | Step    96,000/2,000,000 | 240 sps] R=-3301.8 C= 136 Safe=79.38% SAI=0.394 Jain=1.000 PeakMF=0.688
[Ep   150 | Step    72,000/2,000,000 | 217 sps] R=-3339.7 C= 141 Safe=82.50% SAI=0.394 Jain=1.000 PeakMF=0.690
[Ep   200 | Step    96,000/2,000,000 | 250 sps] R=-14581.4 C=1344 Safe=29.58% SAI=1.000 Jain=1.000 PeakMF=0.612
[Ep   150 | Step    72,000/2,000,000 | 280 sps] R=-14778.0 C=1315 Safe=23.33% SAI=1.000 Jain=1.000 PeakMF=0.617
[Ep   300 | Step   144,000/2,000,000 | 258 sps] R=-2348.9 C=  45 Safe=90.62% SAI=0.369 Jain=1.000 PeakMF=0.679
[Ep   200 | Step    96,000/2,000,000 | 229 sps] R=-2940.3 C=  82 Safe=83.54% SAI=0.390 Jain=1.000 PeakMF=0.691
[Ep   250 | Step   120,000/2,000,000 | 239 sps] R=-2802.3 C= 101 Safe=83.96% SAI=0.377 Jain=1.000 PeakMF=0.684
[Ep   200 | Step    96,000/2,000,000 | 281 sps] R=-14717.9 C=1291 Safe=31.25% SAI=1.000 Jain=1.000 PeakMF=0.615
[Ep   200 | Step    96,000/2,000,000 | 219 sps] R=-2725.6 C=  11 Safe=97.71% SAI=0.397 Jain=1.000 PeakMF=0.679
[Ep   250 | Step   120,000/2,000,000 | 246 sps] R=-13017.2 C= 883 Safe=51.25% SAI=1.000 Jain=1.000 PeakMF=0.573
[Ep   350 | Step   168,000/2,000,000 | 251 sps] R=-2057.5 C=  35 Safe=94.17% SAI=0.359 Jain=1.000 PeakMF=0.684
[Ep   250 | Step   120,000/2,000,000 | 283 sps] R=-14099.0 C=1158 Safe=25.42% SAI=1.000 Jain=1.000 PeakMF=0.615
[Ep   250 | Step   120,000/2,000,000 | 229 sps] R=-3114.7 C= 111 Safe=81.67% SAI=0.403 Jain=1.000 PeakMF=0.682
[Ep   300 | Step   144,000/2,000,000 | 238 sps] R=-3804.5 C= 337 Safe=54.79% SAI=0.370 Jain=1.000 PeakMF=0.686
[Ep   300 | Step   144,000/2,000,000 | 244 sps] R=-12212.5 C= 676 Safe=49.58% SAI=1.000 Jain=1.000 PeakMF=0.565
[Ep   250 | Step   120,000/2,000,000 | 218 sps] R=-3219.9 C= 196 Safe=67.92% SAI=0.372 Jain=1.000 PeakMF=0.682
[Ep   400 | Step   192,000/2,000,000 | 246 sps] R=-2168.0 C=  42 Safe=92.92% SAI=0.356 Jain=1.000 PeakMF=0.691
[Ep   300 | Step   144,000/2,000,000 | 273 sps] R=-11379.7 C= 444 Safe=49.38% SAI=1.000 Jain=1.000 PeakMF=0.570
[Ep   300 | Step   144,000/2,000,000 | 228 sps] R=-3205.3 C= 171 Safe=78.75% SAI=0.380 Jain=1.000 PeakMF=0.692
[Ep   350 | Step   168,000/2,000,000 | 235 sps] R=-3842.1 C= 411 Safe=63.54% SAI=0.353 Jain=1.000 PeakMF=0.690
[Ep   350 | Step   168,000/2,000,000 | 241 sps] R=-12112.1 C= 664 Safe=40.62% SAI=1.000 Jain=1.000 PeakMF=0.562
[Ep   300 | Step   144,000/2,000,000 | 215 sps] R=-2380.9 C=  14 Safe=97.08% SAI=0.381 Jain=1.000 PeakMF=0.685
[Ep   450 | Step   216,000/2,000,000 | 243 sps] R=-1667.8 C=   4 Safe=99.17% SAI=0.344 Jain=1.000 PeakMF=0.681
[Ep   350 | Step   168,000/2,000,000 | 260 sps] R=-10812.1 C= 329 Safe=54.37% SAI=1.000 Jain=1.000 PeakMF=0.571
[Ep   350 | Step   168,000/2,000,000 | 227 sps] R=-3694.5 C= 335 Safe=59.17% SAI=0.367 Jain=1.000 PeakMF=0.687
[Ep   400 | Step   192,000/2,000,000 | 233 sps] R=-1931.6 C=  12 Safe=98.33% SAI=0.360 Jain=1.000 PeakMF=0.680
[Ep   400 | Step   192,000/2,000,000 | 239 sps] R=-10010.1 C= 148 Safe=73.75% SAI=1.000 Jain=1.000 PeakMF=0.570
[Ep   350 | Step   168,000/2,000,000 | 214 sps] R=-2477.8 C= 147 Safe=78.33% SAI=0.351 Jain=1.000 PeakMF=0.684
[Ep   500 | Step   240,000/2,000,000 | 240 sps] R=-1659.9 C=   7 Safe=98.54% SAI=0.342 Jain=1.000 PeakMF=0.677
[Ep   400 | Step   192,000/2,000,000 | 226 sps] R=-1895.5 C=   7 Safe=98.75% SAI=0.355 Jain=1.000 PeakMF=0.680
[Ep   400 | Step   192,000/2,000,000 | 251 sps] R=-10689.6 C= 315 Safe=57.08% SAI=1.000 Jain=1.000 PeakMF=0.576
[Ep   450 | Step   216,000/2,000,000 | 231 sps] R=-2236.5 C= 103 Safe=80.83% SAI=0.350 Jain=1.000 PeakMF=0.682
[Ep   450 | Step   216,000/2,000,000 | 237 sps] R=-10719.4 C= 336 Safe=57.29% SAI=1.000 Jain=1.000 PeakMF=0.570
[Ep   550 | Step   264,000/2,000,000 | 238 sps] R=-1833.3 C=  58 Safe=88.96% SAI=0.340 Jain=1.000 PeakMF=0.685
[Ep   400 | Step   192,000/2,000,000 | 214 sps] R=-2364.0 C= 112 Safe=78.75% SAI=0.353 Jain=1.000 PeakMF=0.689
[Ep   450 | Step   216,000/2,000,000 | 226 sps] R=-1764.8 C=   9 Safe=98.12% SAI=0.345 Jain=1.000 PeakMF=0.681
[Ep   500 | Step   240,000/2,000,000 | 230 sps] R=-1743.6 C=  31 Safe=93.75% SAI=0.342 Jain=1.000 PeakMF=0.684
[Ep   450 | Step   216,000/2,000,000 | 246 sps] R=-9963.2 C= 151 Safe=76.25% SAI=1.000 Jain=1.000 PeakMF=0.572
[Ep   500 | Step   240,000/2,000,000 | 236 sps] R=-9432.2 C=  25 Safe=94.79% SAI=1.000 Jain=1.000 PeakMF=0.562
[Ep   600 | Step   288,000/2,000,000 | 237 sps] R=-1869.6 C=  61 Safe=89.38% SAI=0.343 Jain=1.000 PeakMF=0.687
[Ep   450 | Step   216,000/2,000,000 | 213 sps] R=-1839.6 C=  31 Safe=95.21% SAI=0.344 Jain=1.000 PeakMF=0.683
[Ep   500 | Step   240,000/2,000,000 | 226 sps] R=-1668.2 C=  22 Safe=95.42% SAI=0.340 Jain=1.000 PeakMF=0.686
[Ep   550 | Step   264,000/2,000,000 | 230 sps] R=-1687.4 C=  17 Safe=96.46% SAI=0.344 Jain=1.000 PeakMF=0.683
[Ep   500 | Step   240,000/2,000,000 | 244 sps] R=-10006.8 C= 172 Safe=73.75% SAI=1.000 Jain=1.000 PeakMF=0.566
[Ep   550 | Step   264,000/2,000,000 | 235 sps] R=-10035.5 C= 186 Safe=70.00% SAI=1.000 Jain=1.000 PeakMF=0.571
[Ep   650 | Step   312,000/2,000,000 | 237 sps] R=-1633.0 C=  29 Safe=94.38% SAI=0.338 Jain=1.000 PeakMF=0.684
[Ep   500 | Step   240,000/2,000,000 | 213 sps] R=-1798.2 C=  33 Safe=95.62% SAI=0.342 Jain=1.000 PeakMF=0.679
[Ep   550 | Step   264,000/2,000,000 | 227 sps] R=-1628.3 C=  19 Safe=96.04% SAI=0.341 Jain=1.000 PeakMF=0.684
[Ep   600 | Step   288,000/2,000,000 | 231 sps] R=-1695.6 C=  40 Safe=92.08% SAI=0.341 Jain=1.000 PeakMF=0.688
[Ep   550 | Step   264,000/2,000,000 | 242 sps] R=-9908.5 C= 164 Safe=72.92% SAI=1.000 Jain=1.000 PeakMF=0.569
[Ep   600 | Step   288,000/2,000,000 | 236 sps] R=-9606.4 C= 101 Safe=82.08% SAI=1.000 Jain=1.000 PeakMF=0.569
[Ep   700 | Step   336,000/2,000,000 | 239 sps] R=-1619.0 C=  33 Safe=93.96% SAI=0.336 Jain=1.000 PeakMF=0.679
[Ep   550 | Step   264,000/2,000,000 | 214 sps] R=-1782.9 C=  39 Safe=93.12% SAI=0.346 Jain=1.000 PeakMF=0.679
[Ep   600 | Step   288,000/2,000,000 | 228 sps] R=-1594.8 C=  14 Safe=97.71% SAI=0.338 Jain=1.000 PeakMF=0.683
[Ep   650 | Step   312,000/2,000,000 | 231 sps] R=-1692.5 C=  41 Safe=92.08% SAI=0.340 Jain=1.000 PeakMF=0.687
[Ep   650 | Step   312,000/2,000,000 | 237 sps] R=-9513.3 C=  89 Safe=83.12% SAI=1.000 Jain=1.000 PeakMF=0.570
[Ep   600 | Step   288,000/2,000,000 | 240 sps] R=-9637.7 C= 110 Safe=80.83% SAI=1.000 Jain=1.000 PeakMF=0.570
[Ep   750 | Step   360,000/2,000,000 | 241 sps] R=-1491.3 C=  10 Safe=97.92% SAI=0.338 Jain=1.000 PeakMF=0.684
[Ep   600 | Step   288,000/2,000,000 | 215 sps] R=-1615.7 C=  24 Safe=96.04% SAI=0.341 Jain=1.000 PeakMF=0.688
[Ep   650 | Step   312,000/2,000,000 | 228 sps] R=-1628.5 C=  31 Safe=93.75% SAI=0.337 Jain=1.000 PeakMF=0.685
[Ep   700 | Step   336,000/2,000,000 | 231 sps] R=-1675.9 C=  39 Safe=95.00% SAI=0.340 Jain=1.000 PeakMF=0.689
[Ep   700 | Step   336,000/2,000,000 | 237 sps] R=-9283.9 C=  47 Safe=90.62% SAI=1.000 Jain=1.000 PeakMF=0.568
[Ep   800 | Step   384,000/2,000,000 | 242 sps] R=-1696.5 C=  57 Safe=90.42% SAI=0.336 Jain=1.000 PeakMF=0.687
[Ep   650 | Step   312,000/2,000,000 | 239 sps] R=-9448.2 C=  83 Safe=83.33% SAI=1.000 Jain=1.000 PeakMF=0.570
[Ep   650 | Step   312,000/2,000,000 | 215 sps] R=-1550.0 C=  15 Safe=97.08% SAI=0.339 Jain=1.000 PeakMF=0.690
[Ep   700 | Step   336,000/2,000,000 | 229 sps] R=-1579.5 C=  18 Safe=96.67% SAI=0.339 Jain=1.000 PeakMF=0.686
[Ep   850 | Step   408,000/2,000,000 | 244 sps] R=-1638.3 C=  50 Safe=91.04% SAI=0.337 Jain=1.000 PeakMF=0.686
[Ep   750 | Step   360,000/2,000,000 | 232 sps] R=-1513.8 C=  13 Safe=97.29% SAI=0.339 Jain=1.000 PeakMF=0.686
[Ep   750 | Step   360,000/2,000,000 | 237 sps] R=-9217.6 C=  41 Safe=92.71% SAI=1.000 Jain=1.000 PeakMF=0.563
[Ep   700 | Step   336,000/2,000,000 | 237 sps] R=-9299.1 C=  60 Safe=88.75% SAI=1.000 Jain=1.000 PeakMF=0.563
[Ep   900 | Step   432,000/2,000,000 | 245 sps] R=-1554.2 C=  38 Safe=94.17% SAI=0.337 Jain=1.000 PeakMF=0.689
[Ep   700 | Step   336,000/2,000,000 | 216 sps] R=-1517.9 C=  16 Safe=96.88% SAI=0.339 Jain=1.000 PeakMF=0.687
[Ep   750 | Step   360,000/2,000,000 | 229 sps] R=-1510.3 C=  13 Safe=98.12% SAI=0.338 Jain=1.000 PeakMF=0.686
[Ep   800 | Step   384,000/2,000,000 | 232 sps] R=-1504.7 C=   9 Safe=98.33% SAI=0.338 Jain=1.000 PeakMF=0.688
[Ep   800 | Step   384,000/2,000,000 | 237 sps] R=-9469.4 C=  96 Safe=82.92% SAI=1.000 Jain=1.000 PeakMF=0.563
[Ep   750 | Step   360,000/2,000,000 | 237 sps] R=-9790.8 C= 167 Safe=73.54% SAI=1.000 Jain=1.000 PeakMF=0.563
[Ep   950 | Step   456,000/2,000,000 | 246 sps] R=-1452.7 C=  20 Safe=96.04% SAI=0.336 Jain=1.000 PeakMF=0.691
[Ep   800 | Step   384,000/2,000,000 | 230 sps] R=-2015.2 C= 116 Safe=84.38% SAI=0.340 Jain=1.000 PeakMF=0.692
[Ep   750 | Step   360,000/2,000,000 | 216 sps] R=-1669.2 C=  49 Safe=91.46% SAI=0.337 Jain=1.000 PeakMF=0.684
[Ep   850 | Step   408,000/2,000,000 | 232 sps] R=-1684.6 C=  56 Safe=90.83% SAI=0.337 Jain=1.000 PeakMF=0.691
[Ep   850 | Step   408,000/2,000,000 | 237 sps] R=-9494.0 C= 105 Safe=80.83% SAI=1.000 Jain=1.000 PeakMF=0.570
[Ep   800 | Step   384,000/2,000,000 | 236 sps] R=-9220.1 C=  44 Safe=91.04% SAI=1.000 Jain=1.000 PeakMF=0.563
[Ep  1000 | Step   480,000/2,000,000 | 246 sps] R=-1444.1 C=   7 Safe=98.96% SAI=0.338 Jain=1.000 PeakMF=0.688
[Ep   850 | Step   408,000/2,000,000 | 229 sps] R=-1523.4 C=  19 Safe=97.29% SAI=0.338 Jain=1.000 PeakMF=0.686
[Ep   800 | Step   384,000/2,000,000 | 217 sps] R=-1505.1 C=  17 Safe=97.71% SAI=0.339 Jain=1.000 PeakMF=0.690
[Ep   900 | Step   432,000/2,000,000 | 232 sps] R=-1525.5 C=  25 Safe=95.42% SAI=0.338 Jain=1.000 PeakMF=0.689
[Ep   900 | Step   432,000/2,000,000 | 236 sps] R=-9966.2 C= 209 Safe=68.33% SAI=1.000 Jain=1.000 PeakMF=0.563
[Ep   850 | Step   408,000/2,000,000 | 233 sps] R=-9444.1 C=  98 Safe=82.29% SAI=1.000 Jain=1.000 PeakMF=0.564
[Ep  1050 | Step   504,000/2,000,000 | 245 sps] R=-1665.3 C=  66 Safe=91.67% SAI=0.337 Jain=1.000 PeakMF=0.691
[Ep   900 | Step   432,000/2,000,000 | 229 sps] R=-1540.8 C=  29 Safe=94.38% SAI=0.338 Jain=1.000 PeakMF=0.688
[Ep   950 | Step   456,000/2,000,000 | 231 sps] R=-1435.6 C=   9 Safe=98.33% SAI=0.337 Jain=1.000 PeakMF=0.690
[Ep   850 | Step   408,000/2,000,000 | 216 sps] R=-1467.4 C=  15 Safe=97.71% SAI=0.336 Jain=1.000 PeakMF=0.687
[Ep   950 | Step   456,000/2,000,000 | 236 sps] R=-10012.2 C= 216 Safe=70.62% SAI=1.000 Jain=1.000 PeakMF=0.563
[Ep   900 | Step   432,000/2,000,000 | 231 sps] R=-9754.3 C= 163 Safe=71.88% SAI=1.000 Jain=1.000 PeakMF=0.563
[Ep  1100 | Step   528,000/2,000,000 | 243 sps] R=-1518.7 C=  31 Safe=94.38% SAI=0.336 Jain=1.000 PeakMF=0.691
[Ep   950 | Step   456,000/2,000,000 | 228 sps] R=-1493.9 C=  20 Safe=96.04% SAI=0.338 Jain=1.000 PeakMF=0.689
[Ep  1000 | Step   480,000/2,000,000 | 235 sps] R=-10027.9 C= 218 Safe=68.96% SAI=1.000 Jain=1.000 PeakMF=0.563
[Ep  1000 | Step   480,000/2,000,000 | 231 sps] R=-1607.0 C=  52 Safe=91.25% SAI=0.339 Jain=1.000 PeakMF=0.689
[Ep   900 | Step   432,000/2,000,000 | 216 sps] R=-1567.8 C=  35 Safe=94.79% SAI=0.338 Jain=1.000 PeakMF=0.685
[Ep  1150 | Step   552,000/2,000,000 | 242 sps] R=-1421.3 C=  12 Safe=97.50% SAI=0.338 Jain=1.000 PeakMF=0.692
[Ep   950 | Step   456,000/2,000,000 | 229 sps] R=-9870.3 C= 187 Safe=67.71% SAI=1.000 Jain=1.000 PeakMF=0.563
[Ep  1000 | Step   480,000/2,000,000 | 228 sps] R=-1419.1 C=   4 Safe=99.17% SAI=0.336 Jain=1.000 PeakMF=0.688
[Ep  1050 | Step   504,000/2,000,000 | 235 sps] R=-9869.9 C= 184 Safe=72.50% SAI=1.000 Jain=1.000 PeakMF=0.563
[Ep  1050 | Step   504,000/2,000,000 | 230 sps] R=-1621.9 C=  56 Safe=91.25% SAI=0.338 Jain=1.000 PeakMF=0.693
[Ep   950 | Step   456,000/2,000,000 | 216 sps] R=-1514.9 C=  25 Safe=95.21% SAI=0.337 Jain=1.000 PeakMF=0.687
[Ep  1000 | Step   480,000/2,000,000 | 228 sps] R=-10077.3 C= 230 Safe=65.21% SAI=1.000 Jain=1.000 PeakMF=0.563
[Ep  1200 | Step   576,000/2,000,000 | 240 sps] R=-1363.5 C=   0 Safe=100.00% SAI=0.337 Jain=1.000 PeakMF=0.692
[Ep  1100 | Step   528,000/2,000,000 | 234 sps] R=-10080.8 C= 223 Safe=66.46% SAI=1.000 Jain=1.000 PeakMF=0.563
[Ep  1050 | Step   504,000/2,000,000 | 227 sps] R=-1479.8 C=  24 Safe=95.42% SAI=0.338 Jain=1.000 PeakMF=0.690
[Ep  1100 | Step   528,000/2,000,000 | 230 sps] R=-1506.6 C=  30 Safe=95.00% SAI=0.337 Jain=1.000 PeakMF=0.693
[Ep  1000 | Step   480,000/2,000,000 | 215 sps] R=-1565.9 C=  41 Safe=93.54% SAI=0.338 Jain=1.000 PeakMF=0.688
[Ep  1050 | Step   504,000/2,000,000 | 226 sps] R=-10148.0 C= 238 Safe=61.46% SAI=1.000 Jain=1.000 PeakMF=0.563
[Ep  1250 | Step   600,000/2,000,000 | 238 sps] R=-1417.6 C=  13 Safe=97.50% SAI=0.337 Jain=1.000 PeakMF=0.690
[Ep  1150 | Step   552,000/2,000,000 | 234 sps] R=-10288.5 C= 271 Safe=58.13% SAI=1.000 Jain=1.000 PeakMF=0.563
[Ep  1100 | Step   528,000/2,000,000 | 227 sps] R=-1712.4 C=  73 Safe=90.21% SAI=0.337 Jain=1.000 PeakMF=0.691
[Ep  1150 | Step   552,000/2,000,000 | 230 sps] R=-1395.7 C=   9 Safe=98.54% SAI=0.336 Jain=1.000 PeakMF=0.694
[Ep  1050 | Step   504,000/2,000,000 | 215 sps] R=-1391.2 C=   2 Safe=99.58% SAI=0.337 Jain=1.000 PeakMF=0.691
[Ep  1200 | Step   576,000/2,000,000 | 234 sps] R=-10189.0 C= 247 Safe=62.92% SAI=1.000 Jain=1.000 PeakMF=0.563
[Ep  1150 | Step   552,000/2,000,000 | 227 sps] R=-1495.8 C=  33 Safe=94.38% SAI=0.337 Jain=1.000 PeakMF=0.694
[Ep  1200 | Step   576,000/2,000,000 | 229 sps] R=-1381.3 C=   7 Safe=98.54% SAI=0.337 Jain=1.000 PeakMF=0.694
[Ep  1300 | Step   624,000/2,000,000 | 236 sps] R=-1471.7 C=  31 Safe=94.17% SAI=0.337 Jain=1.000 PeakMF=0.694
[Ep  1100 | Step   528,000/2,000,000 | 225 sps] R=-9932.2 C= 200 Safe=68.75% SAI=1.000 Jain=1.000 PeakMF=0.563
[Ep  1100 | Step   528,000/2,000,000 | 215 sps] R=-1376.0 C=   1 Safe=99.79% SAI=0.337 Jain=1.000 PeakMF=0.691
[Ep  1250 | Step   600,000/2,000,000 | 233 sps] R=-10178.0 C= 241 Safe=65.83% SAI=1.000 Jain=1.000 PeakMF=0.563
[Ep  1200 | Step   576,000/2,000,000 | 227 sps] R=-1355.6 C=   1 Safe=99.79% SAI=0.337 Jain=1.000 PeakMF=0.693
[Ep  1250 | Step   600,000/2,000,000 | 229 sps] R=-1459.0 C=  23 Safe=96.88% SAI=0.337 Jain=1.000 PeakMF=0.694
[Ep  1350 | Step   648,000/2,000,000 | 235 sps] R=-1378.7 C=  10 Safe=98.12% SAI=0.337 Jain=1.000 PeakMF=0.693
[Ep  1150 | Step   552,000/2,000,000 | 224 sps] R=-10136.9 C= 237 Safe=61.88% SAI=1.000 Jain=1.000 PeakMF=0.563
[Ep  1150 | Step   552,000/2,000,000 | 215 sps] R=-1372.0 C=   3 Safe=99.38% SAI=0.336 Jain=1.000 PeakMF=0.694
[Ep  1300 | Step   624,000/2,000,000 | 233 sps] R=-10471.4 C= 303 Safe=57.71% SAI=1.000 Jain=1.000 PeakMF=0.563
[Ep  1250 | Step   600,000/2,000,000 | 227 sps] R=-1520.4 C=  35 Safe=94.17% SAI=0.337 Jain=1.000 PeakMF=0.694
[Ep  1300 | Step   624,000/2,000,000 | 229 sps] R=-1542.3 C=  46 Safe=93.75% SAI=0.336 Jain=1.000 PeakMF=0.694
[Ep  1400 | Step   672,000/2,000,000 | 234 sps] R=-1401.7 C=  16 Safe=96.67% SAI=0.336 Jain=1.000 PeakMF=0.694
[Ep  1200 | Step   576,000/2,000,000 | 223 sps] R=-10002.8 C= 210 Safe=73.33% SAI=1.000 Jain=1.000 PeakMF=0.563
[Ep  1200 | Step   576,000/2,000,000 | 215 sps] R=-1375.6 C=   3 Safe=99.38% SAI=0.337 Jain=1.000 PeakMF=0.694
[Ep  1350 | Step   648,000/2,000,000 | 233 sps] R=-10679.5 C= 345 Safe=54.79% SAI=1.000 Jain=1.000 PeakMF=0.563
[Ep  1300 | Step   624,000/2,000,000 | 226 sps] R=-1377.7 C=  11 Safe=97.92% SAI=0.336 Jain=1.000 PeakMF=0.694
[Ep  1350 | Step   648,000/2,000,000 | 228 sps] R=-1398.7 C=  14 Safe=97.50% SAI=0.336 Jain=1.000 PeakMF=0.695
[Ep  1450 | Step   696,000/2,000,000 | 233 sps] R=-1442.4 C=  27 Safe=95.21% SAI=0.336 Jain=1.000 PeakMF=0.695
[Ep  1250 | Step   600,000/2,000,000 | 222 sps] R=-10510.1 C= 318 Safe=52.08% SAI=1.000 Jain=1.000 PeakMF=0.563
[Ep  1250 | Step   600,000/2,000,000 | 216 sps] R=-1358.7 C=   0 Safe=100.00% SAI=0.338 Jain=1.000 PeakMF=0.693
[Ep  1400 | Step   672,000/2,000,000 | 233 sps] R=-10850.5 C= 379 Safe=56.46% SAI=1.000 Jain=1.000 PeakMF=0.563
[Ep  1350 | Step   648,000/2,000,000 | 226 sps] R=-1606.7 C=  56 Safe=91.46% SAI=0.336 Jain=1.000 PeakMF=0.695
[Ep  1400 | Step   672,000/2,000,000 | 228 sps] R=-1414.8 C=  17 Safe=96.67% SAI=0.336 Jain=1.000 PeakMF=0.695
[Ep  1500 | Step   720,000/2,000,000 | 232 sps] R=-1374.9 C=   8 Safe=98.33% SAI=0.337 Jain=1.000 PeakMF=0.696
[Ep  1300 | Step   624,000/2,000,000 | 216 sps] R=-1369.3 C=   2 Safe=99.58% SAI=0.337 Jain=1.000 PeakMF=0.693
[Ep  1300 | Step   624,000/2,000,000 | 221 sps] R=-10500.5 C= 311 Safe=58.13% SAI=1.000 Jain=1.000 PeakMF=0.563
[Ep  1450 | Step   696,000/2,000,000 | 232 sps] R=-10838.2 C= 377 Safe=61.67% SAI=1.000 Jain=1.000 PeakMF=0.563
[Ep  1400 | Step   672,000/2,000,000 | 226 sps] R=-1442.6 C=  19 Safe=96.25% SAI=0.336 Jain=1.000 PeakMF=0.694
[Ep  1450 | Step   696,000/2,000,000 | 227 sps] R=-1378.0 C=  10 Safe=98.33% SAI=0.336 Jain=1.000 PeakMF=0.695
[Ep  1550 | Step   744,000/2,000,000 | 232 sps] R=-1467.1 C=  31 Safe=95.00% SAI=0.337 Jain=1.000 PeakMF=0.692
[Ep  1350 | Step   648,000/2,000,000 | 216 sps] R=-1366.6 C=   4 Safe=99.17% SAI=0.337 Jain=1.000 PeakMF=0.691
[Ep  1350 | Step   648,000/2,000,000 | 221 sps] R=-10348.7 C= 282 Safe=63.54% SAI=1.000 Jain=1.000 PeakMF=0.563
[Ep  1500 | Step   720,000/2,000,000 | 232 sps] R=-10905.9 C= 389 Safe=51.88% SAI=1.000 Jain=1.000 PeakMF=0.568
[Ep  1450 | Step   696,000/2,000,000 | 226 sps] R=-1423.9 C=  16 Safe=97.50% SAI=0.337 Jain=1.000 PeakMF=0.690
[Ep  1500 | Step   720,000/2,000,000 | 227 sps] R=-1424.3 C=  20 Safe=96.25% SAI=0.335 Jain=1.000 PeakMF=0.695
[Ep  1600 | Step   768,000/2,000,000 | 231 sps] R=-1416.7 C=  22 Safe=96.25% SAI=0.336 Jain=1.000 PeakMF=0.695
[Ep  1400 | Step   672,000/2,000,000 | 216 sps] R=-1362.1 C=   0 Safe=100.00% SAI=0.337 Jain=1.000 PeakMF=0.692
[Ep  1400 | Step   672,000/2,000,000 | 220 sps] R=-10815.7 C= 377 Safe=60.62% SAI=1.000 Jain=1.000 PeakMF=0.569
[Ep  1550 | Step   744,000/2,000,000 | 232 sps] R=-11463.4 C= 507 Safe=43.75% SAI=1.000 Jain=1.000 PeakMF=0.563
[Ep  1500 | Step   720,000/2,000,000 | 226 sps] R=-1457.4 C=  28 Safe=95.83% SAI=0.336 Jain=1.000 PeakMF=0.695
[Ep  1550 | Step   744,000/2,000,000 | 227 sps] R=-1543.1 C=  46 Safe=93.54% SAI=0.336 Jain=1.000 PeakMF=0.693
[Ep  1650 | Step   792,000/2,000,000 | 231 sps] R=-1484.4 C=  35 Safe=95.00% SAI=0.337 Jain=1.000 PeakMF=0.694
[Ep  1450 | Step   696,000/2,000,000 | 216 sps] R=-1563.2 C=  51 Safe=91.88% SAI=0.337 Jain=1.000 PeakMF=0.691
[Ep  1450 | Step   696,000/2,000,000 | 219 sps] R=-10691.2 C= 349 Safe=53.75% SAI=1.000 Jain=1.000 PeakMF=0.563
[Ep  1600 | Step   768,000/2,000,000 | 232 sps] R=-11040.1 C= 419 Safe=52.71% SAI=1.000 Jain=1.000 PeakMF=0.571
[Ep  1550 | Step   744,000/2,000,000 | 226 sps] R=-1367.2 C=   8 Safe=98.33% SAI=0.336 Jain=1.000 PeakMF=0.696
[Ep  1600 | Step   768,000/2,000,000 | 227 sps] R=-1534.7 C=  44 Safe=92.71% SAI=0.336 Jain=1.000 PeakMF=0.693
[Ep  1500 | Step   720,000/2,000,000 | 216 sps] R=-1461.8 C=  24 Safe=96.25% SAI=0.337 Jain=1.000 PeakMF=0.690
[Ep  1700 | Step   816,000/2,000,000 | 230 sps] R=-1585.3 C=  58 Safe=92.50% SAI=0.336 Jain=1.000 PeakMF=0.696
[Ep  1500 | Step   720,000/2,000,000 | 219 sps] R=-10887.3 C= 386 Safe=54.37% SAI=1.000 Jain=1.000 PeakMF=0.563
[Ep  1650 | Step   792,000/2,000,000 | 232 sps] R=-11768.4 C= 570 Safe=50.62% SAI=1.000 Jain=1.000 PeakMF=0.575
[Ep  1600 | Step   768,000/2,000,000 | 226 sps] R=-1463.7 C=  24 Safe=97.08% SAI=0.336 Jain=1.000 PeakMF=0.691
[Ep  1650 | Step   792,000/2,000,000 | 227 sps] R=-1680.1 C=  76 Safe=90.42% SAI=0.336 Jain=1.000 PeakMF=0.695
[Ep  1550 | Step   744,000/2,000,000 | 217 sps] R=-1439.1 C=  24 Safe=95.42% SAI=0.337 Jain=1.000 PeakMF=0.694
[Ep  1750 | Step   840,000/2,000,000 | 230 sps] R=-1453.2 C=  27 Safe=95.62% SAI=0.336 Jain=1.000 PeakMF=0.693
[Ep  1700 | Step   816,000/2,000,000 | 231 sps] R=-11366.3 C= 485 Safe=52.29% SAI=1.000 Jain=1.000 PeakMF=0.577
[Ep  1550 | Step   744,000/2,000,000 | 219 sps] R=-11224.5 C= 458 Safe=48.96% SAI=1.000 Jain=1.000 PeakMF=0.564
[Ep  1650 | Step   792,000/2,000,000 | 226 sps] R=-1410.9 C=  20 Safe=96.46% SAI=0.336 Jain=1.000 PeakMF=0.695
[Ep  1700 | Step   816,000/2,000,000 | 227 sps] R=-1547.5 C=  48 Safe=93.75% SAI=0.336 Jain=1.000 PeakMF=0.694
[Ep  1600 | Step   768,000/2,000,000 | 217 sps] R=-1462.3 C=  30 Safe=96.25% SAI=0.336 Jain=1.000 PeakMF=0.693
[Ep  1800 | Step   864,000/2,000,000 | 229 sps] R=-1431.3 C=  22 Safe=96.88% SAI=0.337 Jain=1.000 PeakMF=0.695
[Ep  1750 | Step   840,000/2,000,000 | 231 sps] R=-11566.6 C= 526 Safe=46.88% SAI=1.000 Jain=1.000 PeakMF=0.573
[Ep  1600 | Step   768,000/2,000,000 | 218 sps] R=-11059.9 C= 424 Safe=49.17% SAI=1.000 Jain=1.000 PeakMF=0.563
[Ep  1700 | Step   816,000/2,000,000 | 226 sps] R=-1454.5 C=  27 Safe=95.83% SAI=0.336 Jain=1.000 PeakMF=0.693
[Ep  1750 | Step   840,000/2,000,000 | 226 sps] R=-1429.7 C=  22 Safe=96.46% SAI=0.336 Jain=1.000 PeakMF=0.695
[Ep  1650 | Step   792,000/2,000,000 | 217 sps] R=-1428.9 C=  25 Safe=95.83% SAI=0.337 Jain=1.000 PeakMF=0.695
[Ep  1850 | Step   888,000/2,000,000 | 229 sps] R=-1403.1 C=  14 Safe=97.92% SAI=0.337 Jain=1.000 PeakMF=0.693
[Ep  1800 | Step   864,000/2,000,000 | 231 sps] R=-11564.7 C= 523 Safe=42.71% SAI=1.000 Jain=1.000 PeakMF=0.577
[Ep  1750 | Step   840,000/2,000,000 | 226 sps] R=-1378.3 C=   7 Safe=98.54% SAI=0.337 Jain=1.000 PeakMF=0.696
[Ep  1650 | Step   792,000/2,000,000 | 218 sps] R=-11660.3 C= 547 Safe=47.71% SAI=1.000 Jain=1.000 PeakMF=0.570
[Ep  1800 | Step   864,000/2,000,000 | 227 sps] R=-1354.9 C=   7 Safe=98.54% SAI=0.337 Jain=1.000 PeakMF=0.695
[Ep  1700 | Step   816,000/2,000,000 | 217 sps] R=-1380.6 C=  11 Safe=98.33% SAI=0.337 Jain=1.000 PeakMF=0.694
[Ep  1900 | Step   912,000/2,000,000 | 229 sps] R=-1662.7 C=  75 Safe=91.46% SAI=0.336 Jain=1.000 PeakMF=0.695
[Ep  1850 | Step   888,000/2,000,000 | 232 sps] R=-11554.2 C= 522 Safe=53.75% SAI=1.000 Jain=1.000 PeakMF=0.569
[Ep  1800 | Step   864,000/2,000,000 | 226 sps] R=-1428.3 C=  22 Safe=95.83% SAI=0.337 Jain=1.000 PeakMF=0.697
[Ep  1700 | Step   816,000/2,000,000 | 218 sps] R=-11733.6 C= 560 Safe=33.12% SAI=1.000 Jain=1.000 PeakMF=0.569
[Ep  1850 | Step   888,000/2,000,000 | 227 sps] R=-1895.5 C= 118 Safe=87.29% SAI=0.335 Jain=1.000 PeakMF=0.694
[Ep  1750 | Step   840,000/2,000,000 | 219 sps] R=-1473.7 C=  33 Safe=94.79% SAI=0.336 Jain=1.000 PeakMF=0.695
[Ep  1950 | Step   936,000/2,000,000 | 229 sps] R=-1401.2 C=  15 Safe=97.50% SAI=0.336 Jain=1.000 PeakMF=0.696
[Ep  1900 | Step   912,000/2,000,000 | 233 sps] R=-11439.7 C= 500 Safe=60.62% SAI=1.000 Jain=1.000 PeakMF=0.563
[Ep  1850 | Step   888,000/2,000,000 | 226 sps] R=-1393.6 C=  13 Safe=97.71% SAI=0.337 Jain=1.000 PeakMF=0.694
[Ep  1800 | Step   864,000/2,000,000 | 220 sps] R=-1470.8 C=  33 Safe=94.17% SAI=0.337 Jain=1.000 PeakMF=0.696
[Ep  1900 | Step   912,000/2,000,000 | 227 sps] R=-1368.8 C=   8 Safe=98.54% SAI=0.337 Jain=1.000 PeakMF=0.694
[Ep  1750 | Step   840,000/2,000,000 | 218 sps] R=-11729.9 C= 563 Safe=37.29% SAI=1.000 Jain=1.000 PeakMF=0.569
[Ep  1950 | Step   936,000/2,000,000 | 233 sps] R=-11286.1 C= 473 Safe=48.12% SAI=1.000 Jain=1.000 PeakMF=0.572
[Ep  2000 | Step   960,000/2,000,000 | 229 sps] R=-1381.5 C=  10 Safe=98.33% SAI=0.337 Jain=1.000 PeakMF=0.692
[Ep  1900 | Step   912,000/2,000,000 | 226 sps] R=-1499.9 C=  37 Safe=93.33% SAI=0.336 Jain=1.000 PeakMF=0.697
[Ep  1850 | Step   888,000/2,000,000 | 220 sps] R=-1388.3 C=  13 Safe=97.92% SAI=0.337 Jain=1.000 PeakMF=0.695
[Ep  1950 | Step   936,000/2,000,000 | 227 sps] R=-1479.8 C=  28 Safe=95.42% SAI=0.337 Jain=1.000 PeakMF=0.691
[Ep  1800 | Step   864,000/2,000,000 | 217 sps] R=-11795.2 C= 573 Safe=48.75% SAI=1.000 Jain=1.000 PeakMF=0.570
[Ep  2000 | Step   960,000/2,000,000 | 232 sps] R=-11386.8 C= 490 Safe=58.54% SAI=1.000 Jain=1.000 PeakMF=0.570
[Ep  2050 | Step   984,000/2,000,000 | 229 sps] R=-1364.5 C=  11 Safe=97.71% SAI=0.336 Jain=1.000 PeakMF=0.695
[Ep  1950 | Step   936,000/2,000,000 | 226 sps] R=-1486.8 C=  35 Safe=93.75% SAI=0.337 Jain=1.000 PeakMF=0.696
[Ep  1900 | Step   912,000/2,000,000 | 220 sps] R=-1406.6 C=  18 Safe=97.92% SAI=0.337 Jain=1.000 PeakMF=0.694
[Ep  2000 | Step   960,000/2,000,000 | 227 sps] R=-1381.3 C=  11 Safe=98.33% SAI=0.337 Jain=1.000 PeakMF=0.694
[Ep  1850 | Step   888,000/2,000,000 | 217 sps] R=-11368.2 C= 486 Safe=38.96% SAI=1.000 Jain=1.000 PeakMF=0.569
[Ep  2050 | Step   984,000/2,000,000 | 232 sps] R=-11455.9 C= 508 Safe=43.33% SAI=1.000 Jain=1.000 PeakMF=0.567
[Ep  2100 | Step 1,008,000/2,000,000 | 228 sps] R=-1351.3 C=   4 Safe=99.17% SAI=0.337 Jain=1.000 PeakMF=0.695
[Ep  2000 | Step   960,000/2,000,000 | 226 sps] R=-1431.0 C=  22 Safe=96.04% SAI=0.336 Jain=1.000 PeakMF=0.694
[Ep  2050 | Step   984,000/2,000,000 | 227 sps] R=-1408.3 C=  14 Safe=97.29% SAI=0.337 Jain=1.000 PeakMF=0.693
[Ep  1950 | Step   936,000/2,000,000 | 220 sps] R=-1390.7 C=  15 Safe=97.08% SAI=0.336 Jain=1.000 PeakMF=0.696
[Ep  1900 | Step   912,000/2,000,000 | 217 sps] R=-9694.5 C= 143 Safe=73.54% SAI=1.000 Jain=1.000 PeakMF=0.563
[Ep  2100 | Step 1,008,000/2,000,000 | 232 sps] R=-11632.0 C= 541 Safe=42.71% SAI=1.000 Jain=1.000 PeakMF=0.570
[Ep  2150 | Step 1,032,000/2,000,000 | 228 sps] R=-1713.8 C=  80 Safe=91.04% SAI=0.336 Jain=1.000 PeakMF=0.691
[Ep  2050 | Step   984,000/2,000,000 | 226 sps] R=-1397.2 C=  16 Safe=97.71% SAI=0.337 Jain=1.000 PeakMF=0.696
[Ep  2100 | Step 1,008,000/2,000,000 | 226 sps] R=-1414.1 C=  20 Safe=96.46% SAI=0.337 Jain=1.000 PeakMF=0.694
[Ep  2000 | Step   960,000/2,000,000 | 220 sps] R=-1425.8 C=  19 Safe=97.50% SAI=0.338 Jain=1.000 PeakMF=0.696
[Ep  2150 | Step 1,032,000/2,000,000 | 232 sps] R=-11487.0 C= 510 Safe=43.75% SAI=1.000 Jain=1.000 PeakMF=0.571
[Ep  1950 | Step   936,000/2,000,000 | 216 sps] R=-9973.0 C= 207 Safe=69.58% SAI=1.000 Jain=1.000 PeakMF=0.563
[Ep  2200 | Step 1,056,000/2,000,000 | 227 sps] R=-1392.1 C=  14 Safe=97.50% SAI=0.337 Jain=1.000 PeakMF=0.695
[Ep  2100 | Step 1,008,000/2,000,000 | 226 sps] R=-1438.3 C=  19 Safe=96.88% SAI=0.338 Jain=1.000 PeakMF=0.696
[Ep  2150 | Step 1,032,000/2,000,000 | 226 sps] R=-1612.2 C=  65 Safe=90.42% SAI=0.336 Jain=1.000 PeakMF=0.697
[Ep  2050 | Step   984,000/2,000,000 | 220 sps] R=-1364.8 C=   5 Safe=99.38% SAI=0.337 Jain=1.000 PeakMF=0.694
[Ep  2200 | Step 1,056,000/2,000,000 | 232 sps] R=-11638.3 C= 543 Safe=45.83% SAI=1.000 Jain=1.000 PeakMF=0.570
[Ep  2000 | Step   960,000/2,000,000 | 216 sps] R=-10112.6 C= 235 Safe=72.92% SAI=1.000 Jain=1.000 PeakMF=0.563
[Ep  2250 | Step 1,080,000/2,000,000 | 227 sps] R=-1707.5 C=  81 Safe=89.79% SAI=0.337 Jain=1.000 PeakMF=0.695
[Ep  2150 | Step 1,032,000/2,000,000 | 226 sps] R=-1488.9 C=  36 Safe=94.38% SAI=0.336 Jain=1.000 PeakMF=0.694
[Ep  2200 | Step 1,056,000/2,000,000 | 226 sps] R=-1557.8 C=  52 Safe=93.33% SAI=0.336 Jain=1.000 PeakMF=0.694
[Ep  2100 | Step 1,008,000/2,000,000 | 220 sps] R=-1669.5 C=  71 Safe=89.58% SAI=0.337 Jain=1.000 PeakMF=0.697
[Ep  2250 | Step 1,080,000/2,000,000 | 232 sps] R=-11789.3 C= 575 Safe=38.75% SAI=1.000 Jain=1.000 PeakMF=0.574
[Ep  2050 | Step   984,000/2,000,000 | 216 sps] R=-9131.2 C=  29 Safe=94.58% SAI=1.000 Jain=1.000 PeakMF=0.563
[Ep  2200 | Step 1,056,000/2,000,000 | 226 sps] R=-1374.6 C=  10 Safe=98.33% SAI=0.337 Jain=1.000 PeakMF=0.695
[Ep  2300 | Step 1,104,000/2,000,000 | 226 sps] R=-1346.1 C=   6 Safe=98.75% SAI=0.336 Jain=1.000 PeakMF=0.694
[Ep  2250 | Step 1,080,000/2,000,000 | 226 sps] R=-1781.0 C=  98 Safe=86.04% SAI=0.336 Jain=1.000 PeakMF=0.697
[Ep  2150 | Step 1,032,000/2,000,000 | 220 sps] R=-1363.4 C=   5 Safe=98.96% SAI=0.337 Jain=1.000 PeakMF=0.695
[Ep  2300 | Step 1,104,000/2,000,000 | 231 sps] R=-11707.0 C= 557 Safe=47.08% SAI=1.000 Jain=1.000 PeakMF=0.570
[Ep  2100 | Step 1,008,000/2,000,000 | 216 sps] R=-9056.7 C=  17 Safe=96.88% SAI=1.000 Jain=1.000 PeakMF=0.563
[Ep  2250 | Step 1,080,000/2,000,000 | 225 sps] R=-1452.7 C=  29 Safe=95.21% SAI=0.337 Jain=1.000 PeakMF=0.695
[Ep  2350 | Step 1,128,000/2,000,000 | 225 sps] R=-1726.1 C=  86 Safe=89.79% SAI=0.336 Jain=1.000 PeakMF=0.697
[Ep  2300 | Step 1,104,000/2,000,000 | 226 sps] R=-1445.2 C=  25 Safe=95.62% SAI=0.338 Jain=1.000 PeakMF=0.691
[Ep  2200 | Step 1,056,000/2,000,000 | 220 sps] R=-1776.9 C=  96 Safe=91.46% SAI=0.336 Jain=1.000 PeakMF=0.695
[Ep  2350 | Step 1,128,000/2,000,000 | 231 sps] R=-11898.0 C= 598 Safe=50.62% SAI=1.000 Jain=1.000 PeakMF=0.563
[Ep  2150 | Step 1,032,000/2,000,000 | 216 sps] R=-9026.5 C=  11 Safe=97.92% SAI=1.000 Jain=1.000 PeakMF=0.563
[Ep  2300 | Step 1,104,000/2,000,000 | 225 sps] R=-1502.9 C=  41 Safe=94.58% SAI=0.337 Jain=1.000 PeakMF=0.697
[Ep  2350 | Step 1,128,000/2,000,000 | 226 sps] R=-1467.5 C=  37 Safe=93.75% SAI=0.336 Jain=1.000 PeakMF=0.697
[Ep  2250 | Step 1,080,000/2,000,000 | 220 sps] R=-1455.4 C=  26 Safe=96.04% SAI=0.337 Jain=1.000 PeakMF=0.695
[Ep  2400 | Step 1,152,000/2,000,000 | 224 sps] R=-1448.7 C=  28 Safe=95.00% SAI=0.337 Jain=1.000 PeakMF=0.694
[Ep  2400 | Step 1,152,000/2,000,000 | 231 sps] R=-11940.9 C= 605 Safe=46.67% SAI=1.000 Jain=1.000 PeakMF=0.563
[Ep  2200 | Step 1,056,000/2,000,000 | 216 sps] R=-8990.6 C=   4 Safe=99.17% SAI=1.000 Jain=1.000 PeakMF=0.563
[Ep  2350 | Step 1,128,000/2,000,000 | 225 sps] R=-1376.6 C=  16 Safe=97.50% SAI=0.337 Jain=1.000 PeakMF=0.696
[Ep  2400 | Step 1,152,000/2,000,000 | 226 sps] R=-1379.1 C=  18 Safe=96.25% SAI=0.336 Jain=1.000 PeakMF=0.694
[Ep  2300 | Step 1,104,000/2,000,000 | 220 sps] R=-1406.3 C=  18 Safe=96.67% SAI=0.337 Jain=1.000 PeakMF=0.696
[Ep  2450 | Step 1,176,000/2,000,000 | 231 sps] R=-12090.0 C= 637 Safe=43.75% SAI=1.000 Jain=1.000 PeakMF=0.563
[Ep  2450 | Step 1,176,000/2,000,000 | 224 sps] R=-1542.0 C=  49 Safe=92.71% SAI=0.336 Jain=1.000 PeakMF=0.695
[Ep  2250 | Step 1,080,000/2,000,000 | 216 sps] R=-9104.1 C=  31 Safe=94.58% SAI=1.000 Jain=1.000 PeakMF=0.563
[Ep  2400 | Step 1,152,000/2,000,000 | 225 sps] R=-1358.8 C=   8 Safe=98.54% SAI=0.337 Jain=1.000 PeakMF=0.695
[Ep  2450 | Step 1,176,000/2,000,000 | 225 sps] R=-1343.7 C=  11 Safe=97.71% SAI=0.336 Jain=1.000 PeakMF=0.696
[Ep  2350 | Step 1,128,000/2,000,000 | 220 sps] R=-1404.7 C=  21 Safe=96.25% SAI=0.336 Jain=1.000 PeakMF=0.696
[Ep  2500 | Step 1,200,000/2,000,000 | 231 sps] R=-11381.6 C= 494 Safe=59.38% SAI=1.000 Jain=1.000 PeakMF=0.563
[Ep  2500 | Step 1,200,000/2,000,000 | 223 sps] R=-1334.9 C=   4 Safe=99.17% SAI=0.336 Jain=1.000 PeakMF=0.694
[Ep  2300 | Step 1,104,000/2,000,000 | 215 sps] R=-9142.3 C=  37 Safe=93.96% SAI=1.000 Jain=1.000 PeakMF=0.563
[Ep  2450 | Step 1,176,000/2,000,000 | 225 sps] R=-1465.2 C=  32 Safe=95.83% SAI=0.337 Jain=1.000 PeakMF=0.697
[Ep  2500 | Step 1,200,000/2,000,000 | 225 sps] R=-1323.9 C=   7 Safe=98.54% SAI=0.337 Jain=1.000 PeakMF=0.696
[Ep  2400 | Step 1,152,000/2,000,000 | 220 sps] R=-1601.7 C=  60 Safe=91.25% SAI=0.336 Jain=1.000 PeakMF=0.697
[Ep  2550 | Step 1,224,000/2,000,000 | 231 sps] R=-11207.7 C= 461 Safe=57.08% SAI=1.000 Jain=1.000 PeakMF=0.563
[Ep  2550 | Step 1,224,000/2,000,000 | 222 sps] R=-1519.6 C=  47 Safe=94.38% SAI=0.336 Jain=1.000 PeakMF=0.697
[Ep  2350 | Step 1,128,000/2,000,000 | 215 sps] R=-9154.2 C=  41 Safe=93.54% SAI=1.000 Jain=1.000 PeakMF=0.563
[Ep  2500 | Step 1,200,000/2,000,000 | 225 sps] R=-1345.3 C=  10 Safe=97.92% SAI=0.337 Jain=1.000 PeakMF=0.696
[Ep  2550 | Step 1,224,000/2,000,000 | 225 sps] R=-1599.3 C=  63 Safe=91.88% SAI=0.336 Jain=1.000 PeakMF=0.695
[Ep  2450 | Step 1,176,000/2,000,000 | 220 sps] R=-1498.2 C=  42 Safe=92.71% SAI=0.336 Jain=1.000 PeakMF=0.697
[Ep  2600 | Step 1,248,000/2,000,000 | 231 sps] R=-11420.4 C= 504 Safe=62.92% SAI=1.000 Jain=1.000 PeakMF=0.563
[Ep  2600 | Step 1,248,000/2,000,000 | 222 sps] R=-1357.5 C=  11 Safe=97.92% SAI=0.336 Jain=1.000 PeakMF=0.696
[Ep  2400 | Step 1,152,000/2,000,000 | 216 sps] R=-9174.2 C=  48 Safe=92.50% SAI=1.000 Jain=1.000 PeakMF=0.563
[Ep  2550 | Step 1,224,000/2,000,000 | 225 sps] R=-1396.1 C=  17 Safe=97.29% SAI=0.337 Jain=1.000 PeakMF=0.696
[Ep  2600 | Step 1,248,000/2,000,000 | 225 sps] R=-1397.2 C=  24 Safe=96.04% SAI=0.336 Jain=1.000 PeakMF=0.696
[Ep  2500 | Step 1,200,000/2,000,000 | 220 sps] R=-1345.6 C=   4 Safe=99.17% SAI=0.337 Jain=1.000 PeakMF=0.695
[Ep  2650 | Step 1,272,000/2,000,000 | 231 sps] R=-9636.6 C= 141 Safe=81.46% SAI=1.000 Jain=1.000 PeakMF=0.563
[Ep  2650 | Step 1,272,000/2,000,000 | 222 sps] R=-1346.7 C=  10 Safe=98.12% SAI=0.337 Jain=1.000 PeakMF=0.695
[Ep  2600 | Step 1,248,000/2,000,000 | 225 sps] R=-1541.0 C=  52 Safe=91.88% SAI=0.336 Jain=1.000 PeakMF=0.697
[Ep  2450 | Step 1,176,000/2,000,000 | 215 sps] R=-9101.9 C=  35 Safe=94.79% SAI=1.000 Jain=1.000 PeakMF=0.563
[Ep  2650 | Step 1,272,000/2,000,000 | 225 sps] R=-1379.8 C=  16 Safe=97.29% SAI=0.337 Jain=1.000 PeakMF=0.695
[Ep  2550 | Step 1,224,000/2,000,000 | 220 sps] R=-1462.4 C=  33 Safe=95.21% SAI=0.336 Jain=1.000 PeakMF=0.696
[Ep  2700 | Step 1,296,000/2,000,000 | 231 sps] R=-9046.8 C=  15 Safe=97.08% SAI=1.000 Jain=1.000 PeakMF=0.563
[Ep  2650 | Step 1,272,000/2,000,000 | 226 sps] R=-1312.1 C=   6 Safe=98.96% SAI=0.337 Jain=1.000 PeakMF=0.696
[Ep  2700 | Step 1,296,000/2,000,000 | 221 sps] R=-1383.1 C=  20 Safe=96.46% SAI=0.336 Jain=1.000 PeakMF=0.695
[Ep  2500 | Step 1,200,000/2,000,000 | 215 sps] R=-9141.8 C=  40 Safe=93.96% SAI=1.000 Jain=1.000 PeakMF=0.563
[Ep  2750 | Step 1,320,000/2,000,000 | 231 sps] R=-9136.2 C=  33 Safe=94.17% SAI=1.000 Jain=1.000 PeakMF=0.563
[Ep  2700 | Step 1,296,000/2,000,000 | 225 sps] R=-1339.5 C=   9 Safe=98.33% SAI=0.336 Jain=1.000 PeakMF=0.693
[Ep  2600 | Step 1,248,000/2,000,000 | 220 sps] R=-1341.9 C=   8 Safe=98.75% SAI=0.337 Jain=1.000 PeakMF=0.695
[Ep  2700 | Step 1,296,000/2,000,000 | 225 sps] R=-1363.6 C=  15 Safe=97.08% SAI=0.336 Jain=1.000 PeakMF=0.697
[Ep  2750 | Step 1,320,000/2,000,000 | 221 sps] R=-1377.3 C=  16 Safe=97.08% SAI=0.337 Jain=1.000 PeakMF=0.694
[Ep  2550 | Step 1,224,000/2,000,000 | 215 sps] R=-9114.4 C=  36 Safe=94.17% SAI=1.000 Jain=1.000 PeakMF=0.563
[Ep  2800 | Step 1,344,000/2,000,000 | 231 sps] R=-9126.1 C=  31 Safe=95.21% SAI=1.000 Jain=1.000 PeakMF=0.563
[Ep  2650 | Step 1,272,000/2,000,000 | 220 sps] R=-1480.6 C=  38 Safe=92.92% SAI=0.336 Jain=1.000 PeakMF=0.697
[Ep  2750 | Step 1,320,000/2,000,000 | 225 sps] R=-1338.8 C=  11 Safe=97.71% SAI=0.337 Jain=1.000 PeakMF=0.697
[Ep  2750 | Step 1,320,000/2,000,000 | 225 sps] R=-1359.5 C=  16 Safe=97.92% SAI=0.337 Jain=1.000 PeakMF=0.697
[Ep  2600 | Step 1,248,000/2,000,000 | 216 sps] R=-9114.7 C=  36 Safe=93.33% SAI=1.000 Jain=1.000 PeakMF=0.563
[Ep  2850 | Step 1,368,000/2,000,000 | 231 sps] R=-9106.1 C=  27 Safe=95.21% SAI=1.000 Jain=1.000 PeakMF=0.563
[Ep  2800 | Step 1,344,000/2,000,000 | 220 sps] R=-1354.1 C=   8 Safe=98.54% SAI=0.337 Jain=1.000 PeakMF=0.693
[Ep  2700 | Step 1,296,000/2,000,000 | 220 sps] R=-1357.2 C=  13 Safe=97.50% SAI=0.336 Jain=1.000 PeakMF=0.696
[Ep  2800 | Step 1,344,000/2,000,000 | 225 sps] R=-1314.6 C=   7 Safe=98.75% SAI=0.336 Jain=1.000 PeakMF=0.696
[Ep  2650 | Step 1,272,000/2,000,000 | 216 sps] R=-9132.2 C=  41 Safe=94.17% SAI=1.000 Jain=1.000 PeakMF=0.563
[Ep  2900 | Step 1,392,000/2,000,000 | 231 sps] R=-9030.9 C=  12 Safe=97.71% SAI=1.000 Jain=1.000 PeakMF=0.563
[Ep  2800 | Step 1,344,000/2,000,000 | 224 sps] R=-1355.9 C=  14 Safe=97.50% SAI=0.337 Jain=1.000 PeakMF=0.694
[Ep  2750 | Step 1,320,000/2,000,000 | 220 sps] R=-1378.0 C=  17 Safe=96.67% SAI=0.336 Jain=1.000 PeakMF=0.696
[Ep  2850 | Step 1,368,000/2,000,000 | 225 sps] R=-1469.0 C=  38 Safe=94.79% SAI=0.336 Jain=1.000 PeakMF=0.695
[Ep  2850 | Step 1,368,000/2,000,000 | 220 sps] R=-1330.0 C=   5 Safe=98.96% SAI=0.337 Jain=1.000 PeakMF=0.695
[Ep  2700 | Step 1,296,000/2,000,000 | 216 sps] R=-9187.2 C=  52 Safe=92.71% SAI=1.000 Jain=1.000 PeakMF=0.563
[Ep  2950 | Step 1,416,000/2,000,000 | 231 sps] R=-9118.9 C=  37 Safe=94.58% SAI=1.000 Jain=1.000 PeakMF=0.563
[Ep  2850 | Step 1,368,000/2,000,000 | 224 sps] R=-1375.9 C=  20 Safe=96.46% SAI=0.337 Jain=1.000 PeakMF=0.697
[Ep  2900 | Step 1,392,000/2,000,000 | 225 sps] R=-1370.5 C=  17 Safe=96.88% SAI=0.336 Jain=1.000 PeakMF=0.696
[Ep  2800 | Step 1,344,000/2,000,000 | 220 sps] R=-1333.9 C=   9 Safe=98.12% SAI=0.337 Jain=1.000 PeakMF=0.696
[Ep  2900 | Step 1,392,000/2,000,000 | 220 sps] R=-1381.9 C=  21 Safe=96.88% SAI=0.336 Jain=1.000 PeakMF=0.696
[Ep  2750 | Step 1,320,000/2,000,000 | 216 sps] R=-9192.2 C=  53 Safe=92.29% SAI=1.000 Jain=1.000 PeakMF=0.563
[Ep  3000 | Step 1,440,000/2,000,000 | 231 sps] R=-9159.1 C=  45 Safe=93.75% SAI=1.000 Jain=1.000 PeakMF=0.563
[Ep  2900 | Step 1,392,000/2,000,000 | 224 sps] R=-1372.5 C=  19 Safe=96.67% SAI=0.337 Jain=1.000 PeakMF=0.696
[Ep  2950 | Step 1,416,000/2,000,000 | 225 sps] R=-1323.9 C=   6 Safe=98.75% SAI=0.337 Jain=1.000 PeakMF=0.696
[Ep  2850 | Step 1,368,000/2,000,000 | 219 sps] R=-1384.3 C=  23 Safe=96.25% SAI=0.336 Jain=1.000 PeakMF=0.695
[Ep  2950 | Step 1,416,000/2,000,000 | 219 sps] R=-1343.1 C=  14 Safe=97.08% SAI=0.337 Jain=1.000 PeakMF=0.695
[Ep  2800 | Step 1,344,000/2,000,000 | 216 sps] R=-9157.1 C=  46 Safe=93.75% SAI=1.000 Jain=1.000 PeakMF=0.563
[Ep  3050 | Step 1,464,000/2,000,000 | 231 sps] R=-9134.1 C=  37 Safe=95.21% SAI=1.000 Jain=1.000 PeakMF=0.563
[Ep  2950 | Step 1,416,000/2,000,000 | 224 sps] R=-1458.3 C=  38 Safe=93.96% SAI=0.336 Jain=1.000 PeakMF=0.695
[Ep  3000 | Step 1,440,000/2,000,000 | 225 sps] R=-1299.6 C=   5 Safe=98.96% SAI=0.336 Jain=1.000 PeakMF=0.695
[Ep  2900 | Step 1,392,000/2,000,000 | 219 sps] R=-1345.3 C=  11 Safe=97.71% SAI=0.337 Jain=1.000 PeakMF=0.696
[Ep  3000 | Step 1,440,000/2,000,000 | 219 sps] R=-1384.2 C=  21 Safe=97.50% SAI=0.337 Jain=1.000 PeakMF=0.697
[Ep  2850 | Step 1,368,000/2,000,000 | 217 sps] R=-9172.3 C=  49 Safe=92.92% SAI=1.000 Jain=1.000 PeakMF=0.563
[Ep  3100 | Step 1,488,000/2,000,000 | 231 sps] R=-9114.2 C=  36 Safe=94.17% SAI=1.000 Jain=1.000 PeakMF=0.563
[Ep  3000 | Step 1,440,000/2,000,000 | 224 sps] R=-1317.7 C=   5 Safe=99.17% SAI=0.337 Jain=1.000 PeakMF=0.694
[Ep  3050 | Step 1,464,000/2,000,000 | 225 sps] R=-1365.1 C=  20 Safe=96.46% SAI=0.337 Jain=1.000 PeakMF=0.695
[Ep  2950 | Step 1,416,000/2,000,000 | 219 sps] R=-1354.4 C=  16 Safe=97.29% SAI=0.336 Jain=1.000 PeakMF=0.697
[Ep  3050 | Step 1,464,000/2,000,000 | 219 sps] R=-1357.5 C=  13 Safe=97.50% SAI=0.337 Jain=1.000 PeakMF=0.693
[Ep  2900 | Step 1,392,000/2,000,000 | 217 sps] R=-9157.4 C=  46 Safe=93.33% SAI=1.000 Jain=1.000 PeakMF=0.563
[Ep  3150 | Step 1,512,000/2,000,000 | 231 sps] R=-9177.0 C=  50 Safe=93.12% SAI=1.000 Jain=1.000 PeakMF=0.563
[Ep  3050 | Step 1,464,000/2,000,000 | 224 sps] R=-1327.5 C=   9 Safe=98.12% SAI=0.337 Jain=1.000 PeakMF=0.696
[Ep  3100 | Step 1,488,000/2,000,000 | 225 sps] R=-1327.9 C=  10 Safe=97.92% SAI=0.337 Jain=1.000 PeakMF=0.694
[Ep  3000 | Step 1,440,000/2,000,000 | 218 sps] R=-1340.5 C=  10 Safe=98.54% SAI=0.337 Jain=1.000 PeakMF=0.695
[Ep  3100 | Step 1,488,000/2,000,000 | 218 sps] R=-1416.1 C=  26 Safe=96.04% SAI=0.337 Jain=1.000 PeakMF=0.696
[Ep  2950 | Step 1,416,000/2,000,000 | 217 sps] R=-9182.4 C=  51 Safe=92.71% SAI=1.000 Jain=1.000 PeakMF=0.563
[Ep  3200 | Step 1,536,000/2,000,000 | 231 sps] R=-9146.8 C=  44 Safe=93.96% SAI=1.000 Jain=1.000 PeakMF=0.563
[Ep  3100 | Step 1,488,000/2,000,000 | 224 sps] R=-1331.7 C=   8 Safe=98.75% SAI=0.337 Jain=1.000 PeakMF=0.692
[Ep  3150 | Step 1,512,000/2,000,000 | 224 sps] R=-1376.4 C=  23 Safe=95.42% SAI=0.337 Jain=1.000 PeakMF=0.697
[Ep  3000 | Step 1,440,000/2,000,000 | 217 sps] R=-9192.3 C=  53 Safe=92.50% SAI=1.000 Jain=1.000 PeakMF=0.563
[Ep  3050 | Step 1,464,000/2,000,000 | 218 sps] R=-1338.8 C=  11 Safe=97.71% SAI=0.336 Jain=1.000 PeakMF=0.696
[Ep  3150 | Step 1,512,000/2,000,000 | 218 sps] R=-1384.8 C=  17 Safe=96.88% SAI=0.337 Jain=1.000 PeakMF=0.691
[Ep  3250 | Step 1,560,000/2,000,000 | 230 sps] R=-9114.3 C=  36 Safe=95.21% SAI=1.000 Jain=1.000 PeakMF=0.563
[Ep  3150 | Step 1,512,000/2,000,000 | 224 sps] R=-1342.2 C=  13 Safe=97.29% SAI=0.336 Jain=1.000 PeakMF=0.696
[Ep  3200 | Step 1,536,000/2,000,000 | 224 sps] R=-1295.4 C=   4 Safe=99.17% SAI=0.337 Jain=1.000 PeakMF=0.696
[Ep  3050 | Step 1,464,000/2,000,000 | 217 sps] R=-9187.2 C=  52 Safe=92.08% SAI=1.000 Jain=1.000 PeakMF=0.563
[Ep  3300 | Step 1,584,000/2,000,000 | 230 sps] R=-9101.7 C=  32 Safe=94.38% SAI=1.000 Jain=1.000 PeakMF=0.563
[Ep  3200 | Step 1,536,000/2,000,000 | 218 sps] R=-1564.1 C=  57 Safe=91.25% SAI=0.337 Jain=1.000 PeakMF=0.696
[Ep  3100 | Step 1,488,000/2,000,000 | 217 sps] R=-1432.8 C=  33 Safe=93.96% SAI=0.336 Jain=1.000 PeakMF=0.696
[Ep  3200 | Step 1,536,000/2,000,000 | 224 sps] R=-1333.7 C=  10 Safe=98.12% SAI=0.337 Jain=1.000 PeakMF=0.695
[Ep  3250 | Step 1,560,000/2,000,000 | 224 sps] R=-1302.4 C=   4 Safe=99.17% SAI=0.337 Jain=1.000 PeakMF=0.695
[Ep  3100 | Step 1,488,000/2,000,000 | 217 sps] R=-9137.2 C=  42 Safe=94.38% SAI=1.000 Jain=1.000 PeakMF=0.563
[Ep  3350 | Step 1,608,000/2,000,000 | 230 sps] R=-9152.1 C=  45 Safe=95.00% SAI=1.000 Jain=1.000 PeakMF=0.563
[Ep  3250 | Step 1,560,000/2,000,000 | 218 sps] R=-1362.3 C=  18 Safe=96.88% SAI=0.337 Jain=1.000 PeakMF=0.696
[Ep  3150 | Step 1,512,000/2,000,000 | 217 sps] R=-1314.3 C=   0 Safe=100.00% SAI=0.337 Jain=1.000 PeakMF=0.696
[Ep  3250 | Step 1,560,000/2,000,000 | 224 sps] R=-1421.0 C=  29 Safe=95.62% SAI=0.337 Jain=1.000 PeakMF=0.696
[Ep  3300 | Step 1,584,000/2,000,000 | 224 sps] R=-1349.5 C=  12 Safe=97.92% SAI=0.337 Jain=1.000 PeakMF=0.693
[Ep  3150 | Step 1,512,000/2,000,000 | 217 sps] R=-9172.5 C=  49 Safe=92.92% SAI=1.000 Jain=1.000 PeakMF=0.563
[Ep  3400 | Step 1,632,000/2,000,000 | 230 sps] R=-9157.1 C=  46 Safe=93.54% SAI=1.000 Jain=1.000 PeakMF=0.563
[Ep  3300 | Step 1,584,000/2,000,000 | 218 sps] R=-1348.4 C=  14 Safe=97.08% SAI=0.336 Jain=1.000 PeakMF=0.697
[Ep  3300 | Step 1,584,000/2,000,000 | 224 sps] R=-1312.9 C=   4 Safe=99.17% SAI=0.337 Jain=1.000 PeakMF=0.694
[Ep  3200 | Step 1,536,000/2,000,000 | 217 sps] R=-1542.7 C=  52 Safe=92.29% SAI=0.337 Jain=1.000 PeakMF=0.695
[Ep  3350 | Step 1,608,000/2,000,000 | 224 sps] R=-1307.4 C=   7 Safe=98.75% SAI=0.337 Jain=1.000 PeakMF=0.696
[Ep  3200 | Step 1,536,000/2,000,000 | 218 sps] R=-9217.3 C=  58 Safe=91.88% SAI=1.000 Jain=1.000 PeakMF=0.563
[Ep  3350 | Step 1,608,000/2,000,000 | 218 sps] R=-1328.0 C=   8 Safe=98.33% SAI=0.337 Jain=1.000 PeakMF=0.695
[Ep  3450 | Step 1,656,000/2,000,000 | 229 sps] R=-9262.2 C=  67 Safe=92.50% SAI=1.000 Jain=1.000 PeakMF=0.563
[Ep  3350 | Step 1,608,000/2,000,000 | 224 sps] R=-1313.9 C=   5 Safe=98.96% SAI=0.337 Jain=1.000 PeakMF=0.694
[Ep  3400 | Step 1,632,000/2,000,000 | 224 sps] R=-1333.1 C=   5 Safe=98.96% SAI=0.337 Jain=1.000 PeakMF=0.693
[Ep  3250 | Step 1,560,000/2,000,000 | 217 sps] R=-1322.6 C=   8 Safe=98.33% SAI=0.337 Jain=1.000 PeakMF=0.695
[Ep  3250 | Step 1,560,000/2,000,000 | 218 sps] R=-9212.3 C=  57 Safe=93.96% SAI=1.000 Jain=1.000 PeakMF=0.563
[Ep  3400 | Step 1,632,000/2,000,000 | 218 sps] R=-1512.7 C=  46 Safe=93.54% SAI=0.337 Jain=1.000 PeakMF=0.695
[Ep  3400 | Step 1,632,000/2,000,000 | 223 sps] R=-1346.3 C=  12 Safe=98.12% SAI=0.337 Jain=1.000 PeakMF=0.696
[Ep  3500 | Step 1,680,000/2,000,000 | 229 sps] R=-9106.8 C=  36 Safe=95.00% SAI=1.000 Jain=1.000 PeakMF=0.563
[Ep  3450 | Step 1,656,000/2,000,000 | 224 sps] R=-1361.7 C=  19 Safe=97.08% SAI=0.337 Jain=1.000 PeakMF=0.695
[Ep  3300 | Step 1,584,000/2,000,000 | 216 sps] R=-1440.1 C=  31 Safe=94.38% SAI=0.337 Jain=1.000 PeakMF=0.693
[Ep  3300 | Step 1,584,000/2,000,000 | 218 sps] R=-9232.5 C=  61 Safe=91.46% SAI=1.000 Jain=1.000 PeakMF=0.563
[Ep  3450 | Step 1,656,000/2,000,000 | 218 sps] R=-1451.8 C=  36 Safe=93.54% SAI=0.336 Jain=1.000 PeakMF=0.697
[Ep  3450 | Step 1,656,000/2,000,000 | 223 sps] R=-1318.8 C=   4 Safe=99.17% SAI=0.337 Jain=1.000 PeakMF=0.693
[Ep  3550 | Step 1,704,000/2,000,000 | 229 sps] R=-9182.1 C=  51 Safe=92.92% SAI=1.000 Jain=1.000 PeakMF=0.563
[Ep  3500 | Step 1,680,000/2,000,000 | 224 sps] R=-1306.7 C=   5 Safe=98.96% SAI=0.337 Jain=1.000 PeakMF=0.696
[Ep  3350 | Step 1,608,000/2,000,000 | 216 sps] R=-1410.2 C=  28 Safe=95.00% SAI=0.337 Jain=1.000 PeakMF=0.695
[Ep  3350 | Step 1,608,000/2,000,000 | 218 sps] R=-9142.3 C=  43 Safe=94.58% SAI=1.000 Jain=1.000 PeakMF=0.563
[Ep  3500 | Step 1,680,000/2,000,000 | 218 sps] R=-1306.0 C=   8 Safe=98.33% SAI=0.337 Jain=1.000 PeakMF=0.696
[Ep  3500 | Step 1,680,000/2,000,000 | 223 sps] R=-1320.4 C=   7 Safe=98.75% SAI=0.336 Jain=1.000 PeakMF=0.697
[Ep  3550 | Step 1,704,000/2,000,000 | 224 sps] R=-1334.9 C=  14 Safe=97.50% SAI=0.336 Jain=1.000 PeakMF=0.695
[Ep  3600 | Step 1,728,000/2,000,000 | 228 sps] R=-9147.0 C=  44 Safe=94.17% SAI=1.000 Jain=1.000 PeakMF=0.563
[Ep  3400 | Step 1,632,000/2,000,000 | 218 sps] R=-9102.2 C=  35 Safe=95.62% SAI=1.000 Jain=1.000 PeakMF=0.563
[Ep  3400 | Step 1,632,000/2,000,000 | 215 sps] R=-1383.8 C=  21 Safe=97.08% SAI=0.337 Jain=1.000 PeakMF=0.693
[Ep  3550 | Step 1,704,000/2,000,000 | 218 sps] R=-1427.8 C=  31 Safe=93.54% SAI=0.337 Jain=1.000 PeakMF=0.697
[Ep  3550 | Step 1,704,000/2,000,000 | 223 sps] R=-1301.6 C=   5 Safe=99.38% SAI=0.337 Jain=1.000 PeakMF=0.695
[Ep  3600 | Step 1,728,000/2,000,000 | 224 sps] R=-1803.1 C= 108 Safe=85.83% SAI=0.336 Jain=1.000 PeakMF=0.696
[Ep  3650 | Step 1,752,000/2,000,000 | 228 sps] R=-9172.2 C=  49 Safe=94.38% SAI=1.000 Jain=1.000 PeakMF=0.563
[Ep  3450 | Step 1,656,000/2,000,000 | 218 sps] R=-9056.8 C=  23 Safe=96.46% SAI=1.000 Jain=1.000 PeakMF=0.563
[Ep  3450 | Step 1,656,000/2,000,000 | 215 sps] R=-1526.6 C=  52 Safe=90.83% SAI=0.336 Jain=1.000 PeakMF=0.697
[Ep  3600 | Step 1,728,000/2,000,000 | 218 sps] R=-1300.5 C=   4 Safe=99.17% SAI=0.336 Jain=1.000 PeakMF=0.695
[Ep  3600 | Step 1,728,000/2,000,000 | 223 sps] R=-1312.0 C=   6 Safe=98.75% SAI=0.337 Jain=1.000 PeakMF=0.695
[Ep  3650 | Step 1,752,000/2,000,000 | 224 sps] R=-1306.9 C=   5 Safe=98.96% SAI=0.337 Jain=1.000 PeakMF=0.695
[Ep  3700 | Step 1,776,000/2,000,000 | 228 sps] R=-9147.1 C=  44 Safe=94.58% SAI=1.000 Jain=1.000 PeakMF=0.563
[Ep  3500 | Step 1,680,000/2,000,000 | 218 sps] R=-9052.2 C=  25 Safe=96.04% SAI=1.000 Jain=1.000 PeakMF=0.563
[Ep  3500 | Step 1,680,000/2,000,000 | 215 sps] R=-1572.7 C=  62 Safe=90.42% SAI=0.336 Jain=1.000 PeakMF=0.697
[Ep  3650 | Step 1,752,000/2,000,000 | 218 sps] R=-1328.9 C=  11 Safe=98.12% SAI=0.337 Jain=1.000 PeakMF=0.694
[Ep  3650 | Step 1,752,000/2,000,000 | 223 sps] R=-1419.8 C=  31 Safe=94.58% SAI=0.336 Jain=1.000 PeakMF=0.696
[Ep  3700 | Step 1,776,000/2,000,000 | 224 sps] R=-1380.5 C=  23 Safe=96.25% SAI=0.337 Jain=1.000 PeakMF=0.695
[Ep  3750 | Step 1,800,000/2,000,000 | 227 sps] R=-9137.0 C=  42 Safe=94.38% SAI=1.000 Jain=1.000 PeakMF=0.563
[Ep  3550 | Step 1,704,000/2,000,000 | 218 sps] R=-9026.9 C=  20 Safe=97.29% SAI=1.000 Jain=1.000 PeakMF=0.563
[Ep  3550 | Step 1,704,000/2,000,000 | 215 sps] R=-1317.3 C=   5 Safe=98.96% SAI=0.337 Jain=1.000 PeakMF=0.695
[Ep  3700 | Step 1,776,000/2,000,000 | 218 sps] R=-1339.3 C=  13 Safe=97.29% SAI=0.336 Jain=1.000 PeakMF=0.696
[Ep  3700 | Step 1,776,000/2,000,000 | 223 sps] R=-1326.0 C=  10 Safe=98.33% SAI=0.337 Jain=1.000 PeakMF=0.696
[Ep  3750 | Step 1,800,000/2,000,000 | 224 sps] R=-1287.6 C=   1 Safe=99.79% SAI=0.337 Jain=1.000 PeakMF=0.694
[Ep  3800 | Step 1,824,000/2,000,000 | 227 sps] R=-9082.2 C=  31 Safe=95.62% SAI=1.000 Jain=1.000 PeakMF=0.563
[Ep  3600 | Step 1,728,000/2,000,000 | 219 sps] R=-9057.1 C=  26 Safe=97.29% SAI=1.000 Jain=1.000 PeakMF=0.563
[Ep  3750 | Step 1,800,000/2,000,000 | 218 sps] R=-1402.8 C=  25 Safe=96.04% SAI=0.337 Jain=1.000 PeakMF=0.695
[Ep  3600 | Step 1,728,000/2,000,000 | 215 sps] R=-1330.3 C=   8 Safe=98.75% SAI=0.337 Jain=1.000 PeakMF=0.691
[Ep  3800 | Step 1,824,000/2,000,000 | 224 sps] R=-2059.0 C= 161 Safe=81.46% SAI=0.336 Jain=1.000 PeakMF=0.697
[Ep  3750 | Step 1,800,000/2,000,000 | 223 sps] R=-1396.9 C=  23 Safe=95.42% SAI=0.337 Jain=1.000 PeakMF=0.694
[Ep  3850 | Step 1,848,000/2,000,000 | 227 sps] R=-9151.9 C=  45 Safe=93.96% SAI=1.000 Jain=1.000 PeakMF=0.563
[Ep  3650 | Step 1,752,000/2,000,000 | 219 sps] R=-9122.0 C=  39 Safe=96.25% SAI=1.000 Jain=1.000 PeakMF=0.563
[Ep  3800 | Step 1,824,000/2,000,000 | 218 sps] R=-1323.4 C=  11 Safe=98.33% SAI=0.337 Jain=1.000 PeakMF=0.695
[Ep  3650 | Step 1,752,000/2,000,000 | 215 sps] R=-1354.8 C=  15 Safe=97.50% SAI=0.337 Jain=1.000 PeakMF=0.693
[Ep  3850 | Step 1,848,000/2,000,000 | 224 sps] R=-1415.8 C=  29 Safe=95.62% SAI=0.336 Jain=1.000 PeakMF=0.694
[Ep  3700 | Step 1,776,000/2,000,000 | 220 sps] R=-9042.0 C=  23 Safe=97.71% SAI=1.000 Jain=1.000 PeakMF=0.563
[Ep  3900 | Step 1,872,000/2,000,000 | 228 sps] R=-8996.2 C=   5 Safe=98.96% SAI=1.000 Jain=1.000 PeakMF=0.563
[Ep  3800 | Step 1,824,000/2,000,000 | 223 sps] R=-1368.1 C=  19 Safe=97.08% SAI=0.337 Jain=1.000 PeakMF=0.694
[Ep  3850 | Step 1,848,000/2,000,000 | 218 sps] R=-1329.8 C=  13 Safe=97.71% SAI=0.336 Jain=1.000 PeakMF=0.694
[Ep  3750 | Step 1,800,000/2,000,000 | 220 sps] R=-9006.9 C=  16 Safe=97.29% SAI=1.000 Jain=1.000 PeakMF=0.563
[Ep  3700 | Step 1,776,000/2,000,000 | 215 sps] R=-1444.1 C=  34 Safe=95.83% SAI=0.336 Jain=1.000 PeakMF=0.693
[Ep  3900 | Step 1,872,000/2,000,000 | 224 sps] R=-1292.8 C=   0 Safe=100.00% SAI=0.336 Jain=1.000 PeakMF=0.696
[Ep  3950 | Step 1,896,000/2,000,000 | 228 sps] R=-8986.7 C=   9 Safe=98.33% SAI=1.000 Jain=1.000 PeakMF=0.563
[Ep  3850 | Step 1,848,000/2,000,000 | 223 sps] R=-1319.5 C=   8 Safe=98.33% SAI=0.337 Jain=1.000 PeakMF=0.695
[Ep  3800 | Step 1,824,000/2,000,000 | 221 sps] R=-8986.8 C=   6 Safe=98.96% SAI=1.000 Jain=1.000 PeakMF=0.563
[Ep  3900 | Step 1,872,000/2,000,000 | 219 sps] R=-1322.6 C=   3 Safe=99.38% SAI=0.337 Jain=1.000 PeakMF=0.690
[Ep  3950 | Step 1,896,000/2,000,000 | 224 sps] R=-1343.0 C=  15 Safe=97.29% SAI=0.336 Jain=1.000 PeakMF=0.695
[Ep  4000 | Step 1,920,000/2,000,000 | 228 sps] R=-9087.1 C=  32 Safe=96.46% SAI=1.000 Jain=1.000 PeakMF=0.563
[Ep  3750 | Step 1,800,000/2,000,000 | 215 sps] R=-1317.6 C=   9 Safe=98.33% SAI=0.337 Jain=1.000 PeakMF=0.696
[Ep  3900 | Step 1,872,000/2,000,000 | 222 sps] R=-1442.1 C=  35 Safe=93.96% SAI=0.337 Jain=1.000 PeakMF=0.697
[Ep  3850 | Step 1,848,000/2,000,000 | 222 sps] R=-9052.2 C=  25 Safe=96.88% SAI=1.000 Jain=1.000 PeakMF=0.563
[Ep  3950 | Step 1,896,000/2,000,000 | 219 sps] R=-1426.9 C=  33 Safe=93.75% SAI=0.337 Jain=1.000 PeakMF=0.695
[Ep  4000 | Step 1,920,000/2,000,000 | 224 sps] R=-1316.5 C=   7 Safe=98.54% SAI=0.337 Jain=1.000 PeakMF=0.695
[Ep  4050 | Step 1,944,000/2,000,000 | 228 sps] R=-9092.1 C=  33 Safe=95.83% SAI=1.000 Jain=1.000 PeakMF=0.563
[Ep  3800 | Step 1,824,000/2,000,000 | 215 sps] R=-1352.3 C=  14 Safe=97.29% SAI=0.337 Jain=1.000 PeakMF=0.696
[Ep  3900 | Step 1,872,000/2,000,000 | 222 sps] R=-9082.1 C=  31 Safe=97.50% SAI=1.000 Jain=1.000 PeakMF=0.563
[Ep  3950 | Step 1,896,000/2,000,000 | 222 sps] R=-1568.8 C=  63 Safe=91.04% SAI=0.336 Jain=1.000 PeakMF=0.695
[Ep  4000 | Step 1,920,000/2,000,000 | 219 sps] R=-1354.8 C=  14 Safe=97.50% SAI=0.337 Jain=1.000 PeakMF=0.692
[Ep  3950 | Step 1,896,000/2,000,000 | 223 sps] R=-9082.0 C=  31 Safe=96.46% SAI=1.000 Jain=1.000 PeakMF=0.563
[Ep  4100 | Step 1,968,000/2,000,000 | 228 sps] R=-9122.1 C=  39 Safe=94.58% SAI=1.000 Jain=1.000 PeakMF=0.563
[Ep  4050 | Step 1,944,000/2,000,000 | 224 sps] R=-1377.6 C=  22 Safe=95.83% SAI=0.336 Jain=1.000 PeakMF=0.697
[Ep  3850 | Step 1,848,000/2,000,000 | 215 sps] R=-1313.5 C=   3 Safe=99.38% SAI=0.337 Jain=1.000 PeakMF=0.695
[Ep  4000 | Step 1,920,000/2,000,000 | 222 sps] R=-1334.3 C=  13 Safe=98.12% SAI=0.337 Jain=1.000 PeakMF=0.694
[Ep  4050 | Step 1,944,000/2,000,000 | 219 sps] R=-1390.1 C=  23 Safe=96.88% SAI=0.337 Jain=1.000 PeakMF=0.693
[Ep  4000 | Step 1,920,000/2,000,000 | 224 sps] R=-9082.2 C=  31 Safe=96.46% SAI=1.000 Jain=1.000 PeakMF=0.563
[Ep  4150 | Step 1,992,000/2,000,000 | 228 sps] R=-9122.2 C=  39 Safe=95.62% SAI=1.000 Jain=1.000 PeakMF=0.563
[Ep  4100 | Step 1,968,000/2,000,000 | 224 sps] R=-1300.7 C=   4 Safe=99.17% SAI=0.337 Jain=1.000 PeakMF=0.696
[Ep  3900 | Step 1,872,000/2,000,000 | 215 sps] R=-1375.2 C=  20 Safe=96.25% SAI=0.337 Jain=1.000 PeakMF=0.694

============================================================
Training complete: 4167 episodes, 2,000,160 steps
Best reward: -8971.4
Wall time: 2.43 hours
Checkpoint: checkpoints/mappo/seed_0/checkpoint_final.pt
============================================================
[11/50] mappo seed=0 DONE
Using device: cuda
2026-05-02 21:24:00 | hcmarl.utils | INFO | HIGH determinism: cudnn.deterministic=True, torch.use_deterministic_algorithms(True), matmul=highest, CUBLAS_WORKSPACE_CONFIG=:4096:8 (EXP3-Part-1-equivalent reproducibility)
2026-05-02 21:24:00 | hcmarl.utils | INFO | HIGH determinism: cudnn.deterministic=True, torch.use_deterministic_algorithms(True), matmul=highest, CUBLAS_WORKSPACE_CONFIG=:4096:8 (EXP3-Part-1-equivalent reproducibility)
============================================================
HC-MARL Training: MAPPO (no safety filter)
Seed: 2 | Device: cuda | Workers: 6
Total steps: 2,000,000 | Eval every: 50,000
Checkpoint dir: checkpoints/mappo/seed_2
============================================================
[Ep  4050 | Step 1,944,000/2,000,000 | 222 sps] R=-1420.8 C=  30 Safe=95.62% SAI=0.337 Jain=1.000 PeakMF=0.693
[Ep  4050 | Step 1,944,000/2,000,000 | 224 sps] R=-9002.2 C=  15 Safe=98.12% SAI=1.000 Jain=1.000 PeakMF=0.563
[Ep  4100 | Step 1,968,000/2,000,000 | 219 sps] R=-1355.1 C=  15 Safe=97.50% SAI=0.337 Jain=1.000 PeakMF=0.689
[Ep  4150 | Step 1,992,000/2,000,000 | 225 sps] R=-1337.2 C=   8 Safe=98.54% SAI=0.337 Jain=1.000 PeakMF=0.692
[Ep  3950 | Step 1,896,000/2,000,000 | 215 sps] R=-1384.6 C=  20 Safe=96.46% SAI=0.337 Jain=1.000 PeakMF=0.692

============================================================
Training complete: 4167 episodes, 2,000,160 steps
Best reward: -1274.7
Wall time: 2.47 hours
Checkpoint: checkpoints/hcmarl/seed_7/checkpoint_final.pt
============================================================
[8/50] hcmarl seed=7 DONE
Using device: cuda
2026-05-02 21:25:46 | hcmarl.utils | INFO | HIGH determinism: cudnn.deterministic=True, torch.use_deterministic_algorithms(True), matmul=highest, CUBLAS_WORKSPACE_CONFIG=:4096:8 (EXP3-Part-1-equivalent reproducibility)
2026-05-02 21:25:46 | hcmarl.utils | INFO | HIGH determinism: cudnn.deterministic=True, torch.use_deterministic_algorithms(True), matmul=highest, CUBLAS_WORKSPACE_CONFIG=:4096:8 (EXP3-Part-1-equivalent reproducibility)
============================================================
HC-MARL Training: MAPPO (no safety filter)
Seed: 3 | Device: cuda | Workers: 6
Total steps: 2,000,000 | Eval every: 50,000
Checkpoint dir: checkpoints/mappo/seed_3
============================================================
[Ep  4100 | Step 1,968,000/2,000,000 | 225 sps] R=-9062.1 C=  27 Safe=97.08% SAI=1.000 Jain=1.000 PeakMF=0.563
[Ep    50 | Step    24,000/2,000,000 | 219 sps] R=-35154.4 C=2251 Safe=19.58% SAI=1.000 Jain=0.999 PeakMF=0.693
[Ep  4100 | Step 1,968,000/2,000,000 | 222 sps] R=-1488.5 C=  46 Safe=93.75% SAI=0.336 Jain=1.000 PeakMF=0.695
[Ep  4150 | Step 1,992,000/2,000,000 | 219 sps] R=-1340.1 C=  10 Safe=98.33% SAI=0.337 Jain=1.000 PeakMF=0.692

============================================================
Training complete: 4167 episodes, 2,000,160 steps
Best reward: -1281.2
Wall time: 2.53 hours
Checkpoint: checkpoints/hcmarl/seed_6/checkpoint_final.pt
============================================================
[7/50] hcmarl seed=6 DONE
Using device: cuda
2026-05-02 21:27:03 | hcmarl.utils | INFO | HIGH determinism: cudnn.deterministic=True, torch.use_deterministic_algorithms(True), matmul=highest, CUBLAS_WORKSPACE_CONFIG=:4096:8 (EXP3-Part-1-equivalent reproducibility)
2026-05-02 21:27:03 | hcmarl.utils | INFO | HIGH determinism: cudnn.deterministic=True, torch.use_deterministic_algorithms(True), matmul=highest, CUBLAS_WORKSPACE_CONFIG=:4096:8 (EXP3-Part-1-equivalent reproducibility)
============================================================
HC-MARL Training: MAPPO (no safety filter)
Seed: 4 | Device: cuda | Workers: 6
Total steps: 2,000,000 | Eval every: 50,000
Checkpoint dir: checkpoints/mappo/seed_4
============================================================
[Ep  4150 | Step 1,992,000/2,000,000 | 226 sps] R=-9112.3 C=  37 Safe=95.83% SAI=1.000 Jain=1.000 PeakMF=0.563
[Ep  4000 | Step 1,920,000/2,000,000 | 215 sps] R=-1327.4 C=  11 Safe=97.71% SAI=0.337 Jain=1.000 PeakMF=0.695
[Ep   100 | Step    48,000/2,000,000 | 227 sps] R=-35082.0 C=2273 Safe=20.21% SAI=1.000 Jain=1.000 PeakMF=0.686

============================================================
Training complete: 4167 episodes, 2,000,160 steps
Best reward: -8936.8
Wall time: 2.46 hours
Checkpoint: checkpoints/mappo/seed_1/checkpoint_final.pt
============================================================
[12/50] mappo seed=1 DONE
Using device: cuda
2026-05-02 21:27:42 | hcmarl.utils | INFO | HIGH determinism: cudnn.deterministic=True, torch.use_deterministic_algorithms(True), matmul=highest, CUBLAS_WORKSPACE_CONFIG=:4096:8 (EXP3-Part-1-equivalent reproducibility)
2026-05-02 21:27:42 | hcmarl.utils | INFO | HIGH determinism: cudnn.deterministic=True, torch.use_deterministic_algorithms(True), matmul=highest, CUBLAS_WORKSPACE_CONFIG=:4096:8 (EXP3-Part-1-equivalent reproducibility)
[Ep    50 | Step    24,000/2,000,000 | 209 sps] R=-31544.5 C=2246 Safe=20.62% SAI=1.000 Jain=0.999 PeakMF=0.641
============================================================
HC-MARL Training: MAPPO (no safety filter)
Seed: 5 | Device: cuda | Workers: 6
Total steps: 2,000,000 | Eval every: 50,000
Checkpoint dir: checkpoints/mappo/seed_5
============================================================
[Ep  4150 | Step 1,992,000/2,000,000 | 222 sps] R=-1334.4 C=  13 Safe=97.71% SAI=0.336 Jain=1.000 PeakMF=0.694

============================================================
Training complete: 4167 episodes, 2,000,160 steps
Best reward: -1275.1
Wall time: 2.50 hours
Checkpoint: checkpoints/hcmarl/seed_8/checkpoint_final.pt
============================================================
[9/50] hcmarl seed=8 DONE
Using device: cuda
2026-05-02 21:28:37 | hcmarl.utils | INFO | HIGH determinism: cudnn.deterministic=True, torch.use_deterministic_algorithms(True), matmul=highest, CUBLAS_WORKSPACE_CONFIG=:4096:8 (EXP3-Part-1-equivalent reproducibility)
2026-05-02 21:28:37 | hcmarl.utils | INFO | HIGH determinism: cudnn.deterministic=True, torch.use_deterministic_algorithms(True), matmul=highest, CUBLAS_WORKSPACE_CONFIG=:4096:8 (EXP3-Part-1-equivalent reproducibility)
============================================================
HC-MARL Training: MAPPO (no safety filter)
Seed: 6 | Device: cuda | Workers: 6
Total steps: 2,000,000 | Eval every: 50,000
Checkpoint dir: checkpoints/mappo/seed_6
============================================================
[Ep    50 | Step    24,000/2,000,000 | 211 sps] R=-35197.7 C=2281 Safe=20.00% SAI=1.000 Jain=1.000 PeakMF=0.692
[Ep  4050 | Step 1,944,000/2,000,000 | 215 sps] R=-1368.0 C=  18 Safe=96.67% SAI=0.336 Jain=1.000 PeakMF=0.695
[Ep   150 | Step    72,000/2,000,000 | 225 sps] R=-35034.4 C=2273 Safe=20.62% SAI=1.000 Jain=1.000 PeakMF=0.698
[Ep   100 | Step    48,000/2,000,000 | 220 sps] R=-16153.9 C=1630 Safe=22.92% SAI=1.000 Jain=1.000 PeakMF=0.622
[Ep    50 | Step    24,000/2,000,000 | 230 sps] R=-32552.8 C=2226 Safe=20.62% SAI=1.000 Jain=1.000 PeakMF=0.681
[Ep    50 | Step    24,000/2,000,000 | 215 sps] R=-35373.4 C=2255 Safe=20.21% SAI=1.000 Jain=1.000 PeakMF=0.694
[Ep   100 | Step    48,000/2,000,000 | 212 sps] R=-32834.4 C=2208 Safe=21.46% SAI=1.000 Jain=1.000 PeakMF=0.670
[Ep  4100 | Step 1,968,000/2,000,000 | 216 sps] R=-1363.3 C=  17 Safe=96.88% SAI=0.337 Jain=1.000 PeakMF=0.696
[Ep   200 | Step    96,000/2,000,000 | 224 sps] R=-14925.2 C=1321 Safe=27.29% SAI=1.000 Jain=1.000 PeakMF=0.656
[Ep   150 | Step    72,000/2,000,000 | 222 sps] R=-18447.5 C=1972 Safe=18.33% SAI=1.000 Jain=1.000 PeakMF=0.644
[Ep   100 | Step    48,000/2,000,000 | 218 sps] R=-17027.5 C=1772 Safe=19.38% SAI=1.000 Jain=1.000 PeakMF=0.617
[Ep   100 | Step    48,000/2,000,000 | 222 sps] R=-23320.5 C=2162 Safe=21.46% SAI=1.000 Jain=1.000 PeakMF=0.636
[Ep   150 | Step    72,000/2,000,000 | 215 sps] R=-16708.3 C=1750 Safe=21.67% SAI=1.000 Jain=1.000 PeakMF=0.617
[Ep  4150 | Step 1,992,000/2,000,000 | 216 sps] R=-1317.2 C=   8 Safe=98.54% SAI=0.337 Jain=1.000 PeakMF=0.693
[Ep   200 | Step    96,000/2,000,000 | 222 sps] R=-18927.0 C=2019 Safe=18.75% SAI=1.000 Jain=1.000 PeakMF=0.634
[Ep   250 | Step   120,000/2,000,000 | 222 sps] R=-14228.5 C=1205 Safe=23.75% SAI=1.000 Jain=1.000 PeakMF=0.610

============================================================
Training complete: 4167 episodes, 2,000,160 steps
Best reward: -1277.7
Wall time: 2.58 hours
Checkpoint: checkpoints/hcmarl/seed_9/checkpoint_final.pt
============================================================
[10/50] hcmarl seed=9 DONE
[Ep   150 | Step    72,000/2,000,000 | 212 sps] R=-16533.2 C=1767 Safe=19.38% SAI=1.000 Jain=1.000 PeakMF=0.612
Using device: cuda
2026-05-02 21:33:23 | hcmarl.utils | INFO | HIGH determinism: cudnn.deterministic=True, torch.use_deterministic_algorithms(True), matmul=highest, CUBLAS_WORKSPACE_CONFIG=:4096:8 (EXP3-Part-1-equivalent reproducibility)
2026-05-02 21:33:23 | hcmarl.utils | INFO | HIGH determinism: cudnn.deterministic=True, torch.use_deterministic_algorithms(True), matmul=highest, CUBLAS_WORKSPACE_CONFIG=:4096:8 (EXP3-Part-1-equivalent reproducibility)
============================================================
HC-MARL Training: MAPPO (no safety filter)
Seed: 7 | Device: cuda | Workers: 6
Total steps: 2,000,000 | Eval every: 50,000
Checkpoint dir: checkpoints/mappo/seed_7
============================================================
[Ep   150 | Step    72,000/2,000,000 | 225 sps] R=-15975.0 C=1686 Safe=20.83% SAI=1.000 Jain=1.000 PeakMF=0.618
[Ep   200 | Step    96,000/2,000,000 | 215 sps] R=-14438.7 C=1270 Safe=26.67% SAI=1.000 Jain=1.000 PeakMF=0.605
[Ep   250 | Step   120,000/2,000,000 | 224 sps] R=-13299.5 C= 923 Safe=33.54% SAI=1.000 Jain=1.000 PeakMF=0.570
[Ep   300 | Step   144,000/2,000,000 | 222 sps] R=-12131.4 C= 662 Safe=48.33% SAI=1.000 Jain=1.000 PeakMF=0.562
[Ep    50 | Step    24,000/2,000,000 | 284 sps] R=-34950.1 C=2256 Safe=20.21% SAI=1.000 Jain=1.000 PeakMF=0.703
[Ep   200 | Step    96,000/2,000,000 | 212 sps] R=-16374.8 C=1653 Safe=20.21% SAI=1.000 Jain=1.000 PeakMF=0.624
[Ep   200 | Step    96,000/2,000,000 | 227 sps] R=-16094.3 C=1535 Safe=22.08% SAI=1.000 Jain=1.000 PeakMF=0.636
[Ep   250 | Step   120,000/2,000,000 | 214 sps] R=-13023.2 C= 916 Safe=41.67% SAI=1.000 Jain=1.000 PeakMF=0.610
[Ep   300 | Step   144,000/2,000,000 | 225 sps] R=-13562.0 C=1067 Safe=26.25% SAI=1.000 Jain=1.000 PeakMF=0.602
[Ep   100 | Step    48,000/2,000,000 | 258 sps] R=-27235.8 C=2201 Safe=21.25% SAI=1.000 Jain=0.999 PeakMF=0.633
[Ep   350 | Step   168,000/2,000,000 | 221 sps] R=-11032.1 C= 382 Safe=61.88% SAI=1.000 Jain=1.000 PeakMF=0.569
[Ep   250 | Step   120,000/2,000,000 | 209 sps] R=-13164.2 C= 942 Safe=42.29% SAI=1.000 Jain=1.000 PeakMF=0.611
[Ep   250 | Step   120,000/2,000,000 | 227 sps] R=-14527.5 C=1257 Safe=25.21% SAI=1.000 Jain=1.000 PeakMF=0.619
[Ep   350 | Step   168,000/2,000,000 | 225 sps] R=-11832.7 C= 597 Safe=55.42% SAI=1.000 Jain=1.000 PeakMF=0.572
[Ep   150 | Step    72,000/2,000,000 | 245 sps] R=-15590.5 C=1474 Safe=24.38% SAI=1.000 Jain=1.000 PeakMF=0.641
[Ep   300 | Step   144,000/2,000,000 | 212 sps] R=-13557.7 C=1034 Safe=26.04% SAI=1.000 Jain=1.000 PeakMF=0.585
[Ep   400 | Step   192,000/2,000,000 | 220 sps] R=-10679.8 C= 318 Safe=56.67% SAI=1.000 Jain=1.000 PeakMF=0.568
[Ep   300 | Step   144,000/2,000,000 | 229 sps] R=-13694.1 C=1020 Safe=29.38% SAI=1.000 Jain=1.000 PeakMF=0.578
[Ep   300 | Step   144,000/2,000,000 | 209 sps] R=-11642.2 C= 532 Safe=58.33% SAI=1.000 Jain=1.000 PeakMF=0.585
[Ep   400 | Step   192,000/2,000,000 | 226 sps] R=-10183.4 C= 175 Safe=75.00% SAI=1.000 Jain=1.000 PeakMF=0.579
[Ep   200 | Step    96,000/2,000,000 | 244 sps] R=-13774.5 C=1071 Safe=37.08% SAI=1.000 Jain=0.999 PeakMF=0.612
[Ep   350 | Step   168,000/2,000,000 | 212 sps] R=-11325.8 C= 447 Safe=49.58% SAI=1.000 Jain=1.000 PeakMF=0.558
[Ep   450 | Step   216,000/2,000,000 | 220 sps] R=-10425.8 C= 260 Safe=61.88% SAI=1.000 Jain=1.000 PeakMF=0.570
[Ep   350 | Step   168,000/2,000,000 | 233 sps] R=-12250.9 C= 697 Safe=45.00% SAI=1.000 Jain=1.000 PeakMF=0.579
[Ep   350 | Step   168,000/2,000,000 | 209 sps] R=-10448.6 C= 276 Safe=56.25% SAI=1.000 Jain=1.000 PeakMF=0.563
[Ep   250 | Step   120,000/2,000,000 | 251 sps] R=-13215.4 C= 950 Safe=41.46% SAI=1.000 Jain=1.000 PeakMF=0.607
[Ep   450 | Step   216,000/2,000,000 | 227 sps] R=-10160.9 C= 195 Safe=71.25% SAI=1.000 Jain=1.000 PeakMF=0.554
[Ep   400 | Step   192,000/2,000,000 | 214 sps] R=-10036.0 C= 169 Safe=75.83% SAI=1.000 Jain=1.000 PeakMF=0.566
[Ep   400 | Step   192,000/2,000,000 | 239 sps] R=-10516.4 C= 266 Safe=66.25% SAI=1.000 Jain=1.000 PeakMF=0.579
[Ep   500 | Step   240,000/2,000,000 | 221 sps] R=-9526.9 C=  63 Safe=87.29% SAI=1.000 Jain=1.000 PeakMF=0.574
[Ep   300 | Step   144,000/2,000,000 | 256 sps] R=-11794.2 C= 576 Safe=54.17% SAI=1.000 Jain=1.000 PeakMF=0.548
[Ep   400 | Step   192,000/2,000,000 | 209 sps] R=-9816.6 C= 132 Safe=77.08% SAI=1.000 Jain=1.000 PeakMF=0.559
[Ep   500 | Step   240,000/2,000,000 | 228 sps] R=-9736.5 C= 116 Safe=80.62% SAI=1.000 Jain=1.000 PeakMF=0.574
[Ep   450 | Step   216,000/2,000,000 | 239 sps] R=-9899.1 C= 128 Safe=78.96% SAI=1.000 Jain=1.000 PeakMF=0.579
[Ep   550 | Step   264,000/2,000,000 | 222 sps] R=-9649.9 C=  96 Safe=82.71% SAI=1.000 Jain=1.000 PeakMF=0.570
[Ep   450 | Step   216,000/2,000,000 | 214 sps] R=-10101.6 C= 188 Safe=73.33% SAI=1.000 Jain=1.000 PeakMF=0.581
[Ep   350 | Step   168,000/2,000,000 | 260 sps] R=-10337.5 C= 238 Safe=63.54% SAI=1.000 Jain=1.000 PeakMF=0.562
[Ep   450 | Step   216,000/2,000,000 | 210 sps] R=-10758.2 C= 366 Safe=53.75% SAI=1.000 Jain=1.000 PeakMF=0.562
[Ep   550 | Step   264,000/2,000,000 | 229 sps] R=-9516.0 C=  71 Safe=86.88% SAI=1.000 Jain=1.000 PeakMF=0.570
[Ep   500 | Step   240,000/2,000,000 | 239 sps] R=-10050.2 C= 173 Safe=74.58% SAI=1.000 Jain=1.000 PeakMF=0.575
[Ep   600 | Step   288,000/2,000,000 | 224 sps] R=-9515.9 C=  72 Safe=85.42% SAI=1.000 Jain=1.000 PeakMF=0.569
[Ep   400 | Step   192,000/2,000,000 | 263 sps] R=-10263.6 C= 221 Safe=64.79% SAI=1.000 Jain=1.000 PeakMF=0.579
[Ep   500 | Step   240,000/2,000,000 | 215 sps] R=-9802.6 C= 132 Safe=77.92% SAI=1.000 Jain=1.000 PeakMF=0.572
[Ep   600 | Step   288,000/2,000,000 | 230 sps] R=-9451.5 C=  71 Safe=86.67% SAI=1.000 Jain=1.000 PeakMF=0.571
[Ep   500 | Step   240,000/2,000,000 | 211 sps] R=-9135.8 C= 100 Safe=81.25% SAI=1.000 Jain=0.999 PeakMF=0.536
[Ep   450 | Step   216,000/2,000,000 | 263 sps] R=-10149.1 C= 189 Safe=70.42% SAI=1.000 Jain=1.000 PeakMF=0.580
[Ep   550 | Step   264,000/2,000,000 | 239 sps] R=-10530.5 C= 298 Safe=56.67% SAI=1.000 Jain=1.000 PeakMF=0.575
[Ep   650 | Step   312,000/2,000,000 | 224 sps] R=-9405.4 C=  65 Safe=87.50% SAI=1.000 Jain=1.000 PeakMF=0.563
[Ep   550 | Step   264,000/2,000,000 | 216 sps] R=-9553.7 C=  84 Safe=84.38% SAI=1.000 Jain=1.000 PeakMF=0.571
[Ep   650 | Step   312,000/2,000,000 | 234 sps] R=-9349.2 C=  58 Safe=90.00% SAI=1.000 Jain=1.000 PeakMF=0.571
[Ep   550 | Step   264,000/2,000,000 | 211 sps] R=-8272.3 C= 230 Safe=63.54% SAI=1.000 Jain=1.000 PeakMF=0.499
[Ep   600 | Step   288,000/2,000,000 | 238 sps] R=-9763.0 C= 130 Safe=76.46% SAI=1.000 Jain=1.000 PeakMF=0.563
[Ep   500 | Step   240,000/2,000,000 | 260 sps] R=-10883.5 C= 367 Safe=55.62% SAI=1.000 Jain=1.000 PeakMF=0.563
[Ep   700 | Step   336,000/2,000,000 | 224 sps] R=-9232.7 C=  40 Safe=92.50% SAI=1.000 Jain=1.000 PeakMF=0.570
[Ep   600 | Step   288,000/2,000,000 | 218 sps] R=-9468.1 C=  69 Safe=86.88% SAI=1.000 Jain=1.000 PeakMF=0.571
[Ep   700 | Step   336,000/2,000,000 | 237 sps] R=-9204.2 C=  38 Safe=92.71% SAI=1.000 Jain=1.000 PeakMF=0.563
[Ep   600 | Step   288,000/2,000,000 | 212 sps] R=-7442.0 C=  82 Safe=83.96% SAI=1.000 Jain=1.000 PeakMF=0.529
[Ep   650 | Step   312,000/2,000,000 | 238 sps] R=-9508.5 C=  87 Safe=83.12% SAI=1.000 Jain=1.000 PeakMF=0.570
[Ep   550 | Step   264,000/2,000,000 | 258 sps] R=-9841.4 C= 141 Safe=76.25% SAI=1.000 Jain=1.000 PeakMF=0.563
[Ep   750 | Step   360,000/2,000,000 | 240 sps] R=-9416.5 C=  89 Safe=83.33% SAI=1.000 Jain=1.000 PeakMF=0.563
[Ep   750 | Step   360,000/2,000,000 | 224 sps] R=-9359.0 C=  76 Safe=84.58% SAI=1.000 Jain=1.000 PeakMF=0.563
[Ep   650 | Step   312,000/2,000,000 | 219 sps] R=-9366.5 C=  69 Safe=86.46% SAI=1.000 Jain=1.000 PeakMF=0.570
[Ep   700 | Step   336,000/2,000,000 | 238 sps] R=-9434.8 C=  80 Safe=84.17% SAI=1.000 Jain=1.000 PeakMF=0.570
[Ep   600 | Step   288,000/2,000,000 | 255 sps] R=-9456.6 C=  52 Safe=89.38% SAI=1.000 Jain=1.000 PeakMF=0.562
[Ep   650 | Step   312,000/2,000,000 | 212 sps] R=-7360.0 C= 109 Safe=85.21% SAI=1.000 Jain=1.000 PeakMF=0.512
[Ep   800 | Step   384,000/2,000,000 | 239 sps] R=-9407.2 C=  89 Safe=83.54% SAI=1.000 Jain=1.000 PeakMF=0.570
[Ep   700 | Step   336,000/2,000,000 | 220 sps] R=-9578.1 C= 116 Safe=79.17% SAI=1.000 Jain=1.000 PeakMF=0.563
[Ep   800 | Step   384,000/2,000,000 | 223 sps] R=-9564.4 C= 120 Safe=78.54% SAI=1.000 Jain=1.000 PeakMF=0.563
[Ep   750 | Step   360,000/2,000,000 | 237 sps] R=-9589.3 C= 127 Safe=76.88% SAI=1.000 Jain=1.000 PeakMF=0.563
[Ep   650 | Step   312,000/2,000,000 | 252 sps] R=-9692.7 C= 122 Safe=78.75% SAI=1.000 Jain=1.000 PeakMF=0.567
[Ep   700 | Step   336,000/2,000,000 | 211 sps] R=-7391.4 C= 123 Safe=80.00% SAI=1.000 Jain=1.000 PeakMF=0.505
[Ep   750 | Step   360,000/2,000,000 | 220 sps] R=-9261.9 C=  48 Safe=91.04% SAI=1.000 Jain=1.000 PeakMF=0.563
[Ep   850 | Step   408,000/2,000,000 | 238 sps] R=-9092.3 C=  21 Safe=95.62% SAI=1.000 Jain=1.000 PeakMF=0.563
[Ep   850 | Step   408,000/2,000,000 | 222 sps] R=-9326.6 C=  70 Safe=86.46% SAI=1.000 Jain=1.000 PeakMF=0.563
[Ep   800 | Step   384,000/2,000,000 | 236 sps] R=-9193.4 C=  38 Safe=92.08% SAI=1.000 Jain=1.000 PeakMF=0.566
[Ep   700 | Step   336,000/2,000,000 | 250 sps] R=-9362.7 C=  64 Safe=86.67% SAI=1.000 Jain=1.000 PeakMF=0.563
[Ep   750 | Step   360,000/2,000,000 | 212 sps] R=-7239.0 C= 115 Safe=78.12% SAI=1.000 Jain=1.000 PeakMF=0.515
[Ep   800 | Step   384,000/2,000,000 | 221 sps] R=-9259.4 C=  57 Safe=89.79% SAI=1.000 Jain=1.000 PeakMF=0.563
[Ep   900 | Step   432,000/2,000,000 | 237 sps] R=-9126.6 C=  31 Safe=94.38% SAI=1.000 Jain=1.000 PeakMF=0.563
[Ep   900 | Step   432,000/2,000,000 | 222 sps] R=-9142.4 C=  26 Safe=95.21% SAI=1.000 Jain=1.000 PeakMF=0.563
[Ep   750 | Step   360,000/2,000,000 | 248 sps] R=-9348.1 C=  69 Safe=86.46% SAI=1.000 Jain=1.000 PeakMF=0.568
[Ep   850 | Step   408,000/2,000,000 | 235 sps] R=-9114.3 C=  25 Safe=95.21% SAI=1.000 Jain=1.000 PeakMF=0.563
[Ep   800 | Step   384,000/2,000,000 | 213 sps] R=-8863.7 C= 465 Safe=69.38% SAI=1.000 Jain=1.000 PeakMF=0.497
[Ep   850 | Step   408,000/2,000,000 | 221 sps] R=-9059.6 C=  14 Safe=97.08% SAI=1.000 Jain=1.000 PeakMF=0.563
[Ep   950 | Step   456,000/2,000,000 | 235 sps] R=-9106.7 C=  27 Safe=95.00% SAI=1.000 Jain=1.000 PeakMF=0.563
[Ep   950 | Step   456,000/2,000,000 | 222 sps] R=-9140.5 C=  34 Safe=93.75% SAI=1.000 Jain=1.000 PeakMF=0.563
[Ep   800 | Step   384,000/2,000,000 | 246 sps] R=-9519.2 C= 111 Safe=79.79% SAI=1.000 Jain=1.000 PeakMF=0.563
[Ep   900 | Step   432,000/2,000,000 | 234 sps] R=-9101.1 C=  23 Safe=95.42% SAI=1.000 Jain=1.000 PeakMF=0.563
[Ep   850 | Step   408,000/2,000,000 | 214 sps] R=-8439.1 C= 349 Safe=55.42% SAI=1.000 Jain=1.000 PeakMF=0.541
[Ep   900 | Step   432,000/2,000,000 | 222 sps] R=-9189.5 C=  39 Safe=93.33% SAI=1.000 Jain=1.000 PeakMF=0.563
[Ep  1000 | Step   480,000/2,000,000 | 222 sps] R=-9075.3 C=  18 Safe=96.67% SAI=1.000 Jain=1.000 PeakMF=0.563
[Ep  1000 | Step   480,000/2,000,000 | 233 sps] R=-9012.4 C=   4 Safe=99.17% SAI=1.000 Jain=1.000 PeakMF=0.563
[Ep   850 | Step   408,000/2,000,000 | 245 sps] R=-9936.6 C= 198 Safe=69.38% SAI=1.000 Jain=1.000 PeakMF=0.563
[Ep   950 | Step   456,000/2,000,000 | 233 sps] R=-9483.7 C= 110 Safe=79.79% SAI=1.000 Jain=1.000 PeakMF=0.563
[Ep   950 | Step   456,000/2,000,000 | 222 sps] R=-9398.3 C=  91 Safe=85.21% SAI=1.000 Jain=1.000 PeakMF=0.563
[Ep   900 | Step   432,000/2,000,000 | 214 sps] R=-7324.6 C= 126 Safe=75.83% SAI=1.000 Jain=1.000 PeakMF=0.524
[Ep  1050 | Step   504,000/2,000,000 | 223 sps] R=-9126.3 C=  31 Safe=94.79% SAI=1.000 Jain=1.000 PeakMF=0.563
[Ep  1050 | Step   504,000/2,000,000 | 232 sps] R=-9197.0 C=  48 Safe=92.08% SAI=1.000 Jain=1.000 PeakMF=0.563
[Ep  1000 | Step   480,000/2,000,000 | 233 sps] R=-9562.7 C= 127 Safe=82.71% SAI=1.000 Jain=1.000 PeakMF=0.563
[Ep  1000 | Step   480,000/2,000,000 | 222 sps] R=-9622.7 C= 138 Safe=79.79% SAI=1.000 Jain=1.000 PeakMF=0.563
[Ep   900 | Step   432,000/2,000,000 | 243 sps] R=-9109.0 C=  21 Safe=95.62% SAI=1.000 Jain=1.000 PeakMF=0.563
[Ep   950 | Step   456,000/2,000,000 | 215 sps] R=-6882.7 C=  29 Safe=93.96% SAI=1.000 Jain=1.000 PeakMF=0.532
[Ep  1100 | Step   528,000/2,000,000 | 223 sps] R=-9091.0 C=  24 Safe=95.62% SAI=1.000 Jain=1.000 PeakMF=0.563
[Ep  1100 | Step   528,000/2,000,000 | 230 sps] R=-9091.3 C=  26 Safe=94.79% SAI=1.000 Jain=1.000 PeakMF=0.563
[Ep  1050 | Step   504,000/2,000,000 | 233 sps] R=-9718.4 C= 158 Safe=78.54% SAI=1.000 Jain=1.000 PeakMF=0.563
[Ep  1050 | Step   504,000/2,000,000 | 223 sps] R=-9625.5 C= 138 Safe=83.12% SAI=1.000 Jain=1.000 PeakMF=0.563
[Ep  1000 | Step   480,000/2,000,000 | 215 sps] R=-9516.6 C= 613 Safe=48.54% SAI=1.000 Jain=1.000 PeakMF=0.511
[Ep   950 | Step   456,000/2,000,000 | 241 sps] R=-9152.4 C=  33 Safe=94.17% SAI=1.000 Jain=1.000 PeakMF=0.563
[Ep  1150 | Step   552,000/2,000,000 | 223 sps] R=-9091.4 C=  24 Safe=95.21% SAI=1.000 Jain=1.000 PeakMF=0.563
[Ep  1150 | Step   552,000/2,000,000 | 228 sps] R=-9066.2 C=  19 Safe=96.67% SAI=1.000 Jain=1.000 PeakMF=0.563
[Ep  1100 | Step   528,000/2,000,000 | 233 sps] R=-9781.4 C= 170 Safe=76.04% SAI=1.000 Jain=1.000 PeakMF=0.563
[Ep  1100 | Step   528,000/2,000,000 | 223 sps] R=-9817.7 C= 178 Safe=81.04% SAI=1.000 Jain=1.000 PeakMF=0.563
[Ep  1050 | Step   504,000/2,000,000 | 215 sps] R=-8418.4 C= 388 Safe=55.42% SAI=1.000 Jain=1.000 PeakMF=0.520
[Ep  1000 | Step   480,000/2,000,000 | 239 sps] R=-9134.3 C=  31 Safe=94.17% SAI=1.000 Jain=1.000 PeakMF=0.563
[Ep  1200 | Step   576,000/2,000,000 | 223 sps] R=-9026.3 C=  11 Safe=97.71% SAI=1.000 Jain=1.000 PeakMF=0.563
[Ep  1200 | Step   576,000/2,000,000 | 227 sps] R=-9031.1 C=  12 Safe=97.92% SAI=1.000 Jain=1.000 PeakMF=0.563
[Ep  1150 | Step   552,000/2,000,000 | 232 sps] R=-9893.3 C= 193 Safe=77.08% SAI=1.000 Jain=1.000 PeakMF=0.563
[Ep  1150 | Step   552,000/2,000,000 | 223 sps] R=-10008.5 C= 216 Safe=76.25% SAI=1.000 Jain=1.000 PeakMF=0.563
[Ep  1100 | Step   528,000/2,000,000 | 216 sps] R=-8038.8 C= 287 Safe=57.08% SAI=1.000 Jain=1.000 PeakMF=0.518
[Ep  1050 | Step   504,000/2,000,000 | 238 sps] R=-9141.9 C=  34 Safe=93.54% SAI=1.000 Jain=1.000 PeakMF=0.563
[Ep  1250 | Step   600,000/2,000,000 | 222 sps] R=-9026.3 C=  11 Safe=97.92% SAI=1.000 Jain=1.000 PeakMF=0.563
[Ep  1250 | Step   600,000/2,000,000 | 227 sps] R=-9128.9 C=  36 Safe=95.21% SAI=1.000 Jain=1.000 PeakMF=0.563
[Ep  1200 | Step   576,000/2,000,000 | 232 sps] R=-9850.5 C= 184 Safe=78.75% SAI=1.000 Jain=1.000 PeakMF=0.563
[Ep  1200 | Step   576,000/2,000,000 | 223 sps] R=-10068.0 C= 228 Safe=74.38% SAI=1.000 Jain=1.000 PeakMF=0.563
[Ep  1150 | Step   552,000/2,000,000 | 216 sps] R=-6947.6 C=  50 Safe=91.46% SAI=1.000 Jain=1.000 PeakMF=0.522
[Ep  1100 | Step   528,000/2,000,000 | 236 sps] R=-9039.5 C=  14 Safe=97.50% SAI=1.000 Jain=1.000 PeakMF=0.563
[Ep  1300 | Step   624,000/2,000,000 | 222 sps] R=-9001.3 C=   6 Safe=98.75% SAI=1.000 Jain=1.000 PeakMF=0.563
[Ep  1250 | Step   600,000/2,000,000 | 232 sps] R=-9839.5 C= 182 Safe=76.88% SAI=1.000 Jain=1.000 PeakMF=0.563
[Ep  1300 | Step   624,000/2,000,000 | 226 sps] R=-9206.7 C=  53 Safe=93.54% SAI=1.000 Jain=1.000 PeakMF=0.563
[Ep  1250 | Step   600,000/2,000,000 | 223 sps] R=-10103.5 C= 238 Safe=74.38% SAI=1.000 Jain=1.000 PeakMF=0.563
[Ep  1200 | Step   576,000/2,000,000 | 217 sps] R=-7620.1 C= 209 Safe=73.12% SAI=1.000 Jain=1.000 PeakMF=0.513
[Ep  1350 | Step   648,000/2,000,000 | 222 sps] R=-8981.1 C=   2 Safe=99.58% SAI=1.000 Jain=1.000 PeakMF=0.563
[Ep  1150 | Step   552,000/2,000,000 | 234 sps] R=-9066.5 C=  19 Safe=96.25% SAI=1.000 Jain=1.000 PeakMF=0.563
[Ep  1300 | Step   624,000/2,000,000 | 232 sps] R=-9981.9 C= 212 Safe=76.88% SAI=1.000 Jain=1.000 PeakMF=0.563
[Ep  1300 | Step   624,000/2,000,000 | 223 sps] R=-10213.9 C= 260 Safe=74.79% SAI=1.000 Jain=1.000 PeakMF=0.563
[Ep  1250 | Step   600,000/2,000,000 | 217 sps] R=-8619.3 C= 418 Safe=61.25% SAI=1.000 Jain=1.000 PeakMF=0.522
[Ep  1350 | Step   648,000/2,000,000 | 225 sps] R=-9171.5 C=  43 Safe=93.96% SAI=1.000 Jain=1.000 PeakMF=0.563
[Ep  1400 | Step   672,000/2,000,000 | 222 sps] R=-9162.1 C=  44 Safe=93.96% SAI=1.000 Jain=1.000 PeakMF=0.563
[Ep  1200 | Step   576,000/2,000,000 | 233 sps] R=-9045.7 C=  15 Safe=97.29% SAI=1.000 Jain=1.000 PeakMF=0.563
[Ep  1350 | Step   648,000/2,000,000 | 232 sps] R=-10122.9 C= 239 Safe=73.54% SAI=1.000 Jain=1.000 PeakMF=0.563
[Ep  1350 | Step   648,000/2,000,000 | 223 sps] R=-10174.1 C= 249 Safe=78.96% SAI=1.000 Jain=1.000 PeakMF=0.563
[Ep  1300 | Step   624,000/2,000,000 | 218 sps] R=-9266.6 C= 565 Safe=49.38% SAI=1.000 Jain=1.000 PeakMF=0.524
[Ep  1400 | Step   672,000/2,000,000 | 224 sps] R=-9131.5 C=  35 Safe=93.54% SAI=1.000 Jain=1.000 PeakMF=0.563
[Ep  1450 | Step   696,000/2,000,000 | 223 sps] R=-8995.7 C=   5 Safe=98.96% SAI=1.000 Jain=1.000 PeakMF=0.563
[Ep  1250 | Step   600,000/2,000,000 | 231 sps] R=-9011.3 C=   8 Safe=98.33% SAI=1.000 Jain=1.000 PeakMF=0.563
[Ep  1400 | Step   672,000/2,000,000 | 231 sps] R=-10129.3 C= 240 Safe=75.21% SAI=1.000 Jain=1.000 PeakMF=0.563
[Ep  1400 | Step   672,000/2,000,000 | 223 sps] R=-10214.6 C= 260 Safe=76.67% SAI=1.000 Jain=1.000 PeakMF=0.563
[Ep  1350 | Step   648,000/2,000,000 | 218 sps] R=-6850.1 C=  20 Safe=96.04% SAI=1.000 Jain=1.000 PeakMF=0.517
[Ep  1450 | Step   696,000/2,000,000 | 224 sps] R=-9151.6 C=  42 Safe=94.58% SAI=1.000 Jain=1.000 PeakMF=0.563
[Ep  1500 | Step   720,000/2,000,000 | 223 sps] R=-9006.5 C=   7 Safe=98.54% SAI=1.000 Jain=1.000 PeakMF=0.563
[Ep  1300 | Step   624,000/2,000,000 | 230 sps] R=-9051.0 C=  16 Safe=96.67% SAI=1.000 Jain=1.000 PeakMF=0.563
[Ep  1450 | Step   696,000/2,000,000 | 231 sps] R=-10223.5 C= 262 Safe=77.50% SAI=1.000 Jain=1.000 PeakMF=0.563
[Ep  1450 | Step   696,000/2,000,000 | 224 sps] R=-10256.8 C= 267 Safe=69.38% SAI=1.000 Jain=1.000 PeakMF=0.563
[Ep  1400 | Step   672,000/2,000,000 | 218 sps] R=-8639.8 C= 443 Safe=61.67% SAI=1.000 Jain=1.000 PeakMF=0.510
[Ep  1500 | Step   720,000/2,000,000 | 223 sps] R=-9114.2 C=  33 Safe=94.79% SAI=1.000 Jain=1.000 PeakMF=0.563
[Ep  1550 | Step   744,000/2,000,000 | 223 sps] R=-9016.1 C=   9 Safe=98.33% SAI=1.000 Jain=1.000 PeakMF=0.563
[Ep  1350 | Step   648,000/2,000,000 | 229 sps] R=-9030.8 C=  12 Safe=97.71% SAI=1.000 Jain=1.000 PeakMF=0.563
[Ep  1500 | Step   720,000/2,000,000 | 231 sps] R=-10421.5 C= 300 Safe=74.79% SAI=1.000 Jain=1.000 PeakMF=0.563
[Ep  1500 | Step   720,000/2,000,000 | 224 sps] R=-10404.0 C= 298 Safe=72.50% SAI=1.000 Jain=1.000 PeakMF=0.563
[Ep  1450 | Step   696,000/2,000,000 | 218 sps] R=-6973.8 C=  71 Safe=86.04% SAI=1.000 Jain=1.000 PeakMF=0.517
[Ep  1600 | Step   768,000/2,000,000 | 223 sps] R=-9161.9 C=  47 Safe=94.17% SAI=1.000 Jain=1.000 PeakMF=0.563
[Ep  1550 | Step   744,000/2,000,000 | 223 sps] R=-9126.7 C=  40 Safe=95.00% SAI=1.000 Jain=1.000 PeakMF=0.563
[Ep  1550 | Step   744,000/2,000,000 | 231 sps] R=-10244.1 C= 266 Safe=75.00% SAI=1.000 Jain=1.000 PeakMF=0.563
[Ep  1400 | Step   672,000/2,000,000 | 229 sps] R=-9081.3 C=  22 Safe=96.25% SAI=1.000 Jain=1.000 PeakMF=0.563
[Ep  1550 | Step   744,000/2,000,000 | 224 sps] R=-10195.7 C= 256 Safe=75.00% SAI=1.000 Jain=1.000 PeakMF=0.563
[Ep  1500 | Step   720,000/2,000,000 | 218 sps] R=-7473.3 C= 179 Safe=70.00% SAI=1.000 Jain=1.000 PeakMF=0.509
[Ep  1650 | Step   792,000/2,000,000 | 223 sps] R=-9161.9 C=  47 Safe=93.33% SAI=1.000 Jain=1.000 PeakMF=0.563
[Ep  1600 | Step   768,000/2,000,000 | 222 sps] R=-9146.4 C=  41 Safe=94.58% SAI=1.000 Jain=1.000 PeakMF=0.563
[Ep  1600 | Step   768,000/2,000,000 | 231 sps] R=-10279.0 C= 270 Safe=74.38% SAI=1.000 Jain=1.000 PeakMF=0.563
[Ep  1600 | Step   768,000/2,000,000 | 224 sps] R=-10297.4 C= 274 Safe=69.58% SAI=1.000 Jain=1.000 PeakMF=0.563
[Ep  1450 | Step   696,000/2,000,000 | 228 sps] R=-9066.3 C=  19 Safe=96.46% SAI=1.000 Jain=1.000 PeakMF=0.563
[Ep  1550 | Step   744,000/2,000,000 | 218 sps] R=-7146.8 C= 127 Safe=80.21% SAI=1.000 Jain=1.000 PeakMF=0.517
[Ep  1700 | Step   816,000/2,000,000 | 223 sps] R=-9192.1 C=  53 Safe=93.33% SAI=1.000 Jain=1.000 PeakMF=0.563
[Ep  1650 | Step   792,000/2,000,000 | 222 sps] R=-9106.5 C=  33 Safe=94.58% SAI=1.000 Jain=1.000 PeakMF=0.563
[Ep  1650 | Step   792,000/2,000,000 | 231 sps] R=-10351.7 C= 289 Safe=75.21% SAI=1.000 Jain=1.000 PeakMF=0.563
[Ep  1650 | Step   792,000/2,000,000 | 224 sps] R=-10633.8 C= 342 Safe=58.96% SAI=1.000 Jain=1.000 PeakMF=0.563
[Ep  1500 | Step   720,000/2,000,000 | 227 sps] R=-9021.0 C=  10 Safe=98.12% SAI=1.000 Jain=1.000 PeakMF=0.563
[Ep  1600 | Step   768,000/2,000,000 | 219 sps] R=-7040.0 C= 106 Safe=83.12% SAI=1.000 Jain=1.000 PeakMF=0.526
[Ep  1750 | Step   840,000/2,000,000 | 223 sps] R=-9184.6 C=  50 Safe=93.54% SAI=1.000 Jain=1.000 PeakMF=0.563
[Ep  1700 | Step   816,000/2,000,000 | 222 sps] R=-9117.4 C=  35 Safe=95.21% SAI=1.000 Jain=1.000 PeakMF=0.563
[Ep  1700 | Step   816,000/2,000,000 | 231 sps] R=-10299.4 C= 277 Safe=76.67% SAI=1.000 Jain=1.000 PeakMF=0.563
[Ep  1700 | Step   816,000/2,000,000 | 224 sps] R=-10420.4 C= 302 Safe=72.92% SAI=1.000 Jain=1.000 PeakMF=0.563
[Ep  1650 | Step   792,000/2,000,000 | 219 sps] R=-7290.1 C= 166 Safe=78.96% SAI=1.000 Jain=1.000 PeakMF=0.522
[Ep  1550 | Step   744,000/2,000,000 | 227 sps] R=-9107.0 C=  36 Safe=93.96% SAI=1.000 Jain=1.000 PeakMF=0.563
[Ep  1800 | Step   864,000/2,000,000 | 223 sps] R=-9172.0 C=  49 Safe=93.96% SAI=1.000 Jain=1.000 PeakMF=0.563
[Ep  1750 | Step   840,000/2,000,000 | 221 sps] R=-9196.7 C=  54 Safe=92.71% SAI=1.000 Jain=1.000 PeakMF=0.563
[Ep  1750 | Step   840,000/2,000,000 | 231 sps] R=-10544.4 C= 329 Safe=71.46% SAI=1.000 Jain=1.000 PeakMF=0.563
[Ep  1750 | Step   840,000/2,000,000 | 224 sps] R=-9091.9 C=  24 Safe=95.62% SAI=1.000 Jain=1.000 PeakMF=0.563
[Ep  1700 | Step   816,000/2,000,000 | 219 sps] R=-6608.2 C=  10 Safe=97.92% SAI=1.000 Jain=1.000 PeakMF=0.516
[Ep  1600 | Step   768,000/2,000,000 | 226 sps] R=-8996.3 C=   5 Safe=98.96% SAI=1.000 Jain=1.000 PeakMF=0.563
[Ep  1850 | Step   888,000/2,000,000 | 223 sps] R=-9149.5 C=  43 Safe=93.96% SAI=1.000 Jain=1.000 PeakMF=0.563
[Ep  1800 | Step   864,000/2,000,000 | 231 sps] R=-10507.1 C= 323 Safe=73.12% SAI=1.000 Jain=1.000 PeakMF=0.563
[Ep  1800 | Step   864,000/2,000,000 | 221 sps] R=-9171.9 C=  46 Safe=94.38% SAI=1.000 Jain=1.000 PeakMF=0.563
[Ep  1800 | Step   864,000/2,000,000 | 224 sps] R=-9025.7 C=  11 Safe=97.92% SAI=1.000 Jain=1.000 PeakMF=0.563
[Ep  1750 | Step   840,000/2,000,000 | 219 sps] R=-7193.9 C= 140 Safe=71.88% SAI=1.000 Jain=1.000 PeakMF=0.550
[Ep  1650 | Step   792,000/2,000,000 | 226 sps] R=-9021.3 C=  10 Safe=98.12% SAI=1.000 Jain=1.000 PeakMF=0.563
[Ep  1900 | Step   912,000/2,000,000 | 223 sps] R=-9136.9 C=  42 Safe=94.38% SAI=1.000 Jain=1.000 PeakMF=0.563
[Ep  1850 | Step   888,000/2,000,000 | 231 sps] R=-10516.8 C= 322 Safe=74.17% SAI=1.000 Jain=1.000 PeakMF=0.563
[Ep  1850 | Step   888,000/2,000,000 | 221 sps] R=-9172.1 C=  49 Safe=93.75% SAI=1.000 Jain=1.000 PeakMF=0.563
[Ep  1850 | Step   888,000/2,000,000 | 225 sps] R=-9042.2 C=  14 Safe=97.29% SAI=1.000 Jain=1.000 PeakMF=0.563
[Ep  1800 | Step   864,000/2,000,000 | 219 sps] R=-6854.4 C=  70 Safe=88.54% SAI=1.000 Jain=1.000 PeakMF=0.523
[Ep  1950 | Step   936,000/2,000,000 | 224 sps] R=-9162.1 C=  47 Safe=94.17% SAI=1.000 Jain=1.000 PeakMF=0.563
[Ep  1700 | Step   816,000/2,000,000 | 225 sps] R=-9029.1 C=  16 Safe=97.50% SAI=1.000 Jain=1.000 PeakMF=0.563
[Ep  1900 | Step   912,000/2,000,000 | 231 sps] R=-10572.1 C= 336 Safe=71.88% SAI=1.000 Jain=1.000 PeakMF=0.563
[Ep  1900 | Step   912,000/2,000,000 | 226 sps] R=-9126.6 C=  34 Safe=95.00% SAI=1.000 Jain=1.000 PeakMF=0.563
[Ep  1900 | Step   912,000/2,000,000 | 221 sps] R=-9036.4 C=  13 Safe=97.92% SAI=1.000 Jain=1.000 PeakMF=0.563
[Ep  1850 | Step   888,000/2,000,000 | 219 sps] R=-8564.3 C= 446 Safe=70.21% SAI=1.000 Jain=1.000 PeakMF=0.513
[Ep  2000 | Step   960,000/2,000,000 | 224 sps] R=-9112.1 C=  37 Safe=95.00% SAI=1.000 Jain=1.000 PeakMF=0.563
[Ep  1750 | Step   840,000/2,000,000 | 225 sps] R=-9016.2 C=   9 Safe=98.12% SAI=1.000 Jain=1.000 PeakMF=0.563
[Ep  1950 | Step   936,000/2,000,000 | 231 sps] R=-10607.4 C= 340 Safe=68.33% SAI=1.000 Jain=1.000 PeakMF=0.563
[Ep  1950 | Step   936,000/2,000,000 | 226 sps] R=-9131.6 C=  35 Safe=95.00% SAI=1.000 Jain=1.000 PeakMF=0.563
[Ep  1950 | Step   936,000/2,000,000 | 220 sps] R=-9029.4 C=  13 Safe=97.92% SAI=1.000 Jain=1.000 PeakMF=0.563
[Ep  1900 | Step   912,000/2,000,000 | 219 sps] R=-6757.8 C=  65 Safe=89.17% SAI=1.000 Jain=1.000 PeakMF=0.516
[Ep  2050 | Step   984,000/2,000,000 | 224 sps] R=-9102.0 C=  35 Safe=95.62% SAI=1.000 Jain=1.000 PeakMF=0.563
[Ep  1800 | Step   864,000/2,000,000 | 224 sps] R=-9021.6 C=  13 Safe=98.12% SAI=1.000 Jain=1.000 PeakMF=0.563
[Ep  2000 | Step   960,000/2,000,000 | 231 sps] R=-10579.7 C= 339 Safe=70.00% SAI=1.000 Jain=1.000 PeakMF=0.563
[Ep  2000 | Step   960,000/2,000,000 | 226 sps] R=-9121.7 C=  39 Safe=94.38% SAI=1.000 Jain=1.000 PeakMF=0.563
[Ep  2000 | Step   960,000/2,000,000 | 220 sps] R=-9016.3 C=   9 Safe=98.33% SAI=1.000 Jain=1.000 PeakMF=0.563
[Ep  1950 | Step   936,000/2,000,000 | 219 sps] R=-7032.4 C= 119 Safe=79.79% SAI=1.000 Jain=1.000 PeakMF=0.517
[Ep  2100 | Step 1,008,000/2,000,000 | 224 sps] R=-9157.5 C=  46 Safe=95.62% SAI=1.000 Jain=1.000 PeakMF=0.563
[Ep  1850 | Step   888,000/2,000,000 | 224 sps] R=-9107.1 C=  36 Safe=93.54% SAI=1.000 Jain=1.000 PeakMF=0.563
[Ep  2050 | Step   984,000/2,000,000 | 231 sps] R=-10672.3 C= 356 Safe=76.46% SAI=1.000 Jain=1.000 PeakMF=0.563
[Ep  2050 | Step   984,000/2,000,000 | 226 sps] R=-9242.1 C=  63 Safe=90.83% SAI=1.000 Jain=1.000 PeakMF=0.563
[Ep  2050 | Step   984,000/2,000,000 | 220 sps] R=-9021.5 C=  13 Safe=98.33% SAI=1.000 Jain=1.000 PeakMF=0.563
[Ep  2000 | Step   960,000/2,000,000 | 219 sps] R=-6759.9 C=  72 Safe=86.25% SAI=1.000 Jain=1.000 PeakMF=0.527
[Ep  2150 | Step 1,032,000/2,000,000 | 224 sps] R=-9152.1 C=  45 Safe=94.58% SAI=1.000 Jain=1.000 PeakMF=0.563
[Ep  2100 | Step 1,008,000/2,000,000 | 231 sps] R=-10669.9 C= 357 Safe=67.92% SAI=1.000 Jain=1.000 PeakMF=0.563
[Ep  2100 | Step 1,008,000/2,000,000 | 226 sps] R=-9206.9 C=  56 Safe=91.88% SAI=1.000 Jain=1.000 PeakMF=0.563
[Ep  1900 | Step   912,000/2,000,000 | 223 sps] R=-9122.2 C=  39 Safe=94.17% SAI=1.000 Jain=1.000 PeakMF=0.563
[Ep  2100 | Step 1,008,000/2,000,000 | 220 sps] R=-8994.0 C=   6 Safe=98.75% SAI=1.000 Jain=1.000 PeakMF=0.563
[Ep  2050 | Step   984,000/2,000,000 | 220 sps] R=-6868.5 C=  76 Safe=85.42% SAI=1.000 Jain=1.000 PeakMF=0.522
[Ep  2200 | Step 1,056,000/2,000,000 | 224 sps] R=-9142.2 C=  43 Safe=95.62% SAI=1.000 Jain=1.000 PeakMF=0.563
[Ep  2150 | Step 1,032,000/2,000,000 | 231 sps] R=-10562.1 C= 334 Safe=75.42% SAI=1.000 Jain=1.000 PeakMF=0.563
[Ep  2150 | Step 1,032,000/2,000,000 | 226 sps] R=-9152.0 C=  45 Safe=93.33% SAI=1.000 Jain=1.000 PeakMF=0.563
[Ep  1950 | Step   936,000/2,000,000 | 223 sps] R=-9137.1 C=  42 Safe=94.58% SAI=1.000 Jain=1.000 PeakMF=0.563
[Ep  2150 | Step 1,032,000/2,000,000 | 219 sps] R=-9024.4 C=  18 Safe=96.88% SAI=1.000 Jain=1.000 PeakMF=0.563
[Ep  2100 | Step 1,008,000/2,000,000 | 220 sps] R=-6583.8 C=  30 Safe=93.96% SAI=1.000 Jain=1.000 PeakMF=0.514
[Ep  2250 | Step 1,080,000/2,000,000 | 224 sps] R=-9142.1 C=  43 Safe=95.00% SAI=1.000 Jain=1.000 PeakMF=0.563
[Ep  2200 | Step 1,056,000/2,000,000 | 231 sps] R=-10612.3 C= 344 Safe=71.04% SAI=1.000 Jain=1.000 PeakMF=0.563
[Ep  2200 | Step 1,056,000/2,000,000 | 226 sps] R=-9197.1 C=  54 Safe=92.29% SAI=1.000 Jain=1.000 PeakMF=0.563
[Ep  2000 | Step   960,000/2,000,000 | 223 sps] R=-9157.3 C=  46 Safe=93.75% SAI=1.000 Jain=1.000 PeakMF=0.563
[Ep  2200 | Step 1,056,000/2,000,000 | 219 sps] R=-8981.2 C=   2 Safe=99.58% SAI=1.000 Jain=1.000 PeakMF=0.563
[Ep  2300 | Step 1,104,000/2,000,000 | 224 sps] R=-9061.9 C=  27 Safe=96.88% SAI=1.000 Jain=1.000 PeakMF=0.563
[Ep  2150 | Step 1,032,000/2,000,000 | 219 sps] R=-7307.8 C= 181 Safe=64.17% SAI=1.000 Jain=1.000 PeakMF=0.514
[Ep  2250 | Step 1,080,000/2,000,000 | 231 sps] R=-9016.4 C=   9 Safe=98.12% SAI=1.000 Jain=1.000 PeakMF=0.563
[Ep  2250 | Step 1,080,000/2,000,000 | 226 sps] R=-9144.4 C=  42 Safe=93.96% SAI=1.000 Jain=1.000 PeakMF=0.563
[Ep  2050 | Step   984,000/2,000,000 | 222 sps] R=-9192.3 C=  53 Safe=92.08% SAI=1.000 Jain=1.000 PeakMF=0.563
[Ep  2250 | Step 1,080,000/2,000,000 | 219 sps] R=-9039.3 C=  18 Safe=97.08% SAI=1.000 Jain=1.000 PeakMF=0.563
[Ep  2350 | Step 1,128,000/2,000,000 | 224 sps] R=-9112.0 C=  37 Safe=95.62% SAI=1.000 Jain=1.000 PeakMF=0.563
[Ep  2200 | Step 1,056,000/2,000,000 | 219 sps] R=-6477.3 C=  11 Safe=97.92% SAI=1.000 Jain=1.000 PeakMF=0.517
[Ep  2300 | Step 1,104,000/2,000,000 | 231 sps] R=-9016.3 C=   9 Safe=98.33% SAI=1.000 Jain=1.000 PeakMF=0.563
[Ep  2300 | Step 1,104,000/2,000,000 | 226 sps] R=-9222.1 C=  59 Safe=91.25% SAI=1.000 Jain=1.000 PeakMF=0.563
[Ep  2100 | Step 1,008,000/2,000,000 | 222 sps] R=-9342.5 C=  83 Safe=91.88% SAI=1.000 Jain=1.000 PeakMF=0.563
[Ep  2400 | Step 1,152,000/2,000,000 | 224 sps] R=-9122.0 C=  39 Safe=96.67% SAI=1.000 Jain=1.000 PeakMF=0.563
[Ep  2300 | Step 1,104,000/2,000,000 | 219 sps] R=-9077.1 C=  30 Safe=96.25% SAI=1.000 Jain=1.000 PeakMF=0.563
[Ep  2250 | Step 1,080,000/2,000,000 | 219 sps] R=-7487.7 C= 244 Safe=63.33% SAI=1.000 Jain=1.000 PeakMF=0.521
[Ep  2350 | Step 1,128,000/2,000,000 | 231 sps] R=-8993.8 C=   3 Safe=99.38% SAI=1.000 Jain=1.000 PeakMF=0.563
[Ep  2350 | Step 1,128,000/2,000,000 | 226 sps] R=-9159.8 C=  45 Safe=92.92% SAI=1.000 Jain=1.000 PeakMF=0.563
[Ep  2150 | Step 1,032,000/2,000,000 | 222 sps] R=-9308.0 C=  76 Safe=91.46% SAI=1.000 Jain=1.000 PeakMF=0.563
[Ep  2450 | Step 1,176,000/2,000,000 | 224 sps] R=-9122.6 C=  39 Safe=96.25% SAI=1.000 Jain=1.000 PeakMF=0.563
[Ep  2350 | Step 1,128,000/2,000,000 | 219 sps] R=-9102.0 C=  35 Safe=96.04% SAI=1.000 Jain=1.000 PeakMF=0.563
[Ep  2400 | Step 1,152,000/2,000,000 | 231 sps] R=-9001.3 C=   6 Safe=98.75% SAI=1.000 Jain=1.000 PeakMF=0.563
[Ep  2400 | Step 1,152,000/2,000,000 | 226 sps] R=-9040.0 C=  18 Safe=96.67% SAI=1.000 Jain=1.000 PeakMF=0.563
[Ep  2300 | Step 1,104,000/2,000,000 | 218 sps] R=-6944.9 C= 118 Safe=79.58% SAI=1.000 Jain=1.000 PeakMF=0.523
[Ep  2200 | Step 1,056,000/2,000,000 | 222 sps] R=-9077.2 C=  30 Safe=95.21% SAI=1.000 Jain=1.000 PeakMF=0.563
[Ep  2500 | Step 1,200,000/2,000,000 | 225 sps] R=-9177.1 C=  50 Safe=95.21% SAI=1.000 Jain=1.000 PeakMF=0.563
[Ep  2400 | Step 1,152,000/2,000,000 | 219 sps] R=-9112.2 C=  37 Safe=96.88% SAI=1.000 Jain=1.000 PeakMF=0.563
[Ep  2450 | Step 1,176,000/2,000,000 | 231 sps] R=-9034.8 C=  12 Safe=97.71% SAI=1.000 Jain=1.000 PeakMF=0.563
[Ep  2450 | Step 1,176,000/2,000,000 | 226 sps] R=-9041.6 C=  17 Safe=96.88% SAI=1.000 Jain=1.000 PeakMF=0.563
[Ep  2350 | Step 1,128,000/2,000,000 | 218 sps] R=-6424.7 C=   5 Safe=98.96% SAI=1.000 Jain=1.000 PeakMF=0.524
[Ep  2250 | Step 1,080,000/2,000,000 | 221 sps] R=-9107.2 C=  36 Safe=95.21% SAI=1.000 Jain=1.000 PeakMF=0.563
[Ep  2550 | Step 1,224,000/2,000,000 | 225 sps] R=-9007.0 C=  16 Safe=97.71% SAI=1.000 Jain=1.000 PeakMF=0.563
[Ep  2450 | Step 1,176,000/2,000,000 | 219 sps] R=-9087.2 C=  32 Safe=96.04% SAI=1.000 Jain=1.000 PeakMF=0.563
[Ep  2500 | Step 1,200,000/2,000,000 | 231 sps] R=-9106.8 C=  33 Safe=95.00% SAI=1.000 Jain=1.000 PeakMF=0.563
[Ep  2500 | Step 1,200,000/2,000,000 | 226 sps] R=-9021.4 C=  13 Safe=97.71% SAI=1.000 Jain=1.000 PeakMF=0.563
[Ep  2400 | Step 1,152,000/2,000,000 | 218 sps] R=-7071.0 C= 155 Safe=76.88% SAI=1.000 Jain=1.000 PeakMF=0.531
[Ep  2300 | Step 1,104,000/2,000,000 | 221 sps] R=-9212.4 C=  57 Safe=92.08% SAI=1.000 Jain=1.000 PeakMF=0.563
[Ep  2600 | Step 1,248,000/2,000,000 | 225 sps] R=-9117.0 C=  38 Safe=96.67% SAI=1.000 Jain=1.000 PeakMF=0.563
[Ep  2550 | Step 1,224,000/2,000,000 | 231 sps] R=-9116.6 C=  32 Safe=95.62% SAI=1.000 Jain=1.000 PeakMF=0.563
[Ep  2500 | Step 1,200,000/2,000,000 | 219 sps] R=-8981.3 C=   2 Safe=99.58% SAI=1.000 Jain=1.000 PeakMF=0.563
[Ep  2550 | Step 1,224,000/2,000,000 | 226 sps] R=-8981.2 C=   2 Safe=99.58% SAI=1.000 Jain=1.000 PeakMF=0.563
[Ep  2450 | Step 1,176,000/2,000,000 | 218 sps] R=-6900.0 C= 121 Safe=77.50% SAI=1.000 Jain=1.000 PeakMF=0.539
[Ep  2650 | Step 1,272,000/2,000,000 | 225 sps] R=-9062.1 C=  27 Safe=97.08% SAI=1.000 Jain=1.000 PeakMF=0.563
[Ep  2350 | Step 1,128,000/2,000,000 | 221 sps] R=-9021.9 C=  16 Safe=96.88% SAI=1.000 Jain=1.000 PeakMF=0.563
[Ep  2600 | Step 1,248,000/2,000,000 | 231 sps] R=-9064.0 C=  20 Safe=96.88% SAI=1.000 Jain=1.000 PeakMF=0.563
[Ep  2600 | Step 1,248,000/2,000,000 | 226 sps] R=-8986.1 C=   3 Safe=99.38% SAI=1.000 Jain=1.000 PeakMF=0.563
[Ep  2550 | Step 1,224,000/2,000,000 | 219 sps] R=-9072.1 C=  29 Safe=97.71% SAI=1.000 Jain=1.000 PeakMF=0.563
[Ep  2500 | Step 1,200,000/2,000,000 | 218 sps] R=-7442.3 C= 239 Safe=73.12% SAI=1.000 Jain=1.000 PeakMF=0.534
[Ep  2700 | Step 1,296,000/2,000,000 | 225 sps] R=-9092.0 C=  33 Safe=96.25% SAI=1.000 Jain=1.000 PeakMF=0.563
[Ep  2400 | Step 1,152,000/2,000,000 | 221 sps] R=-8982.0 C=   5 Safe=98.96% SAI=1.000 Jain=1.000 PeakMF=0.563
[Ep  2650 | Step 1,272,000/2,000,000 | 231 sps] R=-9006.5 C=   7 Safe=98.75% SAI=1.000 Jain=1.000 PeakMF=0.563
[Ep  2650 | Step 1,272,000/2,000,000 | 227 sps] R=-8991.2 C=   4 Safe=99.17% SAI=1.000 Jain=1.000 PeakMF=0.563
[Ep  2600 | Step 1,248,000/2,000,000 | 219 sps] R=-8992.0 C=  13 Safe=97.71% SAI=1.000 Jain=1.000 PeakMF=0.563
[Ep  2550 | Step 1,224,000/2,000,000 | 217 sps] R=-6604.6 C=  66 Safe=86.67% SAI=1.000 Jain=1.000 PeakMF=0.525
[Ep  2750 | Step 1,320,000/2,000,000 | 225 sps] R=-9092.0 C=  33 Safe=97.71% SAI=1.000 Jain=1.000 PeakMF=0.563
[Ep  2700 | Step 1,296,000/2,000,000 | 231 sps] R=-9151.8 C=  45 Safe=94.79% SAI=1.000 Jain=1.000 PeakMF=0.563
[Ep  2450 | Step 1,176,000/2,000,000 | 221 sps] R=-9072.1 C=  29 Safe=96.88% SAI=1.000 Jain=1.000 PeakMF=0.563
[Ep  2700 | Step 1,296,000/2,000,000 | 227 sps] R=-9024.3 C=  18 Safe=97.50% SAI=1.000 Jain=1.000 PeakMF=0.563
[Ep  2650 | Step 1,272,000/2,000,000 | 219 sps] R=-9067.1 C=  28 Safe=96.88% SAI=1.000 Jain=1.000 PeakMF=0.563
[Ep  2600 | Step 1,248,000/2,000,000 | 217 sps] R=-6468.1 C=  40 Safe=92.08% SAI=1.000 Jain=1.000 PeakMF=0.532
[Ep  2800 | Step 1,344,000/2,000,000 | 225 sps] R=-9086.9 C=  32 Safe=96.67% SAI=1.000 Jain=1.000 PeakMF=0.563
[Ep  2750 | Step 1,320,000/2,000,000 | 231 sps] R=-9096.9 C=  34 Safe=94.58% SAI=1.000 Jain=1.000 PeakMF=0.563
[Ep  2750 | Step 1,320,000/2,000,000 | 227 sps] R=-9102.1 C=  35 Safe=95.21% SAI=1.000 Jain=1.000 PeakMF=0.563
[Ep  2500 | Step 1,200,000/2,000,000 | 220 sps] R=-9062.1 C=  27 Safe=95.83% SAI=1.000 Jain=1.000 PeakMF=0.563
[Ep  2700 | Step 1,296,000/2,000,000 | 219 sps] R=-9022.1 C=  19 Safe=97.29% SAI=1.000 Jain=1.000 PeakMF=0.563
[Ep  2850 | Step 1,368,000/2,000,000 | 225 sps] R=-9077.3 C=  30 Safe=96.88% SAI=1.000 Jain=1.000 PeakMF=0.563
[Ep  2650 | Step 1,272,000/2,000,000 | 217 sps] R=-6348.2 C=   8 Safe=98.33% SAI=1.000 Jain=1.000 PeakMF=0.532
[Ep  2800 | Step 1,344,000/2,000,000 | 231 sps] R=-9176.9 C=  50 Safe=95.62% SAI=1.000 Jain=1.000 PeakMF=0.563
[Ep  2800 | Step 1,344,000/2,000,000 | 227 sps] R=-9067.0 C=  28 Safe=96.88% SAI=1.000 Jain=1.000 PeakMF=0.563
[Ep  2550 | Step 1,224,000/2,000,000 | 220 sps] R=-9082.1 C=  31 Safe=96.04% SAI=1.000 Jain=1.000 PeakMF=0.563
[Ep  2750 | Step 1,320,000/2,000,000 | 219 sps] R=-9052.1 C=  25 Safe=97.92% SAI=1.000 Jain=1.000 PeakMF=0.563
[Ep  2900 | Step 1,392,000/2,000,000 | 225 sps] R=-9067.0 C=  28 Safe=97.92% SAI=1.000 Jain=1.000 PeakMF=0.563
[Ep  2850 | Step 1,368,000/2,000,000 | 231 sps] R=-9142.0 C=  43 Safe=95.83% SAI=1.000 Jain=1.000 PeakMF=0.563
[Ep  2700 | Step 1,296,000/2,000,000 | 216 sps] R=-6589.5 C=  65 Safe=88.75% SAI=1.000 Jain=1.000 PeakMF=0.531
[Ep  2850 | Step 1,368,000/2,000,000 | 227 sps] R=-9082.2 C=  31 Safe=96.46% SAI=1.000 Jain=1.000 PeakMF=0.563
[Ep  2600 | Step 1,248,000/2,000,000 | 220 sps] R=-9087.0 C=  32 Safe=96.04% SAI=1.000 Jain=1.000 PeakMF=0.563
[Ep  2800 | Step 1,344,000/2,000,000 | 219 sps] R=-9082.1 C=  31 Safe=96.25% SAI=1.000 Jain=1.000 PeakMF=0.563
[Ep  2950 | Step 1,416,000/2,000,000 | 225 sps] R=-9117.1 C=  38 Safe=96.67% SAI=1.000 Jain=1.000 PeakMF=0.563
[Ep  2900 | Step 1,392,000/2,000,000 | 231 sps] R=-9147.1 C=  44 Safe=94.79% SAI=1.000 Jain=1.000 PeakMF=0.563
[Ep  2750 | Step 1,320,000/2,000,000 | 216 sps] R=-6712.2 C=  94 Safe=82.08% SAI=1.000 Jain=1.000 PeakMF=0.532
[Ep  2900 | Step 1,392,000/2,000,000 | 227 sps] R=-8976.8 C=  10 Safe=98.12% SAI=1.000 Jain=1.000 PeakMF=0.563
[Ep  2650 | Step 1,272,000/2,000,000 | 220 sps] R=-9062.1 C=  27 Safe=96.88% SAI=1.000 Jain=1.000 PeakMF=0.563
[Ep  2850 | Step 1,368,000/2,000,000 | 219 sps] R=-9047.1 C=  24 Safe=97.92% SAI=1.000 Jain=1.000 PeakMF=0.563
[Ep  3000 | Step 1,440,000/2,000,000 | 225 sps] R=-9072.0 C=  29 Safe=96.88% SAI=1.000 Jain=1.000 PeakMF=0.563
[Ep  2950 | Step 1,416,000/2,000,000 | 231 sps] R=-9212.0 C=  57 Safe=94.79% SAI=1.000 Jain=1.000 PeakMF=0.563
[Ep  2950 | Step 1,416,000/2,000,000 | 227 sps] R=-8969.3 C=   7 Safe=98.75% SAI=1.000 Jain=1.000 PeakMF=0.563
[Ep  2800 | Step 1,344,000/2,000,000 | 216 sps] R=-6408.2 C=  32 Safe=93.54% SAI=1.000 Jain=1.000 PeakMF=0.536
[Ep  2700 | Step 1,296,000/2,000,000 | 219 sps] R=-9082.1 C=  31 Safe=96.46% SAI=1.000 Jain=1.000 PeakMF=0.563
[Ep  2900 | Step 1,392,000/2,000,000 | 219 sps] R=-8967.0 C=   8 Safe=98.54% SAI=1.000 Jain=1.000 PeakMF=0.563
[Ep  3050 | Step 1,464,000/2,000,000 | 225 sps] R=-9057.0 C=  26 Safe=97.50% SAI=1.000 Jain=1.000 PeakMF=0.563
[Ep  3000 | Step 1,440,000/2,000,000 | 231 sps] R=-9127.3 C=  40 Safe=94.79% SAI=1.000 Jain=1.000 PeakMF=0.563
[Ep  3000 | Step 1,440,000/2,000,000 | 227 sps] R=-9092.1 C=  33 Safe=96.25% SAI=1.000 Jain=1.000 PeakMF=0.563
[Ep  2850 | Step 1,368,000/2,000,000 | 216 sps] R=-7012.5 C= 159 Safe=77.08% SAI=1.000 Jain=1.000 PeakMF=0.529
[Ep  2950 | Step 1,416,000/2,000,000 | 219 sps] R=-9097.2 C=  34 Safe=96.46% SAI=1.000 Jain=1.000 PeakMF=0.563
[Ep  2750 | Step 1,320,000/2,000,000 | 219 sps] R=-9077.4 C=  30 Safe=95.42% SAI=1.000 Jain=1.000 PeakMF=0.563
[Ep  3100 | Step 1,488,000/2,000,000 | 225 sps] R=-9092.2 C=  33 Safe=96.67% SAI=1.000 Jain=1.000 PeakMF=0.563
[Ep  3050 | Step 1,464,000/2,000,000 | 231 sps] R=-9091.9 C=  33 Safe=95.83% SAI=1.000 Jain=1.000 PeakMF=0.563
[Ep  3050 | Step 1,464,000/2,000,000 | 227 sps] R=-9102.1 C=  35 Safe=96.25% SAI=1.000 Jain=1.000 PeakMF=0.563
[Ep  2900 | Step 1,392,000/2,000,000 | 216 sps] R=-6541.1 C=  55 Safe=89.38% SAI=1.000 Jain=1.000 PeakMF=0.535
[Ep  2800 | Step 1,344,000/2,000,000 | 219 sps] R=-9072.1 C=  29 Safe=95.62% SAI=1.000 Jain=1.000 PeakMF=0.563
[Ep  3000 | Step 1,440,000/2,000,000 | 219 sps] R=-9042.2 C=  23 Safe=97.29% SAI=1.000 Jain=1.000 PeakMF=0.563
[Ep  3150 | Step 1,512,000/2,000,000 | 225 sps] R=-9112.1 C=  37 Safe=96.67% SAI=1.000 Jain=1.000 PeakMF=0.563
[Ep  3100 | Step 1,488,000/2,000,000 | 230 sps] R=-9111.9 C=  37 Safe=96.04% SAI=1.000 Jain=1.000 PeakMF=0.563
[Ep  3100 | Step 1,488,000/2,000,000 | 227 sps] R=-9001.7 C=   9 Safe=98.54% SAI=1.000 Jain=1.000 PeakMF=0.563
[Ep  2950 | Step 1,416,000/2,000,000 | 216 sps] R=-6515.6 C=  63 Safe=87.71% SAI=1.000 Jain=1.000 PeakMF=0.533
[Ep  2850 | Step 1,368,000/2,000,000 | 220 sps] R=-9077.4 C=  30 Safe=96.25% SAI=1.000 Jain=1.000 PeakMF=0.563
[Ep  3050 | Step 1,464,000/2,000,000 | 218 sps] R=-9022.0 C=  19 Safe=97.50% SAI=1.000 Jain=1.000 PeakMF=0.563
[Ep  3200 | Step 1,536,000/2,000,000 | 225 sps] R=-9027.0 C=  20 Safe=97.50% SAI=1.000 Jain=1.000 PeakMF=0.563
[Ep  3150 | Step 1,512,000/2,000,000 | 230 sps] R=-9132.2 C=  41 Safe=95.42% SAI=1.000 Jain=1.000 PeakMF=0.563
[Ep  3150 | Step 1,512,000/2,000,000 | 227 sps] R=-8961.8 C=   7 Safe=98.54% SAI=1.000 Jain=1.000 PeakMF=0.563
[Ep  2900 | Step 1,392,000/2,000,000 | 220 sps] R=-9272.5 C=  69 Safe=93.54% SAI=1.000 Jain=1.000 PeakMF=0.563
[Ep  3000 | Step 1,440,000/2,000,000 | 215 sps] R=-6460.5 C=  62 Safe=89.17% SAI=1.000 Jain=1.000 PeakMF=0.535
[Ep  3100 | Step 1,488,000/2,000,000 | 218 sps] R=-8987.0 C=  12 Safe=97.71% SAI=1.000 Jain=1.000 PeakMF=0.563
[Ep  3250 | Step 1,560,000/2,000,000 | 225 sps] R=-9107.2 C=  36 Safe=96.04% SAI=1.000 Jain=1.000 PeakMF=0.563
[Ep  3200 | Step 1,536,000/2,000,000 | 230 sps] R=-9112.1 C=  37 Safe=96.46% SAI=1.000 Jain=1.000 PeakMF=0.563
[Ep  3200 | Step 1,536,000/2,000,000 | 227 sps] R=-9077.1 C=  30 Safe=97.29% SAI=1.000 Jain=1.000 PeakMF=0.563
[Ep  2950 | Step 1,416,000/2,000,000 | 219 sps] R=-9242.5 C=  63 Safe=92.29% SAI=1.000 Jain=1.000 PeakMF=0.563
[Ep  3050 | Step 1,464,000/2,000,000 | 215 sps] R=-7491.6 C= 271 Safe=65.62% SAI=1.000 Jain=1.000 PeakMF=0.535
[Ep  3150 | Step 1,512,000/2,000,000 | 218 sps] R=-8986.4 C=   3 Safe=99.38% SAI=1.000 Jain=1.000 PeakMF=0.563
[Ep  3300 | Step 1,584,000/2,000,000 | 225 sps] R=-9037.2 C=  22 Safe=97.29% SAI=1.000 Jain=1.000 PeakMF=0.563
[Ep  3250 | Step 1,560,000/2,000,000 | 230 sps] R=-9222.1 C=  59 Safe=94.17% SAI=1.000 Jain=1.000 PeakMF=0.563
[Ep  3250 | Step 1,560,000/2,000,000 | 227 sps] R=-9047.1 C=  24 Safe=96.67% SAI=1.000 Jain=1.000 PeakMF=0.563
[Ep  3000 | Step 1,440,000/2,000,000 | 219 sps] R=-9207.5 C=  56 Safe=94.79% SAI=1.000 Jain=1.000 PeakMF=0.563
[Ep  3100 | Step 1,488,000/2,000,000 | 215 sps] R=-6375.2 C=  36 Safe=92.50% SAI=1.000 Jain=1.000 PeakMF=0.533
[Ep  3200 | Step 1,536,000/2,000,000 | 218 sps] R=-9067.4 C=  28 Safe=96.46% SAI=1.000 Jain=1.000 PeakMF=0.563
[Ep  3350 | Step 1,608,000/2,000,000 | 225 sps] R=-9042.0 C=  23 Safe=97.92% SAI=1.000 Jain=1.000 PeakMF=0.563
[Ep  3300 | Step 1,584,000/2,000,000 | 230 sps] R=-9152.2 C=  45 Safe=95.21% SAI=1.000 Jain=1.000 PeakMF=0.563
[Ep  3300 | Step 1,584,000/2,000,000 | 227 sps] R=-9042.2 C=  23 Safe=97.29% SAI=1.000 Jain=1.000 PeakMF=0.563
[Ep  3050 | Step 1,464,000/2,000,000 | 219 sps] R=-9137.4 C=  42 Safe=94.58% SAI=1.000 Jain=1.000 PeakMF=0.563
[Ep  3150 | Step 1,512,000/2,000,000 | 215 sps] R=-6381.6 C=  35 Safe=92.71% SAI=1.000 Jain=1.000 PeakMF=0.533
[Ep  3400 | Step 1,632,000/2,000,000 | 225 sps] R=-9072.0 C=  29 Safe=97.50% SAI=1.000 Jain=1.000 PeakMF=0.563
[Ep  3350 | Step 1,608,000/2,000,000 | 230 sps] R=-9107.1 C=  36 Safe=95.62% SAI=1.000 Jain=1.000 PeakMF=0.563
[Ep  3250 | Step 1,560,000/2,000,000 | 218 sps] R=-8974.3 C=   5 Safe=98.96% SAI=1.000 Jain=1.000 PeakMF=0.563
[Ep  3350 | Step 1,608,000/2,000,000 | 227 sps] R=-9052.1 C=  25 Safe=97.08% SAI=1.000 Jain=1.000 PeakMF=0.563
[Ep  3100 | Step 1,488,000/2,000,000 | 219 sps] R=-9147.5 C=  44 Safe=93.96% SAI=1.000 Jain=1.000 PeakMF=0.563
[Ep  3450 | Step 1,656,000/2,000,000 | 225 sps] R=-9042.1 C=  23 Safe=96.88% SAI=1.000 Jain=1.000 PeakMF=0.563
[Ep  3200 | Step 1,536,000/2,000,000 | 215 sps] R=-6289.2 C=  23 Safe=95.21% SAI=1.000 Jain=1.000 PeakMF=0.537
[Ep  3400 | Step 1,632,000/2,000,000 | 230 sps] R=-9147.1 C=  44 Safe=94.58% SAI=1.000 Jain=1.000 PeakMF=0.563
[Ep  3400 | Step 1,632,000/2,000,000 | 227 sps] R=-9002.0 C=  15 Safe=97.29% SAI=1.000 Jain=1.000 PeakMF=0.563
[Ep  3300 | Step 1,584,000/2,000,000 | 218 sps] R=-8939.2 C=   1 Safe=99.79% SAI=1.000 Jain=1.000 PeakMF=0.563
[Ep  3150 | Step 1,512,000/2,000,000 | 219 sps] R=-9107.4 C=  36 Safe=94.58% SAI=1.000 Jain=1.000 PeakMF=0.563
[Ep  3500 | Step 1,680,000/2,000,000 | 225 sps] R=-9077.1 C=  30 Safe=97.08% SAI=1.000 Jain=1.000 PeakMF=0.563
[Ep  3450 | Step 1,656,000/2,000,000 | 230 sps] R=-9027.0 C=  20 Safe=97.50% SAI=1.000 Jain=1.000 PeakMF=0.563
[Ep  3450 | Step 1,656,000/2,000,000 | 227 sps] R=-9052.0 C=  25 Safe=97.08% SAI=1.000 Jain=1.000 PeakMF=0.563
[Ep  3250 | Step 1,560,000/2,000,000 | 215 sps] R=-6294.6 C=  26 Safe=95.00% SAI=1.000 Jain=1.000 PeakMF=0.537
[Ep  3350 | Step 1,608,000/2,000,000 | 217 sps] R=-8954.3 C=   4 Safe=99.17% SAI=1.000 Jain=1.000 PeakMF=0.563
[Ep  3200 | Step 1,536,000/2,000,000 | 220 sps] R=-9177.5 C=  50 Safe=95.21% SAI=1.000 Jain=1.000 PeakMF=0.563
[Ep  3500 | Step 1,680,000/2,000,000 | 227 sps] R=-9077.2 C=  30 Safe=96.46% SAI=1.000 Jain=1.000 PeakMF=0.563
[Ep  3550 | Step 1,704,000/2,000,000 | 225 sps] R=-9082.1 C=  31 Safe=97.29% SAI=1.000 Jain=1.000 PeakMF=0.563
[Ep  3500 | Step 1,680,000/2,000,000 | 230 sps] R=-9092.0 C=  33 Safe=96.67% SAI=1.000 Jain=1.000 PeakMF=0.563
[Ep  3300 | Step 1,584,000/2,000,000 | 215 sps] R=-6401.7 C=  48 Safe=90.21% SAI=1.000 Jain=1.000 PeakMF=0.535
[Ep  3400 | Step 1,632,000/2,000,000 | 217 sps] R=-8992.2 C=  13 Safe=98.12% SAI=1.000 Jain=1.000 PeakMF=0.563
[Ep  3550 | Step 1,704,000/2,000,000 | 228 sps] R=-8976.6 C=   1 Safe=99.79% SAI=1.000 Jain=1.000 PeakMF=0.563
[Ep  3250 | Step 1,560,000/2,000,000 | 220 sps] R=-9157.5 C=  46 Safe=94.79% SAI=1.000 Jain=1.000 PeakMF=0.563
[Ep  3600 | Step 1,728,000/2,000,000 | 225 sps] R=-9017.1 C=  18 Safe=97.29% SAI=1.000 Jain=1.000 PeakMF=0.563
[Ep  3550 | Step 1,704,000/2,000,000 | 230 sps] R=-9097.1 C=  34 Safe=96.25% SAI=1.000 Jain=1.000 PeakMF=0.563
[Ep  3350 | Step 1,608,000/2,000,000 | 215 sps] R=-6393.7 C=  41 Safe=91.46% SAI=1.000 Jain=1.000 PeakMF=0.533
[Ep  3450 | Step 1,656,000/2,000,000 | 218 sps] R=-9052.1 C=  25 Safe=97.71% SAI=1.000 Jain=1.000 PeakMF=0.563
[Ep  3600 | Step 1,728,000/2,000,000 | 229 sps] R=-8987.1 C=  12 Safe=97.71% SAI=1.000 Jain=1.000 PeakMF=0.563
[Ep  3300 | Step 1,584,000/2,000,000 | 220 sps] R=-9037.1 C=  22 Safe=97.50% SAI=1.000 Jain=1.000 PeakMF=0.563
[Ep  3650 | Step 1,752,000/2,000,000 | 225 sps] R=-9052.0 C=  25 Safe=97.50% SAI=1.000 Jain=1.000 PeakMF=0.563
[Ep  3600 | Step 1,728,000/2,000,000 | 230 sps] R=-9071.9 C=  29 Safe=96.04% SAI=1.000 Jain=1.000 PeakMF=0.563
[Ep  3650 | Step 1,752,000/2,000,000 | 229 sps] R=-9057.0 C=  26 Safe=97.29% SAI=1.000 Jain=1.000 PeakMF=0.563
[Ep  3400 | Step 1,632,000/2,000,000 | 215 sps] R=-6391.8 C=  28 Safe=95.00% SAI=1.000 Jain=1.000 PeakMF=0.534
[Ep  3500 | Step 1,680,000/2,000,000 | 217 sps] R=-9057.2 C=  26 Safe=96.88% SAI=1.000 Jain=1.000 PeakMF=0.563
[Ep  3350 | Step 1,608,000/2,000,000 | 220 sps] R=-9082.3 C=  31 Safe=96.25% SAI=1.000 Jain=1.000 PeakMF=0.563
[Ep  3700 | Step 1,776,000/2,000,000 | 226 sps] R=-9047.1 C=  24 Safe=97.50% SAI=1.000 Jain=1.000 PeakMF=0.563
[Ep  3650 | Step 1,752,000/2,000,000 | 231 sps] R=-9067.0 C=  28 Safe=96.67% SAI=1.000 Jain=1.000 PeakMF=0.563
[Ep  3700 | Step 1,776,000/2,000,000 | 229 sps] R=-8992.1 C=  13 Safe=97.92% SAI=1.000 Jain=1.000 PeakMF=0.563
[Ep  3450 | Step 1,656,000/2,000,000 | 215 sps] R=-6650.7 C=  92 Safe=82.29% SAI=1.000 Jain=1.000 PeakMF=0.532
[Ep  3550 | Step 1,704,000/2,000,000 | 218 sps] R=-9022.2 C=  19 Safe=97.71% SAI=1.000 Jain=1.000 PeakMF=0.563
[Ep  3400 | Step 1,632,000/2,000,000 | 221 sps] R=-8992.2 C=  13 Safe=98.12% SAI=1.000 Jain=1.000 PeakMF=0.563
[Ep  3750 | Step 1,800,000/2,000,000 | 226 sps] R=-9047.1 C=  24 Safe=97.29% SAI=1.000 Jain=1.000 PeakMF=0.563
[Ep  3700 | Step 1,776,000/2,000,000 | 231 sps] R=-9127.1 C=  40 Safe=96.67% SAI=1.000 Jain=1.000 PeakMF=0.563
[Ep  3750 | Step 1,800,000/2,000,000 | 229 sps] R=-9002.1 C=  15 Safe=97.92% SAI=1.000 Jain=1.000 PeakMF=0.563
[Ep  3600 | Step 1,728,000/2,000,000 | 217 sps] R=-9027.1 C=  20 Safe=97.92% SAI=1.000 Jain=1.000 PeakMF=0.563
[Ep  3500 | Step 1,680,000/2,000,000 | 214 sps] R=-6263.1 C=  16 Safe=96.88% SAI=1.000 Jain=1.000 PeakMF=0.532
[Ep  3450 | Step 1,656,000/2,000,000 | 221 sps] R=-9042.1 C=  23 Safe=97.08% SAI=1.000 Jain=1.000 PeakMF=0.563
[Ep  3800 | Step 1,824,000/2,000,000 | 226 sps] R=-9001.9 C=  15 Safe=97.50% SAI=1.000 Jain=1.000 PeakMF=0.563
[Ep  3750 | Step 1,800,000/2,000,000 | 231 sps] R=-9062.0 C=  27 Safe=96.46% SAI=1.000 Jain=1.000 PeakMF=0.563
[Ep  3800 | Step 1,824,000/2,000,000 | 229 sps] R=-9057.2 C=  26 Safe=97.71% SAI=1.000 Jain=1.000 PeakMF=0.563
[Ep  3500 | Step 1,680,000/2,000,000 | 221 sps] R=-9057.1 C=  26 Safe=96.88% SAI=1.000 Jain=1.000 PeakMF=0.563
[Ep  3650 | Step 1,752,000/2,000,000 | 217 sps] R=-9037.2 C=  22 Safe=97.92% SAI=1.000 Jain=1.000 PeakMF=0.563
[Ep  3550 | Step 1,704,000/2,000,000 | 214 sps] R=-6233.9 C=  11 Safe=97.71% SAI=1.000 Jain=1.000 PeakMF=0.536
[Ep  3800 | Step 1,824,000/2,000,000 | 231 sps] R=-9102.1 C=  35 Safe=96.46% SAI=1.000 Jain=1.000 PeakMF=0.563
[Ep  3850 | Step 1,848,000/2,000,000 | 226 sps] R=-8941.8 C=   3 Safe=99.38% SAI=1.000 Jain=1.000 PeakMF=0.563
[Ep  3850 | Step 1,848,000/2,000,000 | 229 sps] R=-8997.0 C=  14 Safe=97.50% SAI=1.000 Jain=1.000 PeakMF=0.563
[Ep  3550 | Step 1,704,000/2,000,000 | 221 sps] R=-9052.1 C=  25 Safe=98.12% SAI=1.000 Jain=1.000 PeakMF=0.563
[Ep  3700 | Step 1,776,000/2,000,000 | 217 sps] R=-9027.2 C=  20 Safe=97.08% SAI=1.000 Jain=1.000 PeakMF=0.563
[Ep  3850 | Step 1,848,000/2,000,000 | 231 sps] R=-9027.0 C=  20 Safe=97.29% SAI=1.000 Jain=1.000 PeakMF=0.563
[Ep  3600 | Step 1,728,000/2,000,000 | 214 sps] R=-6303.0 C=  19 Safe=96.04% SAI=1.000 Jain=1.000 PeakMF=0.537
[Ep  3900 | Step 1,872,000/2,000,000 | 226 sps] R=-9072.1 C=  29 Safe=97.71% SAI=1.000 Jain=1.000 PeakMF=0.563
[Ep  3900 | Step 1,872,000/2,000,000 | 229 sps] R=-9032.1 C=  21 Safe=97.92% SAI=1.000 Jain=1.000 PeakMF=0.563
[Ep  3600 | Step 1,728,000/2,000,000 | 221 sps] R=-8992.1 C=  13 Safe=97.92% SAI=1.000 Jain=1.000 PeakMF=0.563
[Ep  3900 | Step 1,872,000/2,000,000 | 230 sps] R=-9042.9 C=  23 Safe=97.29% SAI=1.000 Jain=1.000 PeakMF=0.563
[Ep  3950 | Step 1,896,000/2,000,000 | 226 sps] R=-9042.2 C=  23 Safe=97.92% SAI=1.000 Jain=1.000 PeakMF=0.563
[Ep  3750 | Step 1,800,000/2,000,000 | 217 sps] R=-8954.2 C=   1 Safe=99.79% SAI=1.000 Jain=1.000 PeakMF=0.563
[Ep  3650 | Step 1,752,000/2,000,000 | 214 sps] R=-6324.2 C=  23 Safe=95.21% SAI=1.000 Jain=1.000 PeakMF=0.563
[Ep  3950 | Step 1,896,000/2,000,000 | 229 sps] R=-8959.3 C=   5 Safe=99.17% SAI=1.000 Jain=1.000 PeakMF=0.563
[Ep  3650 | Step 1,752,000/2,000,000 | 221 sps] R=-8992.3 C=  13 Safe=97.71% SAI=1.000 Jain=1.000 PeakMF=0.563
[Ep  4000 | Step 1,920,000/2,000,000 | 226 sps] R=-8977.1 C=  10 Safe=98.33% SAI=1.000 Jain=1.000 PeakMF=0.563
[Ep  3950 | Step 1,896,000/2,000,000 | 230 sps] R=-9061.9 C=  27 Safe=97.29% SAI=1.000 Jain=1.000 PeakMF=0.563
[Ep  3800 | Step 1,824,000/2,000,000 | 217 sps] R=-9107.4 C=  36 Safe=95.62% SAI=1.000 Jain=1.000 PeakMF=0.563
[Ep  3700 | Step 1,776,000/2,000,000 | 214 sps] R=-7326.7 C= 240 Safe=69.17% SAI=1.000 Jain=1.000 PeakMF=0.553
[Ep  4000 | Step 1,920,000/2,000,000 | 229 sps] R=-8949.3 C=   3 Safe=99.38% SAI=1.000 Jain=1.000 PeakMF=0.563
[Ep  4050 | Step 1,944,000/2,000,000 | 227 sps] R=-9042.2 C=  23 Safe=97.29% SAI=1.000 Jain=1.000 PeakMF=0.563
[Ep  3700 | Step 1,776,000/2,000,000 | 221 sps] R=-8997.2 C=  14 Safe=98.12% SAI=1.000 Jain=1.000 PeakMF=0.563
[Ep  4000 | Step 1,920,000/2,000,000 | 231 sps] R=-9062.0 C=  27 Safe=97.50% SAI=1.000 Jain=1.000 PeakMF=0.563
[Ep  3850 | Step 1,848,000/2,000,000 | 217 sps] R=-9247.5 C=  64 Safe=94.38% SAI=1.000 Jain=1.000 PeakMF=0.563
[Ep  3750 | Step 1,800,000/2,000,000 | 214 sps] R=-6279.7 C=  18 Safe=96.67% SAI=1.000 Jain=1.000 PeakMF=0.533
[Ep  4050 | Step 1,944,000/2,000,000 | 229 sps] R=-9027.2 C=  20 Safe=97.92% SAI=1.000 Jain=1.000 PeakMF=0.563
[Ep  4100 | Step 1,968,000/2,000,000 | 227 sps] R=-9007.0 C=  16 Safe=97.71% SAI=1.000 Jain=1.000 PeakMF=0.563
[Ep  3750 | Step 1,800,000/2,000,000 | 221 sps] R=-8936.8 C=   2 Safe=99.58% SAI=1.000 Jain=1.000 PeakMF=0.563
[Ep  4050 | Step 1,944,000/2,000,000 | 231 sps] R=-9102.1 C=  35 Safe=97.08% SAI=1.000 Jain=1.000 PeakMF=0.563
[Ep  3900 | Step 1,872,000/2,000,000 | 217 sps] R=-9277.6 C=  70 Safe=93.75% SAI=1.000 Jain=1.000 PeakMF=0.563
[Ep  3800 | Step 1,824,000/2,000,000 | 214 sps] R=-6600.5 C=  89 Safe=83.54% SAI=1.000 Jain=1.000 PeakMF=0.531
[Ep  4100 | Step 1,968,000/2,000,000 | 229 sps] R=-9057.2 C=  26 Safe=97.08% SAI=1.000 Jain=1.000 PeakMF=0.563
[Ep  4150 | Step 1,992,000/2,000,000 | 227 sps] R=-9027.1 C=  20 Safe=98.12% SAI=1.000 Jain=1.000 PeakMF=0.563
[Ep  3800 | Step 1,824,000/2,000,000 | 222 sps] R=-8964.5 C=   6 Safe=98.75% SAI=1.000 Jain=1.000 PeakMF=0.563

============================================================
Training complete: 4167 episodes, 2,000,160 steps
Best reward: -8934.3
Wall time: 2.45 hours
Checkpoint: checkpoints/mappo/seed_2/checkpoint_final.pt
============================================================
[13/50] mappo seed=2 DONE
Using device: cuda
2026-05-02 23:50:55 | hcmarl.utils | INFO | HIGH determinism: cudnn.deterministic=True, torch.use_deterministic_algorithms(True), matmul=highest, CUBLAS_WORKSPACE_CONFIG=:4096:8 (EXP3-Part-1-equivalent reproducibility)
2026-05-02 23:50:55 | hcmarl.utils | INFO | HIGH determinism: cudnn.deterministic=True, torch.use_deterministic_algorithms(True), matmul=highest, CUBLAS_WORKSPACE_CONFIG=:4096:8 (EXP3-Part-1-equivalent reproducibility)
============================================================
HC-MARL Training: MAPPO (no safety filter)
Seed: 8 | Device: cuda | Workers: 6
Total steps: 2,000,000 | Eval every: 50,000
Checkpoint dir: checkpoints/mappo/seed_8
============================================================
[Ep  4100 | Step 1,968,000/2,000,000 | 231 sps] R=-9082.1 C=  31 Safe=96.67% SAI=1.000 Jain=1.000 PeakMF=0.563
[Ep  3950 | Step 1,896,000/2,000,000 | 217 sps] R=-9007.1 C=  16 Safe=97.08% SAI=1.000 Jain=1.000 PeakMF=0.563
[Ep  4150 | Step 1,992,000/2,000,000 | 229 sps] R=-9022.1 C=  19 Safe=97.92% SAI=1.000 Jain=1.000 PeakMF=0.563
[Ep  3850 | Step 1,848,000/2,000,000 | 214 sps] R=-7067.3 C= 177 Safe=69.38% SAI=1.000 Jain=1.000 PeakMF=0.534
[Ep  3850 | Step 1,848,000/2,000,000 | 222 sps] R=-9202.5 C=  55 Safe=94.17% SAI=1.000 Jain=1.000 PeakMF=0.563

============================================================
Training complete: 4167 episodes, 2,000,160 steps
Best reward: -8931.8
Wall time: 2.42 hours
Checkpoint: checkpoints/mappo/seed_4/checkpoint_final.pt
============================================================
[15/50] mappo seed=4 DONE
Using device: cuda
2026-05-02 23:52:28 | hcmarl.utils | INFO | HIGH determinism: cudnn.deterministic=True, torch.use_deterministic_algorithms(True), matmul=highest, CUBLAS_WORKSPACE_CONFIG=:4096:8 (EXP3-Part-1-equivalent reproducibility)
2026-05-02 23:52:28 | hcmarl.utils | INFO | HIGH determinism: cudnn.deterministic=True, torch.use_deterministic_algorithms(True), matmul=highest, CUBLAS_WORKSPACE_CONFIG=:4096:8 (EXP3-Part-1-equivalent reproducibility)
============================================================
HC-MARL Training: MAPPO (no safety filter)
Seed: 9 | Device: cuda | Workers: 6
Total steps: 2,000,000 | Eval every: 50,000
Checkpoint dir: checkpoints/mappo/seed_9
============================================================
[Ep    50 | Step    24,000/2,000,000 | 246 sps] R=-35803.2 C=2271 Safe=20.21% SAI=1.000 Jain=1.000 PeakMF=0.708
[Ep  4150 | Step 1,992,000/2,000,000 | 231 sps] R=-9092.1 C=  33 Safe=96.67% SAI=1.000 Jain=1.000 PeakMF=0.563

============================================================
Training complete: 4167 episodes, 2,000,160 steps
Best reward: -8970.4
Wall time: 2.41 hours
Checkpoint: checkpoints/mappo/seed_6/checkpoint_final.pt
============================================================
[17/50] mappo seed=6 DONE
Using device: cuda
2026-05-02 23:53:15 | hcmarl.utils | INFO | HIGH determinism: cudnn.deterministic=True, torch.use_deterministic_algorithms(True), matmul=highest, CUBLAS_WORKSPACE_CONFIG=:4096:8 (EXP3-Part-1-equivalent reproducibility)
2026-05-02 23:53:15 | hcmarl.utils | INFO | HIGH determinism: cudnn.deterministic=True, torch.use_deterministic_algorithms(True), matmul=highest, CUBLAS_WORKSPACE_CONFIG=:4096:8 (EXP3-Part-1-equivalent reproducibility)
============================================================
HC-MARL Training: MAPPO-Lagrangian (cost critic + dual variable)
Seed: 0 | Device: cuda | Workers: 6
Total steps: 2,000,000 | Eval every: 50,000
Checkpoint dir: checkpoints/mappo_lag/seed_0
============================================================
[Ep  4000 | Step 1,920,000/2,000,000 | 217 sps] R=-9052.2 C=  25 Safe=97.08% SAI=1.000 Jain=1.000 PeakMF=0.563
[Ep  3900 | Step 1,872,000/2,000,000 | 214 sps] R=-6760.6 C= 116 Safe=80.62% SAI=1.000 Jain=1.000 PeakMF=0.532
[Ep    50 | Step    24,000/2,000,000 | 265 sps] R=-17494.5 C=1994 Safe=21.46% SAI=1.000 Jain=1.000 PeakMF=0.612
[Ep  3900 | Step 1,872,000/2,000,000 | 222 sps] R=-8994.3 C=   6 Safe=99.17% SAI=1.000 Jain=1.000 PeakMF=0.563
[Ep   100 | Step    48,000/2,000,000 | 241 sps] R=-35716.1 C=2234 Safe=21.46% SAI=1.000 Jain=1.000 PeakMF=0.685
[Ep    50 | Step    24,000/2,000,000 | 241 sps] R=-14752.3 C=1215 Safe=23.96% SAI=1.000 Jain=0.999 PeakMF=0.575 lam=4.141
[Ep  4050 | Step 1,944,000/2,000,000 | 217 sps] R=-9062.1 C=  27 Safe=97.92% SAI=1.000 Jain=1.000 PeakMF=0.563
[Ep  3950 | Step 1,896,000/2,000,000 | 214 sps] R=-6792.2 C= 119 Safe=79.38% SAI=1.000 Jain=1.000 PeakMF=0.531
[Ep  3950 | Step 1,896,000/2,000,000 | 222 sps] R=-9067.3 C=  28 Safe=95.83% SAI=1.000 Jain=1.000 PeakMF=0.563
[Ep   100 | Step    48,000/2,000,000 | 253 sps] R=-14231.6 C=1123 Safe=44.17% SAI=1.000 Jain=1.000 PeakMF=0.591
[Ep   150 | Step    72,000/2,000,000 | 239 sps] R=-34717.5 C=2249 Safe=20.62% SAI=1.000 Jain=1.000 PeakMF=0.687
[Ep   100 | Step    48,000/2,000,000 | 242 sps] R=-13618.0 C= 996 Safe=39.79% SAI=1.000 Jain=1.000 PeakMF=0.585 lam=5.303
[Ep  4100 | Step 1,968,000/2,000,000 | 217 sps] R=-9047.3 C=  24 Safe=96.25% SAI=1.000 Jain=1.000 PeakMF=0.563
[Ep  4000 | Step 1,920,000/2,000,000 | 222 sps] R=-9242.4 C=  63 Safe=93.75% SAI=1.000 Jain=1.000 PeakMF=0.563
[Ep   150 | Step    72,000/2,000,000 | 248 sps] R=-15174.0 C=1392 Safe=21.04% SAI=1.000 Jain=1.000 PeakMF=0.627
[Ep  4000 | Step 1,920,000/2,000,000 | 214 sps] R=-7313.5 C= 220 Safe=62.50% SAI=1.000 Jain=1.000 PeakMF=0.530
[Ep   200 | Step    96,000/2,000,000 | 238 sps] R=-21742.4 C=2131 Safe=21.67% SAI=1.000 Jain=0.999 PeakMF=0.635
[Ep   150 | Step    72,000/2,000,000 | 243 sps] R=-13846.0 C=1064 Safe=28.96% SAI=1.000 Jain=1.000 PeakMF=0.584 lam=6.034
[Ep  4150 | Step 1,992,000/2,000,000 | 218 sps] R=-9007.2 C=  16 Safe=98.12% SAI=1.000 Jain=1.000 PeakMF=0.563

============================================================
Training complete: 4167 episodes, 2,000,160 steps
Best reward: -8926.8
Wall time: 2.55 hours
Checkpoint: checkpoints/mappo/seed_3/checkpoint_final.pt
============================================================
[14/50] mappo seed=3 DONE
[Ep   200 | Step    96,000/2,000,000 | 247 sps] R=-15828.2 C=1544 Safe=24.79% SAI=1.000 Jain=1.000 PeakMF=0.631
Using device: cuda
2026-05-02 23:58:58 | hcmarl.utils | INFO | HIGH determinism: cudnn.deterministic=True, torch.use_deterministic_algorithms(True), matmul=highest, CUBLAS_WORKSPACE_CONFIG=:4096:8 (EXP3-Part-1-equivalent reproducibility)
2026-05-02 23:58:58 | hcmarl.utils | INFO | HIGH determinism: cudnn.deterministic=True, torch.use_deterministic_algorithms(True), matmul=highest, CUBLAS_WORKSPACE_CONFIG=:4096:8 (EXP3-Part-1-equivalent reproducibility)
============================================================
HC-MARL Training: MAPPO-Lagrangian (cost critic + dual variable)
Seed: 1 | Device: cuda | Workers: 6
Total steps: 2,000,000 | Eval every: 50,000
Checkpoint dir: checkpoints/mappo_lag/seed_1
============================================================
[Ep  4050 | Step 1,944,000/2,000,000 | 223 sps] R=-9107.4 C=  36 Safe=95.00% SAI=1.000 Jain=1.000 PeakMF=0.563
[Ep  4050 | Step 1,944,000/2,000,000 | 214 sps] R=-7090.5 C= 186 Safe=66.88% SAI=1.000 Jain=1.000 PeakMF=0.532
[Ep   250 | Step   120,000/2,000,000 | 238 sps] R=-17126.5 C=1795 Safe=20.42% SAI=1.000 Jain=1.000 PeakMF=0.637
[Ep   200 | Step    96,000/2,000,000 | 238 sps] R=-13728.8 C=1021 Safe=24.79% SAI=1.000 Jain=1.000 PeakMF=0.554 lam=6.423
[Ep   250 | Step   120,000/2,000,000 | 245 sps] R=-15269.6 C=1459 Safe=19.38% SAI=1.000 Jain=0.999 PeakMF=0.609
[Ep  4100 | Step 1,968,000/2,000,000 | 222 sps] R=-9032.3 C=  21 Safe=97.08% SAI=1.000 Jain=1.000 PeakMF=0.563
[Ep    50 | Step    24,000/2,000,000 | 206 sps] R=-15229.0 C=1456 Safe=21.88% SAI=1.000 Jain=1.000 PeakMF=0.597 lam=4.379
[Ep   300 | Step   144,000/2,000,000 | 237 sps] R=-12463.9 C= 727 Safe=58.13% SAI=1.000 Jain=1.000 PeakMF=0.587
[Ep  4100 | Step 1,968,000/2,000,000 | 214 sps] R=-6672.1 C=  91 Safe=83.12% SAI=1.000 Jain=1.000 PeakMF=0.531
[Ep   250 | Step   120,000/2,000,000 | 229 sps] R=-11684.5 C= 532 Safe=39.17% SAI=1.000 Jain=1.000 PeakMF=0.573 lam=6.274
[Ep   300 | Step   144,000/2,000,000 | 242 sps] R=-14089.1 C=1117 Safe=32.71% SAI=1.000 Jain=1.000 PeakMF=0.599
[Ep   350 | Step   168,000/2,000,000 | 235 sps] R=-11150.3 C= 399 Safe=51.04% SAI=1.000 Jain=1.000 PeakMF=0.577
[Ep  4150 | Step 1,992,000/2,000,000 | 222 sps] R=-8987.2 C=  12 Safe=98.33% SAI=1.000 Jain=1.000 PeakMF=0.563
[Ep   100 | Step    48,000/2,000,000 | 199 sps] R=-14374.0 C=1154 Safe=32.29% SAI=1.000 Jain=0.999 PeakMF=0.614 lam=5.474
[Ep  4150 | Step 1,992,000/2,000,000 | 214 sps] R=-6261.5 C=  16 Safe=96.67% SAI=1.000 Jain=1.000 PeakMF=0.533

============================================================
Training complete: 4167 episodes, 2,000,160 steps
Best reward: -8931.7
Wall time: 2.50 hours
Checkpoint: checkpoints/mappo/seed_7/checkpoint_final.pt
============================================================
[18/50] mappo seed=7 DONE
Using device: cuda
2026-05-03 00:03:42 | hcmarl.utils | INFO | HIGH determinism: cudnn.deterministic=True, torch.use_deterministic_algorithms(True), matmul=highest, CUBLAS_WORKSPACE_CONFIG=:4096:8 (EXP3-Part-1-equivalent reproducibility)
2026-05-03 00:03:42 | hcmarl.utils | INFO | HIGH determinism: cudnn.deterministic=True, torch.use_deterministic_algorithms(True), matmul=highest, CUBLAS_WORKSPACE_CONFIG=:4096:8 (EXP3-Part-1-equivalent reproducibility)

============================================================
Training complete: 4167 episodes, 2,000,160 steps
Best reward: -6156.3
Wall time: 2.60 hours
Checkpoint: checkpoints/mappo/seed_5/checkpoint_final.pt
============================================================
============================================================
HC-MARL Training: MAPPO-Lagrangian (cost critic + dual variable)
Seed: 2 | Device: cuda | Workers: 6
Total steps: 2,000,000 | Eval every: 50,000
Checkpoint dir: checkpoints/mappo_lag/seed_2
============================================================
[16/50] mappo seed=5 DONE
Using device: cuda
2026-05-03 00:03:47 | hcmarl.utils | INFO | HIGH determinism: cudnn.deterministic=True, torch.use_deterministic_algorithms(True), matmul=highest, CUBLAS_WORKSPACE_CONFIG=:4096:8 (EXP3-Part-1-equivalent reproducibility)
2026-05-03 00:03:47 | hcmarl.utils | INFO | HIGH determinism: cudnn.deterministic=True, torch.use_deterministic_algorithms(True), matmul=highest, CUBLAS_WORKSPACE_CONFIG=:4096:8 (EXP3-Part-1-equivalent reproducibility)
============================================================
HC-MARL Training: MAPPO-Lagrangian (cost critic + dual variable)
Seed: 3 | Device: cuda | Workers: 6
Total steps: 2,000,000 | Eval every: 50,000
Checkpoint dir: checkpoints/mappo_lag/seed_3
============================================================
[Ep   300 | Step   144,000/2,000,000 | 224 sps] R=-9979.9 C= 130 Safe=79.17% SAI=1.000 Jain=1.000 PeakMF=0.560 lam=6.236
[Ep   350 | Step   168,000/2,000,000 | 240 sps] R=-11784.9 C= 509 Safe=43.54% SAI=1.000 Jain=1.000 PeakMF=0.574
[Ep   400 | Step   192,000/2,000,000 | 235 sps] R=-9761.3 C= 108 Safe=81.67% SAI=1.000 Jain=1.000 PeakMF=0.542
[Ep   150 | Step    72,000/2,000,000 | 200 sps] R=-14822.4 C=1376 Safe=20.83% SAI=1.000 Jain=1.000 PeakMF=0.625 lam=6.480
[Ep    50 | Step    24,000/2,000,000 | 245 sps] R=-17628.4 C=1951 Safe=21.67% SAI=1.000 Jain=0.999 PeakMF=0.625 lam=4.941
[Ep   400 | Step   192,000/2,000,000 | 240 sps] R=-10410.6 C= 237 Safe=64.58% SAI=1.000 Jain=1.000 PeakMF=0.574
[Ep   350 | Step   168,000/2,000,000 | 222 sps] R=-10255.7 C= 212 Safe=64.79% SAI=1.000 Jain=1.000 PeakMF=0.571 lam=6.255
[Ep    50 | Step    24,000/2,000,000 | 184 sps] R=-16708.8 C=1706 Safe=21.04% SAI=1.000 Jain=0.999 PeakMF=0.566 lam=3.420
[Ep   450 | Step   216,000/2,000,000 | 235 sps] R=-10587.7 C= 299 Safe=55.83% SAI=1.000 Jain=1.000 PeakMF=0.573
[Ep   200 | Step    96,000/2,000,000 | 201 sps] R=-12903.7 C= 815 Safe=38.12% SAI=1.000 Jain=1.000 PeakMF=0.592 lam=7.177
[Ep   100 | Step    48,000/2,000,000 | 218 sps] R=-13795.1 C= 938 Safe=43.75% SAI=1.000 Jain=1.000 PeakMF=0.570 lam=5.316
[Ep   450 | Step   216,000/2,000,000 | 238 sps] R=-10640.0 C= 303 Safe=55.42% SAI=1.000 Jain=1.000 PeakMF=0.549
[Ep   400 | Step   192,000/2,000,000 | 218 sps] R=-10260.9 C= 225 Safe=65.62% SAI=1.000 Jain=1.000 PeakMF=0.577 lam=6.292
[Ep   100 | Step    48,000/2,000,000 | 185 sps] R=-14598.7 C=1307 Safe=22.92% SAI=1.000 Jain=1.000 PeakMF=0.593 lam=4.636
[Ep   500 | Step   240,000/2,000,000 | 233 sps] R=-9492.7 C=  52 Safe=91.25% SAI=1.000 Jain=1.000 PeakMF=0.572
[Ep   250 | Step   120,000/2,000,000 | 200 sps] R=-10851.4 C= 311 Safe=56.25% SAI=1.000 Jain=0.999 PeakMF=0.592 lam=7.492
[Ep   500 | Step   240,000/2,000,000 | 235 sps] R=-10508.7 C= 274 Safe=58.13% SAI=1.000 Jain=1.000 PeakMF=0.573
[Ep   150 | Step    72,000/2,000,000 | 209 sps] R=-13191.1 C= 858 Safe=41.04% SAI=1.000 Jain=1.000 PeakMF=0.584 lam=6.105
[Ep   550 | Step   264,000/2,000,000 | 232 sps] R=-9491.1 C=  58 Safe=90.00% SAI=1.000 Jain=1.000 PeakMF=0.570
[Ep   450 | Step   216,000/2,000,000 | 216 sps] R=-10344.1 C= 257 Safe=62.50% SAI=1.000 Jain=1.000 PeakMF=0.570 lam=6.357
[Ep   150 | Step    72,000/2,000,000 | 187 sps] R=-12411.1 C= 680 Safe=44.17% SAI=1.000 Jain=1.000 PeakMF=0.576 lam=5.184
[Ep   300 | Step   144,000/2,000,000 | 200 sps] R=-11100.1 C= 401 Safe=51.04% SAI=1.000 Jain=1.000 PeakMF=0.569 lam=7.298
[Ep   550 | Step   264,000/2,000,000 | 233 sps] R=-9981.6 C= 165 Safe=70.83% SAI=1.000 Jain=1.000 PeakMF=0.547
[Ep   200 | Step    96,000/2,000,000 | 204 sps] R=-11108.1 C= 373 Safe=60.21% SAI=1.000 Jain=1.000 PeakMF=0.578 lam=5.886
[Ep   600 | Step   288,000/2,000,000 | 231 sps] R=-9469.2 C=  69 Safe=86.67% SAI=1.000 Jain=1.000 PeakMF=0.571
[Ep   200 | Step    96,000/2,000,000 | 189 sps] R=-12437.4 C= 703 Safe=36.88% SAI=1.000 Jain=1.000 PeakMF=0.570 lam=5.333
[Ep   500 | Step   240,000/2,000,000 | 211 sps] R=-9477.3 C=  60 Safe=88.33% SAI=1.000 Jain=1.000 PeakMF=0.573 lam=6.354
[Ep   350 | Step   168,000/2,000,000 | 199 sps] R=-11073.4 C= 400 Safe=46.67% SAI=1.000 Jain=1.000 PeakMF=0.567 lam=7.289
[Ep   600 | Step   288,000/2,000,000 | 233 sps] R=-9558.4 C=  77 Safe=86.25% SAI=1.000 Jain=1.000 PeakMF=0.563
[Ep   650 | Step   312,000/2,000,000 | 230 sps] R=-9404.4 C=  63 Safe=87.29% SAI=1.000 Jain=1.000 PeakMF=0.570
[Ep   250 | Step   120,000/2,000,000 | 202 sps] R=-10519.7 C= 232 Safe=63.12% SAI=1.000 Jain=1.000 PeakMF=0.570 lam=6.125
[Ep   550 | Step   264,000/2,000,000 | 209 sps] R=-9734.5 C= 136 Safe=77.29% SAI=1.000 Jain=1.000 PeakMF=0.563 lam=6.389
[Ep   250 | Step   120,000/2,000,000 | 188 sps] R=-10856.1 C= 325 Safe=56.88% SAI=1.000 Jain=1.000 PeakMF=0.570 lam=5.522
[Ep   650 | Step   312,000/2,000,000 | 231 sps] R=-10054.4 C= 198 Safe=67.08% SAI=1.000 Jain=1.000 PeakMF=0.567
[Ep   400 | Step   192,000/2,000,000 | 198 sps] R=-10590.4 C= 296 Safe=59.17% SAI=1.000 Jain=1.000 PeakMF=0.576 lam=7.380
[Ep   700 | Step   336,000/2,000,000 | 230 sps] R=-9244.7 C=  40 Safe=92.71% SAI=1.000 Jain=1.000 PeakMF=0.570
[Ep   300 | Step   144,000/2,000,000 | 201 sps] R=-10148.0 C= 190 Safe=71.25% SAI=1.000 Jain=1.000 PeakMF=0.563 lam=6.124
[Ep   300 | Step   144,000/2,000,000 | 189 sps] R=-9874.2 C= 115 Safe=78.96% SAI=1.000 Jain=1.000 PeakMF=0.563 lam=5.541
[Ep   600 | Step   288,000/2,000,000 | 207 sps] R=-9487.2 C=  93 Safe=84.58% SAI=1.000 Jain=1.000 PeakMF=0.568 lam=6.378
[Ep   700 | Step   336,000/2,000,000 | 231 sps] R=-9453.6 C=  43 Safe=91.88% SAI=1.000 Jain=1.000 PeakMF=0.555
[Ep   750 | Step   360,000/2,000,000 | 229 sps] R=-9777.7 C= 158 Safe=74.38% SAI=1.000 Jain=1.000 PeakMF=0.563
[Ep   450 | Step   216,000/2,000,000 | 195 sps] R=-10016.3 C= 156 Safe=74.58% SAI=1.000 Jain=1.000 PeakMF=0.577 lam=7.426
[Ep   350 | Step   168,000/2,000,000 | 201 sps] R=-9973.7 C= 161 Safe=72.92% SAI=1.000 Jain=1.000 PeakMF=0.554 lam=6.132
[Ep   350 | Step   168,000/2,000,000 | 190 sps] R=-10106.5 C= 185 Safe=73.12% SAI=1.000 Jain=1.000 PeakMF=0.568 lam=5.492
[Ep   650 | Step   312,000/2,000,000 | 206 sps] R=-9445.6 C=  91 Safe=84.58% SAI=1.000 Jain=1.000 PeakMF=0.570 lam=6.360
[Ep   750 | Step   360,000/2,000,000 | 230 sps] R=-9575.1 C=  90 Safe=82.71% SAI=1.000 Jain=1.000 PeakMF=0.563
[Ep   800 | Step   384,000/2,000,000 | 229 sps] R=-9769.0 C= 159 Safe=72.29% SAI=1.000 Jain=1.000 PeakMF=0.571
[Ep   500 | Step   240,000/2,000,000 | 193 sps] R=-10049.9 C= 182 Safe=70.42% SAI=1.000 Jain=1.000 PeakMF=0.566 lam=7.458
[Ep   400 | Step   192,000/2,000,000 | 200 sps] R=-9938.0 C= 150 Safe=73.54% SAI=1.000 Jain=1.000 PeakMF=0.575 lam=6.142
[Ep   800 | Step   384,000/2,000,000 | 229 sps] R=-9673.6 C= 115 Safe=81.04% SAI=1.000 Jain=1.000 PeakMF=0.563
[Ep   400 | Step   192,000/2,000,000 | 191 sps] R=-9932.8 C= 168 Safe=71.25% SAI=1.000 Jain=1.000 PeakMF=0.570 lam=5.504
[Ep   700 | Step   336,000/2,000,000 | 205 sps] R=-9269.1 C=  62 Safe=88.54% SAI=1.000 Jain=1.000 PeakMF=0.563 lam=6.338
[Ep   850 | Step   408,000/2,000,000 | 228 sps] R=-9795.4 C= 163 Safe=70.62% SAI=1.000 Jain=1.000 PeakMF=0.563
[Ep   450 | Step   216,000/2,000,000 | 200 sps] R=-9465.4 C=  49 Safe=90.00% SAI=1.000 Jain=1.000 PeakMF=0.563 lam=6.161
[Ep   550 | Step   264,000/2,000,000 | 192 sps] R=-9486.9 C=  69 Safe=87.50% SAI=1.000 Jain=1.000 PeakMF=0.569 lam=7.481
[Ep   850 | Step   408,000/2,000,000 | 228 sps] R=-9761.8 C= 146 Safe=73.54% SAI=1.000 Jain=1.000 PeakMF=0.574
[Ep   900 | Step   432,000/2,000,000 | 228 sps] R=-9695.4 C= 145 Safe=74.58% SAI=1.000 Jain=1.000 PeakMF=0.563
[Ep   450 | Step   216,000/2,000,000 | 191 sps] R=-9657.6 C= 103 Safe=81.46% SAI=1.000 Jain=1.000 PeakMF=0.574 lam=5.529
[Ep   750 | Step   360,000/2,000,000 | 203 sps] R=-9492.3 C= 105 Safe=83.12% SAI=1.000 Jain=1.000 PeakMF=0.563 lam=6.409
[Ep   500 | Step   240,000/2,000,000 | 200 sps] R=-9427.6 C=  49 Safe=90.00% SAI=1.000 Jain=1.000 PeakMF=0.571 lam=6.223
[Ep   600 | Step   288,000/2,000,000 | 192 sps] R=-9651.0 C= 114 Safe=79.58% SAI=1.000 Jain=1.000 PeakMF=0.572 lam=7.519
[Ep   900 | Step   432,000/2,000,000 | 228 sps] R=-9474.0 C=  84 Safe=83.75% SAI=1.000 Jain=1.000 PeakMF=0.563
[Ep   950 | Step   456,000/2,000,000 | 228 sps] R=-9805.1 C= 169 Safe=72.71% SAI=1.000 Jain=1.000 PeakMF=0.563
[Ep   500 | Step   240,000/2,000,000 | 192 sps] R=-9664.1 C= 121 Safe=80.42% SAI=1.000 Jain=1.000 PeakMF=0.571 lam=5.555
[Ep   800 | Step   384,000/2,000,000 | 202 sps] R=-9455.9 C= 100 Safe=84.58% SAI=1.000 Jain=1.000 PeakMF=0.563 lam=6.556
[Ep   550 | Step   264,000/2,000,000 | 200 sps] R=-9569.5 C=  98 Safe=81.88% SAI=1.000 Jain=1.000 PeakMF=0.563 lam=6.213
[Ep   950 | Step   456,000/2,000,000 | 228 sps] R=-9693.4 C= 138 Safe=74.79% SAI=1.000 Jain=1.000 PeakMF=0.569
[Ep   650 | Step   312,000/2,000,000 | 193 sps] R=-9362.2 C=  64 Safe=88.54% SAI=1.000 Jain=1.000 PeakMF=0.570 lam=7.509
[Ep  1000 | Step   480,000/2,000,000 | 227 sps] R=-9973.4 C= 204 Safe=67.92% SAI=1.000 Jain=1.000 PeakMF=0.563
[Ep   550 | Step   264,000/2,000,000 | 191 sps] R=-9294.9 C=  40 Safe=91.67% SAI=1.000 Jain=1.000 PeakMF=0.571 lam=5.558
[Ep   850 | Step   408,000/2,000,000 | 201 sps] R=-9636.2 C= 139 Safe=77.08% SAI=1.000 Jain=1.000 PeakMF=0.563 lam=6.678
[Ep  1000 | Step   480,000/2,000,000 | 227 sps] R=-9978.4 C= 203 Safe=67.92% SAI=1.000 Jain=1.000 PeakMF=0.570
[Ep   600 | Step   288,000/2,000,000 | 199 sps] R=-9535.0 C= 102 Safe=81.04% SAI=1.000 Jain=1.000 PeakMF=0.569 lam=6.236
[Ep  1050 | Step   504,000/2,000,000 | 227 sps] R=-9982.0 C= 206 Safe=65.21% SAI=1.000 Jain=1.000 PeakMF=0.563
[Ep   700 | Step   336,000/2,000,000 | 193 sps] R=-9277.2 C=  52 Safe=89.58% SAI=1.000 Jain=1.000 PeakMF=0.563 lam=7.488
[Ep   600 | Step   288,000/2,000,000 | 189 sps] R=-9278.8 C=  47 Safe=91.46% SAI=1.000 Jain=1.000 PeakMF=0.570 lam=5.542
[Ep   900 | Step   432,000/2,000,000 | 199 sps] R=-9579.5 C= 132 Safe=79.58% SAI=1.000 Jain=1.000 PeakMF=0.563 lam=6.805
[Ep  1050 | Step   504,000/2,000,000 | 227 sps] R=-9754.3 C= 154 Safe=73.75% SAI=1.000 Jain=1.000 PeakMF=0.564
[Ep  1100 | Step   528,000/2,000,000 | 227 sps] R=-9921.3 C= 192 Safe=67.71% SAI=1.000 Jain=1.000 PeakMF=0.563
[Ep   650 | Step   312,000/2,000,000 | 199 sps] R=-9317.4 C=  57 Safe=88.33% SAI=1.000 Jain=1.000 PeakMF=0.564 lam=6.346
[Ep   750 | Step   360,000/2,000,000 | 193 sps] R=-9713.6 C= 149 Safe=76.25% SAI=1.000 Jain=1.000 PeakMF=0.563 lam=7.653
[Ep  1100 | Step   528,000/2,000,000 | 227 sps] R=-9905.8 C= 187 Safe=71.67% SAI=1.000 Jain=1.000 PeakMF=0.563
[Ep   650 | Step   312,000/2,000,000 | 189 sps] R=-9291.2 C=  56 Safe=89.38% SAI=1.000 Jain=1.000 PeakMF=0.563 lam=5.510
[Ep   950 | Step   456,000/2,000,000 | 199 sps] R=-9640.5 C= 137 Safe=82.08% SAI=1.000 Jain=1.000 PeakMF=0.563 lam=6.874
[Ep  1150 | Step   552,000/2,000,000 | 227 sps] R=-10217.6 C= 255 Safe=61.46% SAI=1.000 Jain=1.000 PeakMF=0.563
[Ep   700 | Step   336,000/2,000,000 | 200 sps] R=-9569.8 C= 122 Safe=79.17% SAI=1.000 Jain=1.000 PeakMF=0.563 lam=6.357
[Ep   800 | Step   384,000/2,000,000 | 194 sps] R=-9128.1 C=  23 Safe=95.42% SAI=1.000 Jain=1.000 PeakMF=0.563 lam=7.518
[Ep  1150 | Step   552,000/2,000,000 | 227 sps] R=-9949.0 C= 195 Safe=68.54% SAI=1.000 Jain=1.000 PeakMF=0.563
[Ep   700 | Step   336,000/2,000,000 | 190 sps] R=-9127.4 C=  22 Safe=95.42% SAI=1.000 Jain=1.000 PeakMF=0.563 lam=5.493
[Ep  1200 | Step   576,000/2,000,000 | 227 sps] R=-10166.2 C= 241 Safe=65.21% SAI=1.000 Jain=1.000 PeakMF=0.563
[Ep  1000 | Step   480,000/2,000,000 | 199 sps] R=-9700.6 C= 153 Safe=76.25% SAI=1.000 Jain=1.000 PeakMF=0.563 lam=6.987
[Ep   750 | Step   360,000/2,000,000 | 201 sps] R=-9868.4 C= 186 Safe=69.17% SAI=1.000 Jain=1.000 PeakMF=0.563 lam=6.584
[Ep   850 | Step   408,000/2,000,000 | 195 sps] R=-9102.0 C=  25 Safe=95.00% SAI=1.000 Jain=1.000 PeakMF=0.563 lam=7.477
[Ep  1200 | Step   576,000/2,000,000 | 226 sps] R=-10282.6 C= 267 Safe=62.92% SAI=1.000 Jain=1.000 PeakMF=0.563
[Ep  1250 | Step   600,000/2,000,000 | 227 sps] R=-10317.3 C= 275 Safe=59.58% SAI=1.000 Jain=1.000 PeakMF=0.563
[Ep   750 | Step   360,000/2,000,000 | 191 sps] R=-9225.0 C=  50 Safe=90.62% SAI=1.000 Jain=1.000 PeakMF=0.563 lam=5.479
[Ep   800 | Step   384,000/2,000,000 | 201 sps] R=-9357.1 C=  79 Safe=87.08% SAI=1.000 Jain=1.000 PeakMF=0.570 lam=6.485
[Ep  1050 | Step   504,000/2,000,000 | 198 sps] R=-9730.5 C= 158 Safe=81.88% SAI=1.000 Jain=1.000 PeakMF=0.563 lam=7.098
[Ep   900 | Step   432,000/2,000,000 | 196 sps] R=-9231.0 C=  52 Safe=90.83% SAI=1.000 Jain=1.000 PeakMF=0.563 lam=7.456
[Ep  1300 | Step   624,000/2,000,000 | 227 sps] R=-10336.6 C= 279 Safe=59.58% SAI=1.000 Jain=1.000 PeakMF=0.563
[Ep  1250 | Step   600,000/2,000,000 | 225 sps] R=-10169.2 C= 244 Safe=65.42% SAI=1.000 Jain=1.000 PeakMF=0.563
[Ep   800 | Step   384,000/2,000,000 | 192 sps] R=-9204.7 C=  47 Safe=92.08% SAI=1.000 Jain=1.000 PeakMF=0.563 lam=5.448
[Ep   850 | Step   408,000/2,000,000 | 202 sps] R=-9380.4 C=  84 Safe=85.00% SAI=1.000 Jain=1.000 PeakMF=0.563 lam=6.546
[Ep  1100 | Step   528,000/2,000,000 | 198 sps] R=-10004.1 C= 212 Safe=69.58% SAI=1.000 Jain=1.000 PeakMF=0.563 lam=7.278
[Ep   950 | Step   456,000/2,000,000 | 196 sps] R=-9115.4 C=  29 Safe=94.58% SAI=1.000 Jain=1.000 PeakMF=0.563 lam=7.427
[Ep  1350 | Step   648,000/2,000,000 | 226 sps] R=-10328.5 C= 277 Safe=60.21% SAI=1.000 Jain=1.000 PeakMF=0.563
[Ep  1300 | Step   624,000/2,000,000 | 224 sps] R=-10257.8 C= 258 Safe=64.58% SAI=1.000 Jain=1.000 PeakMF=0.563
[Ep   850 | Step   408,000/2,000,000 | 192 sps] R=-9048.5 C=  14 Safe=97.71% SAI=1.000 Jain=1.000 PeakMF=0.563 lam=5.417
[Ep   900 | Step   432,000/2,000,000 | 202 sps] R=-9544.5 C= 122 Safe=80.62% SAI=1.000 Jain=1.000 PeakMF=0.563 lam=6.679
[Ep  1000 | Step   480,000/2,000,000 | 196 sps] R=-9125.6 C=  33 Safe=93.96% SAI=1.000 Jain=1.000 PeakMF=0.563 lam=7.390
[Ep  1150 | Step   552,000/2,000,000 | 197 sps] R=-9969.0 C= 206 Safe=66.46% SAI=1.000 Jain=1.000 PeakMF=0.563 lam=7.450
[Ep  1400 | Step   672,000/2,000,000 | 226 sps] R=-10393.8 C= 290 Safe=59.38% SAI=1.000 Jain=1.000 PeakMF=0.563
[Ep  1350 | Step   648,000/2,000,000 | 223 sps] R=-10362.1 C= 285 Safe=58.96% SAI=1.000 Jain=1.000 PeakMF=0.563
[Ep   900 | Step   432,000/2,000,000 | 192 sps] R=-9058.9 C=  16 Safe=96.88% SAI=1.000 Jain=1.000 PeakMF=0.563 lam=5.398
[Ep   950 | Step   456,000/2,000,000 | 201 sps] R=-9258.5 C=  57 Safe=90.00% SAI=1.000 Jain=1.000 PeakMF=0.563 lam=6.808
[Ep  1050 | Step   504,000/2,000,000 | 196 sps] R=-9054.7 C=  15 Safe=96.88% SAI=1.000 Jain=1.000 PeakMF=0.563 lam=7.357
[Ep  1200 | Step   576,000/2,000,000 | 197 sps] R=-10101.7 C= 230 Safe=65.21% SAI=1.000 Jain=1.000 PeakMF=0.563 lam=7.715
[Ep  1450 | Step   696,000/2,000,000 | 226 sps] R=-10194.4 C= 250 Safe=63.12% SAI=1.000 Jain=1.000 PeakMF=0.563
[Ep  1400 | Step   672,000/2,000,000 | 223 sps] R=-10761.4 C= 368 Safe=49.79% SAI=1.000 Jain=1.000 PeakMF=0.563
[Ep   950 | Step   456,000/2,000,000 | 192 sps] R=-9029.9 C=   9 Safe=98.33% SAI=1.000 Jain=1.000 PeakMF=0.563 lam=5.359
[Ep  1000 | Step   480,000/2,000,000 | 201 sps] R=-9018.7 C=   6 Safe=98.96% SAI=1.000 Jain=1.000 PeakMF=0.563 lam=6.604
[Ep  1100 | Step   528,000/2,000,000 | 196 sps] R=-9051.1 C=  16 Safe=96.88% SAI=1.000 Jain=1.000 PeakMF=0.563 lam=7.323
[Ep  1500 | Step   720,000/2,000,000 | 226 sps] R=-10135.2 C= 239 Safe=70.21% SAI=1.000 Jain=1.000 PeakMF=0.563
[Ep  1250 | Step   600,000/2,000,000 | 196 sps] R=-10205.2 C= 252 Safe=71.04% SAI=1.000 Jain=1.000 PeakMF=0.563 lam=7.953
[Ep  1450 | Step   696,000/2,000,000 | 223 sps] R=-10601.6 C= 330 Safe=62.29% SAI=1.000 Jain=1.000 PeakMF=0.563
[Ep  1000 | Step   480,000/2,000,000 | 192 sps] R=-9096.6 C=  25 Safe=95.62% SAI=1.000 Jain=1.000 PeakMF=0.563 lam=5.342
[Ep  1050 | Step   504,000/2,000,000 | 201 sps] R=-9125.5 C=  32 Safe=94.17% SAI=1.000 Jain=1.000 PeakMF=0.563 lam=6.564
[Ep  1550 | Step   744,000/2,000,000 | 226 sps] R=-10288.0 C= 271 Safe=71.04% SAI=1.000 Jain=1.000 PeakMF=0.563
[Ep  1150 | Step   552,000/2,000,000 | 196 sps] R=-9081.0 C=  22 Safe=96.04% SAI=1.000 Jain=1.000 PeakMF=0.563 lam=7.289
[Ep  1500 | Step   720,000/2,000,000 | 222 sps] R=-10457.5 C= 302 Safe=63.12% SAI=1.000 Jain=1.000 PeakMF=0.563
[Ep  1300 | Step   624,000/2,000,000 | 195 sps] R=-10326.0 C= 276 Safe=60.00% SAI=1.000 Jain=1.000 PeakMF=0.563 lam=8.238
[Ep  1050 | Step   504,000/2,000,000 | 192 sps] R=-9040.8 C=  14 Safe=97.50% SAI=1.000 Jain=1.000 PeakMF=0.563 lam=5.296
[Ep  1100 | Step   528,000/2,000,000 | 201 sps] R=-9101.4 C=  28 Safe=94.17% SAI=1.000 Jain=1.000 PeakMF=0.563 lam=6.531
[Ep  1600 | Step   768,000/2,000,000 | 226 sps] R=-10164.2 C= 242 Safe=70.83% SAI=1.000 Jain=1.000 PeakMF=0.563
[Ep  1200 | Step   576,000/2,000,000 | 196 sps] R=-9010.6 C=   8 Safe=98.33% SAI=1.000 Jain=1.000 PeakMF=0.563 lam=7.253
[Ep  1550 | Step   744,000/2,000,000 | 221 sps] R=-10795.3 C= 372 Safe=57.50% SAI=1.000 Jain=1.000 PeakMF=0.563
[Ep  1350 | Step   648,000/2,000,000 | 194 sps] R=-10438.6 C= 298 Safe=58.54% SAI=1.000 Jain=1.000 PeakMF=0.563 lam=8.529
[Ep  1650 | Step   792,000/2,000,000 | 226 sps] R=-10446.3 C= 303 Safe=60.00% SAI=1.000 Jain=1.000 PeakMF=0.563
[Ep  1100 | Step   528,000/2,000,000 | 192 sps] R=-9020.7 C=  10 Safe=98.12% SAI=1.000 Jain=1.000 PeakMF=0.563 lam=5.256
[Ep  1150 | Step   552,000/2,000,000 | 201 sps] R=-9051.0 C=  16 Safe=97.29% SAI=1.000 Jain=1.000 PeakMF=0.563 lam=6.486
[Ep  1250 | Step   600,000/2,000,000 | 196 sps] R=-8996.1 C=   5 Safe=99.17% SAI=1.000 Jain=1.000 PeakMF=0.563 lam=7.216
[Ep  1600 | Step   768,000/2,000,000 | 221 sps] R=-10784.9 C= 365 Safe=48.96% SAI=1.000 Jain=1.000 PeakMF=0.563
[Ep  1400 | Step   672,000/2,000,000 | 193 sps] R=-10903.7 C= 398 Safe=49.58% SAI=1.000 Jain=1.000 PeakMF=0.563 lam=8.859
[Ep  1700 | Step   816,000/2,000,000 | 226 sps] R=-10749.1 C= 367 Safe=55.00% SAI=1.000 Jain=1.000 PeakMF=0.563
[Ep  1150 | Step   552,000/2,000,000 | 193 sps] R=-9081.1 C=  22 Safe=96.46% SAI=1.000 Jain=1.000 PeakMF=0.563 lam=5.226
[Ep  1200 | Step   576,000/2,000,000 | 201 sps] R=-8995.8 C=   5 Safe=98.96% SAI=1.000 Jain=1.000 PeakMF=0.563 lam=6.457
[Ep  1300 | Step   624,000/2,000,000 | 196 sps] R=-9035.9 C=  13 Safe=97.29% SAI=1.000 Jain=1.000 PeakMF=0.563 lam=7.178
[Ep  1650 | Step   792,000/2,000,000 | 220 sps] R=-10937.3 C= 402 Safe=51.67% SAI=1.000 Jain=1.000 PeakMF=0.563
[Ep  1750 | Step   840,000/2,000,000 | 226 sps] R=-10382.1 C= 293 Safe=68.75% SAI=1.000 Jain=1.000 PeakMF=0.563
[Ep  1450 | Step   696,000/2,000,000 | 193 sps] R=-10723.1 C= 359 Safe=61.46% SAI=1.000 Jain=1.000 PeakMF=0.563 lam=9.179
[Ep  1200 | Step   576,000/2,000,000 | 193 sps] R=-9267.2 C=  68 Safe=91.25% SAI=1.000 Jain=1.000 PeakMF=0.563 lam=5.220
[Ep  1250 | Step   600,000/2,000,000 | 200 sps] R=-9071.0 C=  20 Safe=96.67% SAI=1.000 Jain=1.000 PeakMF=0.563 lam=6.419
[Ep  1350 | Step   648,000/2,000,000 | 196 sps] R=-9035.7 C=  13 Safe=97.50% SAI=1.000 Jain=1.000 PeakMF=0.563 lam=7.144
[Ep  1700 | Step   816,000/2,000,000 | 220 sps] R=-10996.5 C= 414 Safe=45.21% SAI=1.000 Jain=1.000 PeakMF=0.563
[Ep  1800 | Step   864,000/2,000,000 | 226 sps] R=-10581.5 C= 330 Safe=60.83% SAI=1.000 Jain=1.000 PeakMF=0.563
[Ep  1250 | Step   600,000/2,000,000 | 193 sps] R=-9046.6 C=  15 Safe=97.50% SAI=1.000 Jain=1.000 PeakMF=0.563 lam=5.157
[Ep  1500 | Step   720,000/2,000,000 | 192 sps] R=-10823.3 C= 377 Safe=68.54% SAI=1.000 Jain=1.000 PeakMF=0.563 lam=9.535
[Ep  1300 | Step   624,000/2,000,000 | 200 sps] R=-9149.1 C=  40 Safe=93.96% SAI=1.000 Jain=1.000 PeakMF=0.563 lam=6.421
[Ep  1400 | Step   672,000/2,000,000 | 196 sps] R=-9015.9 C=   9 Safe=98.12% SAI=1.000 Jain=1.000 PeakMF=0.563 lam=7.103
[Ep  1750 | Step   840,000/2,000,000 | 219 sps] R=-11162.7 C= 446 Safe=48.96% SAI=1.000 Jain=1.000 PeakMF=0.563
[Ep  1850 | Step   888,000/2,000,000 | 225 sps] R=-10699.7 C= 359 Safe=58.33% SAI=1.000 Jain=1.000 PeakMF=0.563
[Ep  1300 | Step   624,000/2,000,000 | 193 sps] R=-9206.8 C=  56 Safe=92.71% SAI=1.000 Jain=1.000 PeakMF=0.563 lam=5.183
[Ep  1350 | Step   648,000/2,000,000 | 200 sps] R=-9168.9 C=  41 Safe=94.17% SAI=1.000 Jain=1.000 PeakMF=0.563 lam=6.428
[Ep  1550 | Step   744,000/2,000,000 | 192 sps] R=-11006.3 C= 416 Safe=49.58% SAI=1.000 Jain=1.000 PeakMF=0.563 lam=9.972
[Ep  1450 | Step   696,000/2,000,000 | 197 sps] R=-8995.9 C=   5 Safe=99.17% SAI=1.000 Jain=1.000 PeakMF=0.563 lam=7.070
[Ep  1900 | Step   912,000/2,000,000 | 225 sps] R=-9044.6 C=  11 Safe=97.71% SAI=1.000 Jain=1.000 PeakMF=0.563
[Ep  1800 | Step   864,000/2,000,000 | 218 sps] R=-11025.6 C= 417 Safe=45.62% SAI=1.000 Jain=1.000 PeakMF=0.563
[Ep  1350 | Step   648,000/2,000,000 | 194 sps] R=-9151.7 C=  42 Safe=94.38% SAI=1.000 Jain=1.000 PeakMF=0.563 lam=5.178
[Ep  1400 | Step   672,000/2,000,000 | 200 sps] R=-9111.5 C=  31 Safe=94.17% SAI=1.000 Jain=1.000 PeakMF=0.563 lam=6.398
[Ep  1600 | Step   768,000/2,000,000 | 192 sps] R=-10996.1 C= 411 Safe=62.29% SAI=1.000 Jain=1.000 PeakMF=0.563 lam=10.369
[Ep  1500 | Step   720,000/2,000,000 | 197 sps] R=-8981.2 C=   2 Safe=99.58% SAI=1.000 Jain=1.000 PeakMF=0.563 lam=7.032
[Ep  1950 | Step   936,000/2,000,000 | 225 sps] R=-9087.7 C=  23 Safe=95.42% SAI=1.000 Jain=1.000 PeakMF=0.563
[Ep  1850 | Step   888,000/2,000,000 | 218 sps] R=-11061.6 C= 427 Safe=48.33% SAI=1.000 Jain=1.000 PeakMF=0.563
[Ep  1400 | Step   672,000/2,000,000 | 194 sps] R=-9071.5 C=  26 Safe=96.25% SAI=1.000 Jain=1.000 PeakMF=0.563 lam=5.105
[Ep  1450 | Step   696,000/2,000,000 | 200 sps] R=-9171.8 C=  46 Safe=92.92% SAI=1.000 Jain=1.000 PeakMF=0.563 lam=6.411
[Ep  2000 | Step   960,000/2,000,000 | 225 sps] R=-9017.0 C=   9 Safe=98.54% SAI=1.000 Jain=1.000 PeakMF=0.563
[Ep  1650 | Step   792,000/2,000,000 | 192 sps] R=-11122.0 C= 437 Safe=53.75% SAI=1.000 Jain=1.000 PeakMF=0.563 lam=10.769
[Ep  1550 | Step   744,000/2,000,000 | 197 sps] R=-8986.2 C=   3 Safe=99.38% SAI=1.000 Jain=1.000 PeakMF=0.563 lam=6.987
[Ep  1900 | Step   912,000/2,000,000 | 218 sps] R=-11344.3 C= 483 Safe=43.96% SAI=1.000 Jain=1.000 PeakMF=0.563
[Ep  1450 | Step   696,000/2,000,000 | 194 sps] R=-8985.6 C=   3 Safe=99.38% SAI=1.000 Jain=1.000 PeakMF=0.563 lam=5.071
[Ep  2050 | Step   984,000/2,000,000 | 225 sps] R=-9016.5 C=   9 Safe=98.54% SAI=1.000 Jain=1.000 PeakMF=0.563
[Ep  1500 | Step   720,000/2,000,000 | 200 sps] R=-9149.3 C=  40 Safe=93.33% SAI=1.000 Jain=1.000 PeakMF=0.563 lam=6.409
[Ep  1600 | Step   768,000/2,000,000 | 197 sps] R=-9036.4 C=  13 Safe=97.50% SAI=1.000 Jain=1.000 PeakMF=0.563 lam=6.956
[Ep  1950 | Step   936,000/2,000,000 | 218 sps] R=-11553.6 C= 527 Safe=45.62% SAI=1.000 Jain=1.000 PeakMF=0.563
[Ep  1700 | Step   816,000/2,000,000 | 191 sps] R=-10863.9 C= 384 Safe=58.33% SAI=1.000 Jain=1.000 PeakMF=0.565 lam=11.107
[Ep  2100 | Step 1,008,000/2,000,000 | 225 sps] R=-9001.3 C=   6 Safe=98.96% SAI=1.000 Jain=1.000 PeakMF=0.563
[Ep  1500 | Step   720,000/2,000,000 | 194 sps] R=-8991.3 C=   4 Safe=99.17% SAI=1.000 Jain=1.000 PeakMF=0.563 lam=5.032
[Ep  1550 | Step   744,000/2,000,000 | 200 sps] R=-9176.9 C=  50 Safe=91.46% SAI=1.000 Jain=1.000 PeakMF=0.563 lam=6.407
[Ep  1650 | Step   792,000/2,000,000 | 197 sps] R=-9036.7 C=  16 Safe=97.29% SAI=1.000 Jain=1.000 PeakMF=0.563 lam=6.914
[Ep  2000 | Step   960,000/2,000,000 | 217 sps] R=-11430.9 C= 500 Safe=42.92% SAI=1.000 Jain=1.000 PeakMF=0.563
[Ep  1750 | Step   840,000/2,000,000 | 191 sps] R=-11079.5 C= 427 Safe=55.42% SAI=1.000 Jain=1.000 PeakMF=0.563 lam=11.567
[Ep  2150 | Step 1,032,000/2,000,000 | 225 sps] R=-9016.6 C=   9 Safe=98.33% SAI=1.000 Jain=1.000 PeakMF=0.563
[Ep  1550 | Step   744,000/2,000,000 | 194 sps] R=-8990.7 C=   4 Safe=99.17% SAI=1.000 Jain=1.000 PeakMF=0.563 lam=5.000
[Ep  1600 | Step   768,000/2,000,000 | 200 sps] R=-9271.8 C=  69 Safe=90.83% SAI=1.000 Jain=1.000 PeakMF=0.563 lam=6.410
[Ep  1700 | Step   816,000/2,000,000 | 197 sps] R=-9011.3 C=   8 Safe=98.75% SAI=1.000 Jain=1.000 PeakMF=0.563 lam=6.882
[Ep  2050 | Step   984,000/2,000,000 | 217 sps] R=-11398.9 C= 490 Safe=45.62% SAI=1.000 Jain=1.000 PeakMF=0.563
[Ep  1800 | Step   864,000/2,000,000 | 190 sps] R=-11090.9 C= 432 Safe=43.33% SAI=1.000 Jain=1.000 PeakMF=0.563 lam=12.092
[Ep  2200 | Step 1,056,000/2,000,000 | 225 sps] R=-9052.0 C=  16 Safe=97.71% SAI=1.000 Jain=1.000 PeakMF=0.563
[Ep  1600 | Step   768,000/2,000,000 | 194 sps] R=-8991.2 C=   4 Safe=99.17% SAI=1.000 Jain=1.000 PeakMF=0.563 lam=4.959
[Ep  1650 | Step   792,000/2,000,000 | 200 sps] R=-9146.8 C=  44 Safe=93.96% SAI=1.000 Jain=1.000 PeakMF=0.563 lam=6.412
[Ep  1750 | Step   840,000/2,000,000 | 197 sps] R=-9092.1 C=  33 Safe=95.00% SAI=1.000 Jain=1.000 PeakMF=0.563 lam=6.884
[Ep  2100 | Step 1,008,000/2,000,000 | 216 sps] R=-11749.2 C= 569 Safe=47.92% SAI=1.000 Jain=1.000 PeakMF=0.563
[Ep  2250 | Step 1,080,000/2,000,000 | 225 sps] R=-8981.0 C=   2 Safe=99.58% SAI=1.000 Jain=1.000 PeakMF=0.563
[Ep  1850 | Step   888,000/2,000,000 | 190 sps] R=-11127.9 C= 439 Safe=55.83% SAI=1.000 Jain=1.000 PeakMF=0.569 lam=12.521
[Ep  1650 | Step   792,000/2,000,000 | 194 sps] R=-9006.1 C=   7 Safe=98.75% SAI=1.000 Jain=1.000 PeakMF=0.563 lam=4.919
[Ep  1700 | Step   816,000/2,000,000 | 200 sps] R=-9152.1 C=  45 Safe=93.96% SAI=1.000 Jain=1.000 PeakMF=0.563 lam=6.410
[Ep  1800 | Step   864,000/2,000,000 | 197 sps] R=-9147.1 C=  44 Safe=95.00% SAI=1.000 Jain=1.000 PeakMF=0.563 lam=6.888
[Ep  2150 | Step 1,032,000/2,000,000 | 216 sps] R=-11454.3 C= 504 Safe=38.75% SAI=1.000 Jain=1.000 PeakMF=0.563
[Ep  2300 | Step 1,104,000/2,000,000 | 225 sps] R=-9006.0 C=   7 Safe=98.54% SAI=1.000 Jain=1.000 PeakMF=0.563
[Ep  1900 | Step   912,000/2,000,000 | 190 sps] R=-10856.3 C= 385 Safe=59.17% SAI=1.000 Jain=1.000 PeakMF=0.563 lam=12.808
[Ep  1700 | Step   816,000/2,000,000 | 194 sps] R=-9011.6 C=  17 Safe=97.71% SAI=1.000 Jain=1.000 PeakMF=0.563 lam=4.888
[Ep  1750 | Step   840,000/2,000,000 | 200 sps] R=-9227.0 C=  60 Safe=92.71% SAI=1.000 Jain=1.000 PeakMF=0.563 lam=6.372
[Ep  1850 | Step   888,000/2,000,000 | 197 sps] R=-9112.2 C=  37 Safe=94.58% SAI=1.000 Jain=1.000 PeakMF=0.563 lam=6.885
[Ep  2200 | Step 1,056,000/2,000,000 | 216 sps] R=-11667.8 C= 552 Safe=42.08% SAI=1.000 Jain=1.000 PeakMF=0.563
[Ep  2350 | Step 1,128,000/2,000,000 | 226 sps] R=-9026.2 C=  11 Safe=97.92% SAI=1.000 Jain=1.000 PeakMF=0.563
[Ep  1950 | Step   936,000/2,000,000 | 190 sps] R=-10216.6 C= 257 Safe=66.88% SAI=1.000 Jain=1.000 PeakMF=0.567 lam=12.820
[Ep  1750 | Step   840,000/2,000,000 | 195 sps] R=-8985.6 C=   3 Safe=99.38% SAI=1.000 Jain=1.000 PeakMF=0.563 lam=4.848
[Ep  2400 | Step 1,152,000/2,000,000 | 227 sps] R=-9008.9 C=   9 Safe=98.12% SAI=1.000 Jain=1.000 PeakMF=0.563
[Ep  1800 | Step   864,000/2,000,000 | 200 sps] R=-9011.1 C=   8 Safe=98.54% SAI=1.000 Jain=1.000 PeakMF=0.563 lam=6.306
[Ep  1900 | Step   912,000/2,000,000 | 198 sps] R=-9092.1 C=  33 Safe=96.25% SAI=1.000 Jain=1.000 PeakMF=0.563 lam=6.874
[Ep  2250 | Step 1,080,000/2,000,000 | 216 sps] R=-11758.8 C= 569 Safe=43.75% SAI=1.000 Jain=1.000 PeakMF=0.563
[Ep  2450 | Step 1,176,000/2,000,000 | 228 sps] R=-9026.4 C=  11 Safe=97.71% SAI=1.000 Jain=1.000 PeakMF=0.563
[Ep  2000 | Step   960,000/2,000,000 | 191 sps] R=-10170.7 C= 248 Safe=75.00% SAI=1.000 Jain=1.000 PeakMF=0.563 lam=13.032
[Ep  1800 | Step   864,000/2,000,000 | 195 sps] R=-9031.4 C=  12 Safe=97.92% SAI=1.000 Jain=1.000 PeakMF=0.563 lam=4.808
[Ep  1850 | Step   888,000/2,000,000 | 200 sps] R=-9069.3 C=  27 Safe=96.25% SAI=1.000 Jain=1.000 PeakMF=0.563 lam=6.308
[Ep  2300 | Step 1,104,000/2,000,000 | 216 sps] R=-9772.4 C= 162 Safe=73.75% SAI=1.000 Jain=1.000 PeakMF=0.563
[Ep  1950 | Step   936,000/2,000,000 | 198 sps] R=-9147.1 C=  44 Safe=95.21% SAI=1.000 Jain=1.000 PeakMF=0.563 lam=6.861
[Ep  2500 | Step 1,200,000/2,000,000 | 229 sps] R=-9001.3 C=   6 Safe=98.75% SAI=1.000 Jain=1.000 PeakMF=0.563
[Ep  2050 | Step   984,000/2,000,000 | 191 sps] R=-10194.9 C= 254 Safe=75.42% SAI=1.000 Jain=1.000 PeakMF=0.563 lam=13.265
[Ep  1850 | Step   888,000/2,000,000 | 196 sps] R=-9099.5 C=  33 Safe=95.83% SAI=1.000 Jain=1.000 PeakMF=0.563 lam=4.794
[Ep  1900 | Step   912,000/2,000,000 | 201 sps] R=-9137.0 C=  42 Safe=95.00% SAI=1.000 Jain=1.000 PeakMF=0.563 lam=6.309
[Ep  2350 | Step 1,128,000/2,000,000 | 216 sps] R=-9682.2 C= 142 Safe=77.50% SAI=1.000 Jain=1.000 PeakMF=0.563
[Ep  2550 | Step 1,224,000/2,000,000 | 230 sps] R=-9046.7 C=  15 Safe=96.88% SAI=1.000 Jain=1.000 PeakMF=0.563
[Ep  2000 | Step   960,000/2,000,000 | 198 sps] R=-9122.1 C=  39 Safe=94.79% SAI=1.000 Jain=1.000 PeakMF=0.563 lam=6.853
[Ep  2600 | Step 1,248,000/2,000,000 | 231 sps] R=-9016.2 C=   9 Safe=98.54% SAI=1.000 Jain=1.000 PeakMF=0.563
[Ep  2100 | Step 1,008,000/2,000,000 | 191 sps] R=-10393.5 C= 295 Safe=74.17% SAI=1.000 Jain=1.000 PeakMF=0.563 lam=13.509
[Ep  1900 | Step   912,000/2,000,000 | 196 sps] R=-9092.0 C=  33 Safe=96.46% SAI=1.000 Jain=1.000 PeakMF=0.563 lam=4.804
[Ep  2400 | Step 1,152,000/2,000,000 | 216 sps] R=-9955.4 C= 200 Safe=72.50% SAI=1.000 Jain=1.000 PeakMF=0.563
[Ep  1950 | Step   936,000/2,000,000 | 201 sps] R=-9086.9 C=  32 Safe=96.46% SAI=1.000 Jain=1.000 PeakMF=0.563 lam=6.321
[Ep  2050 | Step   984,000/2,000,000 | 197 sps] R=-9132.2 C=  41 Safe=95.83% SAI=1.000 Jain=1.000 PeakMF=0.563 lam=6.846
[Ep  2650 | Step 1,272,000/2,000,000 | 231 sps] R=-9019.1 C=  17 Safe=97.92% SAI=1.000 Jain=1.000 PeakMF=0.563
[Ep  2450 | Step 1,176,000/2,000,000 | 217 sps] R=-9812.4 C= 169 Safe=78.96% SAI=1.000 Jain=1.000 PeakMF=0.563
[Ep  2150 | Step 1,032,000/2,000,000 | 192 sps] R=-10234.2 C= 260 Safe=69.38% SAI=1.000 Jain=1.000 PeakMF=0.563 lam=13.751
[Ep  1950 | Step   936,000/2,000,000 | 197 sps] R=-9157.1 C=  46 Safe=96.04% SAI=1.000 Jain=1.000 PeakMF=0.563 lam=4.799
[Ep  2000 | Step   960,000/2,000,000 | 201 sps] R=-9167.1 C=  48 Safe=94.17% SAI=1.000 Jain=1.000 PeakMF=0.563 lam=6.324
[Ep  2700 | Step 1,296,000/2,000,000 | 232 sps] R=-9122.1 C=  39 Safe=95.21% SAI=1.000 Jain=1.000 PeakMF=0.563
[Ep  2100 | Step 1,008,000/2,000,000 | 197 sps] R=-9102.1 C=  35 Safe=96.04% SAI=1.000 Jain=1.000 PeakMF=0.563 lam=6.829
[Ep  2500 | Step 1,200,000/2,000,000 | 217 sps] R=-9780.5 C= 159 Safe=77.08% SAI=1.000 Jain=1.000 PeakMF=0.563
[Ep  2200 | Step 1,056,000/2,000,000 | 192 sps] R=-10410.7 C= 299 Safe=72.71% SAI=1.000 Jain=1.000 PeakMF=0.563 lam=14.005
[Ep  2000 | Step   960,000/2,000,000 | 197 sps] R=-9122.1 C=  39 Safe=95.42% SAI=1.000 Jain=1.000 PeakMF=0.563 lam=4.784
[Ep  2050 | Step   984,000/2,000,000 | 202 sps] R=-9056.7 C=  26 Safe=97.08% SAI=1.000 Jain=1.000 PeakMF=0.563 lam=6.265
[Ep  2750 | Step 1,320,000/2,000,000 | 233 sps] R=-9097.0 C=  34 Safe=96.46% SAI=1.000 Jain=1.000 PeakMF=0.563
[Ep  2150 | Step 1,032,000/2,000,000 | 197 sps] R=-9117.0 C=  38 Safe=96.25% SAI=1.000 Jain=1.000 PeakMF=0.563 lam=6.814
[Ep  2550 | Step 1,224,000/2,000,000 | 217 sps] R=-9877.7 C= 181 Safe=79.17% SAI=1.000 Jain=1.000 PeakMF=0.563
[Ep  2250 | Step 1,080,000/2,000,000 | 192 sps] R=-10336.2 C= 287 Safe=75.83% SAI=1.000 Jain=1.000 PeakMF=0.563 lam=14.240
[Ep  2800 | Step 1,344,000/2,000,000 | 233 sps] R=-9067.0 C=  28 Safe=96.04% SAI=1.000 Jain=1.000 PeakMF=0.563
[Ep  2050 | Step   984,000/2,000,000 | 197 sps] R=-9077.0 C=  30 Safe=96.46% SAI=1.000 Jain=1.000 PeakMF=0.563 lam=4.773
[Ep  2100 | Step 1,008,000/2,000,000 | 202 sps] R=-9036.9 C=  22 Safe=97.08% SAI=1.000 Jain=1.000 PeakMF=0.563 lam=6.284
[Ep  2600 | Step 1,248,000/2,000,000 | 217 sps] R=-9986.2 C= 206 Safe=76.67% SAI=1.000 Jain=1.000 PeakMF=0.563
[Ep  2200 | Step 1,056,000/2,000,000 | 197 sps] R=-9112.1 C=  37 Safe=95.21% SAI=1.000 Jain=1.000 PeakMF=0.563 lam=6.803
[Ep  2850 | Step 1,368,000/2,000,000 | 233 sps] R=-9099.5 C=  33 Safe=95.83% SAI=1.000 Jain=1.000 PeakMF=0.563
[Ep  2300 | Step 1,104,000/2,000,000 | 192 sps] R=-10279.9 C= 276 Safe=72.29% SAI=1.000 Jain=1.000 PeakMF=0.563 lam=14.495
[Ep  2100 | Step 1,008,000/2,000,000 | 197 sps] R=-9137.0 C=  42 Safe=96.67% SAI=1.000 Jain=1.000 PeakMF=0.563 lam=4.763
[Ep  2150 | Step 1,032,000/2,000,000 | 201 sps] R=-9152.1 C=  45 Safe=95.00% SAI=1.000 Jain=1.000 PeakMF=0.563 lam=6.267
[Ep  2650 | Step 1,272,000/2,000,000 | 217 sps] R=-9934.4 C= 196 Safe=77.50% SAI=1.000 Jain=1.000 PeakMF=0.563
[Ep  2900 | Step 1,392,000/2,000,000 | 233 sps] R=-9117.1 C=  38 Safe=96.04% SAI=1.000 Jain=1.000 PeakMF=0.563
[Ep  2150 | Step 1,032,000/2,000,000 | 198 sps] R=-9126.9 C=  40 Safe=96.67% SAI=1.000 Jain=1.000 PeakMF=0.563 lam=4.751
[Ep  2250 | Step 1,080,000/2,000,000 | 196 sps] R=-9017.0 C=  18 Safe=97.08% SAI=1.000 Jain=1.000 PeakMF=0.563 lam=6.758
[Ep  2350 | Step 1,128,000/2,000,000 | 192 sps] R=-10254.7 C= 268 Safe=74.58% SAI=1.000 Jain=1.000 PeakMF=0.563 lam=14.746
[Ep  2200 | Step 1,056,000/2,000,000 | 202 sps] R=-9127.0 C=  40 Safe=95.83% SAI=1.000 Jain=1.000 PeakMF=0.563 lam=6.263
[Ep  2700 | Step 1,296,000/2,000,000 | 217 sps] R=-9998.8 C= 209 Safe=78.75% SAI=1.000 Jain=1.000 PeakMF=0.563
[Ep  2950 | Step 1,416,000/2,000,000 | 233 sps] R=-9122.1 C=  39 Safe=96.67% SAI=1.000 Jain=1.000 PeakMF=0.563
[Ep  2200 | Step 1,056,000/2,000,000 | 199 sps] R=-9102.0 C=  35 Safe=96.25% SAI=1.000 Jain=1.000 PeakMF=0.563 lam=4.738
[Ep  2300 | Step 1,104,000/2,000,000 | 196 sps] R=-9039.4 C=  21 Safe=97.08% SAI=1.000 Jain=1.000 PeakMF=0.563 lam=6.748
[Ep  2400 | Step 1,152,000/2,000,000 | 193 sps] R=-10446.5 C= 308 Safe=73.54% SAI=1.000 Jain=1.000 PeakMF=0.563 lam=14.997
[Ep  2250 | Step 1,080,000/2,000,000 | 202 sps] R=-9119.5 C=  37 Safe=94.58% SAI=1.000 Jain=1.000 PeakMF=0.563 lam=6.252
[Ep  2750 | Step 1,320,000/2,000,000 | 218 sps] R=-9808.3 C= 170 Safe=80.21% SAI=1.000 Jain=1.000 PeakMF=0.563
[Ep  3000 | Step 1,440,000/2,000,000 | 233 sps] R=-9092.1 C=  33 Safe=96.46% SAI=1.000 Jain=1.000 PeakMF=0.563
[Ep  2250 | Step 1,080,000/2,000,000 | 199 sps] R=-9102.1 C=  35 Safe=96.67% SAI=1.000 Jain=1.000 PeakMF=0.563 lam=4.731
[Ep  2450 | Step 1,176,000/2,000,000 | 193 sps] R=-10359.1 C= 292 Safe=72.29% SAI=1.000 Jain=1.000 PeakMF=0.563 lam=15.267
[Ep  2350 | Step 1,128,000/2,000,000 | 196 sps] R=-9002.0 C=  15 Safe=97.71% SAI=1.000 Jain=1.000 PeakMF=0.563 lam=6.675
[Ep  2300 | Step 1,104,000/2,000,000 | 202 sps] R=-9132.2 C=  41 Safe=95.21% SAI=1.000 Jain=1.000 PeakMF=0.563 lam=6.246
[Ep  2800 | Step 1,344,000/2,000,000 | 218 sps] R=-9537.1 C= 114 Safe=85.62% SAI=1.000 Jain=1.000 PeakMF=0.563
[Ep  3050 | Step 1,464,000/2,000,000 | 233 sps] R=-9122.1 C=  39 Safe=94.58% SAI=1.000 Jain=1.000 PeakMF=0.563
[Ep  2300 | Step 1,104,000/2,000,000 | 199 sps] R=-9137.1 C=  42 Safe=95.83% SAI=1.000 Jain=1.000 PeakMF=0.563 lam=4.718
[Ep  2500 | Step 1,200,000/2,000,000 | 193 sps] R=-10504.2 C= 321 Safe=72.50% SAI=1.000 Jain=1.000 PeakMF=0.563 lam=15.523
[Ep  2350 | Step 1,128,000/2,000,000 | 202 sps] R=-9117.0 C=  38 Safe=95.62% SAI=1.000 Jain=1.000 PeakMF=0.563 lam=6.235
[Ep  2850 | Step 1,368,000/2,000,000 | 218 sps] R=-9926.1 C= 192 Safe=79.58% SAI=1.000 Jain=1.000 PeakMF=0.563
[Ep  2400 | Step 1,152,000/2,000,000 | 196 sps] R=-9007.0 C=  16 Safe=98.12% SAI=1.000 Jain=1.000 PeakMF=0.563 lam=6.640
[Ep  3100 | Step 1,488,000/2,000,000 | 233 sps] R=-9147.2 C=  44 Safe=95.00% SAI=1.000 Jain=1.000 PeakMF=0.563
[Ep  2350 | Step 1,128,000/2,000,000 | 199 sps] R=-9132.1 C=  41 Safe=96.25% SAI=1.000 Jain=1.000 PeakMF=0.563 lam=4.705
[Ep  2900 | Step 1,392,000/2,000,000 | 218 sps] R=-9913.8 C= 193 Safe=77.92% SAI=1.000 Jain=1.000 PeakMF=0.563
[Ep  2550 | Step 1,224,000/2,000,000 | 193 sps] R=-10318.9 C= 284 Safe=75.00% SAI=1.000 Jain=1.000 PeakMF=0.563 lam=15.770
[Ep  2400 | Step 1,152,000/2,000,000 | 201 sps] R=-9127.1 C=  40 Safe=96.04% SAI=1.000 Jain=1.000 PeakMF=0.563 lam=6.224
[Ep  3150 | Step 1,512,000/2,000,000 | 233 sps] R=-9107.1 C=  36 Safe=96.25% SAI=1.000 Jain=1.000 PeakMF=0.563
[Ep  2450 | Step 1,176,000/2,000,000 | 195 sps] R=-8994.1 C=   6 Safe=98.96% SAI=1.000 Jain=1.000 PeakMF=0.563 lam=6.606
[Ep  2400 | Step 1,152,000/2,000,000 | 199 sps] R=-9132.1 C=  41 Safe=96.67% SAI=1.000 Jain=1.000 PeakMF=0.563 lam=4.686
[Ep  2950 | Step 1,416,000/2,000,000 | 218 sps] R=-9750.7 C= 157 Safe=81.04% SAI=1.000 Jain=1.000 PeakMF=0.563
[Ep  3200 | Step 1,536,000/2,000,000 | 233 sps] R=-9042.1 C=  23 Safe=96.46% SAI=1.000 Jain=1.000 PeakMF=0.563
[Ep  2600 | Step 1,248,000/2,000,000 | 193 sps] R=-10238.9 C= 268 Safe=77.71% SAI=1.000 Jain=1.000 PeakMF=0.563 lam=16.025
[Ep  2450 | Step 1,176,000/2,000,000 | 201 sps] R=-9122.2 C=  39 Safe=96.04% SAI=1.000 Jain=1.000 PeakMF=0.563 lam=6.216
[Ep  2500 | Step 1,200,000/2,000,000 | 195 sps] R=-9037.1 C=  22 Safe=96.46% SAI=1.000 Jain=1.000 PeakMF=0.563 lam=6.593
[Ep  2450 | Step 1,176,000/2,000,000 | 199 sps] R=-9097.0 C=  34 Safe=96.04% SAI=1.000 Jain=1.000 PeakMF=0.563 lam=4.655
[Ep  3000 | Step 1,440,000/2,000,000 | 218 sps] R=-9746.0 C= 155 Safe=81.04% SAI=1.000 Jain=1.000 PeakMF=0.563
[Ep  3250 | Step 1,560,000/2,000,000 | 233 sps] R=-9067.0 C=  28 Safe=97.50% SAI=1.000 Jain=1.000 PeakMF=0.563
[Ep  2650 | Step 1,272,000/2,000,000 | 193 sps] R=-10430.5 C= 306 Safe=75.62% SAI=1.000 Jain=1.000 PeakMF=0.563 lam=16.292
[Ep  2500 | Step 1,200,000/2,000,000 | 201 sps] R=-9061.9 C=  27 Safe=96.88% SAI=1.000 Jain=1.000 PeakMF=0.563 lam=6.180
[Ep  2550 | Step 1,224,000/2,000,000 | 194 sps] R=-9072.2 C=  29 Safe=97.08% SAI=1.000 Jain=1.000 PeakMF=0.563 lam=6.580
[Ep  2500 | Step 1,200,000/2,000,000 | 199 sps] R=-9066.9 C=  28 Safe=96.25% SAI=1.000 Jain=1.000 PeakMF=0.563 lam=4.634
[Ep  3050 | Step 1,464,000/2,000,000 | 218 sps] R=-9851.6 C= 177 Safe=80.00% SAI=1.000 Jain=1.000 PeakMF=0.563
[Ep  3300 | Step 1,584,000/2,000,000 | 232 sps] R=-9012.1 C=  17 Safe=97.50% SAI=1.000 Jain=1.000 PeakMF=0.563
[Ep  2700 | Step 1,296,000/2,000,000 | 193 sps] R=-10404.8 C= 301 Safe=74.79% SAI=1.000 Jain=1.000 PeakMF=0.563 lam=16.576
[Ep  2550 | Step 1,224,000/2,000,000 | 201 sps] R=-9091.9 C=  33 Safe=96.67% SAI=1.000 Jain=1.000 PeakMF=0.563 lam=6.169
[Ep  3100 | Step 1,488,000/2,000,000 | 218 sps] R=-9191.7 C=  43 Safe=93.54% SAI=1.000 Jain=1.000 PeakMF=0.563
[Ep  2550 | Step 1,224,000/2,000,000 | 199 sps] R=-9062.1 C=  27 Safe=97.71% SAI=1.000 Jain=1.000 PeakMF=0.563 lam=4.618
[Ep  2600 | Step 1,248,000/2,000,000 | 194 sps] R=-9052.1 C=  25 Safe=97.29% SAI=1.000 Jain=1.000 PeakMF=0.563 lam=6.556
[Ep  3350 | Step 1,608,000/2,000,000 | 232 sps] R=-9037.0 C=  22 Safe=97.50% SAI=1.000 Jain=1.000 PeakMF=0.563
[Ep  2750 | Step 1,320,000/2,000,000 | 193 sps] R=-10436.5 C= 309 Safe=77.92% SAI=1.000 Jain=1.000 PeakMF=0.563 lam=16.821
[Ep  2600 | Step 1,248,000/2,000,000 | 201 sps] R=-9067.1 C=  28 Safe=96.25% SAI=1.000 Jain=1.000 PeakMF=0.563 lam=6.167
[Ep  3150 | Step 1,512,000/2,000,000 | 219 sps] R=-9078.0 C=  17 Safe=96.67% SAI=1.000 Jain=1.000 PeakMF=0.563
[Ep  3400 | Step 1,632,000/2,000,000 | 232 sps] R=-9092.0 C=  33 Safe=96.88% SAI=1.000 Jain=1.000 PeakMF=0.563
[Ep  2600 | Step 1,248,000/2,000,000 | 199 sps] R=-9122.0 C=  39 Safe=96.67% SAI=1.000 Jain=1.000 PeakMF=0.563 lam=4.604
[Ep  2650 | Step 1,272,000/2,000,000 | 194 sps] R=-9072.1 C=  29 Safe=97.29% SAI=1.000 Jain=1.000 PeakMF=0.563 lam=6.538
[Ep  2800 | Step 1,344,000/2,000,000 | 193 sps] R=-10336.4 C= 289 Safe=75.21% SAI=1.000 Jain=1.000 PeakMF=0.563 lam=17.060
[Ep  2650 | Step 1,272,000/2,000,000 | 201 sps] R=-9122.0 C=  39 Safe=96.88% SAI=1.000 Jain=1.000 PeakMF=0.563 lam=6.148
[Ep  3200 | Step 1,536,000/2,000,000 | 219 sps] R=-9117.0 C=  27 Safe=95.42% SAI=1.000 Jain=1.000 PeakMF=0.563
[Ep  3450 | Step 1,656,000/2,000,000 | 232 sps] R=-9122.2 C=  39 Safe=95.83% SAI=1.000 Jain=1.000 PeakMF=0.563
[Ep  2650 | Step 1,272,000/2,000,000 | 199 sps] R=-9057.1 C=  26 Safe=97.29% SAI=1.000 Jain=1.000 PeakMF=0.563 lam=4.554
[Ep  2700 | Step 1,296,000/2,000,000 | 193 sps] R=-9062.1 C=  27 Safe=96.46% SAI=1.000 Jain=1.000 PeakMF=0.563 lam=6.513
[Ep  3250 | Step 1,560,000/2,000,000 | 219 sps] R=-9166.4 C=  32 Safe=94.79% SAI=1.000 Jain=1.000 PeakMF=0.563
[Ep  2850 | Step 1,368,000/2,000,000 | 193 sps] R=-10346.6 C= 291 Safe=73.96% SAI=1.000 Jain=1.000 PeakMF=0.563 lam=17.346
[Ep  2700 | Step 1,296,000/2,000,000 | 201 sps] R=-9092.1 C=  33 Safe=96.88% SAI=1.000 Jain=1.000 PeakMF=0.563 lam=6.144
[Ep  3500 | Step 1,680,000/2,000,000 | 232 sps] R=-9097.1 C=  34 Safe=96.67% SAI=1.000 Jain=1.000 PeakMF=0.563
[Ep  2700 | Step 1,296,000/2,000,000 | 199 sps] R=-8991.5 C=   4 Safe=99.38% SAI=1.000 Jain=1.000 PeakMF=0.563 lam=4.508
[Ep  2750 | Step 1,320,000/2,000,000 | 193 sps] R=-8969.3 C=   4 Safe=99.17% SAI=1.000 Jain=1.000 PeakMF=0.563 lam=6.489
[Ep  3300 | Step 1,584,000/2,000,000 | 219 sps] R=-9106.5 C=  30 Safe=95.00% SAI=1.000 Jain=1.000 PeakMF=0.563
[Ep  2900 | Step 1,392,000/2,000,000 | 193 sps] R=-10474.2 C= 318 Safe=74.38% SAI=1.000 Jain=1.000 PeakMF=0.563 lam=17.650
[Ep  2750 | Step 1,320,000/2,000,000 | 200 sps] R=-9147.1 C=  44 Safe=95.83% SAI=1.000 Jain=1.000 PeakMF=0.563 lam=6.124
[Ep  3550 | Step 1,704,000/2,000,000 | 232 sps] R=-8981.5 C=   2 Safe=99.58% SAI=1.000 Jain=1.000 PeakMF=0.563
[Ep  2750 | Step 1,320,000/2,000,000 | 199 sps] R=-9062.1 C=  27 Safe=97.71% SAI=1.000 Jain=1.000 PeakMF=0.563 lam=4.512
[Ep  3350 | Step 1,608,000/2,000,000 | 219 sps] R=-9160.8 C=  42 Safe=94.38% SAI=1.000 Jain=1.000 PeakMF=0.563
[Ep  2800 | Step 1,344,000/2,000,000 | 193 sps] R=-9027.0 C=  20 Safe=97.71% SAI=1.000 Jain=1.000 PeakMF=0.563 lam=6.465
[Ep  3600 | Step 1,728,000/2,000,000 | 231 sps] R=-9452.7 C= 105 Safe=90.42% SAI=1.000 Jain=1.000 PeakMF=0.563
[Ep  2950 | Step 1,416,000/2,000,000 | 193 sps] R=-10579.6 C= 339 Safe=75.42% SAI=1.000 Jain=1.000 PeakMF=0.563 lam=17.960
[Ep  2800 | Step 1,344,000/2,000,000 | 200 sps] R=-9082.1 C=  31 Safe=96.46% SAI=1.000 Jain=1.000 PeakMF=0.563 lam=6.103
[Ep  2800 | Step 1,344,000/2,000,000 | 199 sps] R=-9071.9 C=  29 Safe=97.08% SAI=1.000 Jain=1.000 PeakMF=0.563 lam=4.493
[Ep  3400 | Step 1,632,000/2,000,000 | 219 sps] R=-9188.1 C=  49 Safe=92.92% SAI=1.000 Jain=1.000 PeakMF=0.563
[Ep  3650 | Step 1,752,000/2,000,000 | 231 sps] R=-8991.5 C=   4 Safe=99.17% SAI=1.000 Jain=1.000 PeakMF=0.563
[Ep  2850 | Step 1,368,000/2,000,000 | 193 sps] R=-9062.1 C=  27 Safe=97.29% SAI=1.000 Jain=1.000 PeakMF=0.563 lam=6.444
[Ep  3000 | Step 1,440,000/2,000,000 | 193 sps] R=-10161.5 C= 248 Safe=80.42% SAI=1.000 Jain=1.000 PeakMF=0.563 lam=18.222
[Ep  2850 | Step 1,368,000/2,000,000 | 200 sps] R=-9052.1 C=  25 Safe=96.88% SAI=1.000 Jain=1.000 PeakMF=0.563 lam=6.084
[Ep  3450 | Step 1,656,000/2,000,000 | 219 sps] R=-9154.5 C=  44 Safe=93.75% SAI=1.000 Jain=1.000 PeakMF=0.563
[Ep  2850 | Step 1,368,000/2,000,000 | 199 sps] R=-9067.2 C=  28 Safe=97.71% SAI=1.000 Jain=1.000 PeakMF=0.563 lam=4.477
[Ep  3700 | Step 1,776,000/2,000,000 | 232 sps] R=-8971.6 C=   6 Safe=99.17% SAI=1.000 Jain=1.000 PeakMF=0.563
[Ep  3050 | Step 1,464,000/2,000,000 | 193 sps] R=-10294.0 C= 276 Safe=77.29% SAI=1.000 Jain=1.000 PeakMF=0.563 lam=18.400
[Ep  2900 | Step 1,392,000/2,000,000 | 192 sps] R=-9047.1 C=  24 Safe=97.08% SAI=1.000 Jain=1.000 PeakMF=0.563 lam=6.421
[Ep  2900 | Step 1,392,000/2,000,000 | 200 sps] R=-9067.0 C=  28 Safe=96.67% SAI=1.000 Jain=1.000 PeakMF=0.563 lam=6.067
[Ep  3500 | Step 1,680,000/2,000,000 | 219 sps] R=-9162.0 C=  47 Safe=92.71% SAI=1.000 Jain=1.000 PeakMF=0.563
[Ep  2900 | Step 1,392,000/2,000,000 | 199 sps] R=-9057.1 C=  26 Safe=97.08% SAI=1.000 Jain=1.000 PeakMF=0.563 lam=4.457
[Ep  3750 | Step 1,800,000/2,000,000 | 232 sps] R=-8971.5 C=   3 Safe=99.38% SAI=1.000 Jain=1.000 PeakMF=0.563
[Ep  3100 | Step 1,488,000/2,000,000 | 193 sps] R=-10291.5 C= 277 Safe=76.25% SAI=1.000 Jain=1.000 PeakMF=0.563 lam=18.693
[Ep  2950 | Step 1,416,000/2,000,000 | 200 sps] R=-9082.1 C=  31 Safe=96.88% SAI=1.000 Jain=1.000 PeakMF=0.563 lam=6.053
[Ep  2950 | Step 1,416,000/2,000,000 | 192 sps] R=-9012.0 C=  17 Safe=97.92% SAI=1.000 Jain=1.000 PeakMF=0.563 lam=6.395
[Ep  3550 | Step 1,704,000/2,000,000 | 219 sps] R=-9172.2 C=  49 Safe=92.92% SAI=1.000 Jain=1.000 PeakMF=0.563
[Ep  3800 | Step 1,824,000/2,000,000 | 232 sps] R=-9042.1 C=  23 Safe=97.92% SAI=1.000 Jain=1.000 PeakMF=0.563
[Ep  2950 | Step 1,416,000/2,000,000 | 199 sps] R=-9082.1 C=  31 Safe=97.71% SAI=1.000 Jain=1.000 PeakMF=0.563 lam=4.435
[Ep  3150 | Step 1,512,000/2,000,000 | 193 sps] R=-10521.9 C= 326 Safe=73.33% SAI=1.000 Jain=1.000 PeakMF=0.563 lam=18.962
[Ep  3600 | Step 1,728,000/2,000,000 | 219 sps] R=-9209.8 C=  55 Safe=92.08% SAI=1.000 Jain=1.000 PeakMF=0.563
[Ep  3000 | Step 1,440,000/2,000,000 | 200 sps] R=-9102.1 C=  35 Safe=96.46% SAI=1.000 Jain=1.000 PeakMF=0.563 lam=6.041
[Ep  3850 | Step 1,848,000/2,000,000 | 232 sps] R=-9052.0 C=  25 Safe=97.29% SAI=1.000 Jain=1.000 PeakMF=0.563
[Ep  3000 | Step 1,440,000/2,000,000 | 192 sps] R=-9057.0 C=  26 Safe=97.50% SAI=1.000 Jain=1.000 PeakMF=0.563 lam=6.376
[Ep  3000 | Step 1,440,000/2,000,000 | 199 sps] R=-9032.0 C=  21 Safe=97.29% SAI=1.000 Jain=1.000 PeakMF=0.563 lam=4.407
[Ep  3650 | Step 1,752,000/2,000,000 | 220 sps] R=-9223.4 C=  59 Safe=91.46% SAI=1.000 Jain=1.000 PeakMF=0.563
[Ep  3200 | Step 1,536,000/2,000,000 | 194 sps] R=-10365.8 C= 293 Safe=73.96% SAI=1.000 Jain=1.000 PeakMF=0.563 lam=19.238
[Ep  3900 | Step 1,872,000/2,000,000 | 231 sps] R=-9076.9 C=  30 Safe=97.71% SAI=1.000 Jain=1.000 PeakMF=0.563
[Ep  3050 | Step 1,464,000/2,000,000 | 200 sps] R=-9042.1 C=  23 Safe=96.88% SAI=1.000 Jain=1.000 PeakMF=0.563 lam=6.014
[Ep  3050 | Step 1,464,000/2,000,000 | 192 sps] R=-9032.2 C=  21 Safe=97.08% SAI=1.000 Jain=1.000 PeakMF=0.563 lam=6.350
[Ep  3050 | Step 1,464,000/2,000,000 | 199 sps] R=-9062.0 C=  27 Safe=97.71% SAI=1.000 Jain=1.000 PeakMF=0.563 lam=4.387
[Ep  3700 | Step 1,776,000/2,000,000 | 220 sps] R=-9237.1 C=  62 Safe=91.46% SAI=1.000 Jain=1.000 PeakMF=0.563
[Ep  3250 | Step 1,560,000/2,000,000 | 194 sps] R=-10467.0 C= 315 Safe=76.46% SAI=1.000 Jain=1.000 PeakMF=0.563 lam=19.545
[Ep  3950 | Step 1,896,000/2,000,000 | 231 sps] R=-9062.0 C=  27 Safe=96.88% SAI=1.000 Jain=1.000 PeakMF=0.563
[Ep  3100 | Step 1,488,000/2,000,000 | 200 sps] R=-9087.0 C=  32 Safe=96.25% SAI=1.000 Jain=1.000 PeakMF=0.563 lam=5.990
[Ep  3100 | Step 1,488,000/2,000,000 | 200 sps] R=-9072.1 C=  29 Safe=97.08% SAI=1.000 Jain=1.000 PeakMF=0.563 lam=4.367
[Ep  3100 | Step 1,488,000/2,000,000 | 192 sps] R=-9032.1 C=  21 Safe=97.71% SAI=1.000 Jain=1.000 PeakMF=0.563 lam=6.322
[Ep  3750 | Step 1,800,000/2,000,000 | 220 sps] R=-9049.4 C=  23 Safe=95.83% SAI=1.000 Jain=1.000 PeakMF=0.563
[Ep  4000 | Step 1,920,000/2,000,000 | 231 sps] R=-9022.1 C=  19 Safe=97.08% SAI=1.000 Jain=1.000 PeakMF=0.563
[Ep  3300 | Step 1,584,000/2,000,000 | 194 sps] R=-10544.5 C= 329 Safe=74.79% SAI=1.000 Jain=1.000 PeakMF=0.563 lam=19.852
[Ep  3150 | Step 1,512,000/2,000,000 | 200 sps] R=-9052.0 C=  25 Safe=97.08% SAI=1.000 Jain=1.000 PeakMF=0.563 lam=5.961
[Ep  3150 | Step 1,512,000/2,000,000 | 200 sps] R=-9092.1 C=  33 Safe=96.88% SAI=1.000 Jain=1.000 PeakMF=0.563 lam=4.350
[Ep  3150 | Step 1,512,000/2,000,000 | 192 sps] R=-9067.2 C=  28 Safe=96.88% SAI=1.000 Jain=1.000 PeakMF=0.563 lam=6.299
[Ep  3800 | Step 1,824,000/2,000,000 | 220 sps] R=-9197.1 C=  54 Safe=91.88% SAI=1.000 Jain=1.000 PeakMF=0.563
[Ep  4050 | Step 1,944,000/2,000,000 | 231 sps] R=-9032.1 C=  21 Safe=97.08% SAI=1.000 Jain=1.000 PeakMF=0.563
[Ep  3350 | Step 1,608,000/2,000,000 | 195 sps] R=-10411.9 C= 304 Safe=72.29% SAI=1.000 Jain=1.000 PeakMF=0.563 lam=20.095
[Ep  3200 | Step 1,536,000/2,000,000 | 201 sps] R=-9037.0 C=  22 Safe=97.50% SAI=1.000 Jain=1.000 PeakMF=0.563 lam=4.330
[Ep  3200 | Step 1,536,000/2,000,000 | 201 sps] R=-9072.1 C=  29 Safe=97.08% SAI=1.000 Jain=1.000 PeakMF=0.563 lam=5.945
[Ep  3850 | Step 1,848,000/2,000,000 | 220 sps] R=-9147.7 C=  44 Safe=94.58% SAI=1.000 Jain=1.000 PeakMF=0.563
[Ep  3200 | Step 1,536,000/2,000,000 | 192 sps] R=-9027.1 C=  20 Safe=97.71% SAI=1.000 Jain=1.000 PeakMF=0.563 lam=6.265
[Ep  4100 | Step 1,968,000/2,000,000 | 232 sps] R=-9017.2 C=  18 Safe=97.92% SAI=1.000 Jain=1.000 PeakMF=0.563
[Ep  3400 | Step 1,632,000/2,000,000 | 195 sps] R=-10504.5 C= 321 Safe=71.25% SAI=1.000 Jain=1.000 PeakMF=0.563 lam=20.371
[Ep  3250 | Step 1,560,000/2,000,000 | 201 sps] R=-9071.9 C=  29 Safe=96.67% SAI=1.000 Jain=1.000 PeakMF=0.563 lam=4.304
[Ep  3250 | Step 1,560,000/2,000,000 | 201 sps] R=-9112.1 C=  37 Safe=96.67% SAI=1.000 Jain=1.000 PeakMF=0.563 lam=5.919
[Ep  3900 | Step 1,872,000/2,000,000 | 221 sps] R=-9222.1 C=  59 Safe=92.71% SAI=1.000 Jain=1.000 PeakMF=0.563
[Ep  4150 | Step 1,992,000/2,000,000 | 231 sps] R=-9047.2 C=  24 Safe=97.50% SAI=1.000 Jain=1.000 PeakMF=0.563
[Ep  3250 | Step 1,560,000/2,000,000 | 192 sps] R=-9067.2 C=  28 Safe=97.50% SAI=1.000 Jain=1.000 PeakMF=0.563 lam=6.242
[Ep  3450 | Step 1,656,000/2,000,000 | 195 sps] R=-10499.6 C= 320 Safe=72.08% SAI=1.000 Jain=1.000 PeakMF=0.563 lam=20.649
[Ep  3300 | Step 1,584,000/2,000,000 | 201 sps] R=-9062.1 C=  27 Safe=97.08% SAI=1.000 Jain=1.000 PeakMF=0.563 lam=4.287

============================================================
Training complete: 4167 episodes, 2,000,160 steps
Best reward: -8941.9
Wall time: 2.40 hours
Checkpoint: checkpoints/mappo/seed_8/checkpoint_final.pt
============================================================
[19/50] mappo seed=8 DONE
Using device: cuda
2026-05-03 02:15:06 | hcmarl.utils | INFO | HIGH determinism: cudnn.deterministic=True, torch.use_deterministic_algorithms(True), matmul=highest, CUBLAS_WORKSPACE_CONFIG=:4096:8 (EXP3-Part-1-equivalent reproducibility)
2026-05-03 02:15:06 | hcmarl.utils | INFO | HIGH determinism: cudnn.deterministic=True, torch.use_deterministic_algorithms(True), matmul=highest, CUBLAS_WORKSPACE_CONFIG=:4096:8 (EXP3-Part-1-equivalent reproducibility)
============================================================
HC-MARL Training: MAPPO-Lagrangian (cost critic + dual variable)
Seed: 4 | Device: cuda | Workers: 6
Total steps: 2,000,000 | Eval every: 50,000
Checkpoint dir: checkpoints/mappo_lag/seed_4
============================================================
[Ep  3300 | Step 1,584,000/2,000,000 | 201 sps] R=-9062.0 C=  27 Safe=97.29% SAI=1.000 Jain=1.000 PeakMF=0.563 lam=5.904
[Ep  3950 | Step 1,896,000/2,000,000 | 221 sps] R=-9081.9 C=  31 Safe=95.21% SAI=1.000 Jain=1.000 PeakMF=0.563
[Ep  3500 | Step 1,680,000/2,000,000 | 195 sps] R=-10489.4 C= 318 Safe=73.75% SAI=1.000 Jain=1.000 PeakMF=0.563 lam=20.940
[Ep  3300 | Step 1,584,000/2,000,000 | 192 sps] R=-9072.1 C=  29 Safe=98.33% SAI=1.000 Jain=1.000 PeakMF=0.563 lam=6.216
[Ep    50 | Step    24,000/2,000,000 | 242 sps] R=-16119.6 C=1564 Safe=25.00% SAI=1.000 Jain=1.000 PeakMF=0.591 lam=4.687
[Ep  3350 | Step 1,608,000/2,000,000 | 201 sps] R=-9077.0 C=  30 Safe=97.71% SAI=1.000 Jain=1.000 PeakMF=0.563 lam=4.267
[Ep  3350 | Step 1,608,000/2,000,000 | 201 sps] R=-9107.1 C=  36 Safe=96.88% SAI=1.000 Jain=1.000 PeakMF=0.563 lam=5.887
[Ep  4000 | Step 1,920,000/2,000,000 | 221 sps] R=-9227.2 C=  60 Safe=93.33% SAI=1.000 Jain=1.000 PeakMF=0.563
[Ep   100 | Step    48,000/2,000,000 | 243 sps] R=-13875.8 C=1073 Safe=26.46% SAI=1.000 Jain=0.999 PeakMF=0.612 lam=4.695
[Ep  3550 | Step 1,704,000/2,000,000 | 196 sps] R=-9006.3 C=   7 Safe=98.54% SAI=1.000 Jain=1.000 PeakMF=0.563 lam=20.874
[Ep  3400 | Step 1,632,000/2,000,000 | 201 sps] R=-9102.7 C=  35 Safe=97.29% SAI=1.000 Jain=1.000 PeakMF=0.563 lam=4.249
[Ep  3350 | Step 1,608,000/2,000,000 | 192 sps] R=-9027.1 C=  20 Safe=97.92% SAI=1.000 Jain=1.000 PeakMF=0.563 lam=6.184
[Ep  4050 | Step 1,944,000/2,000,000 | 221 sps] R=-9157.9 C=  46 Safe=93.54% SAI=1.000 Jain=1.000 PeakMF=0.563
[Ep  3400 | Step 1,632,000/2,000,000 | 201 sps] R=-9022.0 C=  19 Safe=97.71% SAI=1.000 Jain=1.000 PeakMF=0.563 lam=5.862
[Ep   150 | Step    72,000/2,000,000 | 244 sps] R=-10194.0 C= 153 Safe=74.17% SAI=1.000 Jain=1.000 PeakMF=0.571 lam=4.432
[Ep  3600 | Step 1,728,000/2,000,000 | 196 sps] R=-9031.5 C=  12 Safe=97.71% SAI=1.000 Jain=1.000 PeakMF=0.563 lam=20.607
[Ep  3450 | Step 1,656,000/2,000,000 | 202 sps] R=-8977.0 C=   1 Safe=99.79% SAI=1.000 Jain=1.000 PeakMF=0.563 lam=4.209
[Ep  4100 | Step 1,968,000/2,000,000 | 221 sps] R=-9197.1 C=  54 Safe=92.50% SAI=1.000 Jain=1.000 PeakMF=0.563
[Ep  3450 | Step 1,656,000/2,000,000 | 201 sps] R=-9117.1 C=  38 Safe=96.88% SAI=1.000 Jain=1.000 PeakMF=0.563 lam=5.847
[Ep  3400 | Step 1,632,000/2,000,000 | 192 sps] R=-9002.1 C=  15 Safe=98.33% SAI=1.000 Jain=1.000 PeakMF=0.563 lam=6.154
[Ep   200 | Step    96,000/2,000,000 | 244 sps] R=-10262.4 C= 190 Safe=71.88% SAI=1.000 Jain=1.000 PeakMF=0.575 lam=4.727
[Ep  3650 | Step 1,752,000/2,000,000 | 196 sps] R=-9021.5 C=  10 Safe=98.12% SAI=1.000 Jain=1.000 PeakMF=0.563 lam=20.551
[Ep  3500 | Step 1,680,000/2,000,000 | 202 sps] R=-9082.2 C=  31 Safe=97.08% SAI=1.000 Jain=1.000 PeakMF=0.563 lam=4.159
[Ep  4150 | Step 1,992,000/2,000,000 | 221 sps] R=-9182.3 C=  51 Safe=94.38% SAI=1.000 Jain=1.000 PeakMF=0.563
[Ep  3500 | Step 1,680,000/2,000,000 | 201 sps] R=-9052.0 C=  25 Safe=97.29% SAI=1.000 Jain=1.000 PeakMF=0.563 lam=5.827
[Ep  3450 | Step 1,656,000/2,000,000 | 192 sps] R=-9052.0 C=  25 Safe=97.50% SAI=1.000 Jain=1.000 PeakMF=0.563 lam=6.139

============================================================
Training complete: 4167 episodes, 2,000,160 steps
Best reward: -9010.9
Wall time: 2.51 hours
Checkpoint: checkpoints/mappo/seed_9/checkpoint_final.pt
============================================================
[Ep   250 | Step   120,000/2,000,000 | 244 sps] R=-9932.6 C= 116 Safe=79.38% SAI=1.000 Jain=1.000 PeakMF=0.577 lam=5.039
[20/50] mappo seed=9 DONE
Using device: cuda
2026-05-03 02:23:22 | hcmarl.utils | INFO | HIGH determinism: cudnn.deterministic=True, torch.use_deterministic_algorithms(True), matmul=highest, CUBLAS_WORKSPACE_CONFIG=:4096:8 (EXP3-Part-1-equivalent reproducibility)
2026-05-03 02:23:22 | hcmarl.utils | INFO | HIGH determinism: cudnn.deterministic=True, torch.use_deterministic_algorithms(True), matmul=highest, CUBLAS_WORKSPACE_CONFIG=:4096:8 (EXP3-Part-1-equivalent reproducibility)
============================================================
HC-MARL Training: MAPPO-Lagrangian (cost critic + dual variable)
Seed: 5 | Device: cuda | Workers: 6
Total steps: 2,000,000 | Eval every: 50,000
Checkpoint dir: checkpoints/mappo_lag/seed_5
============================================================
[Ep  3700 | Step 1,776,000/2,000,000 | 196 sps] R=-9031.5 C=  12 Safe=97.71% SAI=1.000 Jain=1.000 PeakMF=0.563 lam=20.508
[Ep  3550 | Step 1,704,000/2,000,000 | 202 sps] R=-9012.1 C=  17 Safe=97.92% SAI=1.000 Jain=1.000 PeakMF=0.563 lam=4.142
[Ep  3550 | Step 1,704,000/2,000,000 | 202 sps] R=-9092.1 C=  33 Safe=96.88% SAI=1.000 Jain=1.000 PeakMF=0.563 lam=5.802
[Ep  3500 | Step 1,680,000/2,000,000 | 192 sps] R=-9037.2 C=  22 Safe=97.08% SAI=1.000 Jain=1.000 PeakMF=0.563 lam=6.109
[Ep    50 | Step    24,000/2,000,000 | 242 sps] R=-17188.5 C=1891 Safe=19.79% SAI=1.000 Jain=0.999 PeakMF=0.609 lam=4.323
[Ep   300 | Step   144,000/2,000,000 | 238 sps] R=-11223.7 C= 435 Safe=49.38% SAI=1.000 Jain=1.000 PeakMF=0.559 lam=5.116
[Ep  3600 | Step 1,728,000/2,000,000 | 202 sps] R=-9017.2 C=  18 Safe=98.12% SAI=1.000 Jain=1.000 PeakMF=0.563 lam=4.118
[Ep  3750 | Step 1,800,000/2,000,000 | 196 sps] R=-9021.7 C=  10 Safe=98.33% SAI=1.000 Jain=1.000 PeakMF=0.563 lam=20.466
[Ep  3600 | Step 1,728,000/2,000,000 | 202 sps] R=-9047.0 C=  24 Safe=97.92% SAI=1.000 Jain=1.000 PeakMF=0.563 lam=5.779
[Ep  3550 | Step 1,704,000/2,000,000 | 192 sps] R=-9072.0 C=  29 Safe=97.08% SAI=1.000 Jain=1.000 PeakMF=0.563 lam=6.077
[Ep   100 | Step    48,000/2,000,000 | 226 sps] R=-14872.1 C=1252 Safe=25.00% SAI=1.000 Jain=1.000 PeakMF=0.588 lam=5.105
[Ep   350 | Step   168,000/2,000,000 | 232 sps] R=-9983.1 C= 147 Safe=76.67% SAI=1.000 Jain=1.000 PeakMF=0.556 lam=5.096
[Ep  3650 | Step 1,752,000/2,000,000 | 202 sps] R=-9037.0 C=  22 Safe=97.92% SAI=1.000 Jain=1.000 PeakMF=0.563 lam=4.095
[Ep  3800 | Step 1,824,000/2,000,000 | 196 sps] R=-9011.4 C=   8 Safe=98.54% SAI=1.000 Jain=1.000 PeakMF=0.563 lam=20.437
[Ep  3650 | Step 1,752,000/2,000,000 | 202 sps] R=-9087.0 C=  32 Safe=96.67% SAI=1.000 Jain=1.000 PeakMF=0.563 lam=5.751
[Ep  3600 | Step 1,728,000/2,000,000 | 192 sps] R=-9032.1 C=  21 Safe=97.50% SAI=1.000 Jain=1.000 PeakMF=0.563 lam=6.057
[Ep   150 | Step    72,000/2,000,000 | 218 sps] R=-13632.4 C= 960 Safe=23.96% SAI=1.000 Jain=1.000 PeakMF=0.564 lam=5.152
[Ep   400 | Step   192,000/2,000,000 | 229 sps] R=-10347.4 C= 251 Safe=64.17% SAI=1.000 Jain=1.000 PeakMF=0.566 lam=5.155
[Ep  3700 | Step 1,776,000/2,000,000 | 202 sps] R=-9022.1 C=  19 Safe=97.71% SAI=1.000 Jain=1.000 PeakMF=0.563 lam=4.063
[Ep  3700 | Step 1,776,000/2,000,000 | 202 sps] R=-9052.1 C=  25 Safe=97.08% SAI=1.000 Jain=1.000 PeakMF=0.563 lam=5.734
[Ep  3650 | Step 1,752,000/2,000,000 | 192 sps] R=-8956.7 C=   3 Safe=99.38% SAI=1.000 Jain=1.000 PeakMF=0.563 lam=6.000
[Ep  3850 | Step 1,848,000/2,000,000 | 196 sps] R=-9054.0 C=  18 Safe=97.08% SAI=1.000 Jain=1.000 PeakMF=0.563 lam=20.408
[Ep   200 | Step    96,000/2,000,000 | 210 sps] R=-11496.3 C= 481 Safe=43.33% SAI=1.000 Jain=1.000 PeakMF=0.538 lam=5.159
[Ep   450 | Step   216,000/2,000,000 | 224 sps] R=-9801.4 C= 127 Safe=79.58% SAI=1.000 Jain=1.000 PeakMF=0.578 lam=5.198
[Ep  3750 | Step 1,800,000/2,000,000 | 202 sps] R=-9067.2 C=  28 Safe=97.92% SAI=1.000 Jain=1.000 PeakMF=0.563 lam=4.037
[Ep  3750 | Step 1,800,000/2,000,000 | 202 sps] R=-9037.1 C=  22 Safe=97.71% SAI=1.000 Jain=1.000 PeakMF=0.563 lam=5.710
[Ep  3700 | Step 1,776,000/2,000,000 | 193 sps] R=-9022.2 C=  19 Safe=97.92% SAI=1.000 Jain=1.000 PeakMF=0.563 lam=5.971
[Ep  3900 | Step 1,872,000/2,000,000 | 195 sps] R=-9112.0 C=  34 Safe=95.62% SAI=1.000 Jain=1.000 PeakMF=0.563 lam=20.395
[Ep   250 | Step   120,000/2,000,000 | 204 sps] R=-10659.0 C= 322 Safe=60.21% SAI=1.000 Jain=1.000 PeakMF=0.579 lam=5.458
[Ep   500 | Step   240,000/2,000,000 | 220 sps] R=-9429.7 C=  40 Safe=92.29% SAI=1.000 Jain=1.000 PeakMF=0.570 lam=5.243
[Ep  3800 | Step 1,824,000/2,000,000 | 202 sps] R=-9017.1 C=  18 Safe=98.12% SAI=1.000 Jain=1.000 PeakMF=0.563 lam=4.003
[Ep  3800 | Step 1,824,000/2,000,000 | 201 sps] R=-9032.0 C=  21 Safe=97.92% SAI=1.000 Jain=1.000 PeakMF=0.563 lam=5.688
[Ep  3750 | Step 1,800,000/2,000,000 | 193 sps] R=-8952.0 C=   5 Safe=98.96% SAI=1.000 Jain=1.000 PeakMF=0.563 lam=5.928
[Ep  3950 | Step 1,896,000/2,000,000 | 195 sps] R=-9026.6 C=  14 Safe=97.71% SAI=1.000 Jain=1.000 PeakMF=0.563 lam=20.340
[Ep   550 | Step   264,000/2,000,000 | 217 sps] R=-9852.6 C= 156 Safe=73.75% SAI=1.000 Jain=1.000 PeakMF=0.570 lam=5.305
[Ep   300 | Step   144,000/2,000,000 | 199 sps] R=-10159.3 C= 201 Safe=71.67% SAI=1.000 Jain=1.000 PeakMF=0.569 lam=5.355
[Ep  3850 | Step 1,848,000/2,000,000 | 202 sps] R=-9042.1 C=  23 Safe=97.71% SAI=1.000 Jain=1.000 PeakMF=0.563 lam=3.973
[Ep  3850 | Step 1,848,000/2,000,000 | 201 sps] R=-9057.2 C=  26 Safe=97.29% SAI=1.000 Jain=1.000 PeakMF=0.563 lam=5.669
[Ep  3800 | Step 1,824,000/2,000,000 | 193 sps] R=-9027.3 C=  20 Safe=97.71% SAI=1.000 Jain=1.000 PeakMF=0.563 lam=5.895
[Ep   600 | Step   288,000/2,000,000 | 216 sps] R=-9419.1 C=  67 Safe=86.46% SAI=1.000 Jain=1.000 PeakMF=0.570 lam=5.302
[Ep  4000 | Step 1,920,000/2,000,000 | 195 sps] R=-9092.0 C=  33 Safe=96.25% SAI=1.000 Jain=1.000 PeakMF=0.563 lam=20.348
[Ep   350 | Step   168,000/2,000,000 | 199 sps] R=-10061.2 C= 199 Safe=68.96% SAI=1.000 Jain=1.000 PeakMF=0.581 lam=5.381
[Ep  3900 | Step 1,872,000/2,000,000 | 202 sps] R=-9027.1 C=  20 Safe=97.71% SAI=1.000 Jain=1.000 PeakMF=0.563 lam=3.952
[Ep  3900 | Step 1,872,000/2,000,000 | 202 sps] R=-9087.0 C=  32 Safe=97.50% SAI=1.000 Jain=1.000 PeakMF=0.563 lam=5.651
[Ep  3850 | Step 1,848,000/2,000,000 | 193 sps] R=-9001.8 C=   6 Safe=98.96% SAI=1.000 Jain=1.000 PeakMF=0.563 lam=5.862
[Ep   650 | Step   312,000/2,000,000 | 216 sps] R=-9894.5 C= 180 Safe=67.71% SAI=1.000 Jain=1.000 PeakMF=0.570 lam=5.425
[Ep  4050 | Step 1,944,000/2,000,000 | 195 sps] R=-9107.0 C=  36 Safe=95.62% SAI=1.000 Jain=1.000 PeakMF=0.563 lam=20.340
[Ep  3950 | Step 1,896,000/2,000,000 | 203 sps] R=-9052.1 C=  25 Safe=97.92% SAI=1.000 Jain=1.000 PeakMF=0.563 lam=3.923
[Ep   400 | Step   192,000/2,000,000 | 198 sps] R=-10053.5 C= 194 Safe=67.92% SAI=1.000 Jain=1.000 PeakMF=0.567 lam=5.435
[Ep  3950 | Step 1,896,000/2,000,000 | 202 sps] R=-9032.1 C=  21 Safe=98.12% SAI=1.000 Jain=1.000 PeakMF=0.563 lam=5.630
[Ep  3900 | Step 1,872,000/2,000,000 | 193 sps] R=-8971.8 C=   3 Safe=99.38% SAI=1.000 Jain=1.000 PeakMF=0.563 lam=5.812
[Ep   700 | Step   336,000/2,000,000 | 216 sps] R=-9191.0 C=  30 Safe=93.96% SAI=1.000 Jain=1.000 PeakMF=0.564 lam=5.349
[Ep  4000 | Step 1,920,000/2,000,000 | 203 sps] R=-9042.1 C=  23 Safe=97.50% SAI=1.000 Jain=1.000 PeakMF=0.563 lam=3.895
[Ep  4100 | Step 1,968,000/2,000,000 | 195 sps] R=-9117.0 C=  38 Safe=95.83% SAI=1.000 Jain=1.000 PeakMF=0.563 lam=20.337
[Ep   450 | Step   216,000/2,000,000 | 197 sps] R=-9911.1 C= 166 Safe=70.83% SAI=1.000 Jain=1.000 PeakMF=0.562 lam=5.507
[Ep  4000 | Step 1,920,000/2,000,000 | 202 sps] R=-9072.2 C=  29 Safe=97.71% SAI=1.000 Jain=1.000 PeakMF=0.563 lam=5.605
[Ep  3950 | Step 1,896,000/2,000,000 | 193 sps] R=-9037.2 C=  22 Safe=97.71% SAI=1.000 Jain=1.000 PeakMF=0.563 lam=5.790
[Ep  4050 | Step 1,944,000/2,000,000 | 204 sps] R=-9072.1 C=  29 Safe=96.88% SAI=1.000 Jain=1.000 PeakMF=0.563 lam=3.864
[Ep   750 | Step   360,000/2,000,000 | 216 sps] R=-9133.2 C=  26 Safe=94.79% SAI=1.000 Jain=1.000 PeakMF=0.563 lam=5.298
[Ep  4150 | Step 1,992,000/2,000,000 | 195 sps] R=-9112.0 C=  37 Safe=95.83% SAI=1.000 Jain=1.000 PeakMF=0.563 lam=20.313
[Ep   500 | Step   240,000/2,000,000 | 197 sps] R=-9638.3 C= 123 Safe=78.33% SAI=1.000 Jain=1.000 PeakMF=0.558 lam=5.560

============================================================
Training complete: 4167 episodes, 2,000,160 steps
Best reward: -8975.6
Wall time: 2.84 hours
Checkpoint: checkpoints/mappo_lag/seed_0/checkpoint_final.pt
============================================================
[21/50] mappo_lag seed=0 DONE
Using device: cuda
2026-05-03 02:43:59 | hcmarl.utils | INFO | HIGH determinism: cudnn.deterministic=True, torch.use_deterministic_algorithms(True), matmul=highest, CUBLAS_WORKSPACE_CONFIG=:4096:8 (EXP3-Part-1-equivalent reproducibility)
2026-05-03 02:43:59 | hcmarl.utils | INFO | HIGH determinism: cudnn.deterministic=True, torch.use_deterministic_algorithms(True), matmul=highest, CUBLAS_WORKSPACE_CONFIG=:4096:8 (EXP3-Part-1-equivalent reproducibility)
============================================================
HC-MARL Training: MAPPO-Lagrangian (cost critic + dual variable)
Seed: 6 | Device: cuda | Workers: 6
Total steps: 2,000,000 | Eval every: 50,000
Checkpoint dir: checkpoints/mappo_lag/seed_6
============================================================
[Ep  4050 | Step 1,944,000/2,000,000 | 202 sps] R=-9057.0 C=  26 Safe=97.50% SAI=1.000 Jain=1.000 PeakMF=0.563 lam=5.581
[Ep  4000 | Step 1,920,000/2,000,000 | 194 sps] R=-9067.4 C=  28 Safe=96.46% SAI=1.000 Jain=1.000 PeakMF=0.563 lam=5.757
[Ep  4100 | Step 1,968,000/2,000,000 | 204 sps] R=-9037.1 C=  22 Safe=98.54% SAI=1.000 Jain=1.000 PeakMF=0.563 lam=3.844
[Ep   800 | Step   384,000/2,000,000 | 216 sps] R=-9094.3 C=  20 Safe=96.04% SAI=1.000 Jain=1.000 PeakMF=0.563 lam=5.273
[Ep   550 | Step   264,000/2,000,000 | 198 sps] R=-9446.0 C= 331 Safe=51.88% SAI=1.000 Jain=1.000 PeakMF=0.535 lam=5.701
[Ep  4100 | Step 1,968,000/2,000,000 | 202 sps] R=-9077.0 C=  30 Safe=96.67% SAI=1.000 Jain=1.000 PeakMF=0.563 lam=5.555
[Ep  4150 | Step 1,992,000/2,000,000 | 205 sps] R=-9057.1 C=  26 Safe=97.50% SAI=1.000 Jain=1.000 PeakMF=0.563 lam=3.827
[Ep    50 | Step    24,000/2,000,000 | 190 sps] R=-17057.7 C=1866 Safe=20.21% SAI=1.000 Jain=1.000 PeakMF=0.582 lam=4.825
[Ep  4050 | Step 1,944,000/2,000,000 | 194 sps] R=-9032.2 C=  21 Safe=97.29% SAI=1.000 Jain=1.000 PeakMF=0.563 lam=5.729

============================================================
Training complete: 4167 episodes, 2,000,160 steps
Best reward: -8931.8
Wall time: 2.71 hours
Checkpoint: checkpoints/mappo_lag/seed_2/checkpoint_final.pt
============================================================
[23/50] mappo_lag seed=2 DONE
Using device: cuda
2026-05-03 02:46:32 | hcmarl.utils | INFO | HIGH determinism: cudnn.deterministic=True, torch.use_deterministic_algorithms(True), matmul=highest, CUBLAS_WORKSPACE_CONFIG=:4096:8 (EXP3-Part-1-equivalent reproducibility)
2026-05-03 02:46:32 | hcmarl.utils | INFO | HIGH determinism: cudnn.deterministic=True, torch.use_deterministic_algorithms(True), matmul=highest, CUBLAS_WORKSPACE_CONFIG=:4096:8 (EXP3-Part-1-equivalent reproducibility)
============================================================
HC-MARL Training: MAPPO-Lagrangian (cost critic + dual variable)
Seed: 7 | Device: cuda | Workers: 6
Total steps: 2,000,000 | Eval every: 50,000
Checkpoint dir: checkpoints/mappo_lag/seed_7
============================================================
[Ep   850 | Step   408,000/2,000,000 | 215 sps] R=-9071.1 C=  18 Safe=96.46% SAI=1.000 Jain=1.000 PeakMF=0.563 lam=5.238
[Ep   600 | Step   288,000/2,000,000 | 199 sps] R=-7967.1 C= 224 Safe=68.75% SAI=1.000 Jain=1.000 PeakMF=0.498 lam=5.947
[Ep  4150 | Step 1,992,000/2,000,000 | 202 sps] R=-9017.0 C=  18 Safe=98.33% SAI=1.000 Jain=1.000 PeakMF=0.563 lam=5.527
[Ep  4100 | Step 1,968,000/2,000,000 | 194 sps] R=-9002.2 C=  15 Safe=98.75% SAI=1.000 Jain=1.000 PeakMF=0.563 lam=5.736
[Ep   100 | Step    48,000/2,000,000 | 186 sps] R=-14248.8 C=1187 Safe=28.96% SAI=1.000 Jain=1.000 PeakMF=0.575 lam=5.575
[Ep    50 | Step    24,000/2,000,000 | 211 sps] R=-18360.8 C=2052 Safe=20.42% SAI=1.000 Jain=1.000 PeakMF=0.619 lam=5.336

============================================================
Training complete: 4167 episodes, 2,000,160 steps
Best reward: -8976.0
Wall time: 2.74 hours
Checkpoint: checkpoints/mappo_lag/seed_3/checkpoint_final.pt
============================================================
[24/50] mappo_lag seed=3 DONE
Using device: cuda
2026-05-03 02:48:32 | hcmarl.utils | INFO | HIGH determinism: cudnn.deterministic=True, torch.use_deterministic_algorithms(True), matmul=highest, CUBLAS_WORKSPACE_CONFIG=:4096:8 (EXP3-Part-1-equivalent reproducibility)
2026-05-03 02:48:32 | hcmarl.utils | INFO | HIGH determinism: cudnn.deterministic=True, torch.use_deterministic_algorithms(True), matmul=highest, CUBLAS_WORKSPACE_CONFIG=:4096:8 (EXP3-Part-1-equivalent reproducibility)
============================================================
HC-MARL Training: MAPPO-Lagrangian (cost critic + dual variable)
Seed: 8 | Device: cuda | Workers: 6
Total steps: 2,000,000 | Eval every: 50,000
Checkpoint dir: checkpoints/mappo_lag/seed_8
============================================================
[Ep   900 | Step   432,000/2,000,000 | 214 sps] R=-9157.3 C=  37 Safe=93.54% SAI=1.000 Jain=1.000 PeakMF=0.563 lam=5.215
[Ep   650 | Step   312,000/2,000,000 | 199 sps] R=-7861.7 C= 226 Safe=72.50% SAI=1.000 Jain=1.000 PeakMF=0.509 lam=6.047
[Ep  4150 | Step 1,992,000/2,000,000 | 194 sps] R=-9052.3 C=  25 Safe=97.29% SAI=1.000 Jain=1.000 PeakMF=0.563 lam=5.728
[Ep   100 | Step    48,000/2,000,000 | 205 sps] R=-14740.4 C=1286 Safe=31.25% SAI=1.000 Jain=1.000 PeakMF=0.612 lam=5.623
[Ep   150 | Step    72,000/2,000,000 | 184 sps] R=-15322.6 C=1595 Safe=23.12% SAI=1.000 Jain=1.000 PeakMF=0.590 lam=6.710
[Ep    50 | Step    24,000/2,000,000 | 204 sps] R=-15931.9 C=1580 Safe=21.46% SAI=1.000 Jain=0.999 PeakMF=0.578 lam=4.266
[Ep   950 | Step   456,000/2,000,000 | 213 sps] R=-9018.3 C=   8 Safe=98.54% SAI=1.000 Jain=1.000 PeakMF=0.563 lam=5.175

============================================================
Training complete: 4167 episodes, 2,000,160 steps
Best reward: -8926.8
Wall time: 2.86 hours
Checkpoint: checkpoints/mappo_lag/seed_1/checkpoint_final.pt
============================================================
[22/50] mappo_lag seed=1 DONE
Using device: cuda
2026-05-03 02:50:52 | hcmarl.utils | INFO | HIGH determinism: cudnn.deterministic=True, torch.use_deterministic_algorithms(True), matmul=highest, CUBLAS_WORKSPACE_CONFIG=:4096:8 (EXP3-Part-1-equivalent reproducibility)
2026-05-03 02:50:52 | hcmarl.utils | INFO | HIGH determinism: cudnn.deterministic=True, torch.use_deterministic_algorithms(True), matmul=highest, CUBLAS_WORKSPACE_CONFIG=:4096:8 (EXP3-Part-1-equivalent reproducibility)
============================================================
HC-MARL Training: MAPPO-Lagrangian (cost critic + dual variable)
Seed: 9 | Device: cuda | Workers: 6
Total steps: 2,000,000 | Eval every: 50,000
Checkpoint dir: checkpoints/mappo_lag/seed_9
============================================================
[Ep   700 | Step   336,000/2,000,000 | 199 sps] R=-7576.0 C= 158 Safe=77.08% SAI=1.000 Jain=1.000 PeakMF=0.517 lam=6.071
[Ep   200 | Step    96,000/2,000,000 | 191 sps] R=-13056.9 C= 895 Safe=40.62% SAI=1.000 Jain=1.000 PeakMF=0.597 lam=7.572
[Ep   150 | Step    72,000/2,000,000 | 205 sps] R=-13406.5 C= 953 Safe=38.96% SAI=1.000 Jain=1.000 PeakMF=0.601 lam=6.778
[Ep   100 | Step    48,000/2,000,000 | 204 sps] R=-14543.4 C=1161 Safe=26.67% SAI=1.000 Jain=1.000 PeakMF=0.585 lam=5.445
[Ep  1000 | Step   480,000/2,000,000 | 213 sps] R=-9181.0 C=  42 Safe=93.12% SAI=1.000 Jain=1.000 PeakMF=0.563 lam=5.150
[Ep    50 | Step    24,000/2,000,000 | 178 sps] R=-14571.6 C=1210 Safe=27.08% SAI=1.000 Jain=1.000 PeakMF=0.569 lam=4.117
[Ep   750 | Step   360,000/2,000,000 | 199 sps] R=-7064.5 C=  68 Safe=86.88% SAI=1.000 Jain=1.000 PeakMF=0.514 lam=6.172
[Ep   250 | Step   120,000/2,000,000 | 193 sps] R=-13744.7 C= 981 Safe=23.12% SAI=1.000 Jain=1.000 PeakMF=0.573 lam=7.721
[Ep   200 | Step    96,000/2,000,000 | 203 sps] R=-12468.4 C= 675 Safe=45.42% SAI=1.000 Jain=1.000 PeakMF=0.574 lam=7.293
[Ep   150 | Step    72,000/2,000,000 | 200 sps] R=-13217.7 C= 855 Safe=46.88% SAI=1.000 Jain=1.000 PeakMF=0.582 lam=6.240
[Ep  1050 | Step   504,000/2,000,000 | 212 sps] R=-9008.4 C=   6 Safe=98.75% SAI=1.000 Jain=1.000 PeakMF=0.563 lam=5.111
[Ep   100 | Step    48,000/2,000,000 | 178 sps] R=-13928.0 C=1047 Safe=43.75% SAI=1.000 Jain=1.000 PeakMF=0.586 lam=5.121
[Ep   800 | Step   384,000/2,000,000 | 199 sps] R=-7979.6 C= 266 Safe=69.38% SAI=1.000 Jain=1.000 PeakMF=0.505 lam=6.203
[Ep   300 | Step   144,000/2,000,000 | 193 sps] R=-10193.4 C= 169 Safe=71.46% SAI=1.000 Jain=1.000 PeakMF=0.547 lam=7.570
[Ep   250 | Step   120,000/2,000,000 | 202 sps] R=-10595.0 C= 266 Safe=61.04% SAI=1.000 Jain=1.000 PeakMF=0.557 lam=6.928
[Ep   200 | Step    96,000/2,000,000 | 200 sps] R=-13329.4 C= 926 Safe=40.83% SAI=1.000 Jain=1.000 PeakMF=0.584 lam=7.034
[Ep  1100 | Step   528,000/2,000,000 | 211 sps] R=-9051.7 C=  16 Safe=97.08% SAI=1.000 Jain=1.000 PeakMF=0.563 lam=5.085
[Ep   150 | Step    72,000/2,000,000 | 179 sps] R=-13474.0 C= 995 Safe=32.08% SAI=1.000 Jain=1.000 PeakMF=0.605 lam=6.265
[Ep   850 | Step   408,000/2,000,000 | 199 sps] R=-7849.2 C= 243 Safe=59.17% SAI=1.000 Jain=1.000 PeakMF=0.523 lam=6.411
[Ep   350 | Step   168,000/2,000,000 | 194 sps] R=-10130.9 C= 169 Safe=69.17% SAI=1.000 Jain=1.000 PeakMF=0.572 lam=7.621
[Ep   300 | Step   144,000/2,000,000 | 201 sps] R=-9696.5 C=  56 Safe=88.96% SAI=1.000 Jain=1.000 PeakMF=0.550 lam=6.858
[Ep   250 | Step   120,000/2,000,000 | 199 sps] R=-12450.8 C= 673 Safe=35.21% SAI=1.000 Jain=1.000 PeakMF=0.588 lam=7.067
[Ep  1150 | Step   552,000/2,000,000 | 211 sps] R=-9091.2 C=  24 Safe=96.25% SAI=1.000 Jain=1.000 PeakMF=0.563 lam=5.042
[Ep   900 | Step   432,000/2,000,000 | 199 sps] R=-8223.5 C= 321 Safe=63.12% SAI=1.000 Jain=1.000 PeakMF=0.531 lam=6.682
[Ep   200 | Step    96,000/2,000,000 | 179 sps] R=-13564.6 C= 994 Safe=28.96% SAI=1.000 Jain=1.000 PeakMF=0.562 lam=6.986
[Ep   350 | Step   168,000/2,000,000 | 201 sps] R=-9760.6 C=  91 Safe=84.79% SAI=1.000 Jain=1.000 PeakMF=0.570 lam=6.934
[Ep   400 | Step   192,000/2,000,000 | 194 sps] R=-10393.7 C= 250 Safe=60.83% SAI=1.000 Jain=1.000 PeakMF=0.575 lam=7.654
[Ep   300 | Step   144,000/2,000,000 | 198 sps] R=-10096.2 C= 161 Safe=72.08% SAI=1.000 Jain=1.000 PeakMF=0.576 lam=6.926
[Ep  1200 | Step   576,000/2,000,000 | 210 sps] R=-9061.8 C=  18 Safe=96.46% SAI=1.000 Jain=1.000 PeakMF=0.563 lam=5.008
[Ep   950 | Step   456,000/2,000,000 | 199 sps] R=-8179.2 C= 342 Safe=62.08% SAI=1.000 Jain=1.000 PeakMF=0.517 lam=6.971
[Ep   250 | Step   120,000/2,000,000 | 178 sps] R=-11188.9 C= 383 Safe=55.00% SAI=1.000 Jain=1.000 PeakMF=0.577 lam=7.095
[Ep   400 | Step   192,000/2,000,000 | 201 sps] R=-9641.1 C=  85 Safe=83.54% SAI=1.000 Jain=1.000 PeakMF=0.570 lam=6.948
[Ep   450 | Step   216,000/2,000,000 | 194 sps] R=-10283.6 C= 229 Safe=62.50% SAI=1.000 Jain=1.000 PeakMF=0.564 lam=7.725
[Ep   350 | Step   168,000/2,000,000 | 198 sps] R=-9727.0 C=  90 Safe=83.12% SAI=1.000 Jain=1.000 PeakMF=0.568 lam=6.926
[Ep  1250 | Step   600,000/2,000,000 | 209 sps] R=-9046.6 C=  15 Safe=97.29% SAI=1.000 Jain=1.000 PeakMF=0.563 lam=4.975
[Ep  1000 | Step   480,000/2,000,000 | 199 sps] R=-7329.9 C= 163 Safe=71.04% SAI=1.000 Jain=1.000 PeakMF=0.533 lam=7.054
[Ep   300 | Step   144,000/2,000,000 | 180 sps] R=-10530.5 C= 260 Safe=59.17% SAI=1.000 Jain=1.000 PeakMF=0.588 lam=6.875
[Ep   450 | Step   216,000/2,000,000 | 201 sps] R=-9734.6 C= 113 Safe=79.58% SAI=1.000 Jain=1.000 PeakMF=0.570 lam=7.016
[Ep   500 | Step   240,000/2,000,000 | 195 sps] R=-9677.9 C=  96 Safe=82.08% SAI=1.000 Jain=1.000 PeakMF=0.570 lam=7.784
[Ep   400 | Step   192,000/2,000,000 | 199 sps] R=-9690.5 C=  94 Safe=82.08% SAI=1.000 Jain=1.000 PeakMF=0.540 lam=6.993
[Ep  1300 | Step   624,000/2,000,000 | 208 sps] R=-9031.4 C=  12 Safe=97.71% SAI=1.000 Jain=1.000 PeakMF=0.563 lam=4.935
[Ep  1050 | Step   504,000/2,000,000 | 199 sps] R=-7547.7 C= 228 Safe=61.88% SAI=1.000 Jain=1.000 PeakMF=0.528 lam=7.126
[Ep   350 | Step   168,000/2,000,000 | 182 sps] R=-9906.0 C= 133 Safe=78.96% SAI=1.000 Jain=1.000 PeakMF=0.570 lam=6.832
[Ep   450 | Step   216,000/2,000,000 | 203 sps] R=-9467.3 C=  50 Safe=89.79% SAI=1.000 Jain=1.000 PeakMF=0.573 lam=7.050
[Ep   500 | Step   240,000/2,000,000 | 202 sps] R=-9517.9 C=  76 Safe=85.83% SAI=1.000 Jain=1.000 PeakMF=0.563 lam=7.015
[Ep   550 | Step   264,000/2,000,000 | 196 sps] R=-9545.0 C=  83 Safe=83.96% SAI=1.000 Jain=1.000 PeakMF=0.571 lam=7.812
[Ep  1350 | Step   648,000/2,000,000 | 207 sps] R=-9005.7 C=   7 Safe=98.75% SAI=1.000 Jain=1.000 PeakMF=0.563 lam=4.899
[Ep  1100 | Step   528,000/2,000,000 | 199 sps] R=-9178.4 C= 557 Safe=56.04% SAI=1.000 Jain=1.000 PeakMF=0.514 lam=7.425
[Ep   500 | Step   240,000/2,000,000 | 206 sps] R=-9461.9 C=  48 Safe=91.04% SAI=1.000 Jain=1.000 PeakMF=0.572 lam=7.090
[Ep   400 | Step   192,000/2,000,000 | 184 sps] R=-9782.0 C= 118 Safe=79.17% SAI=1.000 Jain=1.000 PeakMF=0.566 lam=6.831
[Ep   550 | Step   264,000/2,000,000 | 202 sps] R=-9379.9 C=  52 Safe=89.79% SAI=1.000 Jain=1.000 PeakMF=0.571 lam=7.010
[Ep   600 | Step   288,000/2,000,000 | 197 sps] R=-10233.2 C= 233 Safe=63.75% SAI=1.000 Jain=1.000 PeakMF=0.563 lam=7.883
[Ep  1400 | Step   672,000/2,000,000 | 206 sps] R=-9041.3 C=  14 Safe=97.29% SAI=1.000 Jain=1.000 PeakMF=0.563 lam=4.868
[Ep  1150 | Step   552,000/2,000,000 | 200 sps] R=-6703.8 C=  14 Safe=97.29% SAI=1.000 Jain=1.000 PeakMF=0.527 lam=7.521
[Ep   550 | Step   264,000/2,000,000 | 207 sps] R=-9567.2 C=  81 Safe=85.21% SAI=1.000 Jain=1.000 PeakMF=0.570 lam=7.155
[Ep   600 | Step   288,000/2,000,000 | 202 sps] R=-9192.9 C=  24 Safe=95.42% SAI=1.000 Jain=1.000 PeakMF=0.570 lam=7.014
[Ep   650 | Step   312,000/2,000,000 | 197 sps] R=-9769.3 C= 135 Safe=78.33% SAI=1.000 Jain=1.000 PeakMF=0.569 lam=7.900
[Ep   450 | Step   216,000/2,000,000 | 185 sps] R=-9785.5 C= 125 Safe=77.50% SAI=1.000 Jain=1.000 PeakMF=0.570 lam=6.894
[Ep  1200 | Step   576,000/2,000,000 | 199 sps] R=-7011.1 C=  61 Safe=90.00% SAI=1.000 Jain=1.000 PeakMF=0.520 lam=7.662
[Ep  1450 | Step   696,000/2,000,000 | 205 sps] R=-9104.2 C=  34 Safe=94.17% SAI=1.000 Jain=1.000 PeakMF=0.563 lam=4.877
[Ep   600 | Step   288,000/2,000,000 | 206 sps] R=-9487.2 C=  80 Safe=85.00% SAI=1.000 Jain=1.000 PeakMF=0.570 lam=7.171
[Ep   650 | Step   312,000/2,000,000 | 202 sps] R=-9689.0 C= 144 Safe=75.83% SAI=1.000 Jain=1.000 PeakMF=0.563 lam=7.061
[Ep   700 | Step   336,000/2,000,000 | 197 sps] R=-9311.1 C=  42 Safe=91.67% SAI=1.000 Jain=1.000 PeakMF=0.570 lam=7.888
[Ep   500 | Step   240,000/2,000,000 | 186 sps] R=-9585.1 C=  94 Safe=82.50% SAI=1.000 Jain=1.000 PeakMF=0.564 lam=6.903
[Ep  1250 | Step   600,000/2,000,000 | 199 sps] R=-7273.4 C= 156 Safe=73.12% SAI=1.000 Jain=1.000 PeakMF=0.513 lam=7.803
[Ep   650 | Step   312,000/2,000,000 | 206 sps] R=-9322.0 C=  50 Safe=90.00% SAI=1.000 Jain=1.000 PeakMF=0.570 lam=7.166
[Ep  1500 | Step   720,000/2,000,000 | 204 sps] R=-9106.8 C=  36 Safe=94.79% SAI=1.000 Jain=1.000 PeakMF=0.563 lam=4.878
[Ep   750 | Step   360,000/2,000,000 | 197 sps] R=-9350.6 C=  64 Safe=87.50% SAI=1.000 Jain=1.000 PeakMF=0.569 lam=7.921
[Ep   550 | Step   264,000/2,000,000 | 187 sps] R=-9364.9 C=  51 Safe=90.00% SAI=1.000 Jain=1.000 PeakMF=0.570 lam=6.907
[Ep   700 | Step   336,000/2,000,000 | 200 sps] R=-9448.9 C=  94 Safe=83.75% SAI=1.000 Jain=1.000 PeakMF=0.563 lam=7.154
[Ep  1300 | Step   624,000/2,000,000 | 199 sps] R=-9651.2 C= 652 Safe=54.17% SAI=1.000 Jain=1.000 PeakMF=0.528 lam=7.929
[Ep   700 | Step   336,000/2,000,000 | 205 sps] R=-9386.3 C=  76 Safe=85.62% SAI=1.000 Jain=1.000 PeakMF=0.570 lam=7.226
[Ep  1550 | Step   744,000/2,000,000 | 203 sps] R=-9282.3 C=  71 Safe=91.25% SAI=1.000 Jain=1.000 PeakMF=0.563 lam=4.896
[Ep   800 | Step   384,000/2,000,000 | 197 sps] R=-9933.5 C= 187 Safe=69.38% SAI=1.000 Jain=1.000 PeakMF=0.566 lam=8.173
[Ep   600 | Step   288,000/2,000,000 | 187 sps] R=-9741.6 C= 154 Safe=75.00% SAI=1.000 Jain=1.000 PeakMF=0.570 lam=6.960
[Ep   750 | Step   360,000/2,000,000 | 199 sps] R=-9537.0 C= 113 Safe=80.21% SAI=1.000 Jain=1.000 PeakMF=0.563 lam=7.261
[Ep  1350 | Step   648,000/2,000,000 | 199 sps] R=-7904.3 C= 297 Safe=67.29% SAI=1.000 Jain=1.000 PeakMF=0.511 lam=8.006
[Ep   750 | Step   360,000/2,000,000 | 204 sps] R=-9277.6 C=  50 Safe=90.42% SAI=1.000 Jain=1.000 PeakMF=0.563 lam=7.395
[Ep  1600 | Step   768,000/2,000,000 | 202 sps] R=-9222.7 C=  59 Safe=92.71% SAI=1.000 Jain=1.000 PeakMF=0.563 lam=4.901
[Ep   850 | Step   408,000/2,000,000 | 197 sps] R=-9219.3 C=  37 Safe=93.12% SAI=1.000 Jain=1.000 PeakMF=0.573 lam=8.146
[Ep   650 | Step   312,000/2,000,000 | 188 sps] R=-9510.5 C= 105 Safe=80.83% SAI=1.000 Jain=1.000 PeakMF=0.563 lam=7.073
[Ep   800 | Step   384,000/2,000,000 | 198 sps] R=-9187.2 C=  41 Safe=91.88% SAI=1.000 Jain=1.000 PeakMF=0.563 lam=7.143
[Ep  1400 | Step   672,000/2,000,000 | 199 sps] R=-7381.5 C= 184 Safe=70.83% SAI=1.000 Jain=1.000 PeakMF=0.526 lam=8.202
[Ep   800 | Step   384,000/2,000,000 | 204 sps] R=-9462.5 C= 102 Safe=81.88% SAI=1.000 Jain=1.000 PeakMF=0.563 lam=7.311
[Ep   900 | Step   432,000/2,000,000 | 197 sps] R=-9604.0 C= 129 Safe=77.50% SAI=1.000 Jain=1.000 PeakMF=0.570 lam=8.213
[Ep   700 | Step   336,000/2,000,000 | 188 sps] R=-9133.9 C=  23 Safe=96.04% SAI=1.000 Jain=1.000 PeakMF=0.570 lam=6.958
[Ep  1650 | Step   792,000/2,000,000 | 201 sps] R=-9182.5 C=  51 Safe=93.54% SAI=1.000 Jain=1.000 PeakMF=0.563 lam=4.905
[Ep   850 | Step   408,000/2,000,000 | 197 sps] R=-9276.6 C=  61 Safe=89.79% SAI=1.000 Jain=1.000 PeakMF=0.563 lam=7.110
[Ep  1450 | Step   696,000/2,000,000 | 199 sps] R=-7553.0 C= 226 Safe=61.67% SAI=1.000 Jain=1.000 PeakMF=0.518 lam=8.522
[Ep   850 | Step   408,000/2,000,000 | 204 sps] R=-9602.3 C= 128 Safe=79.38% SAI=1.000 Jain=1.000 PeakMF=0.563 lam=7.397
[Ep   950 | Step   456,000/2,000,000 | 198 sps] R=-9577.2 C= 123 Safe=78.54% SAI=1.000 Jain=1.000 PeakMF=0.563 lam=8.300
[Ep   750 | Step   360,000/2,000,000 | 190 sps] R=-9369.8 C=  80 Safe=87.50% SAI=1.000 Jain=1.000 PeakMF=0.563 lam=6.959
[Ep  1700 | Step   816,000/2,000,000 | 201 sps] R=-9000.8 C=   6 Safe=99.17% SAI=1.000 Jain=1.000 PeakMF=0.563 lam=4.853
[Ep   900 | Step   432,000/2,000,000 | 198 sps] R=-9169.8 C=  40 Safe=92.29% SAI=1.000 Jain=1.000 PeakMF=0.563 lam=7.079
[Ep  1500 | Step   720,000/2,000,000 | 199 sps] R=-7818.5 C= 275 Safe=66.88% SAI=1.000 Jain=1.000 PeakMF=0.516 lam=8.673
[Ep   900 | Step   432,000/2,000,000 | 204 sps] R=-9263.5 C=  59 Safe=88.96% SAI=1.000 Jain=1.000 PeakMF=0.563 lam=7.420
[Ep  1000 | Step   480,000/2,000,000 | 200 sps] R=-9651.2 C= 138 Safe=75.42% SAI=1.000 Jain=1.000 PeakMF=0.563 lam=8.418
[Ep   800 | Step   384,000/2,000,000 | 191 sps] R=-9059.3 C=  11 Safe=97.71% SAI=1.000 Jain=1.000 PeakMF=0.563 lam=6.931
[Ep   950 | Step   456,000/2,000,000 | 198 sps] R=-9066.3 C=  19 Safe=96.25% SAI=1.000 Jain=1.000 PeakMF=0.563 lam=7.044
[Ep  1750 | Step   840,000/2,000,000 | 200 sps] R=-8981.0 C=   2 Safe=99.58% SAI=1.000 Jain=1.000 PeakMF=0.563 lam=4.793
[Ep  1550 | Step   744,000/2,000,000 | 199 sps] R=-8832.4 C= 507 Safe=59.79% SAI=1.000 Jain=1.000 PeakMF=0.514 lam=8.613
[Ep  1050 | Step   504,000/2,000,000 | 201 sps] R=-9623.1 C= 136 Safe=76.88% SAI=1.000 Jain=1.000 PeakMF=0.563 lam=8.518
[Ep   950 | Step   456,000/2,000,000 | 204 sps] R=-9585.8 C= 128 Safe=76.46% SAI=1.000 Jain=1.000 PeakMF=0.563 lam=7.500
[Ep   850 | Step   408,000/2,000,000 | 191 sps] R=-9264.9 C=  64 Safe=90.00% SAI=1.000 Jain=1.000 PeakMF=0.563 lam=6.996
[Ep  1000 | Step   480,000/2,000,000 | 198 sps] R=-9029.2 C=  10 Safe=98.12% SAI=1.000 Jain=1.000 PeakMF=0.563 lam=7.016
[Ep  1800 | Step   864,000/2,000,000 | 200 sps] R=-9029.1 C=  13 Safe=97.71% SAI=1.000 Jain=1.000 PeakMF=0.563 lam=4.751
[Ep  1600 | Step   768,000/2,000,000 | 199 sps] R=-7972.7 C= 316 Safe=64.38% SAI=1.000 Jain=1.000 PeakMF=0.521 lam=8.902
[Ep  1100 | Step   528,000/2,000,000 | 201 sps] R=-9709.2 C= 150 Safe=75.00% SAI=1.000 Jain=1.000 PeakMF=0.563 lam=8.645
[Ep  1000 | Step   480,000/2,000,000 | 204 sps] R=-9620.5 C= 134 Safe=75.42% SAI=1.000 Jain=1.000 PeakMF=0.563 lam=7.569
[Ep   900 | Step   432,000/2,000,000 | 192 sps] R=-9428.8 C=  96 Safe=84.17% SAI=1.000 Jain=1.000 PeakMF=0.563 lam=7.079
[Ep  1050 | Step   504,000/2,000,000 | 198 sps] R=-9091.1 C=  24 Safe=95.83% SAI=1.000 Jain=1.000 PeakMF=0.563 lam=6.987
[Ep  1850 | Step   888,000/2,000,000 | 199 sps] R=-9021.5 C=  10 Safe=98.12% SAI=1.000 Jain=1.000 PeakMF=0.563 lam=4.717
[Ep  1650 | Step   792,000/2,000,000 | 199 sps] R=-7300.2 C= 182 Safe=72.29% SAI=1.000 Jain=1.000 PeakMF=0.524 lam=8.977
[Ep  1150 | Step   552,000/2,000,000 | 201 sps] R=-9769.2 C= 164 Safe=74.17% SAI=1.000 Jain=1.000 PeakMF=0.570 lam=8.792
[Ep  1050 | Step   504,000/2,000,000 | 203 sps] R=-9631.1 C= 136 Safe=74.17% SAI=1.000 Jain=1.000 PeakMF=0.563 lam=7.648
[Ep   950 | Step   456,000/2,000,000 | 192 sps] R=-9522.9 C= 116 Safe=81.88% SAI=1.000 Jain=1.000 PeakMF=0.563 lam=7.183
[Ep  1100 | Step   528,000/2,000,000 | 198 sps] R=-9030.0 C=  12 Safe=97.71% SAI=1.000 Jain=1.000 PeakMF=0.563 lam=6.947
[Ep  1700 | Step   816,000/2,000,000 | 199 sps] R=-6855.9 C=  84 Safe=82.92% SAI=1.000 Jain=1.000 PeakMF=0.516 lam=9.189
[Ep  1900 | Step   912,000/2,000,000 | 198 sps] R=-9006.1 C=   7 Safe=99.17% SAI=1.000 Jain=1.000 PeakMF=0.563 lam=4.670
[Ep  1200 | Step   576,000/2,000,000 | 201 sps] R=-9809.5 C= 173 Safe=78.54% SAI=1.000 Jain=1.000 PeakMF=0.563 lam=8.950
[Ep  1100 | Step   528,000/2,000,000 | 203 sps] R=-9684.8 C= 147 Safe=75.62% SAI=1.000 Jain=1.000 PeakMF=0.563 lam=7.763
[Ep  1000 | Step   480,000/2,000,000 | 192 sps] R=-9820.2 C= 180 Safe=68.96% SAI=1.000 Jain=1.000 PeakMF=0.563 lam=7.292
[Ep  1150 | Step   552,000/2,000,000 | 198 sps] R=-8996.0 C=   5 Safe=98.96% SAI=1.000 Jain=1.000 PeakMF=0.563 lam=6.904
[Ep  1750 | Step   840,000/2,000,000 | 199 sps] R=-7074.8 C= 109 Safe=81.46% SAI=1.000 Jain=1.000 PeakMF=0.550 lam=9.180
[Ep  1250 | Step   600,000/2,000,000 | 201 sps] R=-9717.8 C= 154 Safe=75.42% SAI=1.000 Jain=1.000 PeakMF=0.563 lam=9.052
[Ep  1150 | Step   552,000/2,000,000 | 203 sps] R=-9713.0 C= 153 Safe=75.62% SAI=1.000 Jain=1.000 PeakMF=0.563 lam=7.877
[Ep  1950 | Step   936,000/2,000,000 | 198 sps] R=-9016.9 C=  18 Safe=97.71% SAI=1.000 Jain=1.000 PeakMF=0.563 lam=4.631
[Ep  1050 | Step   504,000/2,000,000 | 192 sps] R=-9517.3 C= 116 Safe=82.50% SAI=1.000 Jain=1.000 PeakMF=0.563 lam=7.323
[Ep  1200 | Step   576,000/2,000,000 | 198 sps] R=-9005.8 C=   7 Safe=98.54% SAI=1.000 Jain=1.000 PeakMF=0.563 lam=6.871
[Ep  1800 | Step   864,000/2,000,000 | 199 sps] R=-7577.9 C= 238 Safe=70.00% SAI=1.000 Jain=1.000 PeakMF=0.517 lam=9.354
[Ep  1300 | Step   624,000/2,000,000 | 200 sps] R=-9839.0 C= 182 Safe=78.75% SAI=1.000 Jain=1.000 PeakMF=0.563 lam=9.194
[Ep  1200 | Step   576,000/2,000,000 | 203 sps] R=-9702.5 C= 150 Safe=76.88% SAI=1.000 Jain=1.000 PeakMF=0.563 lam=8.015
[Ep  2000 | Step   960,000/2,000,000 | 197 sps] R=-9067.0 C=  28 Safe=96.25% SAI=1.000 Jain=1.000 PeakMF=0.563 lam=4.637
[Ep  1100 | Step   528,000/2,000,000 | 192 sps] R=-9598.8 C= 134 Safe=79.38% SAI=1.000 Jain=1.000 PeakMF=0.563 lam=7.408
[Ep  1250 | Step   600,000/2,000,000 | 198 sps] R=-9041.7 C=  14 Safe=97.71% SAI=1.000 Jain=1.000 PeakMF=0.563 lam=6.840
[Ep  1850 | Step   888,000/2,000,000 | 199 sps] R=-6816.5 C=  67 Safe=87.29% SAI=1.000 Jain=1.000 PeakMF=0.510 lam=9.435
[Ep  1350 | Step   648,000/2,000,000 | 200 sps] R=-9858.4 C= 183 Safe=76.67% SAI=1.000 Jain=1.000 PeakMF=0.563 lam=9.358
[Ep  1250 | Step   600,000/2,000,000 | 202 sps] R=-9802.0 C= 171 Safe=73.33% SAI=1.000 Jain=1.000 PeakMF=0.563 lam=8.165
[Ep  2050 | Step   984,000/2,000,000 | 197 sps] R=-9152.1 C=  45 Safe=94.79% SAI=1.000 Jain=1.000 PeakMF=0.563 lam=4.643
[Ep  1150 | Step   552,000/2,000,000 | 192 sps] R=-9543.7 C= 123 Safe=86.04% SAI=1.000 Jain=1.000 PeakMF=0.563 lam=7.512
[Ep  1300 | Step   624,000/2,000,000 | 198 sps] R=-9006.0 C=   7 Safe=98.54% SAI=1.000 Jain=1.000 PeakMF=0.563 lam=6.800
[Ep  1900 | Step   912,000/2,000,000 | 199 sps] R=-6591.3 C=  36 Safe=92.50% SAI=1.000 Jain=1.000 PeakMF=0.515 lam=9.501
[Ep  1400 | Step   672,000/2,000,000 | 200 sps] R=-9460.9 C= 105 Safe=82.08% SAI=1.000 Jain=1.000 PeakMF=0.563 lam=9.281
[Ep  1300 | Step   624,000/2,000,000 | 202 sps] R=-10079.2 C= 227 Safe=68.96% SAI=1.000 Jain=1.000 PeakMF=0.563 lam=8.357
[Ep  1200 | Step   576,000/2,000,000 | 193 sps] R=-9759.3 C= 165 Safe=80.21% SAI=1.000 Jain=1.000 PeakMF=0.563 lam=7.642
[Ep  2100 | Step 1,008,000/2,000,000 | 196 sps] R=-9112.0 C=  37 Safe=96.46% SAI=1.000 Jain=1.000 PeakMF=0.563 lam=4.626
[Ep  1350 | Step   648,000/2,000,000 | 198 sps] R=-9046.2 C=  15 Safe=97.71% SAI=1.000 Jain=1.000 PeakMF=0.563 lam=6.769
[Ep  1950 | Step   936,000/2,000,000 | 199 sps] R=-6999.1 C= 112 Safe=81.25% SAI=1.000 Jain=1.000 PeakMF=0.523 lam=9.630
[Ep  1450 | Step   696,000/2,000,000 | 200 sps] R=-9587.0 C= 131 Safe=85.00% SAI=1.000 Jain=1.000 PeakMF=0.563 lam=9.381
[Ep  1350 | Step   648,000/2,000,000 | 201 sps] R=-9981.0 C= 208 Safe=71.46% SAI=1.000 Jain=1.000 PeakMF=0.563 lam=8.561
[Ep  1250 | Step   600,000/2,000,000 | 193 sps] R=-9746.2 C= 163 Safe=80.42% SAI=1.000 Jain=1.000 PeakMF=0.563 lam=7.778
[Ep  2150 | Step 1,032,000/2,000,000 | 196 sps] R=-9072.0 C=  29 Safe=97.50% SAI=1.000 Jain=1.000 PeakMF=0.563 lam=4.612
[Ep  1400 | Step   672,000/2,000,000 | 197 sps] R=-9056.4 C=  17 Safe=96.88% SAI=1.000 Jain=1.000 PeakMF=0.563 lam=6.734
[Ep  2000 | Step   960,000/2,000,000 | 199 sps] R=-6598.8 C=  29 Safe=95.00% SAI=1.000 Jain=1.000 PeakMF=0.526 lam=9.744
[Ep  1500 | Step   720,000/2,000,000 | 200 sps] R=-9716.5 C= 157 Safe=77.50% SAI=1.000 Jain=1.000 PeakMF=0.563 lam=9.530
[Ep  1400 | Step   672,000/2,000,000 | 201 sps] R=-10183.6 C= 250 Safe=66.04% SAI=1.000 Jain=1.000 PeakMF=0.563 lam=8.764
[Ep  2200 | Step 1,056,000/2,000,000 | 196 sps] R=-9097.0 C=  34 Safe=96.88% SAI=1.000 Jain=1.000 PeakMF=0.563 lam=4.603
[Ep  1300 | Step   624,000/2,000,000 | 193 sps] R=-9889.3 C= 191 Safe=76.67% SAI=1.000 Jain=1.000 PeakMF=0.563 lam=7.952
[Ep  1450 | Step   696,000/2,000,000 | 196 sps] R=-9016.1 C=   9 Safe=98.54% SAI=1.000 Jain=1.000 PeakMF=0.563 lam=6.696
[Ep  2050 | Step   984,000/2,000,000 | 199 sps] R=-6805.5 C=  77 Safe=85.21% SAI=1.000 Jain=1.000 PeakMF=0.513 lam=9.889
[Ep  1550 | Step   744,000/2,000,000 | 200 sps] R=-9758.8 C= 166 Safe=79.58% SAI=1.000 Jain=1.000 PeakMF=0.563 lam=9.686
[Ep  1450 | Step   696,000/2,000,000 | 201 sps] R=-10241.1 C= 263 Safe=61.25% SAI=1.000 Jain=1.000 PeakMF=0.563 lam=8.991
[Ep  1350 | Step   648,000/2,000,000 | 193 sps] R=-9966.3 C= 207 Safe=71.67% SAI=1.000 Jain=1.000 PeakMF=0.563 lam=8.109
[Ep  2250 | Step 1,080,000/2,000,000 | 196 sps] R=-9077.0 C=  30 Safe=96.46% SAI=1.000 Jain=1.000 PeakMF=0.563 lam=4.579
[Ep  1500 | Step   720,000/2,000,000 | 196 sps] R=-8996.0 C=   5 Safe=98.96% SAI=1.000 Jain=1.000 PeakMF=0.563 lam=6.658
[Ep  2100 | Step 1,008,000/2,000,000 | 199 sps] R=-6716.1 C=  55 Safe=89.17% SAI=1.000 Jain=1.000 PeakMF=0.511 lam=10.002
[Ep  1600 | Step   768,000/2,000,000 | 200 sps] R=-9798.7 C= 173 Safe=77.71% SAI=1.000 Jain=1.000 PeakMF=0.563 lam=9.854
[Ep  1500 | Step   720,000/2,000,000 | 201 sps] R=-10164.2 C= 247 Safe=69.17% SAI=1.000 Jain=1.000 PeakMF=0.563 lam=9.222
[Ep  1400 | Step   672,000/2,000,000 | 193 sps] R=-10095.5 C= 235 Safe=61.67% SAI=1.000 Jain=1.000 PeakMF=0.563 lam=8.320
[Ep  2300 | Step 1,104,000/2,000,000 | 196 sps] R=-9112.0 C=  37 Safe=95.62% SAI=1.000 Jain=1.000 PeakMF=0.563 lam=4.569
[Ep  1550 | Step   744,000/2,000,000 | 196 sps] R=-9056.6 C=  20 Safe=96.67% SAI=1.000 Jain=1.000 PeakMF=0.563 lam=6.629
[Ep  2150 | Step 1,032,000/2,000,000 | 199 sps] R=-6603.4 C=  30 Safe=93.96% SAI=1.000 Jain=1.000 PeakMF=0.514 lam=9.999
[Ep  1650 | Step   792,000/2,000,000 | 200 sps] R=-9954.9 C= 205 Safe=78.75% SAI=1.000 Jain=1.000 PeakMF=0.563 lam=10.026
[Ep  1550 | Step   744,000/2,000,000 | 201 sps] R=-10257.4 C= 266 Safe=74.79% SAI=1.000 Jain=1.000 PeakMF=0.563 lam=9.449
[Ep  1450 | Step   696,000/2,000,000 | 193 sps] R=-10037.4 C= 221 Safe=74.38% SAI=1.000 Jain=1.000 PeakMF=0.563 lam=8.541
[Ep  2350 | Step 1,128,000/2,000,000 | 196 sps] R=-9087.0 C=  32 Safe=97.08% SAI=1.000 Jain=1.000 PeakMF=0.563 lam=4.551
[Ep  1600 | Step   768,000/2,000,000 | 196 sps] R=-9076.9 C=  30 Safe=95.21% SAI=1.000 Jain=1.000 PeakMF=0.563 lam=6.621
[Ep  2200 | Step 1,056,000/2,000,000 | 199 sps] R=-6548.3 C=  37 Safe=92.29% SAI=1.000 Jain=1.000 PeakMF=0.527 lam=10.091
[Ep  1700 | Step   816,000/2,000,000 | 200 sps] R=-9967.9 C= 209 Safe=78.33% SAI=1.000 Jain=1.000 PeakMF=0.563 lam=10.199
[Ep  1600 | Step   768,000/2,000,000 | 201 sps] R=-10172.5 C= 247 Safe=69.17% SAI=1.000 Jain=1.000 PeakMF=0.563 lam=9.713
[Ep  1500 | Step   720,000/2,000,000 | 193 sps] R=-10009.5 C= 215 Safe=77.29% SAI=1.000 Jain=1.000 PeakMF=0.563 lam=8.707
[Ep  2400 | Step 1,152,000/2,000,000 | 196 sps] R=-9022.7 C=  19 Safe=97.92% SAI=1.000 Jain=1.000 PeakMF=0.563 lam=4.525
[Ep  1650 | Step   792,000/2,000,000 | 196 sps] R=-9146.9 C=  44 Safe=93.54% SAI=1.000 Jain=1.000 PeakMF=0.563 lam=6.624
[Ep  2250 | Step 1,080,000/2,000,000 | 199 sps] R=-7905.1 C= 327 Safe=61.46% SAI=1.000 Jain=1.000 PeakMF=0.520 lam=10.262
[Ep  1750 | Step   840,000/2,000,000 | 200 sps] R=-10099.5 C= 235 Safe=72.08% SAI=1.000 Jain=1.000 PeakMF=0.563 lam=10.386
[Ep  1650 | Step   792,000/2,000,000 | 201 sps] R=-10422.7 C= 298 Safe=65.62% SAI=1.000 Jain=1.000 PeakMF=0.563 lam=9.993
[Ep  1550 | Step   744,000/2,000,000 | 193 sps] R=-10146.0 C= 246 Safe=67.50% SAI=1.000 Jain=1.000 PeakMF=0.563 lam=8.931
[Ep  2450 | Step 1,176,000/2,000,000 | 195 sps] R=-9077.1 C=  30 Safe=96.46% SAI=1.000 Jain=1.000 PeakMF=0.563 lam=4.514
[Ep  1700 | Step   816,000/2,000,000 | 196 sps] R=-9157.1 C=  46 Safe=94.79% SAI=1.000 Jain=1.000 PeakMF=0.563 lam=6.640
[Ep  2300 | Step 1,104,000/2,000,000 | 199 sps] R=-7164.8 C= 174 Safe=77.50% SAI=1.000 Jain=1.000 PeakMF=0.519 lam=10.265
[Ep  1800 | Step   864,000/2,000,000 | 200 sps] R=-10081.7 C= 231 Safe=77.71% SAI=1.000 Jain=1.000 PeakMF=0.563 lam=10.599
[Ep  1700 | Step   816,000/2,000,000 | 201 sps] R=-10584.6 C= 334 Safe=66.04% SAI=1.000 Jain=1.000 PeakMF=0.563 lam=10.305
[Ep  1600 | Step   768,000/2,000,000 | 193 sps] R=-10061.6 C= 227 Safe=68.33% SAI=1.000 Jain=1.000 PeakMF=0.563 lam=9.064
[Ep  2500 | Step 1,200,000/2,000,000 | 195 sps] R=-9082.1 C=  31 Safe=96.67% SAI=1.000 Jain=1.000 PeakMF=0.563 lam=4.480
[Ep  1750 | Step   840,000/2,000,000 | 196 sps] R=-9127.1 C=  40 Safe=94.58% SAI=1.000 Jain=1.000 PeakMF=0.563 lam=6.643
[Ep  2350 | Step 1,128,000/2,000,000 | 199 sps] R=-6519.8 C=  42 Safe=92.50% SAI=1.000 Jain=1.000 PeakMF=0.520 lam=10.297
[Ep  1750 | Step   840,000/2,000,000 | 201 sps] R=-10296.5 C= 274 Safe=65.00% SAI=1.000 Jain=1.000 PeakMF=0.563 lam=10.556
[Ep  1850 | Step   888,000/2,000,000 | 199 sps] R=-10211.0 C= 259 Safe=74.38% SAI=1.000 Jain=1.000 PeakMF=0.563 lam=10.806
[Ep  1650 | Step   792,000/2,000,000 | 193 sps] R=-10116.9 C= 241 Safe=70.62% SAI=1.000 Jain=1.000 PeakMF=0.563 lam=9.280
[Ep  2550 | Step 1,224,000/2,000,000 | 195 sps] R=-9092.1 C=  33 Safe=96.25% SAI=1.000 Jain=1.000 PeakMF=0.563 lam=4.471
[Ep  1800 | Step   864,000/2,000,000 | 196 sps] R=-9147.1 C=  44 Safe=93.12% SAI=1.000 Jain=1.000 PeakMF=0.563 lam=6.634
[Ep  2400 | Step 1,152,000/2,000,000 | 199 sps] R=-6488.8 C=  36 Safe=92.71% SAI=1.000 Jain=1.000 PeakMF=0.530 lam=10.377
[Ep  1800 | Step   864,000/2,000,000 | 201 sps] R=-11021.6 C= 421 Safe=56.04% SAI=1.000 Jain=1.000 PeakMF=0.563 lam=11.030
[Ep  1900 | Step   912,000/2,000,000 | 199 sps] R=-10026.1 C= 219 Safe=72.71% SAI=1.000 Jain=1.000 PeakMF=0.563 lam=11.036
[Ep  1700 | Step   816,000/2,000,000 | 193 sps] R=-10236.1 C= 262 Safe=74.58% SAI=1.000 Jain=1.000 PeakMF=0.563 lam=9.519
[Ep  1850 | Step   888,000/2,000,000 | 197 sps] R=-9177.2 C=  50 Safe=93.33% SAI=1.000 Jain=1.000 PeakMF=0.563 lam=6.627
[Ep  2450 | Step 1,176,000/2,000,000 | 199 sps] R=-6862.7 C= 109 Safe=78.12% SAI=1.000 Jain=1.000 PeakMF=0.522 lam=10.422
[Ep  2600 | Step 1,248,000/2,000,000 | 195 sps] R=-9061.9 C=  27 Safe=96.46% SAI=1.000 Jain=1.000 PeakMF=0.563 lam=4.454
[Ep  1850 | Step   888,000/2,000,000 | 201 sps] R=-11184.8 C= 456 Safe=56.67% SAI=1.000 Jain=1.000 PeakMF=0.563 lam=11.460
[Ep  1950 | Step   936,000/2,000,000 | 199 sps] R=-10129.7 C= 239 Safe=77.50% SAI=1.000 Jain=1.000 PeakMF=0.563 lam=11.269
[Ep  1750 | Step   840,000/2,000,000 | 194 sps] R=-10194.7 C= 257 Safe=70.62% SAI=1.000 Jain=1.000 PeakMF=0.563 lam=9.746
[Ep  1900 | Step   912,000/2,000,000 | 197 sps] R=-9137.1 C=  42 Safe=95.00% SAI=1.000 Jain=1.000 PeakMF=0.563 lam=6.623
[Ep  2500 | Step 1,200,000/2,000,000 | 199 sps] R=-7390.6 C= 239 Safe=65.83% SAI=1.000 Jain=1.000 PeakMF=0.537 lam=10.474
[Ep  2650 | Step 1,272,000/2,000,000 | 195 sps] R=-9081.9 C=  31 Safe=96.67% SAI=1.000 Jain=1.000 PeakMF=0.563 lam=4.439
[Ep  1900 | Step   912,000/2,000,000 | 201 sps] R=-10777.3 C= 376 Safe=66.67% SAI=1.000 Jain=1.000 PeakMF=0.563 lam=11.784
[Ep  2000 | Step   960,000/2,000,000 | 199 sps] R=-10360.9 C= 291 Safe=72.50% SAI=1.000 Jain=1.000 PeakMF=0.563 lam=11.516
[Ep  1800 | Step   864,000/2,000,000 | 195 sps] R=-10245.9 C= 265 Safe=76.25% SAI=1.000 Jain=1.000 PeakMF=0.563 lam=9.989
[Ep  1950 | Step   936,000/2,000,000 | 197 sps] R=-9142.1 C=  43 Safe=95.00% SAI=1.000 Jain=1.000 PeakMF=0.563 lam=6.619
[Ep  2550 | Step 1,224,000/2,000,000 | 199 sps] R=-6430.2 C=  33 Safe=93.33% SAI=1.000 Jain=1.000 PeakMF=0.532 lam=10.480
[Ep  2700 | Step 1,296,000/2,000,000 | 195 sps] R=-9112.0 C=  37 Safe=96.46% SAI=1.000 Jain=1.000 PeakMF=0.563 lam=4.423
[Ep  1950 | Step   936,000/2,000,000 | 201 sps] R=-9055.8 C=  16 Safe=97.50% SAI=1.000 Jain=1.000 PeakMF=0.563 lam=11.567
[Ep  1850 | Step   888,000/2,000,000 | 196 sps] R=-10287.0 C= 275 Safe=64.79% SAI=1.000 Jain=1.000 PeakMF=0.563 lam=10.226
[Ep  2050 | Step   984,000/2,000,000 | 198 sps] R=-10252.9 C= 270 Safe=75.62% SAI=1.000 Jain=1.000 PeakMF=0.563 lam=11.765
[Ep  2000 | Step   960,000/2,000,000 | 197 sps] R=-9132.2 C=  41 Safe=95.62% SAI=1.000 Jain=1.000 PeakMF=0.563 lam=6.598
[Ep  2600 | Step 1,248,000/2,000,000 | 199 sps] R=-7656.2 C= 293 Safe=59.58% SAI=1.000 Jain=1.000 PeakMF=0.531 lam=10.567
[Ep  2750 | Step 1,320,000/2,000,000 | 195 sps] R=-9062.0 C=  27 Safe=96.88% SAI=1.000 Jain=1.000 PeakMF=0.563 lam=4.403
[Ep  2000 | Step   960,000/2,000,000 | 201 sps] R=-9011.7 C=   8 Safe=98.54% SAI=1.000 Jain=1.000 PeakMF=0.563 lam=11.332
[Ep  1900 | Step   912,000/2,000,000 | 196 sps] R=-10271.5 C= 269 Safe=71.46% SAI=1.000 Jain=1.000 PeakMF=0.563 lam=10.486
[Ep  2100 | Step 1,008,000/2,000,000 | 198 sps] R=-10240.8 C= 269 Safe=76.88% SAI=1.000 Jain=1.000 PeakMF=0.563 lam=12.020
[Ep  2050 | Step   984,000/2,000,000 | 197 sps] R=-9019.3 C=  17 Safe=97.29% SAI=1.000 Jain=1.000 PeakMF=0.563 lam=6.528
[Ep  2650 | Step 1,272,000/2,000,000 | 199 sps] R=-6680.2 C=  88 Safe=81.88% SAI=1.000 Jain=1.000 PeakMF=0.533 lam=10.674
[Ep  2800 | Step 1,344,000/2,000,000 | 195 sps] R=-9089.5 C=  32 Safe=96.88% SAI=1.000 Jain=1.000 PeakMF=0.563 lam=4.384
[Ep  2050 | Step   984,000/2,000,000 | 201 sps] R=-9016.3 C=   9 Safe=98.54% SAI=1.000 Jain=1.000 PeakMF=0.563 lam=11.283
[Ep  1950 | Step   936,000/2,000,000 | 196 sps] R=-10307.3 C= 279 Safe=68.12% SAI=1.000 Jain=1.000 PeakMF=0.563 lam=10.710
[Ep  2150 | Step 1,032,000/2,000,000 | 197 sps] R=-10613.4 C= 340 Safe=59.17% SAI=1.000 Jain=1.000 PeakMF=0.563 lam=12.268
[Ep  2100 | Step 1,008,000/2,000,000 | 197 sps] R=-8992.0 C=  13 Safe=97.71% SAI=1.000 Jain=1.000 PeakMF=0.563 lam=6.491
[Ep  2700 | Step 1,296,000/2,000,000 | 199 sps] R=-6503.1 C=  50 Safe=90.21% SAI=1.000 Jain=1.000 PeakMF=0.526 lam=10.701
[Ep  2850 | Step 1,368,000/2,000,000 | 195 sps] R=-9037.0 C=  22 Safe=97.50% SAI=1.000 Jain=1.000 PeakMF=0.563 lam=4.366
[Ep  2100 | Step 1,008,000/2,000,000 | 201 sps] R=-9036.4 C=  13 Safe=97.29% SAI=1.000 Jain=1.000 PeakMF=0.563 lam=11.244
[Ep  2000 | Step   960,000/2,000,000 | 196 sps] R=-10446.9 C= 305 Safe=72.08% SAI=1.000 Jain=1.000 PeakMF=0.563 lam=10.979
[Ep  2200 | Step 1,056,000/2,000,000 | 197 sps] R=-10417.3 C= 304 Safe=73.75% SAI=1.000 Jain=1.000 PeakMF=0.563 lam=12.544
[Ep  2150 | Step 1,032,000/2,000,000 | 197 sps] R=-9087.1 C=  32 Safe=95.83% SAI=1.000 Jain=1.000 PeakMF=0.563 lam=6.445
[Ep  2750 | Step 1,320,000/2,000,000 | 199 sps] R=-6428.4 C=  36 Safe=92.71% SAI=1.000 Jain=1.000 PeakMF=0.536 lam=10.682
[Ep  2900 | Step 1,392,000/2,000,000 | 195 sps] R=-9107.3 C=  36 Safe=95.21% SAI=1.000 Jain=1.000 PeakMF=0.563 lam=4.355
[Ep  2150 | Step 1,032,000/2,000,000 | 201 sps] R=-9096.9 C=  28 Safe=95.21% SAI=1.000 Jain=1.000 PeakMF=0.563 lam=11.219
[Ep  2050 | Step   984,000/2,000,000 | 196 sps] R=-10444.8 C= 309 Safe=71.88% SAI=1.000 Jain=1.000 PeakMF=0.563 lam=11.209
[Ep  2200 | Step 1,056,000/2,000,000 | 197 sps] R=-8974.1 C=   5 Safe=98.96% SAI=1.000 Jain=1.000 PeakMF=0.563 lam=6.403
[Ep  2250 | Step 1,080,000/2,000,000 | 196 sps] R=-10474.5 C= 316 Safe=70.21% SAI=1.000 Jain=1.000 PeakMF=0.563 lam=12.849
[Ep  2800 | Step 1,344,000/2,000,000 | 199 sps] R=-6950.3 C= 147 Safe=75.62% SAI=1.000 Jain=1.000 PeakMF=0.532 lam=10.733
[Ep  2950 | Step 1,416,000/2,000,000 | 195 sps] R=-9162.4 C=  47 Safe=94.79% SAI=1.000 Jain=1.000 PeakMF=0.563 lam=4.376
[Ep  2200 | Step 1,056,000/2,000,000 | 201 sps] R=-9114.0 C=  33 Safe=95.42% SAI=1.000 Jain=1.000 PeakMF=0.563 lam=11.222
[Ep  2100 | Step 1,008,000/2,000,000 | 196 sps] R=-9064.1 C=  18 Safe=96.67% SAI=1.000 Jain=1.000 PeakMF=0.563 lam=10.832
[Ep  2250 | Step 1,080,000/2,000,000 | 197 sps] R=-9042.0 C=  23 Safe=96.67% SAI=1.000 Jain=1.000 PeakMF=0.563 lam=6.374
[Ep  2850 | Step 1,368,000/2,000,000 | 199 sps] R=-6630.6 C=  86 Safe=83.96% SAI=1.000 Jain=1.000 PeakMF=0.538 lam=10.834
[Ep  3000 | Step 1,440,000/2,000,000 | 195 sps] R=-9132.3 C=  41 Safe=94.58% SAI=1.000 Jain=1.000 PeakMF=0.563 lam=4.363
[Ep  2300 | Step 1,104,000/2,000,000 | 195 sps] R=-10356.3 C= 292 Safe=74.38% SAI=1.000 Jain=1.000 PeakMF=0.563 lam=13.118
[Ep  2250 | Step 1,080,000/2,000,000 | 201 sps] R=-9101.8 C=  32 Safe=94.79% SAI=1.000 Jain=1.000 PeakMF=0.563 lam=11.216
[Ep  2150 | Step 1,032,000/2,000,000 | 196 sps] R=-9056.8 C=  17 Safe=96.67% SAI=1.000 Jain=1.000 PeakMF=0.563 lam=10.747
[Ep  2300 | Step 1,104,000/2,000,000 | 197 sps] R=-9082.1 C=  31 Safe=97.29% SAI=1.000 Jain=1.000 PeakMF=0.563 lam=6.370
[Ep  2900 | Step 1,392,000/2,000,000 | 199 sps] R=-6296.3 C=  15 Safe=97.08% SAI=1.000 Jain=1.000 PeakMF=0.535 lam=10.871
[Ep  3050 | Step 1,464,000/2,000,000 | 195 sps] R=-9102.2 C=  35 Safe=96.67% SAI=1.000 Jain=1.000 PeakMF=0.563 lam=4.337
[Ep  2300 | Step 1,104,000/2,000,000 | 201 sps] R=-9121.8 C=  36 Safe=94.58% SAI=1.000 Jain=1.000 PeakMF=0.563 lam=11.212
[Ep  2350 | Step 1,128,000/2,000,000 | 195 sps] R=-10522.4 C= 323 Safe=72.50% SAI=1.000 Jain=1.000 PeakMF=0.563 lam=13.432
[Ep  2200 | Step 1,056,000/2,000,000 | 196 sps] R=-9016.8 C=   9 Safe=98.12% SAI=1.000 Jain=1.000 PeakMF=0.563 lam=10.706
[Ep  2350 | Step 1,128,000/2,000,000 | 197 sps] R=-9052.0 C=  25 Safe=96.67% SAI=1.000 Jain=1.000 PeakMF=0.563 lam=6.356
[Ep  2950 | Step 1,416,000/2,000,000 | 199 sps] R=-6624.6 C=  90 Safe=83.54% SAI=1.000 Jain=1.000 PeakMF=0.533 lam=10.850
[Ep  3100 | Step 1,488,000/2,000,000 | 195 sps] R=-9082.1 C=  31 Safe=97.50% SAI=1.000 Jain=1.000 PeakMF=0.563 lam=4.313
[Ep  2350 | Step 1,128,000/2,000,000 | 200 sps] R=-9119.4 C=  37 Safe=93.75% SAI=1.000 Jain=1.000 PeakMF=0.563 lam=11.216
[Ep  2400 | Step 1,152,000/2,000,000 | 194 sps] R=-10747.2 C= 370 Safe=54.37% SAI=1.000 Jain=1.000 PeakMF=0.563 lam=13.715
[Ep  2250 | Step 1,080,000/2,000,000 | 196 sps] R=-8986.5 C=   3 Safe=99.58% SAI=1.000 Jain=1.000 PeakMF=0.563 lam=10.665
[Ep  2400 | Step 1,152,000/2,000,000 | 197 sps] R=-9047.2 C=  24 Safe=96.46% SAI=1.000 Jain=1.000 PeakMF=0.563 lam=6.332
[Ep  3000 | Step 1,440,000/2,000,000 | 199 sps] R=-6417.0 C=  52 Safe=89.58% SAI=1.000 Jain=1.000 PeakMF=0.533 lam=10.917
[Ep  3150 | Step 1,512,000/2,000,000 | 195 sps] R=-9077.0 C=  30 Safe=97.08% SAI=1.000 Jain=1.000 PeakMF=0.563 lam=4.293
[Ep  2400 | Step 1,152,000/2,000,000 | 200 sps] R=-9119.5 C=  37 Safe=94.17% SAI=1.000 Jain=1.000 PeakMF=0.563 lam=11.208
[Ep  2300 | Step 1,104,000/2,000,000 | 196 sps] R=-9106.7 C=  27 Safe=95.62% SAI=1.000 Jain=1.000 PeakMF=0.563 lam=10.641
[Ep  2450 | Step 1,176,000/2,000,000 | 194 sps] R=-10500.5 C= 323 Safe=69.58% SAI=1.000 Jain=1.000 PeakMF=0.563 lam=14.023
[Ep  2450 | Step 1,176,000/2,000,000 | 197 sps] R=-8971.8 C=   9 Safe=98.75% SAI=1.000 Jain=1.000 PeakMF=0.563 lam=6.303
[Ep  3050 | Step 1,464,000/2,000,000 | 199 sps] R=-7235.1 C= 215 Safe=70.62% SAI=1.000 Jain=1.000 PeakMF=0.537 lam=10.990
[Ep  3200 | Step 1,536,000/2,000,000 | 195 sps] R=-9097.1 C=  34 Safe=97.50% SAI=1.000 Jain=1.000 PeakMF=0.563 lam=4.271
[Ep  2450 | Step 1,176,000/2,000,000 | 200 sps] R=-9129.6 C=  39 Safe=93.96% SAI=1.000 Jain=1.000 PeakMF=0.563 lam=11.209
[Ep  2350 | Step 1,128,000/2,000,000 | 196 sps] R=-9109.5 C=  35 Safe=95.00% SAI=1.000 Jain=1.000 PeakMF=0.563 lam=10.615
[Ep  2500 | Step 1,200,000/2,000,000 | 194 sps] R=-10820.5 C= 387 Safe=72.71% SAI=1.000 Jain=1.000 PeakMF=0.563 lam=14.366
[Ep  2500 | Step 1,200,000/2,000,000 | 198 sps] R=-9037.2 C=  22 Safe=96.88% SAI=1.000 Jain=1.000 PeakMF=0.563 lam=6.245
[Ep  3100 | Step 1,488,000/2,000,000 | 199 sps] R=-6485.4 C=  53 Safe=90.21% SAI=1.000 Jain=1.000 PeakMF=0.534 lam=10.969
[Ep  2500 | Step 1,200,000/2,000,000 | 200 sps] R=-9126.9 C=  40 Safe=94.79% SAI=1.000 Jain=1.000 PeakMF=0.563 lam=11.201
[Ep  3250 | Step 1,560,000/2,000,000 | 195 sps] R=-9142.2 C=  43 Safe=95.62% SAI=1.000 Jain=1.000 PeakMF=0.563 lam=4.251
[Ep  2400 | Step 1,152,000/2,000,000 | 197 sps] R=-9187.1 C=  52 Safe=92.08% SAI=1.000 Jain=1.000 PeakMF=0.563 lam=10.636
[Ep  2550 | Step 1,224,000/2,000,000 | 194 sps] R=-10654.8 C= 354 Safe=72.50% SAI=1.000 Jain=1.000 PeakMF=0.563 lam=14.704
[Ep  2550 | Step 1,224,000/2,000,000 | 198 sps] R=-9037.1 C=  22 Safe=97.71% SAI=1.000 Jain=1.000 PeakMF=0.563 lam=6.249
[Ep  3150 | Step 1,512,000/2,000,000 | 199 sps] R=-6666.9 C=  93 Safe=82.29% SAI=1.000 Jain=1.000 PeakMF=0.536 lam=10.991
[Ep  2550 | Step 1,224,000/2,000,000 | 201 sps] R=-9167.2 C=  48 Safe=93.33% SAI=1.000 Jain=1.000 PeakMF=0.563 lam=11.201
[Ep  2450 | Step 1,176,000/2,000,000 | 197 sps] R=-9207.2 C=  56 Safe=92.92% SAI=1.000 Jain=1.000 PeakMF=0.563 lam=10.657
[Ep  3300 | Step 1,584,000/2,000,000 | 195 sps] R=-9117.0 C=  38 Safe=97.71% SAI=1.000 Jain=1.000 PeakMF=0.563 lam=4.235
[Ep  2600 | Step 1,248,000/2,000,000 | 194 sps] R=-10371.5 C= 296 Safe=75.00% SAI=1.000 Jain=1.000 PeakMF=0.563 lam=14.931
[Ep  2600 | Step 1,248,000/2,000,000 | 198 sps] R=-9067.0 C=  28 Safe=96.46% SAI=1.000 Jain=1.000 PeakMF=0.563 lam=6.235
[Ep  3200 | Step 1,536,000/2,000,000 | 199 sps] R=-6785.6 C= 124 Safe=79.38% SAI=1.000 Jain=1.000 PeakMF=0.532 lam=11.018
[Ep  2600 | Step 1,248,000/2,000,000 | 200 sps] R=-9127.0 C=  40 Safe=94.38% SAI=1.000 Jain=1.000 PeakMF=0.563 lam=11.204
[Ep  2500 | Step 1,200,000/2,000,000 | 197 sps] R=-9267.5 C=  68 Safe=91.25% SAI=1.000 Jain=1.000 PeakMF=0.563 lam=10.690
[Ep  3350 | Step 1,608,000/2,000,000 | 195 sps] R=-9052.5 C=  25 Safe=96.67% SAI=1.000 Jain=1.000 PeakMF=0.563 lam=4.216
[Ep  2650 | Step 1,272,000/2,000,000 | 194 sps] R=-10281.0 C= 273 Safe=63.96% SAI=1.000 Jain=1.000 PeakMF=0.563 lam=15.126
[Ep  2650 | Step 1,272,000/2,000,000 | 198 sps] R=-9007.2 C=  16 Safe=97.92% SAI=1.000 Jain=1.000 PeakMF=0.563 lam=6.210
[Ep  3250 | Step 1,560,000/2,000,000 | 199 sps] R=-6404.8 C=  48 Safe=91.88% SAI=1.000 Jain=1.000 PeakMF=0.536 lam=11.017
[Ep  3400 | Step 1,632,000/2,000,000 | 196 sps] R=-9052.1 C=  25 Safe=97.29% SAI=1.000 Jain=1.000 PeakMF=0.563 lam=4.199
[Ep  2650 | Step 1,272,000/2,000,000 | 201 sps] R=-9152.0 C=  45 Safe=93.75% SAI=1.000 Jain=1.000 PeakMF=0.563 lam=11.211
[Ep  2550 | Step 1,224,000/2,000,000 | 197 sps] R=-9011.1 C=   8 Safe=98.75% SAI=1.000 Jain=1.000 PeakMF=0.563 lam=10.697
[Ep  2700 | Step 1,296,000/2,000,000 | 198 sps] R=-9022.1 C=  19 Safe=97.71% SAI=1.000 Jain=1.000 PeakMF=0.563 lam=6.189
[Ep  2700 | Step 1,296,000/2,000,000 | 194 sps] R=-10491.6 C= 317 Safe=71.88% SAI=1.000 Jain=1.000 PeakMF=0.563 lam=15.423
[Ep  3450 | Step 1,656,000/2,000,000 | 196 sps] R=-9077.0 C=  30 Safe=96.46% SAI=1.000 Jain=1.000 PeakMF=0.563 lam=4.179
[Ep  3300 | Step 1,584,000/2,000,000 | 199 sps] R=-6348.0 C=  31 Safe=93.75% SAI=1.000 Jain=1.000 PeakMF=0.534 lam=11.102
[Ep  2700 | Step 1,296,000/2,000,000 | 201 sps] R=-9056.4 C=  17 Safe=97.50% SAI=1.000 Jain=1.000 PeakMF=0.563 lam=11.137
[Ep  2600 | Step 1,248,000/2,000,000 | 197 sps] R=-9081.6 C=  25 Safe=95.62% SAI=1.000 Jain=1.000 PeakMF=0.563 lam=10.622
[Ep  2750 | Step 1,320,000/2,000,000 | 199 sps] R=-9057.4 C=  26 Safe=96.04% SAI=1.000 Jain=1.000 PeakMF=0.563 lam=6.164
[Ep  3500 | Step 1,680,000/2,000,000 | 197 sps] R=-9037.1 C=  22 Safe=97.71% SAI=1.000 Jain=1.000 PeakMF=0.563 lam=4.145
[Ep  2750 | Step 1,320,000/2,000,000 | 194 sps] R=-10581.6 C= 339 Safe=65.83% SAI=1.000 Jain=1.000 PeakMF=0.563 lam=15.730
[Ep  3350 | Step 1,608,000/2,000,000 | 199 sps] R=-6663.8 C=  95 Safe=81.67% SAI=1.000 Jain=1.000 PeakMF=0.538 lam=11.044
[Ep  2750 | Step 1,320,000/2,000,000 | 201 sps] R=-9031.7 C=  18 Safe=96.46% SAI=1.000 Jain=1.000 PeakMF=0.563 lam=11.094
[Ep  2650 | Step 1,272,000/2,000,000 | 198 sps] R=-9006.3 C=   7 Safe=98.54% SAI=1.000 Jain=1.000 PeakMF=0.563 lam=10.555
[Ep  3550 | Step 1,704,000/2,000,000 | 197 sps] R=-9072.1 C=  29 Safe=97.08% SAI=1.000 Jain=1.000 PeakMF=0.563 lam=4.129
[Ep  2800 | Step 1,344,000/2,000,000 | 199 sps] R=-8984.2 C=   4 Safe=99.17% SAI=1.000 Jain=1.000 PeakMF=0.563 lam=6.129
[Ep  2800 | Step 1,344,000/2,000,000 | 194 sps] R=-10550.1 C= 333 Safe=71.25% SAI=1.000 Jain=1.000 PeakMF=0.563 lam=16.035
[Ep  2800 | Step 1,344,000/2,000,000 | 201 sps] R=-9097.1 C=  34 Safe=94.79% SAI=1.000 Jain=1.000 PeakMF=0.563 lam=11.105
[Ep  3400 | Step 1,632,000/2,000,000 | 199 sps] R=-6379.5 C=  31 Safe=93.54% SAI=1.000 Jain=1.000 PeakMF=0.534 lam=11.047
[Ep  2700 | Step 1,296,000/2,000,000 | 198 sps] R=-8991.9 C=  13 Safe=97.50% SAI=1.000 Jain=1.000 PeakMF=0.563 lam=10.521
[Ep  3600 | Step 1,728,000/2,000,000 | 198 sps] R=-9042.1 C=  23 Safe=97.29% SAI=1.000 Jain=1.000 PeakMF=0.563 lam=4.107
[Ep  2850 | Step 1,368,000/2,000,000 | 199 sps] R=-8984.1 C=   4 Safe=99.17% SAI=1.000 Jain=1.000 PeakMF=0.563 lam=6.082
[Ep  2850 | Step 1,368,000/2,000,000 | 194 sps] R=-10586.7 C= 340 Safe=71.25% SAI=1.000 Jain=1.000 PeakMF=0.563 lam=16.300
[Ep  2850 | Step 1,368,000/2,000,000 | 201 sps] R=-8986.2 C=   3 Safe=99.38% SAI=1.000 Jain=1.000 PeakMF=0.563 lam=11.066
[Ep  2750 | Step 1,320,000/2,000,000 | 198 sps] R=-9117.1 C=  38 Safe=94.79% SAI=1.000 Jain=1.000 PeakMF=0.563 lam=10.532
[Ep  3450 | Step 1,656,000/2,000,000 | 199 sps] R=-6646.1 C=  84 Safe=85.00% SAI=1.000 Jain=1.000 PeakMF=0.534 lam=11.146
[Ep  3650 | Step 1,752,000/2,000,000 | 198 sps] R=-9052.0 C=  25 Safe=97.71% SAI=1.000 Jain=1.000 PeakMF=0.563 lam=4.081
[Ep  2900 | Step 1,392,000/2,000,000 | 199 sps] R=-8961.9 C=   7 Safe=98.96% SAI=1.000 Jain=1.000 PeakMF=0.563 lam=6.036
[Ep  2900 | Step 1,392,000/2,000,000 | 194 sps] R=-10442.5 C= 310 Safe=76.25% SAI=1.000 Jain=1.000 PeakMF=0.563 lam=16.585
[Ep  2900 | Step 1,392,000/2,000,000 | 201 sps] R=-9016.8 C=   9 Safe=98.33% SAI=1.000 Jain=1.000 PeakMF=0.563 lam=11.021
[Ep  2800 | Step 1,344,000/2,000,000 | 198 sps] R=-9142.2 C=  43 Safe=95.00% SAI=1.000 Jain=1.000 PeakMF=0.563 lam=10.545
[Ep  3500 | Step 1,680,000/2,000,000 | 198 sps] R=-7329.7 C= 220 Safe=62.92% SAI=1.000 Jain=1.000 PeakMF=0.532 lam=11.312
[Ep  3700 | Step 1,776,000/2,000,000 | 198 sps] R=-9062.1 C=  27 Safe=97.29% SAI=1.000 Jain=1.000 PeakMF=0.563 lam=4.058
[Ep  2950 | Step 1,416,000/2,000,000 | 199 sps] R=-8966.6 C=   5 Safe=99.17% SAI=1.000 Jain=1.000 PeakMF=0.563 lam=6.020
[Ep  2950 | Step 1,416,000/2,000,000 | 201 sps] R=-8975.9 C=   1 Safe=99.79% SAI=1.000 Jain=1.000 PeakMF=0.563 lam=10.974
[Ep  2950 | Step 1,416,000/2,000,000 | 193 sps] R=-10549.5 C= 333 Safe=73.54% SAI=1.000 Jain=1.000 PeakMF=0.563 lam=16.888
[Ep  2850 | Step 1,368,000/2,000,000 | 198 sps] R=-9122.3 C=  39 Safe=93.75% SAI=1.000 Jain=1.000 PeakMF=0.563 lam=10.532
[Ep  3550 | Step 1,704,000/2,000,000 | 198 sps] R=-6738.3 C= 113 Safe=81.46% SAI=1.000 Jain=1.000 PeakMF=0.532 lam=11.389
[Ep  3750 | Step 1,800,000/2,000,000 | 198 sps] R=-9082.0 C=  31 Safe=97.29% SAI=1.000 Jain=1.000 PeakMF=0.563 lam=4.032
[Ep  3000 | Step 1,440,000/2,000,000 | 199 sps] R=-9027.1 C=  20 Safe=97.50% SAI=1.000 Jain=1.000 PeakMF=0.563 lam=5.993
[Ep  3000 | Step 1,440,000/2,000,000 | 201 sps] R=-9006.8 C=  16 Safe=96.88% SAI=1.000 Jain=1.000 PeakMF=0.563 lam=10.948
[Ep  2900 | Step 1,392,000/2,000,000 | 198 sps] R=-9132.2 C=  41 Safe=93.54% SAI=1.000 Jain=1.000 PeakMF=0.563 lam=10.542
[Ep  3000 | Step 1,440,000/2,000,000 | 193 sps] R=-10647.1 C= 351 Safe=67.50% SAI=1.000 Jain=1.000 PeakMF=0.563 lam=17.198
[Ep  3600 | Step 1,728,000/2,000,000 | 198 sps] R=-7452.7 C= 240 Safe=57.71% SAI=1.000 Jain=1.000 PeakMF=0.531 lam=11.512
[Ep  3800 | Step 1,824,000/2,000,000 | 198 sps] R=-9067.1 C=  28 Safe=97.08% SAI=1.000 Jain=1.000 PeakMF=0.563 lam=4.014
[Ep  3050 | Step 1,464,000/2,000,000 | 199 sps] R=-9067.2 C=  28 Safe=97.08% SAI=1.000 Jain=1.000 PeakMF=0.563 lam=5.974
[Ep  3050 | Step 1,464,000/2,000,000 | 201 sps] R=-9099.6 C=  33 Safe=95.62% SAI=1.000 Jain=1.000 PeakMF=0.563 lam=10.943
[Ep  2950 | Step 1,416,000/2,000,000 | 198 sps] R=-9097.2 C=  34 Safe=95.00% SAI=1.000 Jain=1.000 PeakMF=0.563 lam=10.524
[Ep  3050 | Step 1,464,000/2,000,000 | 193 sps] R=-10563.1 C= 334 Safe=67.50% SAI=1.000 Jain=1.000 PeakMF=0.563 lam=17.521
[Ep  3850 | Step 1,848,000/2,000,000 | 198 sps] R=-9032.1 C=  21 Safe=97.92% SAI=1.000 Jain=1.000 PeakMF=0.563 lam=3.987
[Ep  3650 | Step 1,752,000/2,000,000 | 198 sps] R=-6983.4 C= 148 Safe=74.38% SAI=1.000 Jain=1.000 PeakMF=0.531 lam=11.656
[Ep  3100 | Step 1,488,000/2,000,000 | 199 sps] R=-9022.1 C=  19 Safe=98.33% SAI=1.000 Jain=1.000 PeakMF=0.563 lam=5.948
[Ep  3100 | Step 1,488,000/2,000,000 | 201 sps] R=-9142.2 C=  43 Safe=95.00% SAI=1.000 Jain=1.000 PeakMF=0.563 lam=10.945
[Ep  3000 | Step 1,440,000/2,000,000 | 198 sps] R=-9157.3 C=  46 Safe=93.54% SAI=1.000 Jain=1.000 PeakMF=0.563 lam=10.509
[Ep  3100 | Step 1,488,000/2,000,000 | 193 sps] R=-10695.6 C= 362 Safe=68.75% SAI=1.000 Jain=1.000 PeakMF=0.563 lam=17.836
[Ep  3900 | Step 1,872,000/2,000,000 | 198 sps] R=-9067.1 C=  28 Safe=97.08% SAI=1.000 Jain=1.000 PeakMF=0.563 lam=3.955
[Ep  3150 | Step 1,512,000/2,000,000 | 199 sps] R=-8956.9 C=   6 Safe=98.96% SAI=1.000 Jain=1.000 PeakMF=0.563 lam=5.906
[Ep  3700 | Step 1,776,000/2,000,000 | 198 sps] R=-6737.1 C= 101 Safe=81.67% SAI=1.000 Jain=1.000 PeakMF=0.532 lam=11.746
[Ep  3150 | Step 1,512,000/2,000,000 | 201 sps] R=-9122.0 C=  39 Safe=95.83% SAI=1.000 Jain=1.000 PeakMF=0.563 lam=10.930
[Ep  3050 | Step 1,464,000/2,000,000 | 198 sps] R=-9102.1 C=  35 Safe=94.79% SAI=1.000 Jain=1.000 PeakMF=0.563 lam=10.504
[Ep  3150 | Step 1,512,000/2,000,000 | 193 sps] R=-10714.5 C= 366 Safe=74.38% SAI=1.000 Jain=1.000 PeakMF=0.563 lam=18.143
[Ep  3950 | Step 1,896,000/2,000,000 | 198 sps] R=-8966.9 C=   8 Safe=98.54% SAI=1.000 Jain=1.000 PeakMF=0.563 lam=3.915
[Ep  3200 | Step 1,536,000/2,000,000 | 199 sps] R=-9042.1 C=  23 Safe=97.92% SAI=1.000 Jain=1.000 PeakMF=0.563 lam=5.908
[Ep  3750 | Step 1,800,000/2,000,000 | 197 sps] R=-6744.7 C= 115 Safe=81.25% SAI=1.000 Jain=1.000 PeakMF=0.530 lam=11.806
[Ep  3200 | Step 1,536,000/2,000,000 | 201 sps] R=-9042.2 C=  23 Safe=96.46% SAI=1.000 Jain=1.000 PeakMF=0.563 lam=10.900
[Ep  3100 | Step 1,488,000/2,000,000 | 198 sps] R=-9112.1 C=  37 Safe=96.67% SAI=1.000 Jain=1.000 PeakMF=0.563 lam=10.490
[Ep  4000 | Step 1,920,000/2,000,000 | 198 sps] R=-8974.2 C=   5 Safe=99.38% SAI=1.000 Jain=1.000 PeakMF=0.563 lam=3.868
[Ep  3200 | Step 1,536,000/2,000,000 | 192 sps] R=-10747.6 C= 372 Safe=72.50% SAI=1.000 Jain=1.000 PeakMF=0.563 lam=18.451
[Ep  3250 | Step 1,560,000/2,000,000 | 199 sps] R=-9082.1 C=  31 Safe=97.71% SAI=1.000 Jain=1.000 PeakMF=0.563 lam=5.876
[Ep  3800 | Step 1,824,000/2,000,000 | 197 sps] R=-6887.6 C= 129 Safe=77.50% SAI=1.000 Jain=1.000 PeakMF=0.530 lam=11.971
[Ep  3250 | Step 1,560,000/2,000,000 | 201 sps] R=-9112.1 C=  37 Safe=95.42% SAI=1.000 Jain=1.000 PeakMF=0.563 lam=10.892
[Ep  3150 | Step 1,512,000/2,000,000 | 198 sps] R=-9117.2 C=  38 Safe=95.21% SAI=1.000 Jain=1.000 PeakMF=0.563 lam=10.476
[Ep  4050 | Step 1,944,000/2,000,000 | 198 sps] R=-9002.0 C=  15 Safe=98.12% SAI=1.000 Jain=1.000 PeakMF=0.563 lam=3.835
[Ep  3300 | Step 1,584,000/2,000,000 | 199 sps] R=-9027.1 C=  20 Safe=97.92% SAI=1.000 Jain=1.000 PeakMF=0.563 lam=5.848
[Ep  3250 | Step 1,560,000/2,000,000 | 192 sps] R=-9015.6 C=   9 Safe=98.12% SAI=1.000 Jain=1.000 PeakMF=0.563 lam=18.071
[Ep  3850 | Step 1,848,000/2,000,000 | 197 sps] R=-7197.5 C= 182 Safe=67.92% SAI=1.000 Jain=1.000 PeakMF=0.535 lam=12.062
[Ep  3300 | Step 1,584,000/2,000,000 | 201 sps] R=-9052.1 C=  25 Safe=96.67% SAI=1.000 Jain=1.000 PeakMF=0.563 lam=10.856
[Ep  3200 | Step 1,536,000/2,000,000 | 198 sps] R=-9117.2 C=  38 Safe=95.00% SAI=1.000 Jain=1.000 PeakMF=0.563 lam=10.465
[Ep  4100 | Step 1,968,000/2,000,000 | 198 sps] R=-8979.1 C=   3 Safe=99.38% SAI=1.000 Jain=1.000 PeakMF=0.563 lam=3.795
[Ep  3350 | Step 1,608,000/2,000,000 | 199 sps] R=-9047.2 C=  24 Safe=98.12% SAI=1.000 Jain=1.000 PeakMF=0.563 lam=5.824
[Ep  3300 | Step 1,584,000/2,000,000 | 192 sps] R=-9129.0 C=  33 Safe=96.04% SAI=1.000 Jain=1.000 PeakMF=0.563 lam=17.975
[Ep  3900 | Step 1,872,000/2,000,000 | 197 sps] R=-6332.9 C=  23 Safe=95.21% SAI=1.000 Jain=1.000 PeakMF=0.533 lam=11.956
[Ep  3350 | Step 1,608,000/2,000,000 | 201 sps] R=-9087.2 C=  32 Safe=96.25% SAI=1.000 Jain=1.000 PeakMF=0.563 lam=10.832
[Ep  3250 | Step 1,560,000/2,000,000 | 198 sps] R=-9142.2 C=  43 Safe=94.38% SAI=1.000 Jain=1.000 PeakMF=0.563 lam=10.455
[Ep  4150 | Step 1,992,000/2,000,000 | 198 sps] R=-9052.1 C=  25 Safe=97.71% SAI=1.000 Jain=1.000 PeakMF=0.563 lam=3.806
[Ep  3400 | Step 1,632,000/2,000,000 | 199 sps] R=-9022.2 C=  19 Safe=97.29% SAI=1.000 Jain=1.000 PeakMF=0.563 lam=5.796

============================================================
Training complete: 4167 episodes, 2,000,160 steps
Best reward: -8926.7
Wall time: 2.81 hours
Checkpoint: checkpoints/mappo_lag/seed_4/checkpoint_final.pt
============================================================
[25/50] mappo_lag seed=4 DONE
Using device: cuda
2026-05-03 05:03:36 | hcmarl.utils | INFO | HIGH determinism: cudnn.deterministic=True, torch.use_deterministic_algorithms(True), matmul=highest, CUBLAS_WORKSPACE_CONFIG=:4096:8 (EXP3-Part-1-equivalent reproducibility)
2026-05-03 05:03:36 | hcmarl.utils | INFO | HIGH determinism: cudnn.deterministic=True, torch.use_deterministic_algorithms(True), matmul=highest, CUBLAS_WORKSPACE_CONFIG=:4096:8 (EXP3-Part-1-equivalent reproducibility)
============================================================
HC-MARL Training: HAPPO (heterogeneous trust-region PPO; Kuba 2022)
Seed: 0 | Device: cuda | Workers: 6
Total steps: 2,000,000 | Eval every: 50,000
Checkpoint dir: checkpoints/happo/seed_0
============================================================
[Ep  3350 | Step 1,608,000/2,000,000 | 192 sps] R=-9124.1 C=  32 Safe=95.62% SAI=1.000 Jain=1.000 PeakMF=0.563 lam=17.975
[Ep  3400 | Step 1,632,000/2,000,000 | 201 sps] R=-9117.0 C=  38 Safe=96.25% SAI=1.000 Jain=1.000 PeakMF=0.563 lam=10.823
[Ep  3950 | Step 1,896,000/2,000,000 | 197 sps] R=-6380.0 C=  37 Safe=92.92% SAI=1.000 Jain=1.000 PeakMF=0.534 lam=11.932
[Ep  3300 | Step 1,584,000/2,000,000 | 198 sps] R=-9052.1 C=  25 Safe=97.71% SAI=1.000 Jain=1.000 PeakMF=0.563 lam=10.436
[Ep  3450 | Step 1,656,000/2,000,000 | 199 sps] R=-9047.2 C=  24 Safe=96.67% SAI=1.000 Jain=1.000 PeakMF=0.563 lam=5.760
[Ep  3400 | Step 1,632,000/2,000,000 | 192 sps] R=-9156.8 C=  40 Safe=94.17% SAI=1.000 Jain=1.000 PeakMF=0.563 lam=17.975
[Ep  4000 | Step 1,920,000/2,000,000 | 197 sps] R=-6357.6 C=  37 Safe=92.92% SAI=1.000 Jain=1.000 PeakMF=0.533 lam=11.926
[Ep  3450 | Step 1,656,000/2,000,000 | 201 sps] R=-9102.2 C=  35 Safe=95.00% SAI=1.000 Jain=1.000 PeakMF=0.563 lam=10.806
[Ep  3350 | Step 1,608,000/2,000,000 | 198 sps] R=-9107.1 C=  36 Safe=95.42% SAI=1.000 Jain=1.000 PeakMF=0.563 lam=10.422
[Ep  3500 | Step 1,680,000/2,000,000 | 199 sps] R=-9047.0 C=  24 Safe=97.71% SAI=1.000 Jain=1.000 PeakMF=0.563 lam=5.741
[Ep  3450 | Step 1,656,000/2,000,000 | 192 sps] R=-9141.7 C=  40 Safe=94.17% SAI=1.000 Jain=1.000 PeakMF=0.563 lam=17.958
[Ep  4050 | Step 1,944,000/2,000,000 | 197 sps] R=-6333.1 C=  34 Safe=93.12% SAI=1.000 Jain=1.000 PeakMF=0.533 lam=11.936
[Ep  3400 | Step 1,632,000/2,000,000 | 198 sps] R=-9077.2 C=  30 Safe=96.67% SAI=1.000 Jain=1.000 PeakMF=0.563 lam=10.403
[Ep  3500 | Step 1,680,000/2,000,000 | 201 sps] R=-9062.0 C=  27 Safe=96.25% SAI=1.000 Jain=1.000 PeakMF=0.563 lam=10.784
[Ep  3550 | Step 1,704,000/2,000,000 | 200 sps] R=-9057.1 C=  26 Safe=97.92% SAI=1.000 Jain=1.000 PeakMF=0.563 lam=5.707
[Ep  3500 | Step 1,680,000/2,000,000 | 192 sps] R=-9179.4 C=  46 Safe=94.17% SAI=1.000 Jain=1.000 PeakMF=0.563 lam=17.948
[Ep  4100 | Step 1,968,000/2,000,000 | 197 sps] R=-7309.1 C= 207 Safe=69.17% SAI=1.000 Jain=1.000 PeakMF=0.532 lam=11.964
[Ep  3450 | Step 1,656,000/2,000,000 | 198 sps] R=-9072.1 C=  29 Safe=96.46% SAI=1.000 Jain=1.000 PeakMF=0.563 lam=10.385
[Ep  3550 | Step 1,704,000/2,000,000 | 201 sps] R=-9087.2 C=  32 Safe=95.62% SAI=1.000 Jain=1.000 PeakMF=0.563 lam=10.766
[Ep  3600 | Step 1,728,000/2,000,000 | 200 sps] R=-9032.1 C=  21 Safe=97.29% SAI=1.000 Jain=1.000 PeakMF=0.563 lam=5.673
[Ep    50 | Step    24,000/2,000,000 | 52 sps] R=-33997.4 C=2250 Safe=20.62% SAI=1.000 Jain=0.994 PeakMF=0.705
[Ep  4150 | Step 1,992,000/2,000,000 | 197 sps] R=-6686.4 C=  96 Safe=83.12% SAI=1.000 Jain=1.000 PeakMF=0.531 lam=12.133
[Ep  3550 | Step 1,704,000/2,000,000 | 192 sps] R=-9189.4 C=  51 Safe=93.54% SAI=1.000 Jain=1.000 PeakMF=0.563 lam=17.948
[Ep  3500 | Step 1,680,000/2,000,000 | 198 sps] R=-9112.0 C=  37 Safe=97.50% SAI=1.000 Jain=1.000 PeakMF=0.563 lam=10.365
[Ep  3600 | Step 1,728,000/2,000,000 | 201 sps] R=-9067.1 C=  28 Safe=96.88% SAI=1.000 Jain=1.000 PeakMF=0.563 lam=10.729

============================================================
Training complete: 4167 episodes, 2,000,160 steps
Best reward: -6186.3
Wall time: 2.82 hours
Checkpoint: checkpoints/mappo_lag/seed_5/checkpoint_final.pt
============================================================
[26/50] mappo_lag seed=5 DONE
Using device: cuda
2026-05-03 05:12:28 | hcmarl.utils | INFO | HIGH determinism: cudnn.deterministic=True, torch.use_deterministic_algorithms(True), matmul=highest, CUBLAS_WORKSPACE_CONFIG=:4096:8 (EXP3-Part-1-equivalent reproducibility)
2026-05-03 05:12:28 | hcmarl.utils | INFO | HIGH determinism: cudnn.deterministic=True, torch.use_deterministic_algorithms(True), matmul=highest, CUBLAS_WORKSPACE_CONFIG=:4096:8 (EXP3-Part-1-equivalent reproducibility)
============================================================
HC-MARL Training: HAPPO (heterogeneous trust-region PPO; Kuba 2022)
Seed: 1 | Device: cuda | Workers: 6
Total steps: 2,000,000 | Eval every: 50,000
Checkpoint dir: checkpoints/happo/seed_1
============================================================
[Ep  3650 | Step 1,752,000/2,000,000 | 200 sps] R=-9022.2 C=  19 Safe=97.92% SAI=1.000 Jain=1.000 PeakMF=0.563 lam=5.640
[Ep  3550 | Step 1,704,000/2,000,000 | 199 sps] R=-9067.0 C=  28 Safe=96.67% SAI=1.000 Jain=1.000 PeakMF=0.563 lam=10.340
[Ep  3600 | Step 1,728,000/2,000,000 | 192 sps] R=-9121.6 C=  36 Safe=95.21% SAI=1.000 Jain=1.000 PeakMF=0.563 lam=17.943
[Ep  3650 | Step 1,752,000/2,000,000 | 201 sps] R=-8982.1 C=  11 Safe=97.92% SAI=1.000 Jain=1.000 PeakMF=0.563 lam=10.712
[Ep  3700 | Step 1,776,000/2,000,000 | 200 sps] R=-8997.2 C=  14 Safe=98.33% SAI=1.000 Jain=1.000 PeakMF=0.563 lam=5.612
[Ep  3700 | Step 1,776,000/2,000,000 | 201 sps] R=-8994.5 C=  12 Safe=97.50% SAI=1.000 Jain=1.000 PeakMF=0.563 lam=10.651
[Ep  3600 | Step 1,728,000/2,000,000 | 199 sps] R=-9062.1 C=  27 Safe=96.46% SAI=1.000 Jain=1.000 PeakMF=0.563 lam=10.325
[Ep  3650 | Step 1,752,000/2,000,000 | 192 sps] R=-9111.6 C=  37 Safe=95.00% SAI=1.000 Jain=1.000 PeakMF=0.563 lam=17.936
[Ep  3750 | Step 1,800,000/2,000,000 | 200 sps] R=-8977.2 C=  10 Safe=98.54% SAI=1.000 Jain=1.000 PeakMF=0.563 lam=5.567
[Ep  3750 | Step 1,800,000/2,000,000 | 201 sps] R=-9007.0 C=  13 Safe=97.92% SAI=1.000 Jain=1.000 PeakMF=0.563 lam=10.617
[Ep  3650 | Step 1,752,000/2,000,000 | 199 sps] R=-9077.2 C=  30 Safe=96.88% SAI=1.000 Jain=1.000 PeakMF=0.563 lam=10.302
[Ep  3700 | Step 1,776,000/2,000,000 | 192 sps] R=-9026.0 C=  11 Safe=97.92% SAI=1.000 Jain=1.000 PeakMF=0.563 lam=17.896
[Ep  3800 | Step 1,824,000/2,000,000 | 200 sps] R=-9002.2 C=  15 Safe=97.92% SAI=1.000 Jain=1.000 PeakMF=0.563 lam=5.547
[Ep   100 | Step    48,000/2,000,000 | 52 sps] R=-30393.2 C=1968 Safe=19.17% SAI=1.000 Jain=0.974 PeakMF=0.694
[Ep  3800 | Step 1,824,000/2,000,000 | 201 sps] R=-8976.9 C=  10 Safe=98.12% SAI=1.000 Jain=1.000 PeakMF=0.563 lam=10.568
[Ep  3700 | Step 1,776,000/2,000,000 | 199 sps] R=-9072.1 C=  29 Safe=96.88% SAI=1.000 Jain=1.000 PeakMF=0.563 lam=10.285
[Ep  3750 | Step 1,800,000/2,000,000 | 192 sps] R=-9098.8 C=  27 Safe=95.83% SAI=1.000 Jain=1.000 PeakMF=0.563 lam=17.851
[Ep    50 | Step    24,000/2,000,000 | 52 sps] R=-35445.3 C=2255 Safe=18.54% SAI=1.000 Jain=0.997 PeakMF=0.697
[Ep  3850 | Step 1,848,000/2,000,000 | 200 sps] R=-9142.5 C=  43 Safe=95.00% SAI=1.000 Jain=1.000 PeakMF=0.563 lam=5.532
[Ep  3850 | Step 1,848,000/2,000,000 | 201 sps] R=-9032.0 C=  21 Safe=97.29% SAI=1.000 Jain=1.000 PeakMF=0.563 lam=10.563
[Ep  3750 | Step 1,800,000/2,000,000 | 198 sps] R=-9057.0 C=  26 Safe=97.29% SAI=1.000 Jain=1.000 PeakMF=0.563 lam=10.268
[Ep  3800 | Step 1,824,000/2,000,000 | 192 sps] R=-9001.2 C=   6 Safe=98.75% SAI=1.000 Jain=1.000 PeakMF=0.563 lam=17.807
[Ep  3900 | Step 1,872,000/2,000,000 | 201 sps] R=-9147.5 C=  44 Safe=95.42% SAI=1.000 Jain=1.000 PeakMF=0.563 lam=5.539
[Ep  3900 | Step 1,872,000/2,000,000 | 201 sps] R=-9057.1 C=  26 Safe=97.71% SAI=1.000 Jain=1.000 PeakMF=0.563 lam=10.547
[Ep  3950 | Step 1,896,000/2,000,000 | 201 sps] R=-9082.4 C=  31 Safe=96.04% SAI=1.000 Jain=1.000 PeakMF=0.563 lam=5.554
[Ep  3850 | Step 1,848,000/2,000,000 | 192 sps] R=-9006.0 C=   7 Safe=98.75% SAI=1.000 Jain=1.000 PeakMF=0.563 lam=17.763
[Ep  3800 | Step 1,824,000/2,000,000 | 198 sps] R=-9097.2 C=  34 Safe=95.83% SAI=1.000 Jain=1.000 PeakMF=0.563 lam=10.245
[Ep  3950 | Step 1,896,000/2,000,000 | 201 sps] R=-9062.1 C=  27 Safe=97.29% SAI=1.000 Jain=1.000 PeakMF=0.563 lam=10.525
[Ep  3900 | Step 1,872,000/2,000,000 | 193 sps] R=-9016.1 C=   9 Safe=98.54% SAI=1.000 Jain=1.000 PeakMF=0.563 lam=17.738
[Ep  4000 | Step 1,920,000/2,000,000 | 201 sps] R=-9087.4 C=  32 Safe=96.88% SAI=1.000 Jain=1.000 PeakMF=0.563 lam=5.512
[Ep  3850 | Step 1,848,000/2,000,000 | 198 sps] R=-9072.3 C=  29 Safe=96.25% SAI=1.000 Jain=1.000 PeakMF=0.563 lam=10.224
[Ep   150 | Step    72,000/2,000,000 | 52 sps] R=-32292.3 C=2216 Safe=19.58% SAI=1.000 Jain=0.987 PeakMF=0.686
[Ep  4000 | Step 1,920,000/2,000,000 | 202 sps] R=-9042.2 C=  23 Safe=96.88% SAI=1.000 Jain=1.000 PeakMF=0.563 lam=10.498
[Ep  3950 | Step 1,896,000/2,000,000 | 193 sps] R=-8981.3 C=   2 Safe=99.58% SAI=1.000 Jain=1.000 PeakMF=0.563 lam=17.685
[Ep  4050 | Step 1,944,000/2,000,000 | 201 sps] R=-9047.3 C=  24 Safe=96.88% SAI=1.000 Jain=1.000 PeakMF=0.563 lam=5.479
[Ep   100 | Step    48,000/2,000,000 | 52 sps] R=-35201.1 C=2268 Safe=19.79% SAI=1.000 Jain=0.998 PeakMF=0.704
[Ep  3900 | Step 1,872,000/2,000,000 | 198 sps] R=-9072.1 C=  29 Safe=97.29% SAI=1.000 Jain=1.000 PeakMF=0.563 lam=10.193
[Ep  4050 | Step 1,944,000/2,000,000 | 202 sps] R=-8982.0 C=  11 Safe=98.12% SAI=1.000 Jain=1.000 PeakMF=0.563 lam=10.461
[Ep  4000 | Step 1,920,000/2,000,000 | 193 sps] R=-9031.5 C=  12 Safe=98.12% SAI=1.000 Jain=1.000 PeakMF=0.563 lam=17.647
[Ep  4100 | Step 1,968,000/2,000,000 | 201 sps] R=-9012.3 C=  17 Safe=97.71% SAI=1.000 Jain=1.000 PeakMF=0.563 lam=5.446
[Ep  3950 | Step 1,896,000/2,000,000 | 198 sps] R=-8946.9 C=   4 Safe=99.17% SAI=1.000 Jain=1.000 PeakMF=0.563 lam=10.165
[Ep  4100 | Step 1,968,000/2,000,000 | 202 sps] R=-8964.3 C=   3 Safe=99.38% SAI=1.000 Jain=1.000 PeakMF=0.563 lam=10.410
[Ep  4150 | Step 1,992,000/2,000,000 | 201 sps] R=-9012.1 C=  17 Safe=98.54% SAI=1.000 Jain=1.000 PeakMF=0.563 lam=5.413
[Ep  4050 | Step 1,944,000/2,000,000 | 193 sps] R=-9177.2 C=  50 Safe=95.62% SAI=1.000 Jain=1.000 PeakMF=0.563 lam=17.625

============================================================
Training complete: 4167 episodes, 2,000,160 steps
Best reward: -8931.8
Wall time: 2.76 hours
Checkpoint: checkpoints/mappo_lag/seed_7/checkpoint_final.pt
============================================================
[28/50] mappo_lag seed=7 DONE
Using device: cuda
2026-05-03 05:32:13 | hcmarl.utils | INFO | HIGH determinism: cudnn.deterministic=True, torch.use_deterministic_algorithms(True), matmul=highest, CUBLAS_WORKSPACE_CONFIG=:4096:8 (EXP3-Part-1-equivalent reproducibility)
2026-05-03 05:32:13 | hcmarl.utils | INFO | HIGH determinism: cudnn.deterministic=True, torch.use_deterministic_algorithms(True), matmul=highest, CUBLAS_WORKSPACE_CONFIG=:4096:8 (EXP3-Part-1-equivalent reproducibility)
============================================================
HC-MARL Training: HAPPO (heterogeneous trust-region PPO; Kuba 2022)
Seed: 2 | Device: cuda | Workers: 6
Total steps: 2,000,000 | Eval every: 50,000
Checkpoint dir: checkpoints/happo/seed_2
============================================================
[Ep  4000 | Step 1,920,000/2,000,000 | 198 sps] R=-9027.0 C=  20 Safe=98.12% SAI=1.000 Jain=1.000 PeakMF=0.563 lam=10.137
[Ep  4150 | Step 1,992,000/2,000,000 | 202 sps] R=-8946.8 C=   4 Safe=99.17% SAI=1.000 Jain=1.000 PeakMF=0.563 lam=10.366
[Ep  4100 | Step 1,968,000/2,000,000 | 194 sps] R=-9026.6 C=  11 Safe=97.92% SAI=1.000 Jain=1.000 PeakMF=0.563 lam=17.582

============================================================
Training complete: 4167 episodes, 2,000,160 steps
Best reward: -8931.7
Wall time: 2.75 hours
Checkpoint: checkpoints/mappo_lag/seed_8/checkpoint_final.pt
============================================================
[29/50] mappo_lag seed=8 DONE
Using device: cuda
2026-05-03 05:33:42 | hcmarl.utils | INFO | HIGH determinism: cudnn.deterministic=True, torch.use_deterministic_algorithms(True), matmul=highest, CUBLAS_WORKSPACE_CONFIG=:4096:8 (EXP3-Part-1-equivalent reproducibility)
2026-05-03 05:33:42 | hcmarl.utils | INFO | HIGH determinism: cudnn.deterministic=True, torch.use_deterministic_algorithms(True), matmul=highest, CUBLAS_WORKSPACE_CONFIG=:4096:8 (EXP3-Part-1-equivalent reproducibility)
============================================================
HC-MARL Training: HAPPO (heterogeneous trust-region PPO; Kuba 2022)
Seed: 3 | Device: cuda | Workers: 6
Total steps: 2,000,000 | Eval every: 50,000
Checkpoint dir: checkpoints/happo/seed_3
============================================================
[Ep  4050 | Step 1,944,000/2,000,000 | 198 sps] R=-8974.4 C=   2 Safe=99.58% SAI=1.000 Jain=1.000 PeakMF=0.563 lam=10.088
[Ep   200 | Step    96,000/2,000,000 | 51 sps] R=-31105.1 C=2215 Safe=20.21% SAI=1.000 Jain=0.986 PeakMF=0.710
[Ep  4150 | Step 1,992,000/2,000,000 | 194 sps] R=-9001.3 C=   6 Safe=98.75% SAI=1.000 Jain=1.000 PeakMF=0.563 lam=17.542
[Ep   150 | Step    72,000/2,000,000 | 52 sps] R=-31570.4 C=2202 Safe=20.21% SAI=1.000 Jain=0.991 PeakMF=0.693

============================================================
Training complete: 4167 episodes, 2,000,160 steps
Best reward: -8970.4
Wall time: 2.87 hours
Checkpoint: checkpoints/mappo_lag/seed_6/checkpoint_final.pt
============================================================
[27/50] mappo_lag seed=6 DONE
Using device: cuda
2026-05-03 05:36:03 | hcmarl.utils | INFO | HIGH determinism: cudnn.deterministic=True, torch.use_deterministic_algorithms(True), matmul=highest, CUBLAS_WORKSPACE_CONFIG=:4096:8 (EXP3-Part-1-equivalent reproducibility)
2026-05-03 05:36:03 | hcmarl.utils | INFO | HIGH determinism: cudnn.deterministic=True, torch.use_deterministic_algorithms(True), matmul=highest, CUBLAS_WORKSPACE_CONFIG=:4096:8 (EXP3-Part-1-equivalent reproducibility)
============================================================
HC-MARL Training: HAPPO (heterogeneous trust-region PPO; Kuba 2022)
Seed: 4 | Device: cuda | Workers: 6
Total steps: 2,000,000 | Eval every: 50,000
Checkpoint dir: checkpoints/happo/seed_4
============================================================
[Ep  4100 | Step 1,968,000/2,000,000 | 198 sps] R=-9052.2 C=  25 Safe=97.08% SAI=1.000 Jain=1.000 PeakMF=0.563 lam=10.049
[Ep  4150 | Step 1,992,000/2,000,000 | 198 sps] R=-9097.3 C=  34 Safe=96.25% SAI=1.000 Jain=1.000 PeakMF=0.563 lam=10.076

============================================================
Training complete: 4167 episodes, 2,000,160 steps
Best reward: -8936.8
Wall time: 2.81 hours
Checkpoint: checkpoints/mappo_lag/seed_9/checkpoint_final.pt
============================================================
[30/50] mappo_lag seed=9 DONE
Using device: cuda
2026-05-03 05:39:32 | hcmarl.utils | INFO | HIGH determinism: cudnn.deterministic=True, torch.use_deterministic_algorithms(True), matmul=highest, CUBLAS_WORKSPACE_CONFIG=:4096:8 (EXP3-Part-1-equivalent reproducibility)
2026-05-03 05:39:32 | hcmarl.utils | INFO | HIGH determinism: cudnn.deterministic=True, torch.use_deterministic_algorithms(True), matmul=highest, CUBLAS_WORKSPACE_CONFIG=:4096:8 (EXP3-Part-1-equivalent reproducibility)
============================================================
HC-MARL Training: HAPPO (heterogeneous trust-region PPO; Kuba 2022)
Seed: 5 | Device: cuda | Workers: 6
Total steps: 2,000,000 | Eval every: 50,000
Checkpoint dir: checkpoints/happo/seed_5
============================================================
[Ep    50 | Step    24,000/2,000,000 | 50 sps] R=-34654.7 C=2260 Safe=19.58% SAI=1.000 Jain=0.999 PeakMF=0.697
[Ep    50 | Step    24,000/2,000,000 | 47 sps] R=-33967.4 C=2281 Safe=18.96% SAI=1.000 Jain=0.992 PeakMF=0.688
[Ep   250 | Step   120,000/2,000,000 | 51 sps] R=-29602.2 C=2213 Safe=19.58% SAI=1.000 Jain=0.978 PeakMF=0.687
[Ep   200 | Step    96,000/2,000,000 | 51 sps] R=-32207.9 C=2246 Safe=18.96% SAI=1.000 Jain=0.989 PeakMF=0.682
[Ep    50 | Step    24,000/2,000,000 | 49 sps] R=-35541.2 C=2268 Safe=18.96% SAI=1.000 Jain=0.998 PeakMF=0.693
[Ep    50 | Step    24,000/2,000,000 | 50 sps] R=-31314.1 C=2142 Safe=20.00% SAI=1.000 Jain=0.980 PeakMF=0.694
[Ep   100 | Step    48,000/2,000,000 | 49 sps] R=-36239.6 C=2286 Safe=19.38% SAI=1.000 Jain=0.996 PeakMF=0.708
[Ep   300 | Step   144,000/2,000,000 | 51 sps] R=-30942.3 C=2240 Safe=20.62% SAI=1.000 Jain=0.992 PeakMF=0.678
[Ep   250 | Step   120,000/2,000,000 | 51 sps] R=-25200.6 C=2065 Safe=20.21% SAI=1.000 Jain=0.986 PeakMF=0.686
[Ep   100 | Step    48,000/2,000,000 | 43 sps] R=-31129.5 C=2200 Safe=18.96% SAI=1.000 Jain=0.982 PeakMF=0.701
[Ep   100 | Step    48,000/2,000,000 | 49 sps] R=-33731.5 C=2278 Safe=18.75% SAI=1.000 Jain=0.993 PeakMF=0.714
[Ep   100 | Step    48,000/2,000,000 | 50 sps] R=-30320.1 C=2151 Safe=20.21% SAI=1.000 Jain=0.987 PeakMF=0.691
[Ep   150 | Step    72,000/2,000,000 | 50 sps] R=-34808.8 C=2275 Safe=19.58% SAI=1.000 Jain=0.997 PeakMF=0.700
[Ep   350 | Step   168,000/2,000,000 | 51 sps] R=-25431.6 C=2092 Safe=20.00% SAI=1.000 Jain=0.967 PeakMF=0.693
[Ep   300 | Step   144,000/2,000,000 | 51 sps] R=-22004.1 C=1826 Safe=18.75% SAI=1.000 Jain=0.970 PeakMF=0.674
[Ep   150 | Step    72,000/2,000,000 | 49 sps] R=-26153.2 C=2170 Safe=19.58% SAI=1.000 Jain=0.984 PeakMF=0.681
[Ep   150 | Step    72,000/2,000,000 | 41 sps] R=-32206.5 C=2254 Safe=19.38% SAI=1.000 Jain=0.986 PeakMF=0.764
[Ep   150 | Step    72,000/2,000,000 | 50 sps] R=-29284.5 C=2163 Safe=19.17% SAI=1.000 Jain=0.981 PeakMF=0.683
[Ep   200 | Step    96,000/2,000,000 | 50 sps] R=-34363.0 C=2280 Safe=19.58% SAI=1.000 Jain=0.995 PeakMF=0.694
[Ep   400 | Step   192,000/2,000,000 | 51 sps] R=-18690.7 C=1389 Safe=20.21% SAI=1.000 Jain=0.959 PeakMF=0.703
[Ep   350 | Step   168,000/2,000,000 | 50 sps] R=-20903.0 C=1559 Safe=19.58% SAI=1.000 Jain=0.959 PeakMF=0.705
[Ep   200 | Step    96,000/2,000,000 | 49 sps] R=-30194.4 C=2202 Safe=18.75% SAI=1.000 Jain=0.995 PeakMF=0.670
[Ep   200 | Step    96,000/2,000,000 | 50 sps] R=-30096.5 C=2161 Safe=19.79% SAI=1.000 Jain=0.978 PeakMF=0.697
[Ep   250 | Step   120,000/2,000,000 | 50 sps] R=-32343.0 C=2268 Safe=18.96% SAI=1.000 Jain=0.989 PeakMF=0.711
[Ep   200 | Step    96,000/2,000,000 | 41 sps] R=-29634.5 C=2098 Safe=19.58% SAI=1.000 Jain=0.975 PeakMF=0.695
[Ep   450 | Step   216,000/2,000,000 | 51 sps] R=-16725.2 C=1083 Safe=19.79% SAI=1.000 Jain=0.964 PeakMF=0.690
[Ep   400 | Step   192,000/2,000,000 | 50 sps] R=-19907.8 C=1333 Safe=19.79% SAI=1.000 Jain=0.967 PeakMF=0.686
[Ep   250 | Step   120,000/2,000,000 | 49 sps] R=-29919.7 C=2248 Safe=19.79% SAI=1.000 Jain=0.993 PeakMF=0.680
[Ep   250 | Step   120,000/2,000,000 | 50 sps] R=-25564.1 C=1990 Safe=19.17% SAI=1.000 Jain=0.971 PeakMF=0.691
[Ep   300 | Step   144,000/2,000,000 | 50 sps] R=-28409.5 C=2066 Safe=20.00% SAI=1.000 Jain=0.971 PeakMF=0.703
[Ep   500 | Step   240,000/2,000,000 | 51 sps] R=-14496.7 C= 574 Safe=20.42% SAI=1.000 Jain=0.936 PeakMF=0.697
[Ep   250 | Step   120,000/2,000,000 | 41 sps] R=-26346.8 C=2070 Safe=20.21% SAI=1.000 Jain=0.970 PeakMF=0.705
[Ep   450 | Step   216,000/2,000,000 | 50 sps] R=-19301.1 C=1127 Safe=19.38% SAI=1.000 Jain=0.935 PeakMF=0.704
[Ep   300 | Step   144,000/2,000,000 | 49 sps] R=-24887.9 C=1837 Safe=19.58% SAI=1.000 Jain=0.965 PeakMF=0.697
[Ep   300 | Step   144,000/2,000,000 | 50 sps] R=-29714.9 C=2218 Safe=19.58% SAI=1.000 Jain=0.992 PeakMF=0.678
[Ep   350 | Step   168,000/2,000,000 | 50 sps] R=-26612.3 C=1955 Safe=19.38% SAI=1.000 Jain=0.969 PeakMF=0.698
[Ep   550 | Step   264,000/2,000,000 | 51 sps] R=-14592.7 C= 691 Safe=18.96% SAI=1.000 Jain=0.946 PeakMF=0.721
[Ep   500 | Step   240,000/2,000,000 | 50 sps] R=-15449.9 C= 816 Safe=19.38% SAI=1.000 Jain=0.965 PeakMF=0.666
[Ep   350 | Step   168,000/2,000,000 | 49 sps] R=-19791.5 C=1435 Safe=19.38% SAI=1.000 Jain=0.955 PeakMF=0.705
[Ep   300 | Step   144,000/2,000,000 | 40 sps] R=-23266.2 C=2017 Safe=19.38% SAI=1.000 Jain=0.978 PeakMF=0.682
[Ep   350 | Step   168,000/2,000,000 | 50 sps] R=-21451.7 C=1694 Safe=20.42% SAI=1.000 Jain=0.979 PeakMF=0.667
[Ep   400 | Step   192,000/2,000,000 | 49 sps] R=-23665.1 C=1624 Safe=19.17% SAI=1.000 Jain=0.954 PeakMF=0.696
[Ep   600 | Step   288,000/2,000,000 | 51 sps] R=-14142.7 C= 704 Safe=19.79% SAI=1.000 Jain=0.970 PeakMF=0.682
[Ep   400 | Step   192,000/2,000,000 | 49 sps] R=-20226.6 C=1398 Safe=19.17% SAI=1.000 Jain=0.949 PeakMF=0.706
[Ep   550 | Step   264,000/2,000,000 | 49 sps] R=-10821.2 C= 378 Safe=41.25% SAI=1.000 Jain=0.998 PeakMF=0.582
[Ep   350 | Step   168,000/2,000,000 | 41 sps] R=-19836.4 C=1605 Safe=19.38% SAI=1.000 Jain=0.966 PeakMF=0.676
[Ep   400 | Step   192,000/2,000,000 | 50 sps] R=-13130.8 C= 880 Safe=34.38% SAI=1.000 Jain=0.997 PeakMF=0.594
[Ep   450 | Step   216,000/2,000,000 | 50 sps] R=-17519.6 C=1294 Safe=19.38% SAI=1.000 Jain=0.951 PeakMF=0.677
[Ep   650 | Step   312,000/2,000,000 | 51 sps] R=-13774.2 C= 828 Safe=21.46% SAI=1.000 Jain=0.990 PeakMF=0.640
[Ep   450 | Step   216,000/2,000,000 | 49 sps] R=-16698.1 C=1073 Safe=19.58% SAI=1.000 Jain=0.944 PeakMF=0.711
[Ep   600 | Step   288,000/2,000,000 | 49 sps] R=-9826.6 C= 192 Safe=67.50% SAI=1.000 Jain=0.995 PeakMF=0.552
[Ep   400 | Step   192,000/2,000,000 | 41 sps] R=-17863.6 C=1416 Safe=19.38% SAI=1.000 Jain=0.960 PeakMF=0.686
[Ep   450 | Step   216,000/2,000,000 | 49 sps] R=-11690.3 C= 569 Safe=41.04% SAI=1.000 Jain=0.999 PeakMF=0.564
[Ep   500 | Step   240,000/2,000,000 | 50 sps] R=-15441.5 C= 821 Safe=18.96% SAI=1.000 Jain=0.963 PeakMF=0.679
[Ep   700 | Step   336,000/2,000,000 | 51 sps] R=-8926.8 C= 197 Safe=63.96% SAI=1.000 Jain=0.995 PeakMF=0.535
[Ep   500 | Step   240,000/2,000,000 | 49 sps] R=-16108.1 C= 976 Safe=20.42% SAI=1.000 Jain=0.966 PeakMF=0.683
[Ep   650 | Step   312,000/2,000,000 | 49 sps] R=-9823.8 C= 212 Safe=68.96% SAI=1.000 Jain=0.994 PeakMF=0.578
[Ep   550 | Step   264,000/2,000,000 | 50 sps] R=-11386.8 C= 472 Safe=46.46% SAI=1.000 Jain=0.999 PeakMF=0.568
[Ep   500 | Step   240,000/2,000,000 | 49 sps] R=-11099.2 C= 422 Safe=41.88% SAI=1.000 Jain=0.999 PeakMF=0.553
[Ep   750 | Step   360,000/2,000,000 | 51 sps] R=-8850.0 C= 280 Safe=51.88% SAI=1.000 Jain=0.997 PeakMF=0.549
[Ep   450 | Step   216,000/2,000,000 | 41 sps] R=-13462.7 C= 963 Safe=19.17% SAI=1.000 Jain=0.995 PeakMF=0.606
[Ep   550 | Step   264,000/2,000,000 | 49 sps] R=-15103.2 C= 849 Safe=19.79% SAI=1.000 Jain=0.953 PeakMF=0.683
[Ep   700 | Step   336,000/2,000,000 | 49 sps] R=-10618.7 C= 415 Safe=43.54% SAI=1.000 Jain=0.992 PeakMF=0.563
[Ep   600 | Step   288,000/2,000,000 | 50 sps] R=-13003.1 C= 656 Safe=20.42% SAI=1.000 Jain=0.982 PeakMF=0.630
[Ep   550 | Step   264,000/2,000,000 | 49 sps] R=-10367.0 C= 301 Safe=48.96% SAI=1.000 Jain=0.997 PeakMF=0.555
[Ep   800 | Step   384,000/2,000,000 | 51 sps] R=-8719.2 C= 224 Safe=61.88% SAI=1.000 Jain=0.995 PeakMF=0.568
[Ep   500 | Step   240,000/2,000,000 | 40 sps] R=-11396.7 C= 534 Safe=33.54% SAI=1.000 Jain=0.999 PeakMF=0.605
[Ep   600 | Step   288,000/2,000,000 | 49 sps] R=-13687.5 C= 476 Safe=20.42% SAI=1.000 Jain=0.945 PeakMF=0.679
[Ep   750 | Step   360,000/2,000,000 | 49 sps] R=-9799.6 C= 304 Safe=53.96% SAI=1.000 Jain=0.985 PeakMF=0.575
[Ep   650 | Step   312,000/2,000,000 | 50 sps] R=-14013.9 C= 898 Safe=21.88% SAI=1.000 Jain=0.971 PeakMF=0.616
[Ep   600 | Step   288,000/2,000,000 | 49 sps] R=-10613.8 C= 499 Safe=28.96% SAI=1.000 Jain=0.991 PeakMF=0.571
[Ep   850 | Step   408,000/2,000,000 | 51 sps] R=-8927.1 C= 322 Safe=51.67% SAI=1.000 Jain=0.995 PeakMF=0.546
[Ep   650 | Step   312,000/2,000,000 | 50 sps] R=-14411.2 C= 714 Safe=20.21% SAI=1.000 Jain=0.961 PeakMF=0.703
[Ep   550 | Step   264,000/2,000,000 | 41 sps] R=-12614.9 C= 865 Safe=25.83% SAI=1.000 Jain=0.994 PeakMF=0.586
[Ep   800 | Step   384,000/2,000,000 | 48 sps] R=-11085.2 C= 599 Safe=30.83% SAI=1.000 Jain=0.982 PeakMF=0.563
[Ep   650 | Step   312,000/2,000,000 | 49 sps] R=-13238.9 C= 561 Safe=21.46% SAI=1.000 Jain=0.968 PeakMF=0.667
[Ep   900 | Step   432,000/2,000,000 | 51 sps] R=-9233.0 C= 451 Safe=47.71% SAI=1.000 Jain=0.998 PeakMF=0.525
[Ep   700 | Step   336,000/2,000,000 | 49 sps] R=-12748.8 C= 768 Safe=20.83% SAI=1.000 Jain=0.988 PeakMF=0.576
[Ep   700 | Step   336,000/2,000,000 | 50 sps] R=-13161.9 C= 473 Safe=19.79% SAI=1.000 Jain=0.957 PeakMF=0.691
[Ep   600 | Step   288,000/2,000,000 | 41 sps] R=-12756.6 C= 706 Safe=20.00% SAI=1.000 Jain=0.983 PeakMF=0.596
[Ep   700 | Step   336,000/2,000,000 | 50 sps] R=-12933.4 C= 849 Safe=21.04% SAI=1.000 Jain=0.976 PeakMF=0.629
[Ep   950 | Step   456,000/2,000,000 | 51 sps] R=-8065.4 C= 231 Safe=68.33% SAI=1.000 Jain=1.000 PeakMF=0.516
[Ep   850 | Step   408,000/2,000,000 | 48 sps] R=-10030.8 C= 412 Safe=44.79% SAI=1.000 Jain=0.985 PeakMF=0.588
[Ep   750 | Step   360,000/2,000,000 | 48 sps] R=-12089.5 C= 665 Safe=22.92% SAI=1.000 Jain=0.987 PeakMF=0.620
[Ep   750 | Step   360,000/2,000,000 | 50 sps] R=-13312.4 C= 586 Safe=20.42% SAI=1.000 Jain=0.970 PeakMF=0.671
[Ep   650 | Step   312,000/2,000,000 | 42 sps] R=-12463.0 C= 752 Safe=19.38% SAI=1.000 Jain=0.983 PeakMF=0.605
[Ep   750 | Step   360,000/2,000,000 | 50 sps] R=-12011.8 C= 548 Safe=20.00% SAI=1.000 Jain=0.977 PeakMF=0.649
[Ep  1000 | Step   480,000/2,000,000 | 51 sps] R=-8242.9 C= 279 Safe=60.62% SAI=1.000 Jain=1.000 PeakMF=0.515
[Ep   900 | Step   432,000/2,000,000 | 47 sps] R=-9860.7 C= 402 Safe=47.92% SAI=1.000 Jain=0.985 PeakMF=0.562
[Ep   800 | Step   384,000/2,000,000 | 48 sps] R=-10528.0 C= 419 Safe=48.12% SAI=1.000 Jain=0.994 PeakMF=0.580
[Ep   800 | Step   384,000/2,000,000 | 50 sps] R=-8893.9 C= 172 Safe=73.33% SAI=1.000 Jain=0.988 PeakMF=0.568
[Ep   700 | Step   336,000/2,000,000 | 42 sps] R=-11447.0 C= 518 Safe=19.17% SAI=1.000 Jain=0.981 PeakMF=0.629
[Ep   800 | Step   384,000/2,000,000 | 50 sps] R=-11400.3 C= 442 Safe=20.00% SAI=1.000 Jain=0.979 PeakMF=0.629
[Ep  1050 | Step   504,000/2,000,000 | 51 sps] R=-7384.7 C=  92 Safe=83.75% SAI=1.000 Jain=1.000 PeakMF=0.540
[Ep   850 | Step   408,000/2,000,000 | 48 sps] R=-9990.0 C= 303 Safe=55.21% SAI=1.000 Jain=0.992 PeakMF=0.574
[Ep   850 | Step   408,000/2,000,000 | 50 sps] R=-9467.1 C= 348 Safe=53.75% SAI=1.000 Jain=0.989 PeakMF=0.557
[Ep   750 | Step   360,000/2,000,000 | 43 sps] R=-12166.2 C= 731 Safe=18.96% SAI=1.000 Jain=0.984 PeakMF=0.589
[Ep   950 | Step   456,000/2,000,000 | 47 sps] R=-9835.4 C= 386 Safe=48.54% SAI=1.000 Jain=0.982 PeakMF=0.563
[Ep   850 | Step   408,000/2,000,000 | 50 sps] R=-10963.2 C= 445 Safe=20.21% SAI=1.000 Jain=0.980 PeakMF=0.617
[Ep  1100 | Step   528,000/2,000,000 | 51 sps] R=-8923.3 C= 434 Safe=50.42% SAI=1.000 Jain=1.000 PeakMF=0.515
[Ep   900 | Step   432,000/2,000,000 | 50 sps] R=-9921.6 C= 468 Safe=31.04% SAI=1.000 Jain=0.986 PeakMF=0.557
[Ep   900 | Step   432,000/2,000,000 | 48 sps] R=-10833.2 C= 495 Safe=45.42% SAI=1.000 Jain=0.992 PeakMF=0.551
[Ep   800 | Step   384,000/2,000,000 | 43 sps] R=-11739.5 C= 558 Safe=18.54% SAI=1.000 Jain=0.982 PeakMF=0.650
[Ep   900 | Step   432,000/2,000,000 | 50 sps] R=-10255.0 C= 517 Safe=19.17% SAI=1.000 Jain=0.987 PeakMF=0.617
[Ep  1000 | Step   480,000/2,000,000 | 46 sps] R=-8773.5 C= 190 Safe=69.38% SAI=1.000 Jain=0.983 PeakMF=0.570
[Ep  1150 | Step   552,000/2,000,000 | 51 sps] R=-8133.5 C= 297 Safe=57.50% SAI=1.000 Jain=1.000 PeakMF=0.506
[Ep   950 | Step   456,000/2,000,000 | 50 sps] R=-8870.6 C= 254 Safe=67.29% SAI=1.000 Jain=0.986 PeakMF=0.570
[Ep   850 | Step   408,000/2,000,000 | 44 sps] R=-11214.7 C= 627 Safe=18.75% SAI=1.000 Jain=0.988 PeakMF=0.592
[Ep   950 | Step   456,000/2,000,000 | 48 sps] R=-9465.1 C= 245 Safe=63.33% SAI=1.000 Jain=0.990 PeakMF=0.542
[Ep   950 | Step   456,000/2,000,000 | 50 sps] R=-10310.1 C= 592 Safe=22.71% SAI=1.000 Jain=0.986 PeakMF=0.608
[Ep  1200 | Step   576,000/2,000,000 | 51 sps] R=-7715.5 C= 226 Safe=67.08% SAI=1.000 Jain=1.000 PeakMF=0.512
[Ep  1050 | Step   504,000/2,000,000 | 46 sps] R=-9247.6 C= 269 Safe=55.21% SAI=1.000 Jain=0.983 PeakMF=0.559
[Ep  1000 | Step   480,000/2,000,000 | 50 sps] R=-8937.0 C= 242 Safe=65.00% SAI=1.000 Jain=0.987 PeakMF=0.570
[Ep   900 | Step   432,000/2,000,000 | 44 sps] R=-10675.5 C= 531 Safe=18.75% SAI=1.000 Jain=0.988 PeakMF=0.605
[Ep  1000 | Step   480,000/2,000,000 | 50 sps] R=-8922.9 C= 203 Safe=65.00% SAI=1.000 Jain=0.988 PeakMF=0.567
[Ep  1000 | Step   480,000/2,000,000 | 47 sps] R=-9493.0 C= 296 Safe=51.04% SAI=1.000 Jain=0.991 PeakMF=0.563
[Ep  1250 | Step   600,000/2,000,000 | 51 sps] R=-8740.5 C= 450 Safe=45.62% SAI=1.000 Jain=1.000 PeakMF=0.529
[Ep  1050 | Step   504,000/2,000,000 | 50 sps] R=-8084.4 C=  69 Safe=86.25% SAI=1.000 Jain=0.988 PeakMF=0.570
[Ep  1100 | Step   528,000/2,000,000 | 46 sps] R=-9473.6 C= 308 Safe=48.75% SAI=1.000 Jain=0.984 PeakMF=0.563
[Ep   950 | Step   456,000/2,000,000 | 44 sps] R=-11078.8 C= 565 Safe=19.17% SAI=1.000 Jain=0.982 PeakMF=0.655
[Ep  1050 | Step   504,000/2,000,000 | 50 sps] R=-9176.9 C= 282 Safe=58.33% SAI=1.000 Jain=0.987 PeakMF=0.569
[Ep  1300 | Step   624,000/2,000,000 | 51 sps] R=-8807.4 C= 454 Safe=39.38% SAI=1.000 Jain=1.000 PeakMF=0.533
[Ep  1050 | Step   504,000/2,000,000 | 47 sps] R=-9708.0 C= 395 Safe=42.50% SAI=1.000 Jain=0.989 PeakMF=0.565
[Ep  1100 | Step   528,000/2,000,000 | 50 sps] R=-8615.4 C= 217 Safe=65.00% SAI=1.000 Jain=0.986 PeakMF=0.563
[Ep  1000 | Step   480,000/2,000,000 | 44 sps] R=-10922.1 C= 576 Safe=18.96% SAI=1.000 Jain=0.986 PeakMF=0.601
[Ep  1150 | Step   552,000/2,000,000 | 45 sps] R=-9492.8 C= 338 Safe=53.96% SAI=1.000 Jain=0.985 PeakMF=0.551
[Ep  1100 | Step   528,000/2,000,000 | 50 sps] R=-8311.8 C= 134 Safe=75.00% SAI=1.000 Jain=0.987 PeakMF=0.558
[Ep  1100 | Step   528,000/2,000,000 | 47 sps] R=-10017.9 C= 520 Safe=33.75% SAI=1.000 Jain=0.991 PeakMF=0.572
[Ep  1350 | Step   648,000/2,000,000 | 50 sps] R=-9260.2 C= 570 Safe=40.42% SAI=1.000 Jain=1.000 PeakMF=0.508
[Ep  1150 | Step   552,000/2,000,000 | 50 sps] R=-8021.0 C=  82 Safe=83.75% SAI=1.000 Jain=0.988 PeakMF=0.566
[Ep  1050 | Step   504,000/2,000,000 | 44 sps] R=-11593.6 C= 664 Safe=18.54% SAI=1.000 Jain=0.984 PeakMF=0.626
[Ep  1200 | Step   576,000/2,000,000 | 46 sps] R=-9114.9 C= 273 Safe=60.21% SAI=1.000 Jain=0.981 PeakMF=0.570
[Ep  1150 | Step   552,000/2,000,000 | 50 sps] R=-9156.6 C= 332 Safe=56.04% SAI=1.000 Jain=0.986 PeakMF=0.574
[Ep  1150 | Step   552,000/2,000,000 | 47 sps] R=-8596.7 C= 246 Safe=61.88% SAI=1.000 Jain=0.989 PeakMF=0.563
[Ep  1400 | Step   672,000/2,000,000 | 50 sps] R=-8989.2 C= 524 Safe=32.50% SAI=1.000 Jain=1.000 PeakMF=0.519
[Ep  1200 | Step   576,000/2,000,000 | 50 sps] R=-9084.4 C= 338 Safe=54.79% SAI=1.000 Jain=0.985 PeakMF=0.563
[Ep  1250 | Step   600,000/2,000,000 | 46 sps] R=-9094.9 C= 272 Safe=56.67% SAI=1.000 Jain=0.981 PeakMF=0.570
[Ep  1100 | Step   528,000/2,000,000 | 44 sps] R=-11388.4 C= 581 Safe=18.75% SAI=1.000 Jain=0.983 PeakMF=0.639
[Ep  1200 | Step   576,000/2,000,000 | 49 sps] R=-9435.1 C= 390 Safe=44.38% SAI=1.000 Jain=0.986 PeakMF=0.563
[Ep  1200 | Step   576,000/2,000,000 | 47 sps] R=-9019.9 C= 330 Safe=46.46% SAI=1.000 Jain=0.989 PeakMF=0.560
[Ep  1450 | Step   696,000/2,000,000 | 50 sps] R=-7982.0 C= 296 Safe=46.67% SAI=1.000 Jain=1.000 PeakMF=0.520
[Ep  1250 | Step   600,000/2,000,000 | 50 sps] R=-8112.4 C= 105 Safe=80.00% SAI=1.000 Jain=0.987 PeakMF=0.563
[Ep  1300 | Step   624,000/2,000,000 | 46 sps] R=-10629.6 C= 591 Safe=31.87% SAI=1.000 Jain=0.979 PeakMF=0.570
[Ep  1250 | Step   600,000/2,000,000 | 48 sps] R=-10443.5 C= 676 Safe=48.12% SAI=1.000 Jain=0.986 PeakMF=0.552
[Ep  1150 | Step   552,000/2,000,000 | 44 sps] R=-10787.7 C= 525 Safe=19.58% SAI=1.000 Jain=0.984 PeakMF=0.619
[Ep  1500 | Step   720,000/2,000,000 | 50 sps] R=-8499.5 C= 409 Safe=46.88% SAI=1.000 Jain=1.000 PeakMF=0.516
[Ep  1300 | Step   624,000/2,000,000 | 50 sps] R=-7992.5 C= 105 Safe=80.21% SAI=1.000 Jain=0.987 PeakMF=0.563
[Ep  1250 | Step   600,000/2,000,000 | 49 sps] R=-9475.9 C= 434 Safe=44.79% SAI=1.000 Jain=0.983 PeakMF=0.559
[Ep  1350 | Step   648,000/2,000,000 | 46 sps] R=-9369.5 C= 325 Safe=49.17% SAI=1.000 Jain=0.982 PeakMF=0.563
[Ep  1300 | Step   624,000/2,000,000 | 48 sps] R=-9640.9 C= 507 Safe=32.71% SAI=1.000 Jain=0.986 PeakMF=0.563
[Ep  1550 | Step   744,000/2,000,000 | 50 sps] R=-10079.0 C= 790 Safe=44.58% SAI=1.000 Jain=0.998 PeakMF=0.545
[Ep  1350 | Step   648,000/2,000,000 | 50 sps] R=-9912.5 C= 541 Safe=44.38% SAI=1.000 Jain=0.983 PeakMF=0.563
[Ep  1200 | Step   576,000/2,000,000 | 44 sps] R=-11361.6 C= 634 Safe=20.00% SAI=1.000 Jain=0.982 PeakMF=0.637
[Ep  1300 | Step   624,000/2,000,000 | 49 sps] R=-9426.1 C= 404 Safe=43.33% SAI=1.000 Jain=0.986 PeakMF=0.569
[Ep  1400 | Step   672,000/2,000,000 | 46 sps] R=-8625.8 C= 168 Safe=73.96% SAI=1.000 Jain=0.982 PeakMF=0.563
[Ep  1350 | Step   648,000/2,000,000 | 48 sps] R=-8958.5 C= 313 Safe=52.71% SAI=1.000 Jain=0.989 PeakMF=0.563
[Ep  1600 | Step   768,000/2,000,000 | 50 sps] R=-12046.7 C=1209 Safe=31.25% SAI=1.000 Jain=0.998 PeakMF=0.576
[Ep  1250 | Step   600,000/2,000,000 | 44 sps] R=-11586.3 C= 713 Safe=20.00% SAI=1.000 Jain=0.980 PeakMF=0.660
[Ep  1400 | Step   672,000/2,000,000 | 50 sps] R=-8033.7 C= 124 Safe=76.88% SAI=1.000 Jain=0.985 PeakMF=0.563
[Ep  1350 | Step   648,000/2,000,000 | 48 sps] R=-10288.3 C= 624 Safe=42.29% SAI=1.000 Jain=0.981 PeakMF=0.570
[Ep  1450 | Step   696,000/2,000,000 | 46 sps] R=-9211.1 C= 294 Safe=45.42% SAI=1.000 Jain=0.977 PeakMF=0.570
[Ep  1400 | Step   672,000/2,000,000 | 48 sps] R=-9252.5 C= 365 Safe=39.17% SAI=1.000 Jain=0.983 PeakMF=0.563
[Ep  1650 | Step   792,000/2,000,000 | 50 sps] R=-9821.2 C= 758 Safe=31.46% SAI=1.000 Jain=0.998 PeakMF=0.579
[Ep  1300 | Step   624,000/2,000,000 | 44 sps] R=-11737.2 C= 728 Safe=18.75% SAI=1.000 Jain=0.979 PeakMF=0.657
[Ep  1500 | Step   720,000/2,000,000 | 46 sps] R=-9326.5 C= 326 Safe=44.79% SAI=1.000 Jain=0.978 PeakMF=0.576
[Ep  1400 | Step   672,000/2,000,000 | 48 sps] R=-9386.0 C= 420 Safe=40.00% SAI=1.000 Jain=0.982 PeakMF=0.569
[Ep  1450 | Step   696,000/2,000,000 | 49 sps] R=-8334.3 C= 203 Safe=64.58% SAI=1.000 Jain=0.984 PeakMF=0.563
[Ep  1450 | Step   696,000/2,000,000 | 48 sps] R=-9264.2 C= 426 Safe=41.67% SAI=1.000 Jain=0.983 PeakMF=0.563
[Ep  1350 | Step   648,000/2,000,000 | 44 sps] R=-11129.9 C= 547 Safe=20.00% SAI=1.000 Jain=0.978 PeakMF=0.665
[Ep  1700 | Step   816,000/2,000,000 | 50 sps] R=-9864.6 C= 793 Safe=38.75% SAI=1.000 Jain=0.997 PeakMF=0.574
[Ep  1550 | Step   744,000/2,000,000 | 47 sps] R=-9362.4 C= 326 Safe=49.79% SAI=1.000 Jain=0.980 PeakMF=0.563
[Ep  1450 | Step   696,000/2,000,000 | 48 sps] R=-9699.2 C= 497 Safe=46.88% SAI=1.000 Jain=0.980 PeakMF=0.570
[Ep  1500 | Step   720,000/2,000,000 | 48 sps] R=-8899.7 C= 342 Safe=48.54% SAI=1.000 Jain=0.982 PeakMF=0.563
[Ep  1500 | Step   720,000/2,000,000 | 49 sps] R=-9037.4 C= 308 Safe=49.17% SAI=1.000 Jain=0.982 PeakMF=0.563
[Ep  1400 | Step   672,000/2,000,000 | 45 sps] R=-11165.9 C= 613 Safe=21.04% SAI=1.000 Jain=0.979 PeakMF=0.665
[Ep  1750 | Step   840,000/2,000,000 | 50 sps] R=-12419.1 C=1309 Safe=41.67% SAI=1.000 Jain=0.998 PeakMF=0.581
[Ep  1600 | Step   768,000/2,000,000 | 47 sps] R=-8124.8 C=  54 Safe=88.75% SAI=1.000 Jain=0.983 PeakMF=0.570
[Ep  1500 | Step   720,000/2,000,000 | 48 sps] R=-9832.9 C= 552 Safe=46.46% SAI=1.000 Jain=0.979 PeakMF=0.568
[Ep  1550 | Step   744,000/2,000,000 | 48 sps] R=-9982.0 C= 550 Safe=31.87% SAI=1.000 Jain=0.980 PeakMF=0.579
[Ep  1550 | Step   744,000/2,000,000 | 48 sps] R=-10687.2 C= 689 Safe=31.87% SAI=1.000 Jain=0.979 PeakMF=0.563
[Ep  1450 | Step   696,000/2,000,000 | 45 sps] R=-11003.5 C= 534 Safe=19.58% SAI=1.000 Jain=0.978 PeakMF=0.669
[Ep  1650 | Step   792,000/2,000,000 | 47 sps] R=-8998.4 C= 259 Safe=52.50% SAI=1.000 Jain=0.980 PeakMF=0.570
[Ep  1550 | Step   744,000/2,000,000 | 49 sps] R=-10542.4 C= 700 Safe=42.29% SAI=1.000 Jain=0.978 PeakMF=0.570
[Ep  1800 | Step   864,000/2,000,000 | 49 sps] R=-11915.4 C=1241 Safe=38.12% SAI=1.000 Jain=0.996 PeakMF=0.582
[Ep  1600 | Step   768,000/2,000,000 | 48 sps] R=-10175.9 C= 591 Safe=28.75% SAI=1.000 Jain=0.979 PeakMF=0.574
[Ep  1500 | Step   720,000/2,000,000 | 45 sps] R=-12022.2 C= 736 Safe=19.17% SAI=1.000 Jain=0.981 PeakMF=0.670
[Ep  1600 | Step   768,000/2,000,000 | 48 sps] R=-10671.1 C= 683 Safe=26.25% SAI=1.000 Jain=0.980 PeakMF=0.563
[Ep  1700 | Step   816,000/2,000,000 | 47 sps] R=-10649.3 C= 604 Safe=43.96% SAI=1.000 Jain=0.976 PeakMF=0.563
[Ep  1600 | Step   768,000/2,000,000 | 49 sps] R=-10993.2 C= 829 Safe=45.21% SAI=1.000 Jain=0.978 PeakMF=0.568
[Ep  1850 | Step   888,000/2,000,000 | 49 sps] R=-11977.2 C=1296 Safe=41.04% SAI=1.000 Jain=0.997 PeakMF=0.582
[Ep  1650 | Step   792,000/2,000,000 | 48 sps] R=-10328.0 C= 592 Safe=28.96% SAI=1.000 Jain=0.972 PeakMF=0.588
[Ep  1550 | Step   744,000/2,000,000 | 45 sps] R=-11898.7 C= 730 Safe=20.21% SAI=1.000 Jain=0.983 PeakMF=0.668
[Ep  1750 | Step   840,000/2,000,000 | 47 sps] R=-9668.2 C= 423 Safe=41.04% SAI=1.000 Jain=0.976 PeakMF=0.563
[Ep  1650 | Step   792,000/2,000,000 | 49 sps] R=-10773.8 C= 725 Safe=48.33% SAI=1.000 Jain=0.976 PeakMF=0.566
[Ep  1650 | Step   792,000/2,000,000 | 48 sps] R=-11006.8 C= 838 Safe=42.92% SAI=1.000 Jain=0.978 PeakMF=0.563
[Ep  1700 | Step   816,000/2,000,000 | 48 sps] R=-10083.0 C= 600 Safe=30.83% SAI=1.000 Jain=0.974 PeakMF=0.587
[Ep  1900 | Step   912,000/2,000,000 | 49 sps] R=-11114.3 C=1078 Safe=41.04% SAI=1.000 Jain=0.996 PeakMF=0.583
[Ep  1600 | Step   768,000/2,000,000 | 45 sps] R=-12392.0 C= 931 Safe=19.58% SAI=1.000 Jain=0.985 PeakMF=0.664
[Ep  1800 | Step   864,000/2,000,000 | 47 sps] R=-9749.0 C= 457 Safe=44.38% SAI=1.000 Jain=0.974 PeakMF=0.563
[Ep  1700 | Step   816,000/2,000,000 | 49 sps] R=-10615.4 C= 770 Safe=39.17% SAI=1.000 Jain=0.977 PeakMF=0.566
[Ep  1700 | Step   816,000/2,000,000 | 48 sps] R=-10878.3 C= 844 Safe=42.08% SAI=1.000 Jain=0.973 PeakMF=0.579
[Ep  1750 | Step   840,000/2,000,000 | 48 sps] R=-10782.9 C= 689 Safe=29.58% SAI=1.000 Jain=0.969 PeakMF=0.598
[Ep  1950 | Step   936,000/2,000,000 | 49 sps] R=-12248.0 C=1370 Safe=41.67% SAI=1.000 Jain=0.997 PeakMF=0.582
[Ep  1650 | Step   792,000/2,000,000 | 45 sps] R=-12829.1 C=1048 Safe=19.58% SAI=1.000 Jain=0.985 PeakMF=0.653
[Ep  1850 | Step   888,000/2,000,000 | 47 sps] R=-9815.5 C= 460 Safe=38.54% SAI=1.000 Jain=0.975 PeakMF=0.563
[Ep  1750 | Step   840,000/2,000,000 | 49 sps] R=-10232.2 C= 695 Safe=46.04% SAI=1.000 Jain=0.976 PeakMF=0.568
[Ep  1800 | Step   864,000/2,000,000 | 48 sps] R=-11360.0 C= 919 Safe=31.87% SAI=1.000 Jain=0.969 PeakMF=0.596
[Ep  1750 | Step   840,000/2,000,000 | 48 sps] R=-10626.5 C= 765 Safe=38.54% SAI=1.000 Jain=0.973 PeakMF=0.581
[Ep  1700 | Step   816,000/2,000,000 | 46 sps] R=-12817.2 C=1038 Safe=19.79% SAI=1.000 Jain=0.984 PeakMF=0.663
[Ep  2000 | Step   960,000/2,000,000 | 48 sps] R=-11726.6 C=1273 Safe=43.12% SAI=1.000 Jain=0.997 PeakMF=0.578
[Ep  1900 | Step   912,000/2,000,000 | 47 sps] R=-10196.9 C= 525 Safe=38.96% SAI=1.000 Jain=0.973 PeakMF=0.574
[Ep  1800 | Step   864,000/2,000,000 | 49 sps] R=-11388.2 C= 952 Safe=47.08% SAI=1.000 Jain=0.974 PeakMF=0.575
[Ep  1850 | Step   888,000/2,000,000 | 48 sps] R=-11287.7 C= 855 Safe=30.42% SAI=1.000 Jain=0.969 PeakMF=0.601
[Ep  1800 | Step   864,000/2,000,000 | 48 sps] R=-10105.6 C= 683 Safe=53.54% SAI=1.000 Jain=0.975 PeakMF=0.563
[Ep  1750 | Step   840,000/2,000,000 | 46 sps] R=-12750.3 C=1001 Safe=20.83% SAI=1.000 Jain=0.986 PeakMF=0.665
[Ep  2050 | Step   984,000/2,000,000 | 48 sps] R=-12017.5 C=1317 Safe=36.88% SAI=1.000 Jain=0.997 PeakMF=0.585
[Ep  1850 | Step   888,000/2,000,000 | 49 sps] R=-11116.2 C= 932 Safe=48.96% SAI=1.000 Jain=0.973 PeakMF=0.572
[Ep  1950 | Step   936,000/2,000,000 | 47 sps] R=-10230.0 C= 550 Safe=37.50% SAI=1.000 Jain=0.972 PeakMF=0.572
[Ep  1900 | Step   912,000/2,000,000 | 48 sps] R=-9996.7 C= 670 Safe=31.04% SAI=1.000 Jain=0.970 PeakMF=0.595
[Ep  1850 | Step   888,000/2,000,000 | 47 sps] R=-10984.0 C= 876 Safe=46.67% SAI=1.000 Jain=0.973 PeakMF=0.570
[Ep  1800 | Step   864,000/2,000,000 | 46 sps] R=-11347.5 C= 741 Safe=21.04% SAI=1.000 Jain=0.986 PeakMF=0.635
[Ep  2100 | Step 1,008,000/2,000,000 | 48 sps] R=-10864.0 C=1081 Safe=38.75% SAI=1.000 Jain=0.997 PeakMF=0.579
[Ep  1900 | Step   912,000/2,000,000 | 49 sps] R=-11134.3 C= 922 Safe=46.67% SAI=1.000 Jain=0.975 PeakMF=0.569
[Ep  2000 | Step   960,000/2,000,000 | 47 sps] R=-9048.2 C= 307 Safe=43.54% SAI=1.000 Jain=0.974 PeakMF=0.572
[Ep  1950 | Step   936,000/2,000,000 | 48 sps] R=-10685.3 C= 805 Safe=31.87% SAI=1.000 Jain=0.970 PeakMF=0.590
[Ep  1900 | Step   912,000/2,000,000 | 47 sps] R=-11262.5 C= 916 Safe=41.46% SAI=1.000 Jain=0.971 PeakMF=0.581
[Ep  2150 | Step 1,032,000/2,000,000 | 48 sps] R=-13327.2 C=1543 Safe=27.29% SAI=1.000 Jain=0.998 PeakMF=0.581
[Ep  1850 | Step   888,000/2,000,000 | 46 sps] R=-12511.9 C= 993 Safe=20.21% SAI=1.000 Jain=0.987 PeakMF=0.629
[Ep  1950 | Step   936,000/2,000,000 | 49 sps] R=-11035.8 C= 903 Safe=47.71% SAI=1.000 Jain=0.974 PeakMF=0.570
[Ep  2050 | Step   984,000/2,000,000 | 47 sps] R=-9795.4 C= 467 Safe=48.96% SAI=1.000 Jain=0.974 PeakMF=0.563
[Ep  2000 | Step   960,000/2,000,000 | 48 sps] R=-10087.7 C= 686 Safe=30.63% SAI=1.000 Jain=0.970 PeakMF=0.596
[Ep  1950 | Step   936,000/2,000,000 | 47 sps] R=-10544.2 C= 793 Safe=40.62% SAI=1.000 Jain=0.973 PeakMF=0.574
[Ep  2200 | Step 1,056,000/2,000,000 | 48 sps] R=-11594.9 C=1264 Safe=38.75% SAI=1.000 Jain=0.997 PeakMF=0.579
[Ep  2100 | Step 1,008,000/2,000,000 | 47 sps] R=-9664.6 C= 493 Safe=46.67% SAI=1.000 Jain=0.968 PeakMF=0.571
[Ep  1900 | Step   912,000/2,000,000 | 45 sps] R=-12742.0 C=1053 Safe=19.38% SAI=1.000 Jain=0.988 PeakMF=0.635
[Ep  2000 | Step   960,000/2,000,000 | 49 sps] R=-11257.9 C= 936 Safe=41.88% SAI=1.000 Jain=0.974 PeakMF=0.572
[Ep  2050 | Step   984,000/2,000,000 | 49 sps] R=-12081.8 C=1073 Safe=30.63% SAI=1.000 Jain=0.966 PeakMF=0.595
[Ep  2000 | Step   960,000/2,000,000 | 47 sps] R=-11886.3 C=1034 Safe=38.54% SAI=1.000 Jain=0.972 PeakMF=0.592
[Ep  2250 | Step 1,080,000/2,000,000 | 49 sps] R=-11426.0 C=1251 Safe=37.50% SAI=1.000 Jain=0.998 PeakMF=0.576
[Ep  2150 | Step 1,032,000/2,000,000 | 47 sps] R=-10124.9 C= 549 Safe=34.38% SAI=1.000 Jain=0.968 PeakMF=0.572
[Ep  1950 | Step   936,000/2,000,000 | 45 sps] R=-13377.4 C=1200 Safe=18.96% SAI=1.000 Jain=0.988 PeakMF=0.653
[Ep  2050 | Step   984,000/2,000,000 | 48 sps] R=-11223.4 C= 934 Safe=45.83% SAI=1.000 Jain=0.974 PeakMF=0.567
[Ep  2100 | Step 1,008,000/2,000,000 | 48 sps] R=-11126.3 C= 960 Safe=31.87% SAI=1.000 Jain=0.967 PeakMF=0.593
[Ep  2050 | Step   984,000/2,000,000 | 47 sps] R=-12251.8 C=1040 Safe=37.08% SAI=1.000 Jain=0.970 PeakMF=0.592
[Ep  2300 | Step 1,104,000/2,000,000 | 49 sps] R=-12711.8 C=1538 Safe=25.21% SAI=1.000 Jain=0.999 PeakMF=0.576
[Ep  2200 | Step 1,056,000/2,000,000 | 47 sps] R=-9933.9 C= 530 Safe=42.29% SAI=1.000 Jain=0.967 PeakMF=0.579
[Ep  2000 | Step   960,000/2,000,000 | 45 sps] R=-13445.7 C=1172 Safe=19.17% SAI=1.000 Jain=0.988 PeakMF=0.649
[Ep  2100 | Step 1,008,000/2,000,000 | 48 sps] R=-11303.7 C= 956 Safe=44.79% SAI=1.000 Jain=0.974 PeakMF=0.570
[Ep  2150 | Step 1,032,000/2,000,000 | 48 sps] R=-11228.2 C= 952 Safe=31.46% SAI=1.000 Jain=0.967 PeakMF=0.594
[Ep  2100 | Step 1,008,000/2,000,000 | 47 sps] R=-11190.2 C= 979 Safe=40.83% SAI=1.000 Jain=0.971 PeakMF=0.577
[Ep  2350 | Step 1,128,000/2,000,000 | 49 sps] R=-12471.2 C=1499 Safe=41.67% SAI=1.000 Jain=1.000 PeakMF=0.584
[Ep  2250 | Step 1,080,000/2,000,000 | 48 sps] R=-9863.5 C= 518 Safe=45.00% SAI=1.000 Jain=0.968 PeakMF=0.578
[Ep  2050 | Step   984,000/2,000,000 | 46 sps] R=-13129.6 C=1167 Safe=19.79% SAI=1.000 Jain=0.988 PeakMF=0.663
[Ep  2150 | Step 1,032,000/2,000,000 | 48 sps] R=-11080.7 C= 907 Safe=49.38% SAI=1.000 Jain=0.974 PeakMF=0.574
[Ep  2150 | Step 1,032,000/2,000,000 | 47 sps] R=-11260.6 C= 999 Safe=43.75% SAI=1.000 Jain=0.971 PeakMF=0.577
[Ep  2400 | Step 1,152,000/2,000,000 | 49 sps] R=-12300.7 C=1441 Safe=39.58% SAI=1.000 Jain=1.000 PeakMF=0.582
[Ep  2200 | Step 1,056,000/2,000,000 | 48 sps] R=-11117.9 C= 954 Safe=31.87% SAI=1.000 Jain=0.967 PeakMF=0.594
[Ep  2300 | Step 1,104,000/2,000,000 | 48 sps] R=-9875.2 C= 526 Safe=40.42% SAI=1.000 Jain=0.966 PeakMF=0.584
[Ep  2100 | Step 1,008,000/2,000,000 | 46 sps] R=-11868.0 C= 976 Safe=18.96% SAI=1.000 Jain=0.987 PeakMF=0.669
[Ep  2200 | Step 1,056,000/2,000,000 | 48 sps] R=-11128.1 C= 944 Safe=45.21% SAI=1.000 Jain=0.973 PeakMF=0.572
[Ep  2200 | Step 1,056,000/2,000,000 | 48 sps] R=-11608.9 C=1066 Safe=23.33% SAI=1.000 Jain=0.970 PeakMF=0.580
[Ep  2350 | Step 1,128,000/2,000,000 | 48 sps] R=-9881.0 C= 528 Safe=41.67% SAI=1.000 Jain=0.966 PeakMF=0.581
[Ep  2450 | Step 1,176,000/2,000,000 | 49 sps] R=-12267.4 C=1442 Safe=27.71% SAI=1.000 Jain=1.000 PeakMF=0.583
[Ep  2250 | Step 1,080,000/2,000,000 | 48 sps] R=-11103.9 C= 947 Safe=31.25% SAI=1.000 Jain=0.967 PeakMF=0.593
[Ep  2150 | Step 1,032,000/2,000,000 | 46 sps] R=-13929.7 C=1346 Safe=18.54% SAI=1.000 Jain=0.989 PeakMF=0.660
[Ep  2250 | Step 1,080,000/2,000,000 | 48 sps] R=-11093.4 C= 930 Safe=47.92% SAI=1.000 Jain=0.973 PeakMF=0.570
[Ep  2250 | Step 1,080,000/2,000,000 | 48 sps] R=-11303.9 C= 954 Safe=41.25% SAI=1.000 Jain=0.971 PeakMF=0.577
[Ep  2400 | Step 1,152,000/2,000,000 | 48 sps] R=-9841.3 C= 529 Safe=35.21% SAI=1.000 Jain=0.968 PeakMF=0.577
[Ep  2300 | Step 1,104,000/2,000,000 | 48 sps] R=-11136.1 C= 955 Safe=29.38% SAI=1.000 Jain=0.968 PeakMF=0.592
[Ep  2500 | Step 1,200,000/2,000,000 | 48 sps] R=-12111.5 C=1424 Safe=43.12% SAI=1.000 Jain=1.000 PeakMF=0.580
[Ep  2200 | Step 1,056,000/2,000,000 | 46 sps] R=-12143.4 C= 948 Safe=19.38% SAI=1.000 Jain=0.987 PeakMF=0.661
[Ep  2300 | Step 1,104,000/2,000,000 | 48 sps] R=-11228.4 C= 946 Safe=45.21% SAI=1.000 Jain=0.973 PeakMF=0.573
[Ep  2300 | Step 1,104,000/2,000,000 | 48 sps] R=-10962.2 C= 920 Safe=40.62% SAI=1.000 Jain=0.971 PeakMF=0.585
[Ep  2450 | Step 1,176,000/2,000,000 | 48 sps] R=-9522.1 C= 459 Safe=50.83% SAI=1.000 Jain=0.969 PeakMF=0.572
[Ep  2350 | Step 1,128,000/2,000,000 | 48 sps] R=-11130.8 C= 957 Safe=31.87% SAI=1.000 Jain=0.968 PeakMF=0.592
[Ep  2550 | Step 1,224,000/2,000,000 | 48 sps] R=-12537.5 C=1495 Safe=41.46% SAI=1.000 Jain=1.000 PeakMF=0.583
[Ep  2250 | Step 1,080,000/2,000,000 | 46 sps] R=-13318.8 C=1188 Safe=20.21% SAI=1.000 Jain=0.987 PeakMF=0.626
[Ep  2350 | Step 1,128,000/2,000,000 | 48 sps] R=-11023.0 C= 928 Safe=47.08% SAI=1.000 Jain=0.974 PeakMF=0.571
[Ep  2350 | Step 1,128,000/2,000,000 | 48 sps] R=-11625.6 C=1037 Safe=35.83% SAI=1.000 Jain=0.969 PeakMF=0.585
[Ep  2500 | Step 1,200,000/2,000,000 | 48 sps] R=-9590.6 C= 481 Safe=47.08% SAI=1.000 Jain=0.970 PeakMF=0.567
[Ep  2400 | Step 1,152,000/2,000,000 | 48 sps] R=-11101.5 C= 950 Safe=31.04% SAI=1.000 Jain=0.967 PeakMF=0.593
[Ep  2600 | Step 1,248,000/2,000,000 | 48 sps] R=-12768.8 C=1552 Safe=35.00% SAI=1.000 Jain=1.000 PeakMF=0.589
[Ep  2400 | Step 1,152,000/2,000,000 | 48 sps] R=-10944.8 C= 909 Safe=49.17% SAI=1.000 Jain=0.973 PeakMF=0.570
[Ep  2300 | Step 1,104,000/2,000,000 | 46 sps] R=-12904.9 C=1131 Safe=20.62% SAI=1.000 Jain=0.986 PeakMF=0.638
[Ep  2550 | Step 1,224,000/2,000,000 | 48 sps] R=-9680.7 C= 504 Safe=43.12% SAI=1.000 Jain=0.968 PeakMF=0.575
[Ep  2450 | Step 1,176,000/2,000,000 | 48 sps] R=-11380.7 C=1003 Safe=28.75% SAI=1.000 Jain=0.968 PeakMF=0.594
[Ep  2400 | Step 1,152,000/2,000,000 | 48 sps] R=-11515.7 C=1060 Safe=37.50% SAI=1.000 Jain=0.970 PeakMF=0.587
[Ep  2650 | Step 1,272,000/2,000,000 | 48 sps] R=-12975.2 C=1613 Safe=30.00% SAI=1.000 Jain=0.999 PeakMF=0.593
[Ep  2450 | Step 1,176,000/2,000,000 | 48 sps] R=-11215.9 C= 942 Safe=46.67% SAI=1.000 Jain=0.973 PeakMF=0.572
[Ep  2600 | Step 1,248,000/2,000,000 | 48 sps] R=-9861.1 C= 545 Safe=41.46% SAI=1.000 Jain=0.968 PeakMF=0.576
[Ep  2500 | Step 1,200,000/2,000,000 | 48 sps] R=-10947.1 C= 915 Safe=31.67% SAI=1.000 Jain=0.967 PeakMF=0.595
[Ep  2350 | Step 1,128,000/2,000,000 | 45 sps] R=-13349.1 C=1190 Safe=25.21% SAI=1.000 Jain=0.981 PeakMF=0.677
[Ep  2450 | Step 1,176,000/2,000,000 | 47 sps] R=-11520.0 C=1056 Safe=35.83% SAI=1.000 Jain=0.969 PeakMF=0.587
[Ep  2700 | Step 1,296,000/2,000,000 | 48 sps] R=-13111.3 C=1644 Safe=30.83% SAI=1.000 Jain=1.000 PeakMF=0.584
[Ep  2500 | Step 1,200,000/2,000,000 | 48 sps] R=-10967.9 C= 923 Safe=47.92% SAI=1.000 Jain=0.974 PeakMF=0.570
[Ep  2650 | Step 1,272,000/2,000,000 | 48 sps] R=-9858.5 C= 522 Safe=43.96% SAI=1.000 Jain=0.968 PeakMF=0.572
[Ep  2550 | Step 1,224,000/2,000,000 | 48 sps] R=-10937.2 C= 926 Safe=31.46% SAI=1.000 Jain=0.967 PeakMF=0.591
[Ep  2400 | Step 1,152,000/2,000,000 | 45 sps] R=-13207.0 C=1206 Safe=25.21% SAI=1.000 Jain=0.981 PeakMF=0.670
[Ep  2750 | Step 1,320,000/2,000,000 | 48 sps] R=-13199.8 C=1663 Safe=28.75% SAI=1.000 Jain=1.000 PeakMF=0.586
[Ep  2500 | Step 1,200,000/2,000,000 | 47 sps] R=-11486.9 C=1033 Safe=32.71% SAI=1.000 Jain=0.969 PeakMF=0.588
[Ep  2550 | Step 1,224,000/2,000,000 | 48 sps] R=-11299.7 C= 952 Safe=46.04% SAI=1.000 Jain=0.973 PeakMF=0.573
[Ep  2700 | Step 1,296,000/2,000,000 | 48 sps] R=-9986.3 C= 570 Safe=31.67% SAI=1.000 Jain=0.966 PeakMF=0.578
[Ep  2600 | Step 1,248,000/2,000,000 | 48 sps] R=-10999.9 C= 924 Safe=31.67% SAI=1.000 Jain=0.967 PeakMF=0.599
[Ep  2450 | Step 1,176,000/2,000,000 | 45 sps] R=-12739.8 C=1088 Safe=25.21% SAI=1.000 Jain=0.978 PeakMF=0.675
[Ep  2800 | Step 1,344,000/2,000,000 | 48 sps] R=-13558.1 C=1716 Safe=27.92% SAI=1.000 Jain=0.999 PeakMF=0.601
[Ep  2600 | Step 1,248,000/2,000,000 | 48 sps] R=-11084.3 C= 930 Safe=48.96% SAI=1.000 Jain=0.973 PeakMF=0.571
[Ep  2550 | Step 1,224,000/2,000,000 | 47 sps] R=-11855.8 C=1117 Safe=30.21% SAI=1.000 Jain=0.968 PeakMF=0.595
[Ep  2750 | Step 1,320,000/2,000,000 | 48 sps] R=-10371.5 C= 597 Safe=31.87% SAI=1.000 Jain=0.965 PeakMF=0.597
[Ep  2650 | Step 1,272,000/2,000,000 | 48 sps] R=-11057.0 C= 906 Safe=31.46% SAI=1.000 Jain=0.967 PeakMF=0.593
[Ep  2850 | Step 1,368,000/2,000,000 | 48 sps] R=-13339.4 C=1731 Safe=22.50% SAI=1.000 Jain=0.999 PeakMF=0.592
[Ep  2500 | Step 1,200,000/2,000,000 | 45 sps] R=-12979.2 C=1160 Safe=22.29% SAI=1.000 Jain=0.979 PeakMF=0.679
[Ep  2800 | Step 1,344,000/2,000,000 | 48 sps] R=-10067.2 C= 578 Safe=31.04% SAI=1.000 Jain=0.964 PeakMF=0.594
[Ep  2650 | Step 1,272,000/2,000,000 | 48 sps] R=-11265.4 C= 950 Safe=45.83% SAI=1.000 Jain=0.973 PeakMF=0.571
[Ep  2700 | Step 1,296,000/2,000,000 | 48 sps] R=-10853.6 C= 868 Safe=31.87% SAI=1.000 Jain=0.968 PeakMF=0.597
[Ep  2600 | Step 1,248,000/2,000,000 | 47 sps] R=-11609.1 C=1040 Safe=31.25% SAI=1.000 Jain=0.968 PeakMF=0.592
[Ep  2550 | Step 1,224,000/2,000,000 | 45 sps] R=-13823.3 C=1308 Safe=24.17% SAI=1.000 Jain=0.980 PeakMF=0.665
[Ep  2900 | Step 1,392,000/2,000,000 | 48 sps] R=-13384.9 C=1695 Safe=25.00% SAI=1.000 Jain=0.999 PeakMF=0.595
[Ep  2850 | Step 1,368,000/2,000,000 | 48 sps] R=-10000.7 C= 582 Safe=30.00% SAI=1.000 Jain=0.964 PeakMF=0.594
[Ep  2750 | Step 1,320,000/2,000,000 | 48 sps] R=-10855.1 C= 903 Safe=31.04% SAI=1.000 Jain=0.967 PeakMF=0.595
[Ep  2700 | Step 1,296,000/2,000,000 | 48 sps] R=-10928.7 C= 912 Safe=48.33% SAI=1.000 Jain=0.974 PeakMF=0.567
[Ep  2650 | Step 1,272,000/2,000,000 | 47 sps] R=-11406.0 C=1037 Safe=31.04% SAI=1.000 Jain=0.969 PeakMF=0.597
[Ep  2600 | Step 1,248,000/2,000,000 | 45 sps] R=-13562.3 C=1304 Safe=24.17% SAI=1.000 Jain=0.982 PeakMF=0.680
[Ep  2950 | Step 1,416,000/2,000,000 | 48 sps] R=-13155.5 C=1672 Safe=29.79% SAI=1.000 Jain=0.999 PeakMF=0.597
[Ep  2900 | Step 1,392,000/2,000,000 | 48 sps] R=-10015.0 C= 582 Safe=31.87% SAI=1.000 Jain=0.963 PeakMF=0.596
[Ep  2800 | Step 1,344,000/2,000,000 | 48 sps] R=-11008.6 C= 929 Safe=31.46% SAI=1.000 Jain=0.967 PeakMF=0.593
[Ep  2750 | Step 1,320,000/2,000,000 | 48 sps] R=-10982.0 C= 915 Safe=48.96% SAI=1.000 Jain=0.973 PeakMF=0.571
[Ep  2700 | Step 1,296,000/2,000,000 | 47 sps] R=-11171.8 C=1002 Safe=32.08% SAI=1.000 Jain=0.969 PeakMF=0.587
[Ep  2650 | Step 1,272,000/2,000,000 | 46 sps] R=-12624.3 C=1096 Safe=23.33% SAI=1.000 Jain=0.979 PeakMF=0.666
[Ep  3000 | Step 1,440,000/2,000,000 | 48 sps] R=-13373.6 C=1703 Safe=26.67% SAI=1.000 Jain=0.999 PeakMF=0.594
[Ep  2950 | Step 1,416,000/2,000,000 | 48 sps] R=-10319.2 C= 633 Safe=31.67% SAI=1.000 Jain=0.963 PeakMF=0.592
[Ep  2850 | Step 1,368,000/2,000,000 | 48 sps] R=-10976.0 C= 941 Safe=31.87% SAI=1.000 Jain=0.967 PeakMF=0.594
[Ep  2800 | Step 1,344,000/2,000,000 | 48 sps] R=-11321.8 C= 933 Safe=48.33% SAI=1.000 Jain=0.973 PeakMF=0.570
[Ep  2700 | Step 1,296,000/2,000,000 | 46 sps] R=-12976.8 C=1207 Safe=25.21% SAI=1.000 Jain=0.979 PeakMF=0.671
[Ep  2750 | Step 1,320,000/2,000,000 | 47 sps] R=-11429.3 C=1045 Safe=31.87% SAI=1.000 Jain=0.968 PeakMF=0.593
[Ep  3050 | Step 1,464,000/2,000,000 | 48 sps] R=-13607.1 C=1733 Safe=25.83% SAI=1.000 Jain=0.999 PeakMF=0.598
[Ep  3000 | Step 1,440,000/2,000,000 | 48 sps] R=-10391.0 C= 654 Safe=31.87% SAI=1.000 Jain=0.964 PeakMF=0.596
[Ep  2900 | Step 1,392,000/2,000,000 | 48 sps] R=-11241.4 C= 982 Safe=31.87% SAI=1.000 Jain=0.967 PeakMF=0.596
[Ep  2850 | Step 1,368,000/2,000,000 | 48 sps] R=-11139.1 C= 933 Safe=47.92% SAI=1.000 Jain=0.973 PeakMF=0.571
[Ep  2750 | Step 1,320,000/2,000,000 | 46 sps] R=-13207.8 C=1112 Safe=22.29% SAI=1.000 Jain=0.977 PeakMF=0.680
[Ep  2800 | Step 1,344,000/2,000,000 | 47 sps] R=-12104.1 C=1142 Safe=31.46% SAI=1.000 Jain=0.967 PeakMF=0.590
[Ep  2950 | Step 1,416,000/2,000,000 | 48 sps] R=-11182.8 C= 992 Safe=31.87% SAI=1.000 Jain=0.967 PeakMF=0.592
[Ep  3050 | Step 1,464,000/2,000,000 | 48 sps] R=-10082.9 C= 573 Safe=30.21% SAI=1.000 Jain=0.964 PeakMF=0.591
[Ep  3100 | Step 1,488,000/2,000,000 | 48 sps] R=-13075.5 C=1656 Safe=31.04% SAI=1.000 Jain=0.999 PeakMF=0.595
[Ep  2900 | Step 1,392,000/2,000,000 | 48 sps] R=-11151.1 C= 933 Safe=47.29% SAI=1.000 Jain=0.973 PeakMF=0.571
[Ep  2800 | Step 1,344,000/2,000,000 | 46 sps] R=-12195.6 C=1005 Safe=25.21% SAI=1.000 Jain=0.980 PeakMF=0.677
[Ep  2850 | Step 1,368,000/2,000,000 | 47 sps] R=-11943.6 C=1150 Safe=31.67% SAI=1.000 Jain=0.967 PeakMF=0.597
[Ep  3000 | Step 1,440,000/2,000,000 | 49 sps] R=-11343.5 C= 997 Safe=31.04% SAI=1.000 Jain=0.967 PeakMF=0.596
[Ep  3100 | Step 1,488,000/2,000,000 | 48 sps] R=-10249.5 C= 624 Safe=31.25% SAI=1.000 Jain=0.964 PeakMF=0.595
[Ep  2950 | Step 1,416,000/2,000,000 | 48 sps] R=-11318.6 C= 946 Safe=45.42% SAI=1.000 Jain=0.973 PeakMF=0.571
[Ep  3150 | Step 1,512,000/2,000,000 | 48 sps] R=-13611.6 C=1728 Safe=30.42% SAI=1.000 Jain=0.999 PeakMF=0.597
[Ep  2850 | Step 1,368,000/2,000,000 | 46 sps] R=-11951.8 C= 939 Safe=25.21% SAI=1.000 Jain=0.980 PeakMF=0.673
[Ep  2900 | Step 1,392,000/2,000,000 | 47 sps] R=-12149.0 C=1176 Safe=31.87% SAI=1.000 Jain=0.967 PeakMF=0.596
[Ep  3050 | Step 1,464,000/2,000,000 | 49 sps] R=-11127.7 C= 934 Safe=31.87% SAI=1.000 Jain=0.967 PeakMF=0.597
[Ep  3000 | Step 1,440,000/2,000,000 | 48 sps] R=-10937.2 C= 914 Safe=50.21% SAI=1.000 Jain=0.973 PeakMF=0.570
[Ep  3150 | Step 1,512,000/2,000,000 | 48 sps] R=-10057.4 C= 587 Safe=31.25% SAI=1.000 Jain=0.964 PeakMF=0.594
[Ep  2950 | Step 1,416,000/2,000,000 | 47 sps] R=-12058.4 C=1186 Safe=31.87% SAI=1.000 Jain=0.966 PeakMF=0.593
[Ep  2900 | Step 1,392,000/2,000,000 | 46 sps] R=-12983.4 C=1180 Safe=25.21% SAI=1.000 Jain=0.981 PeakMF=0.677
[Ep  3200 | Step 1,536,000/2,000,000 | 48 sps] R=-13503.9 C=1695 Safe=30.63% SAI=1.000 Jain=0.999 PeakMF=0.597
[Ep  3100 | Step 1,488,000/2,000,000 | 48 sps] R=-11024.1 C= 955 Safe=31.46% SAI=1.000 Jain=0.967 PeakMF=0.592
[Ep  3050 | Step 1,464,000/2,000,000 | 48 sps] R=-11086.7 C= 915 Safe=50.00% SAI=1.000 Jain=0.973 PeakMF=0.570
[Ep  3000 | Step 1,440,000/2,000,000 | 47 sps] R=-12129.8 C=1198 Safe=31.67% SAI=1.000 Jain=0.966 PeakMF=0.597
[Ep  2950 | Step 1,416,000/2,000,000 | 46 sps] R=-12412.5 C=1054 Safe=25.21% SAI=1.000 Jain=0.979 PeakMF=0.670
[Ep  3250 | Step 1,560,000/2,000,000 | 48 sps] R=-13287.2 C=1713 Safe=30.21% SAI=1.000 Jain=0.999 PeakMF=0.594
[Ep  3200 | Step 1,536,000/2,000,000 | 48 sps] R=-10035.1 C= 564 Safe=31.87% SAI=1.000 Jain=0.964 PeakMF=0.597
[Ep  3150 | Step 1,512,000/2,000,000 | 48 sps] R=-11164.2 C= 971 Safe=31.87% SAI=1.000 Jain=0.967 PeakMF=0.594
[Ep  3100 | Step 1,488,000/2,000,000 | 48 sps] R=-11046.0 C= 929 Safe=49.38% SAI=1.000 Jain=0.973 PeakMF=0.571
[Ep  3050 | Step 1,464,000/2,000,000 | 47 sps] R=-12442.4 C=1218 Safe=31.67% SAI=1.000 Jain=0.966 PeakMF=0.595
[Ep  3000 | Step 1,440,000/2,000,000 | 46 sps] R=-12823.7 C=1134 Safe=25.21% SAI=1.000 Jain=0.980 PeakMF=0.675
[Ep  3300 | Step 1,584,000/2,000,000 | 48 sps] R=-13391.2 C=1683 Safe=27.92% SAI=1.000 Jain=0.999 PeakMF=0.596
[Ep  3250 | Step 1,560,000/2,000,000 | 48 sps] R=-10049.9 C= 591 Safe=30.83% SAI=1.000 Jain=0.965 PeakMF=0.583
[Ep  3200 | Step 1,536,000/2,000,000 | 48 sps] R=-11188.4 C= 957 Safe=31.87% SAI=1.000 Jain=0.966 PeakMF=0.598
[Ep  3150 | Step 1,512,000/2,000,000 | 48 sps] R=-10927.2 C= 909 Safe=50.21% SAI=1.000 Jain=0.974 PeakMF=0.569
[Ep  3100 | Step 1,488,000/2,000,000 | 47 sps] R=-12345.8 C=1213 Safe=31.67% SAI=1.000 Jain=0.966 PeakMF=0.599
[Ep  3050 | Step 1,464,000/2,000,000 | 46 sps] R=-13297.4 C=1251 Safe=25.21% SAI=1.000 Jain=0.981 PeakMF=0.688
[Ep  3350 | Step 1,608,000/2,000,000 | 48 sps] R=-13287.4 C=1632 Safe=30.63% SAI=1.000 Jain=0.999 PeakMF=0.596
[Ep  3300 | Step 1,584,000/2,000,000 | 48 sps] R=-9952.5 C= 574 Safe=31.67% SAI=1.000 Jain=0.965 PeakMF=0.594
[Ep  3250 | Step 1,560,000/2,000,000 | 49 sps] R=-11068.1 C= 957 Safe=31.87% SAI=1.000 Jain=0.967 PeakMF=0.595
[Ep  3200 | Step 1,536,000/2,000,000 | 48 sps] R=-11155.6 C= 932 Safe=46.46% SAI=1.000 Jain=0.973 PeakMF=0.569
[Ep  3150 | Step 1,512,000/2,000,000 | 47 sps] R=-12412.2 C=1231 Safe=30.42% SAI=1.000 Jain=0.966 PeakMF=0.598
[Ep  3100 | Step 1,488,000/2,000,000 | 46 sps] R=-12671.0 C=1136 Safe=25.00% SAI=1.000 Jain=0.980 PeakMF=0.672
[Ep  3300 | Step 1,584,000/2,000,000 | 49 sps] R=-11022.3 C= 953 Safe=31.67% SAI=1.000 Jain=0.967 PeakMF=0.595
[Ep  3400 | Step 1,632,000/2,000,000 | 47 sps] R=-13019.7 C=1663 Safe=31.67% SAI=1.000 Jain=0.999 PeakMF=0.593
[Ep  3350 | Step 1,608,000/2,000,000 | 47 sps] R=-9937.3 C= 578 Safe=31.87% SAI=1.000 Jain=0.964 PeakMF=0.592
[Ep  3250 | Step 1,560,000/2,000,000 | 48 sps] R=-11205.1 C= 935 Safe=45.62% SAI=1.000 Jain=0.974 PeakMF=0.571
[Ep  3200 | Step 1,536,000/2,000,000 | 47 sps] R=-12441.4 C=1220 Safe=31.87% SAI=1.000 Jain=0.965 PeakMF=0.595
[Ep  3150 | Step 1,512,000/2,000,000 | 46 sps] R=-14111.9 C=1255 Safe=25.21% SAI=1.000 Jain=0.979 PeakMF=0.667
[Ep  3350 | Step 1,608,000/2,000,000 | 49 sps] R=-11282.2 C= 976 Safe=31.87% SAI=1.000 Jain=0.966 PeakMF=0.594
[Ep  3300 | Step 1,584,000/2,000,000 | 48 sps] R=-11139.0 C= 928 Safe=46.67% SAI=1.000 Jain=0.974 PeakMF=0.570
[Ep  3450 | Step 1,656,000/2,000,000 | 47 sps] R=-13141.3 C=1664 Safe=30.42% SAI=1.000 Jain=0.999 PeakMF=0.593
[Ep  3400 | Step 1,632,000/2,000,000 | 47 sps] R=-10120.4 C= 570 Safe=31.87% SAI=1.000 Jain=0.964 PeakMF=0.597
[Ep  3250 | Step 1,560,000/2,000,000 | 47 sps] R=-12252.3 C=1218 Safe=31.67% SAI=1.000 Jain=0.966 PeakMF=0.594
[Ep  3200 | Step 1,536,000/2,000,000 | 46 sps] R=-13550.7 C=1319 Safe=25.00% SAI=1.000 Jain=0.982 PeakMF=0.689
[Ep  3400 | Step 1,632,000/2,000,000 | 49 sps] R=-11780.5 C= 991 Safe=31.87% SAI=1.000 Jain=0.966 PeakMF=0.595
[Ep  3350 | Step 1,608,000/2,000,000 | 48 sps] R=-11142.6 C= 924 Safe=48.12% SAI=1.000 Jain=0.974 PeakMF=0.569
[Ep  3500 | Step 1,680,000/2,000,000 | 47 sps] R=-13450.1 C=1745 Safe=30.21% SAI=1.000 Jain=0.999 PeakMF=0.593
[Ep  3250 | Step 1,560,000/2,000,000 | 46 sps] R=-12674.4 C=1072 Safe=24.58% SAI=1.000 Jain=0.979 PeakMF=0.672
[Ep  3450 | Step 1,656,000/2,000,000 | 47 sps] R=-10107.0 C= 605 Safe=31.46% SAI=1.000 Jain=0.965 PeakMF=0.589
[Ep  3300 | Step 1,584,000/2,000,000 | 47 sps] R=-12178.4 C=1214 Safe=31.46% SAI=1.000 Jain=0.966 PeakMF=0.593
[Ep  3450 | Step 1,656,000/2,000,000 | 49 sps] R=-11220.2 C= 994 Safe=31.87% SAI=1.000 Jain=0.966 PeakMF=0.593
[Ep  3400 | Step 1,632,000/2,000,000 | 48 sps] R=-11034.1 C= 915 Safe=50.00% SAI=1.000 Jain=0.974 PeakMF=0.570
[Ep  3550 | Step 1,704,000/2,000,000 | 47 sps] R=-13532.3 C=1701 Safe=31.46% SAI=1.000 Jain=0.999 PeakMF=0.594
[Ep  3300 | Step 1,584,000/2,000,000 | 46 sps] R=-12268.5 C=1063 Safe=25.21% SAI=1.000 Jain=0.980 PeakMF=0.697
[Ep  3500 | Step 1,680,000/2,000,000 | 47 sps] R=-10120.1 C= 595 Safe=31.67% SAI=1.000 Jain=0.964 PeakMF=0.596
[Ep  3350 | Step 1,608,000/2,000,000 | 47 sps] R=-12254.1 C=1233 Safe=31.46% SAI=1.000 Jain=0.966 PeakMF=0.597
[Ep  3500 | Step 1,680,000/2,000,000 | 49 sps] R=-11393.9 C= 986 Safe=31.87% SAI=1.000 Jain=0.965 PeakMF=0.597
[Ep  3450 | Step 1,656,000/2,000,000 | 48 sps] R=-11157.7 C= 928 Safe=48.12% SAI=1.000 Jain=0.974 PeakMF=0.571
[Ep  3600 | Step 1,728,000/2,000,000 | 47 sps] R=-13663.9 C=1718 Safe=31.25% SAI=1.000 Jain=0.999 PeakMF=0.595
[Ep  3350 | Step 1,608,000/2,000,000 | 46 sps] R=-12654.3 C=1148 Safe=23.12% SAI=1.000 Jain=0.980 PeakMF=0.678
[Ep  3550 | Step 1,704,000/2,000,000 | 47 sps] R=-10093.8 C= 575 Safe=30.42% SAI=1.000 Jain=0.963 PeakMF=0.598
[Ep  3550 | Step 1,704,000/2,000,000 | 49 sps] R=-11761.7 C=1040 Safe=24.17% SAI=1.000 Jain=0.966 PeakMF=0.598
[Ep  3400 | Step 1,632,000/2,000,000 | 47 sps] R=-12274.3 C=1213 Safe=31.46% SAI=1.000 Jain=0.965 PeakMF=0.597
[Ep  3650 | Step 1,752,000/2,000,000 | 47 sps] R=-13640.7 C=1741 Safe=30.00% SAI=1.000 Jain=0.999 PeakMF=0.597
[Ep  3500 | Step 1,680,000/2,000,000 | 48 sps] R=-11075.4 C= 930 Safe=47.50% SAI=1.000 Jain=0.974 PeakMF=0.569
[Ep  3400 | Step 1,632,000/2,000,000 | 46 sps] R=-13072.5 C=1227 Safe=25.21% SAI=1.000 Jain=0.981 PeakMF=0.671
[Ep  3600 | Step 1,728,000/2,000,000 | 47 sps] R=-10226.8 C= 582 Safe=29.79% SAI=1.000 Jain=0.964 PeakMF=0.598
[Ep  3600 | Step 1,728,000/2,000,000 | 49 sps] R=-12443.5 C=1203 Safe=31.87% SAI=1.000 Jain=0.965 PeakMF=0.599
[Ep  3450 | Step 1,656,000/2,000,000 | 47 sps] R=-12218.0 C=1210 Safe=31.25% SAI=1.000 Jain=0.966 PeakMF=0.591
[Ep  3700 | Step 1,776,000/2,000,000 | 48 sps] R=-13576.3 C=1756 Safe=30.83% SAI=1.000 Jain=0.999 PeakMF=0.598
[Ep  3450 | Step 1,656,000/2,000,000 | 46 sps] R=-12578.0 C=1121 Safe=25.21% SAI=1.000 Jain=0.980 PeakMF=0.683
[Ep  3550 | Step 1,704,000/2,000,000 | 48 sps] R=-10938.2 C= 922 Safe=48.96% SAI=1.000 Jain=0.973 PeakMF=0.572
[Ep  3650 | Step 1,752,000/2,000,000 | 47 sps] R=-10185.8 C= 597 Safe=31.46% SAI=1.000 Jain=0.964 PeakMF=0.595
[Ep  3650 | Step 1,752,000/2,000,000 | 49 sps] R=-12584.3 C=1321 Safe=31.87% SAI=1.000 Jain=0.964 PeakMF=0.596
[Ep  3500 | Step 1,680,000/2,000,000 | 47 sps] R=-12164.9 C=1206 Safe=31.87% SAI=1.000 Jain=0.965 PeakMF=0.593
[Ep  3750 | Step 1,800,000/2,000,000 | 48 sps] R=-13786.0 C=1764 Safe=31.87% SAI=1.000 Jain=0.999 PeakMF=0.597
[Ep  3500 | Step 1,680,000/2,000,000 | 46 sps] R=-12839.8 C=1190 Safe=25.21% SAI=1.000 Jain=0.981 PeakMF=0.668
[Ep  3600 | Step 1,728,000/2,000,000 | 48 sps] R=-11077.7 C= 934 Safe=44.17% SAI=1.000 Jain=0.974 PeakMF=0.568
[Ep  3700 | Step 1,776,000/2,000,000 | 49 sps] R=-12428.0 C=1299 Safe=31.87% SAI=1.000 Jain=0.965 PeakMF=0.594
[Ep  3550 | Step 1,704,000/2,000,000 | 47 sps] R=-12212.3 C=1213 Safe=31.67% SAI=1.000 Jain=0.966 PeakMF=0.593
[Ep  3700 | Step 1,776,000/2,000,000 | 47 sps] R=-9957.1 C= 564 Safe=31.25% SAI=1.000 Jain=0.964 PeakMF=0.591
[Ep  3800 | Step 1,824,000/2,000,000 | 48 sps] R=-13800.6 C=1784 Safe=29.17% SAI=1.000 Jain=0.999 PeakMF=0.596
[Ep  3550 | Step 1,704,000/2,000,000 | 47 sps] R=-12590.2 C=1133 Safe=25.21% SAI=1.000 Jain=0.980 PeakMF=0.673
[Ep  3750 | Step 1,800,000/2,000,000 | 49 sps] R=-12622.0 C=1313 Safe=31.87% SAI=1.000 Jain=0.964 PeakMF=0.592
[Ep  3600 | Step 1,728,000/2,000,000 | 47 sps] R=-12208.0 C=1212 Safe=31.46% SAI=1.000 Jain=0.966 PeakMF=0.596
[Ep  3650 | Step 1,752,000/2,000,000 | 48 sps] R=-10912.7 C= 912 Safe=50.42% SAI=1.000 Jain=0.974 PeakMF=0.570
[Ep  3750 | Step 1,800,000/2,000,000 | 47 sps] R=-10057.1 C= 588 Safe=31.04% SAI=1.000 Jain=0.965 PeakMF=0.591
[Ep  3850 | Step 1,848,000/2,000,000 | 48 sps] R=-13737.3 C=1778 Safe=29.17% SAI=1.000 Jain=0.999 PeakMF=0.596
[Ep  3600 | Step 1,728,000/2,000,000 | 47 sps] R=-13139.1 C=1271 Safe=25.21% SAI=1.000 Jain=0.985 PeakMF=0.689
[Ep  3800 | Step 1,824,000/2,000,000 | 49 sps] R=-12615.2 C=1324 Safe=31.87% SAI=1.000 Jain=0.964 PeakMF=0.596
[Ep  3650 | Step 1,752,000/2,000,000 | 47 sps] R=-12164.0 C=1213 Safe=31.25% SAI=1.000 Jain=0.966 PeakMF=0.592
[Ep  3900 | Step 1,872,000/2,000,000 | 48 sps] R=-13755.7 C=1786 Safe=28.75% SAI=1.000 Jain=0.999 PeakMF=0.596
[Ep  3800 | Step 1,824,000/2,000,000 | 47 sps] R=-10110.6 C= 613 Safe=31.25% SAI=1.000 Jain=0.965 PeakMF=0.593
[Ep  3700 | Step 1,776,000/2,000,000 | 48 sps] R=-10969.6 C= 912 Safe=51.46% SAI=1.000 Jain=0.973 PeakMF=0.569
[Ep  3650 | Step 1,752,000/2,000,000 | 47 sps] R=-12335.7 C=1074 Safe=25.21% SAI=1.000 Jain=0.979 PeakMF=0.683
[Ep  3850 | Step 1,848,000/2,000,000 | 49 sps] R=-12690.8 C=1339 Safe=30.63% SAI=1.000 Jain=0.964 PeakMF=0.593
[Ep  3700 | Step 1,776,000/2,000,000 | 47 sps] R=-12236.1 C=1219 Safe=31.67% SAI=1.000 Jain=0.966 PeakMF=0.592
[Ep  3950 | Step 1,896,000/2,000,000 | 48 sps] R=-13647.1 C=1760 Safe=31.04% SAI=1.000 Jain=0.999 PeakMF=0.597
[Ep  3850 | Step 1,848,000/2,000,000 | 47 sps] R=-9993.6 C= 561 Safe=30.83% SAI=1.000 Jain=0.964 PeakMF=0.595
[Ep  3750 | Step 1,800,000/2,000,000 | 48 sps] R=-10820.6 C= 896 Safe=50.83% SAI=1.000 Jain=0.974 PeakMF=0.568
[Ep  3700 | Step 1,776,000/2,000,000 | 47 sps] R=-12322.2 C=1067 Safe=25.21% SAI=1.000 Jain=0.980 PeakMF=0.674
[Ep  3900 | Step 1,872,000/2,000,000 | 49 sps] R=-12676.4 C=1319 Safe=31.67% SAI=1.000 Jain=0.964 PeakMF=0.595
[Ep  3750 | Step 1,800,000/2,000,000 | 47 sps] R=-12303.1 C=1216 Safe=31.46% SAI=1.000 Jain=0.966 PeakMF=0.594
[Ep  4000 | Step 1,920,000/2,000,000 | 48 sps] R=-13566.9 C=1767 Safe=29.38% SAI=1.000 Jain=0.999 PeakMF=0.596
[Ep  3900 | Step 1,872,000/2,000,000 | 47 sps] R=-10291.8 C= 647 Safe=31.25% SAI=1.000 Jain=0.964 PeakMF=0.592
[Ep  3800 | Step 1,824,000/2,000,000 | 48 sps] R=-10941.8 C= 916 Safe=49.58% SAI=1.000 Jain=0.974 PeakMF=0.568
[Ep  3950 | Step 1,896,000/2,000,000 | 49 sps] R=-12639.9 C=1313 Safe=31.67% SAI=1.000 Jain=0.964 PeakMF=0.595
[Ep  3750 | Step 1,800,000/2,000,000 | 46 sps] R=-13668.8 C=1310 Safe=25.21% SAI=1.000 Jain=0.981 PeakMF=0.671
[Ep  3800 | Step 1,824,000/2,000,000 | 47 sps] R=-12158.1 C=1207 Safe=31.87% SAI=1.000 Jain=0.966 PeakMF=0.595
[Ep  4050 | Step 1,944,000/2,000,000 | 48 sps] R=-13472.3 C=1765 Safe=31.04% SAI=1.000 Jain=0.999 PeakMF=0.594
[Ep  3950 | Step 1,896,000/2,000,000 | 47 sps] R=-10358.2 C= 659 Safe=30.21% SAI=1.000 Jain=0.964 PeakMF=0.594
[Ep  3850 | Step 1,848,000/2,000,000 | 47 sps] R=-12060.3 C=1215 Safe=31.67% SAI=1.000 Jain=0.966 PeakMF=0.592
[Ep  4000 | Step 1,920,000/2,000,000 | 49 sps] R=-12683.6 C=1315 Safe=31.87% SAI=1.000 Jain=0.964 PeakMF=0.597
[Ep  3800 | Step 1,824,000/2,000,000 | 46 sps] R=-13205.4 C=1244 Safe=25.21% SAI=1.000 Jain=0.982 PeakMF=0.678
[Ep  3850 | Step 1,848,000/2,000,000 | 47 sps] R=-10881.1 C= 907 Safe=50.42% SAI=1.000 Jain=0.974 PeakMF=0.569
[Ep  4100 | Step 1,968,000/2,000,000 | 48 sps] R=-13580.7 C=1755 Safe=31.67% SAI=1.000 Jain=0.999 PeakMF=0.596
[Ep  4000 | Step 1,920,000/2,000,000 | 47 sps] R=-10062.2 C= 599 Safe=31.87% SAI=1.000 Jain=0.964 PeakMF=0.593
[Ep  3900 | Step 1,872,000/2,000,000 | 47 sps] R=-12169.1 C=1217 Safe=31.46% SAI=1.000 Jain=0.966 PeakMF=0.593
[Ep  3850 | Step 1,848,000/2,000,000 | 46 sps] R=-12890.6 C=1116 Safe=21.46% SAI=1.000 Jain=0.985 PeakMF=0.656
[Ep  4050 | Step 1,944,000/2,000,000 | 49 sps] R=-12640.4 C=1311 Safe=31.87% SAI=1.000 Jain=0.964 PeakMF=0.594
[Ep  4150 | Step 1,992,000/2,000,000 | 48 sps] R=-13453.8 C=1767 Safe=31.25% SAI=1.000 Jain=0.999 PeakMF=0.595
[Ep  4050 | Step 1,944,000/2,000,000 | 47 sps] R=-9964.1 C= 579 Safe=29.58% SAI=1.000 Jain=0.965 PeakMF=0.592
[Ep  3900 | Step 1,872,000/2,000,000 | 47 sps] R=-11008.7 C= 916 Safe=50.42% SAI=1.000 Jain=0.974 PeakMF=0.571

============================================================
Training complete: 4167 episodes, 2,000,160 steps
Best reward: -6801.4
Wall time: 11.61 hours
Checkpoint: checkpoints/happo/seed_0/checkpoint_final.pt
============================================================
[31/50] happo seed=0 DONE
Using device: cuda
2026-05-03 16:40:32 | hcmarl.utils | INFO | HIGH determinism: cudnn.deterministic=True, torch.use_deterministic_algorithms(True), matmul=highest, CUBLAS_WORKSPACE_CONFIG=:4096:8 (EXP3-Part-1-equivalent reproducibility)
2026-05-03 16:40:32 | hcmarl.utils | INFO | HIGH determinism: cudnn.deterministic=True, torch.use_deterministic_algorithms(True), matmul=highest, CUBLAS_WORKSPACE_CONFIG=:4096:8 (EXP3-Part-1-equivalent reproducibility)
============================================================
HC-MARL Training: HAPPO (heterogeneous trust-region PPO; Kuba 2022)
Seed: 6 | Device: cuda | Workers: 6
Total steps: 2,000,000 | Eval every: 50,000
Checkpoint dir: checkpoints/happo/seed_6
============================================================
[Ep  3950 | Step 1,896,000/2,000,000 | 47 sps] R=-12139.2 C=1212 Safe=31.87% SAI=1.000 Jain=0.966 PeakMF=0.598
[Ep  3900 | Step 1,872,000/2,000,000 | 47 sps] R=-13904.0 C=1336 Safe=19.79% SAI=1.000 Jain=0.986 PeakMF=0.732
[Ep  4100 | Step 1,968,000/2,000,000 | 47 sps] R=-10024.1 C= 584 Safe=31.87% SAI=1.000 Jain=0.965 PeakMF=0.592
[Ep  4100 | Step 1,968,000/2,000,000 | 49 sps] R=-12744.4 C=1314 Safe=31.87% SAI=1.000 Jain=0.964 PeakMF=0.597
[Ep    50 | Step    24,000/2,000,000 | 51 sps] R=-33244.3 C=2228 Safe=20.00% SAI=1.000 Jain=0.993 PeakMF=0.687
[Ep  3950 | Step 1,896,000/2,000,000 | 47 sps] R=-11013.5 C= 923 Safe=49.58% SAI=1.000 Jain=0.974 PeakMF=0.571
[Ep  4000 | Step 1,920,000/2,000,000 | 47 sps] R=-12243.3 C=1218 Safe=31.67% SAI=1.000 Jain=0.966 PeakMF=0.593
[Ep  3950 | Step 1,896,000/2,000,000 | 47 sps] R=-13316.8 C=1205 Safe=20.83% SAI=1.000 Jain=0.985 PeakMF=0.664
[Ep  4150 | Step 1,992,000/2,000,000 | 47 sps] R=-9938.8 C= 578 Safe=31.87% SAI=1.000 Jain=0.965 PeakMF=0.594
[Ep   100 | Step    48,000/2,000,000 | 51 sps] R=-31891.3 C=2262 Safe=19.38% SAI=1.000 Jain=0.989 PeakMF=0.692
[Ep  4150 | Step 1,992,000/2,000,000 | 48 sps] R=-12599.9 C=1316 Safe=31.87% SAI=1.000 Jain=0.964 PeakMF=0.594

============================================================
Training complete: 4167 episodes, 2,000,160 steps
Best reward: -8068.7
Wall time: 11.75 hours
Checkpoint: checkpoints/happo/seed_1/checkpoint_final.pt
============================================================
[32/50] happo seed=1 DONE
Using device: cuda
2026-05-03 16:57:20 | hcmarl.utils | INFO | HIGH determinism: cudnn.deterministic=True, torch.use_deterministic_algorithms(True), matmul=highest, CUBLAS_WORKSPACE_CONFIG=:4096:8 (EXP3-Part-1-equivalent reproducibility)
2026-05-03 16:57:20 | hcmarl.utils | INFO | HIGH determinism: cudnn.deterministic=True, torch.use_deterministic_algorithms(True), matmul=highest, CUBLAS_WORKSPACE_CONFIG=:4096:8 (EXP3-Part-1-equivalent reproducibility)
============================================================
HC-MARL Training: HAPPO (heterogeneous trust-region PPO; Kuba 2022)
Seed: 7 | Device: cuda | Workers: 6
Total steps: 2,000,000 | Eval every: 50,000
Checkpoint dir: checkpoints/happo/seed_7
============================================================
[Ep  4000 | Step 1,920,000/2,000,000 | 47 sps] R=-11003.7 C= 935 Safe=48.33% SAI=1.000 Jain=0.973 PeakMF=0.572
[Ep  4050 | Step 1,944,000/2,000,000 | 47 sps] R=-12110.2 C=1214 Safe=31.87% SAI=1.000 Jain=0.966 PeakMF=0.593
[Ep  4000 | Step 1,920,000/2,000,000 | 47 sps] R=-12961.1 C=1154 Safe=19.38% SAI=1.000 Jain=0.986 PeakMF=0.629

============================================================
Training complete: 4167 episodes, 2,000,160 steps
Best reward: -7874.2
Wall time: 11.47 hours
Checkpoint: checkpoints/happo/seed_2/checkpoint_final.pt
============================================================
[33/50] happo seed=2 DONE
Using device: cuda
2026-05-03 17:00:25 | hcmarl.utils | INFO | HIGH determinism: cudnn.deterministic=True, torch.use_deterministic_algorithms(True), matmul=highest, CUBLAS_WORKSPACE_CONFIG=:4096:8 (EXP3-Part-1-equivalent reproducibility)
2026-05-03 17:00:25 | hcmarl.utils | INFO | HIGH determinism: cudnn.deterministic=True, torch.use_deterministic_algorithms(True), matmul=highest, CUBLAS_WORKSPACE_CONFIG=:4096:8 (EXP3-Part-1-equivalent reproducibility)
============================================================
HC-MARL Training: HAPPO (heterogeneous trust-region PPO; Kuba 2022)
Seed: 8 | Device: cuda | Workers: 6
Total steps: 2,000,000 | Eval every: 50,000
Checkpoint dir: checkpoints/happo/seed_8
============================================================
[Ep   150 | Step    72,000/2,000,000 | 51 sps] R=-31861.4 C=2250 Safe=20.00% SAI=1.000 Jain=0.987 PeakMF=0.696
[Ep    50 | Step    24,000/2,000,000 | 51 sps] R=-33644.1 C=2222 Safe=19.58% SAI=1.000 Jain=0.992 PeakMF=0.691
[Ep  4100 | Step 1,968,000/2,000,000 | 47 sps] R=-12149.2 C=1216 Safe=31.46% SAI=1.000 Jain=0.966 PeakMF=0.593
[Ep  4050 | Step 1,944,000/2,000,000 | 47 sps] R=-12946.8 C=1092 Safe=24.58% SAI=1.000 Jain=0.983 PeakMF=0.665
[Ep  4050 | Step 1,944,000/2,000,000 | 47 sps] R=-11008.9 C= 926 Safe=48.96% SAI=1.000 Jain=0.974 PeakMF=0.569
[Ep    50 | Step    24,000/2,000,000 | 40 sps] R=-32490.0 C=2221 Safe=20.42% SAI=1.000 Jain=0.986 PeakMF=0.702
[Ep   200 | Step    96,000/2,000,000 | 51 sps] R=-26732.4 C=2157 Safe=20.42% SAI=1.000 Jain=0.983 PeakMF=0.704
[Ep   100 | Step    48,000/2,000,000 | 50 sps] R=-34472.6 C=2265 Safe=18.96% SAI=1.000 Jain=0.998 PeakMF=0.690
[Ep  4100 | Step 1,968,000/2,000,000 | 47 sps] R=-14112.1 C=1358 Safe=24.17% SAI=1.000 Jain=0.985 PeakMF=0.630
[Ep  4150 | Step 1,992,000/2,000,000 | 47 sps] R=-12436.2 C=1283 Safe=31.25% SAI=1.000 Jain=0.966 PeakMF=0.594
[Ep  4100 | Step 1,968,000/2,000,000 | 47 sps] R=-11028.3 C= 925 Safe=48.54% SAI=1.000 Jain=0.974 PeakMF=0.569

============================================================
Training complete: 4167 episodes, 2,000,160 steps
Best reward: -7782.4
Wall time: 11.71 hours
Checkpoint: checkpoints/happo/seed_4/checkpoint_final.pt
============================================================
[35/50] happo seed=4 DONE
Using device: cuda
2026-05-03 17:18:52 | hcmarl.utils | INFO | HIGH determinism: cudnn.deterministic=True, torch.use_deterministic_algorithms(True), matmul=highest, CUBLAS_WORKSPACE_CONFIG=:4096:8 (EXP3-Part-1-equivalent reproducibility)
2026-05-03 17:18:52 | hcmarl.utils | INFO | HIGH determinism: cudnn.deterministic=True, torch.use_deterministic_algorithms(True), matmul=highest, CUBLAS_WORKSPACE_CONFIG=:4096:8 (EXP3-Part-1-equivalent reproducibility)
============================================================
HC-MARL Training: HAPPO (heterogeneous trust-region PPO; Kuba 2022)
Seed: 9 | Device: cuda | Workers: 6
Total steps: 2,000,000 | Eval every: 50,000
Checkpoint dir: checkpoints/happo/seed_9
============================================================
[Ep   250 | Step   120,000/2,000,000 | 50 sps] R=-28054.0 C=2019 Safe=18.75% SAI=1.000 Jain=0.974 PeakMF=0.676
[Ep   100 | Step    48,000/2,000,000 | 40 sps] R=-34113.3 C=2298 Safe=19.17% SAI=1.000 Jain=0.993 PeakMF=0.698
[Ep   150 | Step    72,000/2,000,000 | 50 sps] R=-34594.4 C=2265 Safe=19.17% SAI=1.000 Jain=0.996 PeakMF=0.695
[Ep  4150 | Step 1,992,000/2,000,000 | 47 sps] R=-13310.3 C=1185 Safe=25.21% SAI=1.000 Jain=0.984 PeakMF=0.653
[Ep  4150 | Step 1,992,000/2,000,000 | 47 sps] R=-10935.5 C= 924 Safe=50.21% SAI=1.000 Jain=0.974 PeakMF=0.569

============================================================
Training complete: 4167 episodes, 2,000,160 steps
Best reward: -9379.2
Wall time: 11.88 hours
Checkpoint: checkpoints/happo/seed_3/checkpoint_final.pt
============================================================
[34/50] happo seed=3 DONE
Using device: cuda
2026-05-03 17:26:39 | hcmarl.utils | INFO | HIGH determinism: cudnn.deterministic=True, torch.use_deterministic_algorithms(True), matmul=highest, CUBLAS_WORKSPACE_CONFIG=:4096:8 (EXP3-Part-1-equivalent reproducibility)
2026-05-03 17:26:39 | hcmarl.utils | INFO | HIGH determinism: cudnn.deterministic=True, torch.use_deterministic_algorithms(True), matmul=highest, CUBLAS_WORKSPACE_CONFIG=:4096:8 (EXP3-Part-1-equivalent reproducibility)
============================================================
HC-MARL Training: Shielded-MAPPO (MAPPO + static-threshold task-refusal shield)
Seed: 0 | Device: cuda | Workers: 6
Total steps: 2,000,000 | Eval every: 50,000
Checkpoint dir: checkpoints/shielded_mappo/seed_0
============================================================
[Ep    50 | Step    24,000/2,000,000 | 50 sps] R=-33417.1 C=2250 Safe=19.17% SAI=1.000 Jain=0.992 PeakMF=0.695

============================================================
Training complete: 4167 episodes, 2,000,160 steps
Best reward: -7888.6
Wall time: 11.79 hours
Checkpoint: checkpoints/happo/seed_5/checkpoint_final.pt
============================================================
[36/50] happo seed=5 DONE
Using device: cuda
2026-05-03 17:27:05 | hcmarl.utils | INFO | HIGH determinism: cudnn.deterministic=True, torch.use_deterministic_algorithms(True), matmul=highest, CUBLAS_WORKSPACE_CONFIG=:4096:8 (EXP3-Part-1-equivalent reproducibility)
2026-05-03 17:27:05 | hcmarl.utils | INFO | HIGH determinism: cudnn.deterministic=True, torch.use_deterministic_algorithms(True), matmul=highest, CUBLAS_WORKSPACE_CONFIG=:4096:8 (EXP3-Part-1-equivalent reproducibility)
============================================================
HC-MARL Training: Shielded-MAPPO (MAPPO + static-threshold task-refusal shield)
Seed: 1 | Device: cuda | Workers: 6
Total steps: 2,000,000 | Eval every: 50,000
Checkpoint dir: checkpoints/shielded_mappo/seed_1
============================================================
[Ep   300 | Step   144,000/2,000,000 | 50 sps] R=-28919.8 C=2145 Safe=19.17% SAI=1.000 Jain=0.978 PeakMF=0.691
[Ep   200 | Step    96,000/2,000,000 | 50 sps] R=-30108.7 C=2240 Safe=19.17% SAI=1.000 Jain=0.980 PeakMF=0.689
[Ep   150 | Step    72,000/2,000,000 | 39 sps] R=-31294.4 C=2216 Safe=19.38% SAI=1.000 Jain=0.989 PeakMF=0.690
[Ep    50 | Step    24,000/2,000,000 | 86 sps] R=-8627.8 C=   0 Safe=100.00% SAI=1.000 Jain=1.000 PeakMF=0.539
[Ep    50 | Step    24,000/2,000,000 | 89 sps] R=-8219.4 C=   0 Safe=100.00% SAI=1.000 Jain=1.000 PeakMF=0.543
[Ep   100 | Step    48,000/2,000,000 | 50 sps] R=-32545.7 C=2235 Safe=19.79% SAI=1.000 Jain=0.991 PeakMF=0.682
[Ep   100 | Step    48,000/2,000,000 | 92 sps] R=-7678.4 C=   0 Safe=100.00% SAI=1.000 Jain=1.000 PeakMF=0.496
[Ep   100 | Step    48,000/2,000,000 | 86 sps] R=-8271.2 C=   0 Safe=100.00% SAI=1.000 Jain=1.000 PeakMF=0.555
[Ep   250 | Step   120,000/2,000,000 | 50 sps] R=-25717.3 C=2158 Safe=18.96% SAI=1.000 Jain=0.979 PeakMF=0.680
[Ep   350 | Step   168,000/2,000,000 | 50 sps] R=-22350.6 C=1762 Safe=19.17% SAI=1.000 Jain=0.959 PeakMF=0.694
[Ep   150 | Step    72,000/2,000,000 | 95 sps] R=-7278.3 C=   0 Safe=100.00% SAI=1.000 Jain=1.000 PeakMF=0.470
[Ep   200 | Step    96,000/2,000,000 | 40 sps] R=-30869.7 C=2195 Safe=19.17% SAI=1.000 Jain=0.980 PeakMF=0.691
[Ep   150 | Step    72,000/2,000,000 | 86 sps] R=-7278.2 C=   0 Safe=100.00% SAI=1.000 Jain=1.000 PeakMF=0.474
[Ep   150 | Step    72,000/2,000,000 | 51 sps] R=-30131.8 C=2086 Safe=19.58% SAI=1.000 Jain=0.978 PeakMF=0.687
[Ep   200 | Step    96,000/2,000,000 | 96 sps] R=-7278.3 C=   0 Safe=100.00% SAI=1.000 Jain=1.000 PeakMF=0.470
[Ep   200 | Step    96,000/2,000,000 | 89 sps] R=-7278.3 C=   0 Safe=100.00% SAI=1.000 Jain=1.000 PeakMF=0.470
[Ep   300 | Step   144,000/2,000,000 | 51 sps] R=-23250.4 C=1827 Safe=18.75% SAI=1.000 Jain=0.970 PeakMF=0.682
[Ep   400 | Step   192,000/2,000,000 | 50 sps] R=-17149.0 C=1281 Safe=18.96% SAI=1.000 Jain=0.953 PeakMF=0.670
[Ep   250 | Step   120,000/2,000,000 | 97 sps] R=-7278.3 C=   0 Safe=100.00% SAI=1.000 Jain=1.000 PeakMF=0.470
[Ep   250 | Step   120,000/2,000,000 | 91 sps] R=-7278.3 C=   0 Safe=100.00% SAI=1.000 Jain=1.000 PeakMF=0.470
[Ep   200 | Step    96,000/2,000,000 | 51 sps] R=-27921.3 C=2004 Safe=18.96% SAI=1.000 Jain=0.976 PeakMF=0.683
[Ep   250 | Step   120,000/2,000,000 | 40 sps] R=-32265.6 C=2272 Safe=18.75% SAI=1.000 Jain=0.988 PeakMF=0.683
[Ep   300 | Step   144,000/2,000,000 | 98 sps] R=-7278.3 C=   0 Safe=100.00% SAI=1.000 Jain=1.000 PeakMF=0.470
[Ep   350 | Step   168,000/2,000,000 | 51 sps] R=-21824.6 C=1651 Safe=19.79% SAI=1.000 Jain=0.962 PeakMF=0.677
[Ep   300 | Step   144,000/2,000,000 | 92 sps] R=-7278.3 C=   0 Safe=100.00% SAI=1.000 Jain=1.000 PeakMF=0.470
[Ep   450 | Step   216,000/2,000,000 | 50 sps] R=-16182.9 C= 977 Safe=19.38% SAI=1.000 Jain=0.962 PeakMF=0.682
[Ep   350 | Step   168,000/2,000,000 | 98 sps] R=-7278.3 C=   0 Safe=100.00% SAI=1.000 Jain=1.000 PeakMF=0.470
[Ep   350 | Step   168,000/2,000,000 | 93 sps] R=-7278.3 C=   0 Safe=100.00% SAI=1.000 Jain=1.000 PeakMF=0.470
[Ep   250 | Step   120,000/2,000,000 | 51 sps] R=-28475.2 C=2138 Safe=19.58% SAI=1.000 Jain=0.987 PeakMF=0.676
[Ep   400 | Step   192,000/2,000,000 | 98 sps] R=-7278.3 C=   0 Safe=100.00% SAI=1.000 Jain=1.000 PeakMF=0.470
[Ep   400 | Step   192,000/2,000,000 | 51 sps] R=-19877.6 C=1459 Safe=18.54% SAI=1.000 Jain=0.967 PeakMF=0.680
[Ep   400 | Step   192,000/2,000,000 | 94 sps] R=-7278.3 C=   0 Safe=100.00% SAI=1.000 Jain=1.000 PeakMF=0.470
[Ep   300 | Step   144,000/2,000,000 | 40 sps] R=-23791.4 C=1891 Safe=19.79% SAI=1.000 Jain=0.959 PeakMF=0.686
[Ep   500 | Step   240,000/2,000,000 | 50 sps] R=-14012.5 C= 699 Safe=21.25% SAI=1.000 Jain=0.981 PeakMF=0.635
[Ep   450 | Step   216,000/2,000,000 | 98 sps] R=-7278.3 C=   0 Safe=100.00% SAI=1.000 Jain=1.000 PeakMF=0.470
[Ep   450 | Step   216,000/2,000,000 | 95 sps] R=-7278.3 C=   0 Safe=100.00% SAI=1.000 Jain=1.000 PeakMF=0.470
[Ep   300 | Step   144,000/2,000,000 | 50 sps] R=-19034.7 C=1720 Safe=20.42% SAI=1.000 Jain=0.994 PeakMF=0.634
[Ep   500 | Step   240,000/2,000,000 | 99 sps] R=-7278.3 C=   0 Safe=100.00% SAI=1.000 Jain=1.000 PeakMF=0.470
[Ep   450 | Step   216,000/2,000,000 | 51 sps] R=-15998.3 C= 980 Safe=19.38% SAI=1.000 Jain=0.939 PeakMF=0.686
[Ep   500 | Step   240,000/2,000,000 | 96 sps] R=-7278.3 C=   0 Safe=100.00% SAI=1.000 Jain=1.000 PeakMF=0.470
[Ep   550 | Step   264,000/2,000,000 | 50 sps] R=-11439.8 C= 574 Safe=33.75% SAI=1.000 Jain=0.997 PeakMF=0.573
[Ep   350 | Step   168,000/2,000,000 | 40 sps] R=-22655.4 C=1755 Safe=19.58% SAI=1.000 Jain=0.954 PeakMF=0.677
[Ep   550 | Step   264,000/2,000,000 | 99 sps] R=-7278.3 C=   0 Safe=100.00% SAI=1.000 Jain=1.000 PeakMF=0.470
[Ep   550 | Step   264,000/2,000,000 | 96 sps] R=-7278.3 C=   0 Safe=100.00% SAI=1.000 Jain=1.000 PeakMF=0.470
[Ep   350 | Step   168,000/2,000,000 | 50 sps] R=-18138.8 C=1501 Safe=19.38% SAI=1.000 Jain=0.990 PeakMF=0.677
[Ep   600 | Step   288,000/2,000,000 | 99 sps] R=-7278.3 C=   0 Safe=100.00% SAI=1.000 Jain=1.000 PeakMF=0.470
[Ep   500 | Step   240,000/2,000,000 | 51 sps] R=-15056.3 C= 733 Safe=21.67% SAI=1.000 Jain=0.947 PeakMF=0.692
[Ep   600 | Step   288,000/2,000,000 | 96 sps] R=-7278.3 C=   0 Safe=100.00% SAI=1.000 Jain=1.000 PeakMF=0.470
[Ep   600 | Step   288,000/2,000,000 | 50 sps] R=-10481.2 C= 423 Safe=52.71% SAI=1.000 Jain=0.995 PeakMF=0.575
[Ep   650 | Step   312,000/2,000,000 | 99 sps] R=-7278.3 C=   0 Safe=100.00% SAI=1.000 Jain=1.000 PeakMF=0.470
[Ep   650 | Step   312,000/2,000,000 | 96 sps] R=-7278.3 C=   0 Safe=100.00% SAI=1.000 Jain=1.000 PeakMF=0.470
[Ep   400 | Step   192,000/2,000,000 | 40 sps] R=-21716.6 C=1741 Safe=18.96% SAI=1.000 Jain=0.967 PeakMF=0.687
[Ep   400 | Step   192,000/2,000,000 | 50 sps] R=-14883.8 C=1218 Safe=25.62% SAI=1.000 Jain=0.995 PeakMF=0.621
[Ep   700 | Step   336,000/2,000,000 | 99 sps] R=-7278.3 C=   0 Safe=100.00% SAI=1.000 Jain=1.000 PeakMF=0.470
[Ep   550 | Step   264,000/2,000,000 | 51 sps] R=-14110.5 C= 801 Safe=21.67% SAI=1.000 Jain=0.987 PeakMF=0.632
[Ep   700 | Step   336,000/2,000,000 | 96 sps] R=-7278.3 C=   0 Safe=100.00% SAI=1.000 Jain=1.000 PeakMF=0.470
[Ep   650 | Step   312,000/2,000,000 | 50 sps] R=-9474.0 C= 274 Safe=58.75% SAI=1.000 Jain=0.995 PeakMF=0.552
[Ep   750 | Step   360,000/2,000,000 | 100 sps] R=-7278.3 C=   0 Safe=100.00% SAI=1.000 Jain=1.000 PeakMF=0.470
[Ep   750 | Step   360,000/2,000,000 | 97 sps] R=-7278.3 C=   0 Safe=100.00% SAI=1.000 Jain=1.000 PeakMF=0.470
[Ep   450 | Step   216,000/2,000,000 | 40 sps] R=-17329.0 C=1292 Safe=18.96% SAI=1.000 Jain=0.970 PeakMF=0.675
[Ep   450 | Step   216,000/2,000,000 | 50 sps] R=-12048.1 C= 610 Safe=40.21% SAI=1.000 Jain=0.998 PeakMF=0.576
[Ep   800 | Step   384,000/2,000,000 | 100 sps] R=-7278.3 C=   0 Safe=100.00% SAI=1.000 Jain=1.000 PeakMF=0.470
[Ep   600 | Step   288,000/2,000,000 | 51 sps] R=-10869.2 C= 391 Safe=47.50% SAI=1.000 Jain=0.995 PeakMF=0.546
[Ep   800 | Step   384,000/2,000,000 | 97 sps] R=-7278.3 C=   0 Safe=100.00% SAI=1.000 Jain=1.000 PeakMF=0.470
[Ep   700 | Step   336,000/2,000,000 | 50 sps] R=-8284.5 C=  82 Safe=83.33% SAI=1.000 Jain=0.995 PeakMF=0.567
[Ep   850 | Step   408,000/2,000,000 | 100 sps] R=-7278.3 C=   0 Safe=100.00% SAI=1.000 Jain=1.000 PeakMF=0.470
[Ep   850 | Step   408,000/2,000,000 | 97 sps] R=-7278.3 C=   0 Safe=100.00% SAI=1.000 Jain=1.000 PeakMF=0.470
[Ep   900 | Step   432,000/2,000,000 | 100 sps] R=-7278.3 C=   0 Safe=100.00% SAI=1.000 Jain=1.000 PeakMF=0.470
[Ep   500 | Step   240,000/2,000,000 | 50 sps] R=-11877.3 C= 614 Safe=45.62% SAI=1.000 Jain=1.000 PeakMF=0.604
[Ep   650 | Step   312,000/2,000,000 | 51 sps] R=-10238.6 C= 374 Safe=49.17% SAI=1.000 Jain=0.996 PeakMF=0.549
[Ep   900 | Step   432,000/2,000,000 | 97 sps] R=-7278.3 C=   0 Safe=100.00% SAI=1.000 Jain=1.000 PeakMF=0.470
[Ep   500 | Step   240,000/2,000,000 | 40 sps] R=-16085.0 C= 961 Safe=18.96% SAI=1.000 Jain=0.947 PeakMF=0.704
[Ep   750 | Step   360,000/2,000,000 | 50 sps] R=-10870.9 C= 612 Safe=33.75% SAI=1.000 Jain=0.993 PeakMF=0.553
[Ep   950 | Step   456,000/2,000,000 | 99 sps] R=-7278.3 C=   0 Safe=100.00% SAI=1.000 Jain=1.000 PeakMF=0.470
[Ep   950 | Step   456,000/2,000,000 | 97 sps] R=-7278.3 C=   0 Safe=100.00% SAI=1.000 Jain=1.000 PeakMF=0.470
[Ep   550 | Step   264,000/2,000,000 | 50 sps] R=-10879.3 C= 433 Safe=46.04% SAI=1.000 Jain=0.996 PeakMF=0.566
[Ep   700 | Step   336,000/2,000,000 | 51 sps] R=-10480.1 C= 491 Safe=34.17% SAI=1.000 Jain=0.992 PeakMF=0.560
[Ep  1000 | Step   480,000/2,000,000 | 100 sps] R=-7278.3 C=   0 Safe=100.00% SAI=1.000 Jain=1.000 PeakMF=0.470
[Ep  1000 | Step   480,000/2,000,000 | 98 sps] R=-7278.3 C=   0 Safe=100.00% SAI=1.000 Jain=1.000 PeakMF=0.470
[Ep   800 | Step   384,000/2,000,000 | 49 sps] R=-9841.0 C= 525 Safe=40.21% SAI=1.000 Jain=0.990 PeakMF=0.571
[Ep   550 | Step   264,000/2,000,000 | 40 sps] R=-14547.1 C= 601 Safe=19.79% SAI=1.000 Jain=0.934 PeakMF=0.704
[Ep  1050 | Step   504,000/2,000,000 | 100 sps] R=-7278.3 C=   0 Safe=100.00% SAI=1.000 Jain=1.000 PeakMF=0.470
[Ep  1050 | Step   504,000/2,000,000 | 98 sps] R=-7278.3 C=   0 Safe=100.00% SAI=1.000 Jain=1.000 PeakMF=0.470
[Ep  1100 | Step   528,000/2,000,000 | 100 sps] R=-7278.3 C=   0 Safe=100.00% SAI=1.000 Jain=1.000 PeakMF=0.470
[Ep   750 | Step   360,000/2,000,000 | 51 sps] R=-9981.9 C= 436 Safe=39.38% SAI=1.000 Jain=0.992 PeakMF=0.542
[Ep   600 | Step   288,000/2,000,000 | 50 sps] R=-9965.5 C= 236 Safe=72.50% SAI=1.000 Jain=0.999 PeakMF=0.553
[Ep  1100 | Step   528,000/2,000,000 | 98 sps] R=-7278.3 C=   0 Safe=100.00% SAI=1.000 Jain=1.000 PeakMF=0.470
[Ep   850 | Step   408,000/2,000,000 | 50 sps] R=-8944.1 C= 357 Safe=51.88% SAI=1.000 Jain=0.993 PeakMF=0.524
[Ep  1150 | Step   552,000/2,000,000 | 100 sps] R=-7278.3 C=   0 Safe=100.00% SAI=1.000 Jain=1.000 PeakMF=0.470
[Ep  1150 | Step   552,000/2,000,000 | 98 sps] R=-7278.3 C=   0 Safe=100.00% SAI=1.000 Jain=1.000 PeakMF=0.470
[Ep   600 | Step   288,000/2,000,000 | 40 sps] R=-14241.8 C= 568 Safe=19.58% SAI=1.000 Jain=0.931 PeakMF=0.692
[Ep  1200 | Step   576,000/2,000,000 | 100 sps] R=-7278.3 C=   0 Safe=100.00% SAI=1.000 Jain=1.000 PeakMF=0.470
[Ep   800 | Step   384,000/2,000,000 | 51 sps] R=-11216.9 C= 676 Safe=29.17% SAI=1.000 Jain=0.987 PeakMF=0.535
[Ep  1200 | Step   576,000/2,000,000 | 98 sps] R=-7278.3 C=   0 Safe=100.00% SAI=1.000 Jain=1.000 PeakMF=0.470
[Ep   650 | Step   312,000/2,000,000 | 49 sps] R=-9870.6 C= 288 Safe=59.79% SAI=1.000 Jain=0.997 PeakMF=0.549
[Ep   900 | Step   432,000/2,000,000 | 50 sps] R=-8495.5 C= 273 Safe=63.54% SAI=1.000 Jain=0.993 PeakMF=0.561
[Ep  1250 | Step   600,000/2,000,000 | 100 sps] R=-7278.3 C=   0 Safe=100.00% SAI=1.000 Jain=1.000 PeakMF=0.470
[Ep  1250 | Step   600,000/2,000,000 | 98 sps] R=-7278.3 C=   0 Safe=100.00% SAI=1.000 Jain=1.000 PeakMF=0.470
[Ep   650 | Step   312,000/2,000,000 | 40 sps] R=-14354.3 C= 674 Safe=19.58% SAI=1.000 Jain=0.943 PeakMF=0.697
[Ep  1300 | Step   624,000/2,000,000 | 100 sps] R=-7278.3 C=   0 Safe=100.00% SAI=1.000 Jain=1.000 PeakMF=0.470
[Ep   850 | Step   408,000/2,000,000 | 51 sps] R=-8172.5 C= 118 Safe=79.58% SAI=1.000 Jain=0.989 PeakMF=0.548
[Ep  1300 | Step   624,000/2,000,000 | 98 sps] R=-7278.3 C=   0 Safe=100.00% SAI=1.000 Jain=1.000 PeakMF=0.470
[Ep   950 | Step   456,000/2,000,000 | 50 sps] R=-9223.8 C= 405 Safe=38.96% SAI=1.000 Jain=0.991 PeakMF=0.563
[Ep  1350 | Step   648,000/2,000,000 | 100 sps] R=-7278.3 C=   0 Safe=100.00% SAI=1.000 Jain=1.000 PeakMF=0.470
[Ep   700 | Step   336,000/2,000,000 | 48 sps] R=-9342.9 C= 244 Safe=64.79% SAI=1.000 Jain=0.994 PeakMF=0.577
[Ep  1350 | Step   648,000/2,000,000 | 99 sps] R=-7278.3 C=   0 Safe=100.00% SAI=1.000 Jain=1.000 PeakMF=0.470
[Ep  1400 | Step   672,000/2,000,000 | 100 sps] R=-7278.3 C=   0 Safe=100.00% SAI=1.000 Jain=1.000 PeakMF=0.470
[Ep   900 | Step   432,000/2,000,000 | 51 sps] R=-9906.7 C= 480 Safe=43.96% SAI=1.000 Jain=0.993 PeakMF=0.576
[Ep   700 | Step   336,000/2,000,000 | 40 sps] R=-14055.3 C= 641 Safe=20.00% SAI=1.000 Jain=0.956 PeakMF=0.676
[Ep  1400 | Step   672,000/2,000,000 | 99 sps] R=-7278.3 C=   0 Safe=100.00% SAI=1.000 Jain=1.000 PeakMF=0.470
[Ep  1000 | Step   480,000/2,000,000 | 50 sps] R=-8526.3 C= 294 Safe=47.71% SAI=1.000 Jain=0.991 PeakMF=0.562
[Ep  1450 | Step   696,000/2,000,000 | 100 sps] R=-7278.3 C=   0 Safe=100.00% SAI=1.000 Jain=1.000 PeakMF=0.470
[Ep  1450 | Step   696,000/2,000,000 | 99 sps] R=-7278.3 C=   0 Safe=100.00% SAI=1.000 Jain=1.000 PeakMF=0.470
[Ep   750 | Step   360,000/2,000,000 | 48 sps] R=-8960.2 C= 244 Safe=58.96% SAI=1.000 Jain=0.993 PeakMF=0.561
[Ep  1500 | Step   720,000/2,000,000 | 101 sps] R=-7278.3 C=   0 Safe=100.00% SAI=1.000 Jain=1.000 PeakMF=0.470
[Ep   950 | Step   456,000/2,000,000 | 51 sps] R=-9632.8 C= 537 Safe=35.42% SAI=1.000 Jain=0.991 PeakMF=0.543
[Ep  1500 | Step   720,000/2,000,000 | 99 sps] R=-7278.3 C=   0 Safe=100.00% SAI=1.000 Jain=1.000 PeakMF=0.470
[Ep  1050 | Step   504,000/2,000,000 | 50 sps] R=-8663.7 C= 305 Safe=62.92% SAI=1.000 Jain=0.991 PeakMF=0.563
[Ep   750 | Step   360,000/2,000,000 | 40 sps] R=-10711.6 C= 505 Safe=25.83% SAI=1.000 Jain=0.990 PeakMF=0.586
[Ep  1550 | Step   744,000/2,000,000 | 101 sps] R=-7278.3 C=   0 Safe=100.00% SAI=1.000 Jain=1.000 PeakMF=0.470
[Ep  1550 | Step   744,000/2,000,000 | 99 sps] R=-7278.3 C=   0 Safe=100.00% SAI=1.000 Jain=1.000 PeakMF=0.470
[Ep  1600 | Step   768,000/2,000,000 | 101 sps] R=-7278.3 C=   0 Safe=100.00% SAI=1.000 Jain=1.000 PeakMF=0.470
[Ep  1000 | Step   480,000/2,000,000 | 51 sps] R=-10061.3 C= 599 Safe=31.87% SAI=1.000 Jain=0.993 PeakMF=0.562
[Ep   800 | Step   384,000/2,000,000 | 47 sps] R=-10459.9 C= 654 Safe=33.96% SAI=1.000 Jain=0.993 PeakMF=0.556
[Ep  1600 | Step   768,000/2,000,000 | 99 sps] R=-7278.3 C=   0 Safe=100.00% SAI=1.000 Jain=1.000 PeakMF=0.470
[Ep  1100 | Step   528,000/2,000,000 | 50 sps] R=-8024.3 C= 179 Safe=72.92% SAI=1.000 Jain=0.992 PeakMF=0.544
[Ep  1650 | Step   792,000/2,000,000 | 101 sps] R=-7278.3 C=   0 Safe=100.00% SAI=1.000 Jain=1.000 PeakMF=0.470
[Ep   800 | Step   384,000/2,000,000 | 40 sps] R=-9301.5 C= 162 Safe=75.42% SAI=1.000 Jain=0.985 PeakMF=0.570
[Ep  1650 | Step   792,000/2,000,000 | 99 sps] R=-7278.3 C=   0 Safe=100.00% SAI=1.000 Jain=1.000 PeakMF=0.470
[Ep  1700 | Step   816,000/2,000,000 | 101 sps] R=-7278.3 C=   0 Safe=100.00% SAI=1.000 Jain=1.000 PeakMF=0.470
[Ep  1050 | Step   504,000/2,000,000 | 51 sps] R=-8765.7 C= 315 Safe=51.04% SAI=1.000 Jain=0.992 PeakMF=0.563
[Ep  1700 | Step   816,000/2,000,000 | 99 sps] R=-7278.3 C=   0 Safe=100.00% SAI=1.000 Jain=1.000 PeakMF=0.470
[Ep   850 | Step   408,000/2,000,000 | 47 sps] R=-8669.3 C= 266 Safe=57.29% SAI=1.000 Jain=0.993 PeakMF=0.550
[Ep  1150 | Step   552,000/2,000,000 | 50 sps] R=-7443.5 C=  55 Safe=89.17% SAI=1.000 Jain=0.992 PeakMF=0.554
[Ep  1750 | Step   840,000/2,000,000 | 101 sps] R=-7278.3 C=   0 Safe=100.00% SAI=1.000 Jain=1.000 PeakMF=0.470
[Ep  1750 | Step   840,000/2,000,000 | 99 sps] R=-7278.3 C=   0 Safe=100.00% SAI=1.000 Jain=1.000 PeakMF=0.470
[Ep   850 | Step   408,000/2,000,000 | 40 sps] R=-9368.1 C= 185 Safe=69.17% SAI=1.000 Jain=0.989 PeakMF=0.570
[Ep  1100 | Step   528,000/2,000,000 | 51 sps] R=-8771.8 C= 342 Safe=53.96% SAI=1.000 Jain=0.992 PeakMF=0.567
[Ep  1800 | Step   864,000/2,000,000 | 101 sps] R=-7278.3 C=   0 Safe=100.00% SAI=1.000 Jain=1.000 PeakMF=0.470
[Ep  1800 | Step   864,000/2,000,000 | 99 sps] R=-7278.3 C=   0 Safe=100.00% SAI=1.000 Jain=1.000 PeakMF=0.470
[Ep  1200 | Step   576,000/2,000,000 | 50 sps] R=-9666.6 C= 545 Safe=35.21% SAI=1.000 Jain=0.991 PeakMF=0.563
[Ep  1850 | Step   888,000/2,000,000 | 101 sps] R=-7278.3 C=   0 Safe=100.00% SAI=1.000 Jain=1.000 PeakMF=0.470
[Ep   900 | Step   432,000/2,000,000 | 46 sps] R=-9602.1 C= 528 Safe=36.46% SAI=1.000 Jain=0.993 PeakMF=0.543
[Ep  1850 | Step   888,000/2,000,000 | 99 sps] R=-7278.3 C=   0 Safe=100.00% SAI=1.000 Jain=1.000 PeakMF=0.470
[Ep  1150 | Step   552,000/2,000,000 | 51 sps] R=-8553.7 C= 293 Safe=56.04% SAI=1.000 Jain=0.993 PeakMF=0.563
[Ep  1900 | Step   912,000/2,000,000 | 101 sps] R=-7278.3 C=   0 Safe=100.00% SAI=1.000 Jain=1.000 PeakMF=0.470
[Ep   900 | Step   432,000/2,000,000 | 40 sps] R=-9336.9 C= 187 Safe=64.38% SAI=1.000 Jain=0.986 PeakMF=0.584
[Ep  1900 | Step   912,000/2,000,000 | 99 sps] R=-7278.3 C=   0 Safe=100.00% SAI=1.000 Jain=1.000 PeakMF=0.470
[Ep  1250 | Step   600,000/2,000,000 | 50 sps] R=-8847.7 C= 406 Safe=41.46% SAI=1.000 Jain=0.990 PeakMF=0.563
[Ep  1950 | Step   936,000/2,000,000 | 101 sps] R=-7278.3 C=   0 Safe=100.00% SAI=1.000 Jain=1.000 PeakMF=0.470
[Ep  1950 | Step   936,000/2,000,000 | 100 sps] R=-7278.3 C=   0 Safe=100.00% SAI=1.000 Jain=1.000 PeakMF=0.470
[Ep   950 | Step   456,000/2,000,000 | 46 sps] R=-9265.1 C= 455 Safe=49.79% SAI=1.000 Jain=0.993 PeakMF=0.512
[Ep  1200 | Step   576,000/2,000,000 | 51 sps] R=-8204.6 C= 236 Safe=64.17% SAI=1.000 Jain=0.992 PeakMF=0.563
[Ep  2000 | Step   960,000/2,000,000 | 101 sps] R=-7278.3 C=   0 Safe=100.00% SAI=1.000 Jain=1.000 PeakMF=0.470
[Ep  2000 | Step   960,000/2,000,000 | 100 sps] R=-7278.3 C=   0 Safe=100.00% SAI=1.000 Jain=1.000 PeakMF=0.470
[Ep  1300 | Step   624,000/2,000,000 | 50 sps] R=-9628.4 C= 585 Safe=39.38% SAI=1.000 Jain=0.988 PeakMF=0.563
[Ep   950 | Step   456,000/2,000,000 | 40 sps] R=-9610.0 C= 271 Safe=60.00% SAI=1.000 Jain=0.985 PeakMF=0.561
[Ep  2050 | Step   984,000/2,000,000 | 101 sps] R=-7278.3 C=   0 Safe=100.00% SAI=1.000 Jain=1.000 PeakMF=0.470
[Ep  2050 | Step   984,000/2,000,000 | 100 sps] R=-7278.3 C=   0 Safe=100.00% SAI=1.000 Jain=1.000 PeakMF=0.470
[Ep  1250 | Step   600,000/2,000,000 | 51 sps] R=-8401.6 C= 281 Safe=53.33% SAI=1.000 Jain=0.991 PeakMF=0.563
[Ep  2100 | Step 1,008,000/2,000,000 | 101 sps] R=-7278.3 C=   0 Safe=100.00% SAI=1.000 Jain=1.000 PeakMF=0.470
[Ep  1000 | Step   480,000/2,000,000 | 46 sps] R=-8453.1 C= 303 Safe=58.33% SAI=1.000 Jain=0.998 PeakMF=0.505
[Ep  2100 | Step 1,008,000/2,000,000 | 100 sps] R=-7278.3 C=   0 Safe=100.00% SAI=1.000 Jain=1.000 PeakMF=0.470
[Ep  1350 | Step   648,000/2,000,000 | 50 sps] R=-8734.1 C= 381 Safe=40.83% SAI=1.000 Jain=0.988 PeakMF=0.580
[Ep  2150 | Step 1,032,000/2,000,000 | 101 sps] R=-7278.3 C=   0 Safe=100.00% SAI=1.000 Jain=1.000 PeakMF=0.470
[Ep  1000 | Step   480,000/2,000,000 | 40 sps] R=-9048.3 C= 153 Safe=73.33% SAI=1.000 Jain=0.985 PeakMF=0.563
[Ep  2150 | Step 1,032,000/2,000,000 | 100 sps] R=-7278.3 C=   0 Safe=100.00% SAI=1.000 Jain=1.000 PeakMF=0.470
[Ep  1300 | Step   624,000/2,000,000 | 51 sps] R=-8359.6 C= 279 Safe=60.21% SAI=1.000 Jain=0.992 PeakMF=0.563
[Ep  2200 | Step 1,056,000/2,000,000 | 101 sps] R=-7278.3 C=   0 Safe=100.00% SAI=1.000 Jain=1.000 PeakMF=0.470
[Ep  2200 | Step 1,056,000/2,000,000 | 100 sps] R=-7278.3 C=   0 Safe=100.00% SAI=1.000 Jain=1.000 PeakMF=0.470
[Ep  1400 | Step   672,000/2,000,000 | 50 sps] R=-8570.9 C= 346 Safe=49.58% SAI=1.000 Jain=0.988 PeakMF=0.576
[Ep  1050 | Step   504,000/2,000,000 | 45 sps] R=-8589.1 C= 368 Safe=52.08% SAI=1.000 Jain=0.999 PeakMF=0.520
[Ep  2250 | Step 1,080,000/2,000,000 | 101 sps] R=-7278.3 C=   0 Safe=100.00% SAI=1.000 Jain=1.000 PeakMF=0.470
[Ep  2250 | Step 1,080,000/2,000,000 | 100 sps] R=-7278.3 C=   0 Safe=100.00% SAI=1.000 Jain=1.000 PeakMF=0.470
[Ep  1050 | Step   504,000/2,000,000 | 40 sps] R=-10153.5 C= 405 Safe=56.46% SAI=1.000 Jain=0.983 PeakMF=0.570
[Ep  1350 | Step   648,000/2,000,000 | 51 sps] R=-8606.9 C= 325 Safe=46.25% SAI=1.000 Jain=0.992 PeakMF=0.563
[Ep  2300 | Step 1,104,000/2,000,000 | 101 sps] R=-7278.3 C=   0 Safe=100.00% SAI=1.000 Jain=1.000 PeakMF=0.470
[Ep  2300 | Step 1,104,000/2,000,000 | 100 sps] R=-7278.3 C=   0 Safe=100.00% SAI=1.000 Jain=1.000 PeakMF=0.470
[Ep  1450 | Step   696,000/2,000,000 | 50 sps] R=-8875.5 C= 427 Safe=43.96% SAI=1.000 Jain=0.989 PeakMF=0.572
[Ep  2350 | Step 1,128,000/2,000,000 | 101 sps] R=-7278.3 C=   0 Safe=100.00% SAI=1.000 Jain=1.000 PeakMF=0.470
[Ep  1100 | Step   528,000/2,000,000 | 45 sps] R=-8014.9 C= 250 Safe=57.92% SAI=1.000 Jain=1.000 PeakMF=0.507
[Ep  2350 | Step 1,128,000/2,000,000 | 100 sps] R=-7278.3 C=   0 Safe=100.00% SAI=1.000 Jain=1.000 PeakMF=0.470
[Ep  1400 | Step   672,000/2,000,000 | 51 sps] R=-9045.5 C= 352 Safe=44.38% SAI=1.000 Jain=0.991 PeakMF=0.563
[Ep  2400 | Step 1,152,000/2,000,000 | 101 sps] R=-7278.3 C=   0 Safe=100.00% SAI=1.000 Jain=1.000 PeakMF=0.470
[Ep  1100 | Step   528,000/2,000,000 | 40 sps] R=-9285.1 C= 213 Safe=62.08% SAI=1.000 Jain=0.984 PeakMF=0.573
[Ep  1500 | Step   720,000/2,000,000 | 50 sps] R=-9866.9 C= 643 Safe=41.88% SAI=1.000 Jain=0.989 PeakMF=0.563
[Ep  2400 | Step 1,152,000/2,000,000 | 100 sps] R=-7278.3 C=   0 Safe=100.00% SAI=1.000 Jain=1.000 PeakMF=0.470
[Ep  2450 | Step 1,176,000/2,000,000 | 101 sps] R=-7278.3 C=   0 Safe=100.00% SAI=1.000 Jain=1.000 PeakMF=0.470
[Ep  1150 | Step   552,000/2,000,000 | 45 sps] R=-7569.1 C= 170 Safe=68.96% SAI=1.000 Jain=1.000 PeakMF=0.512
[Ep  2450 | Step 1,176,000/2,000,000 | 100 sps] R=-7278.3 C=   0 Safe=100.00% SAI=1.000 Jain=1.000 PeakMF=0.470
[Ep  1450 | Step   696,000/2,000,000 | 51 sps] R=-8539.9 C= 320 Safe=48.12% SAI=1.000 Jain=0.991 PeakMF=0.563
[Ep  2500 | Step 1,200,000/2,000,000 | 101 sps] R=-7278.3 C=   0 Safe=100.00% SAI=1.000 Jain=1.000 PeakMF=0.470
[Ep  1550 | Step   744,000/2,000,000 | 50 sps] R=-9214.9 C= 486 Safe=50.83% SAI=1.000 Jain=0.989 PeakMF=0.568
[Ep  2500 | Step 1,200,000/2,000,000 | 100 sps] R=-7278.3 C=   0 Safe=100.00% SAI=1.000 Jain=1.000 PeakMF=0.470
[Ep  1150 | Step   552,000/2,000,000 | 40 sps] R=-9882.6 C= 349 Safe=40.00% SAI=1.000 Jain=0.983 PeakMF=0.564
[Ep  2550 | Step 1,224,000/2,000,000 | 101 sps] R=-7278.3 C=   0 Safe=100.00% SAI=1.000 Jain=1.000 PeakMF=0.470
[Ep  1200 | Step   576,000/2,000,000 | 46 sps] R=-8078.3 C= 268 Safe=63.33% SAI=1.000 Jain=0.999 PeakMF=0.519
[Ep  2550 | Step 1,224,000/2,000,000 | 100 sps] R=-7278.3 C=   0 Safe=100.00% SAI=1.000 Jain=1.000 PeakMF=0.470
[Ep  2600 | Step 1,248,000/2,000,000 | 101 sps] R=-7278.3 C=   0 Safe=100.00% SAI=1.000 Jain=1.000 PeakMF=0.470
[Ep  1500 | Step   720,000/2,000,000 | 51 sps] R=-8853.6 C= 421 Safe=41.46% SAI=1.000 Jain=0.989 PeakMF=0.563
[Ep  1600 | Step   768,000/2,000,000 | 50 sps] R=-10020.9 C= 673 Safe=43.96% SAI=1.000 Jain=0.988 PeakMF=0.563
[Ep  2600 | Step 1,248,000/2,000,000 | 99 sps] R=-7278.3 C=   0 Safe=100.00% SAI=1.000 Jain=1.000 PeakMF=0.470
[Ep  2650 | Step 1,272,000/2,000,000 | 101 sps] R=-7278.3 C=   0 Safe=100.00% SAI=1.000 Jain=1.000 PeakMF=0.470
[Ep  1200 | Step   576,000/2,000,000 | 41 sps] R=-9603.5 C= 340 Safe=35.21% SAI=1.000 Jain=0.977 PeakMF=0.570
[Ep  1250 | Step   600,000/2,000,000 | 46 sps] R=-8676.1 C= 407 Safe=37.29% SAI=1.000 Jain=0.999 PeakMF=0.509
[Ep  1550 | Step   744,000/2,000,000 | 51 sps] R=-9897.4 C= 620 Safe=41.46% SAI=1.000 Jain=0.990 PeakMF=0.563
[Ep  2700 | Step 1,296,000/2,000,000 | 101 sps] R=-7278.3 C=   0 Safe=100.00% SAI=1.000 Jain=1.000 PeakMF=0.470
[Ep  2650 | Step 1,272,000/2,000,000 | 99 sps] R=-7278.3 C=   0 Safe=100.00% SAI=1.000 Jain=1.000 PeakMF=0.470
[Ep  1650 | Step   792,000/2,000,000 | 50 sps] R=-9467.7 C= 573 Safe=46.67% SAI=1.000 Jain=0.985 PeakMF=0.574
[Ep  2750 | Step 1,320,000/2,000,000 | 101 sps] R=-7278.3 C=   0 Safe=100.00% SAI=1.000 Jain=1.000 PeakMF=0.470
[Ep  1300 | Step   624,000/2,000,000 | 46 sps] R=-8425.1 C= 367 Safe=46.46% SAI=1.000 Jain=1.000 PeakMF=0.545
[Ep  1250 | Step   600,000/2,000,000 | 41 sps] R=-10593.9 C= 516 Safe=27.29% SAI=1.000 Jain=0.973 PeakMF=0.595
[Ep  2700 | Step 1,296,000/2,000,000 | 99 sps] R=-7278.3 C=   0 Safe=100.00% SAI=1.000 Jain=1.000 PeakMF=0.470
[Ep  1600 | Step   768,000/2,000,000 | 51 sps] R=-9577.2 C= 424 Safe=44.17% SAI=1.000 Jain=0.989 PeakMF=0.572
[Ep  2800 | Step 1,344,000/2,000,000 | 101 sps] R=-7278.3 C=   0 Safe=100.00% SAI=1.000 Jain=1.000 PeakMF=0.470
[Ep  2750 | Step 1,320,000/2,000,000 | 98 sps] R=-7278.3 C=   0 Safe=100.00% SAI=1.000 Jain=1.000 PeakMF=0.470
[Ep  1700 | Step   816,000/2,000,000 | 50 sps] R=-9271.4 C= 548 Safe=46.04% SAI=1.000 Jain=0.985 PeakMF=0.576
[Ep  2850 | Step 1,368,000/2,000,000 | 101 sps] R=-7278.3 C=   0 Safe=100.00% SAI=1.000 Jain=1.000 PeakMF=0.470
[Ep  1350 | Step   648,000/2,000,000 | 46 sps] R=-8310.1 C= 331 Safe=52.92% SAI=1.000 Jain=1.000 PeakMF=0.525
[Ep  1300 | Step   624,000/2,000,000 | 41 sps] R=-10138.8 C= 492 Safe=37.92% SAI=1.000 Jain=0.976 PeakMF=0.577
[Ep  2800 | Step 1,344,000/2,000,000 | 98 sps] R=-7278.3 C=   0 Safe=100.00% SAI=1.000 Jain=1.000 PeakMF=0.470
[Ep  1650 | Step   792,000/2,000,000 | 51 sps] R=-10341.0 C= 729 Safe=31.46% SAI=1.000 Jain=0.989 PeakMF=0.563
[Ep  2900 | Step 1,392,000/2,000,000 | 101 sps] R=-7278.3 C=   0 Safe=100.00% SAI=1.000 Jain=1.000 PeakMF=0.470
[Ep  1750 | Step   840,000/2,000,000 | 50 sps] R=-10239.6 C= 763 Safe=44.58% SAI=1.000 Jain=0.985 PeakMF=0.576
[Ep  2850 | Step 1,368,000/2,000,000 | 98 sps] R=-7278.3 C=   0 Safe=100.00% SAI=1.000 Jain=1.000 PeakMF=0.470
[Ep  2950 | Step 1,416,000/2,000,000 | 101 sps] R=-7278.3 C=   0 Safe=100.00% SAI=1.000 Jain=1.000 PeakMF=0.470
[Ep  1400 | Step   672,000/2,000,000 | 46 sps] R=-8369.9 C= 342 Safe=47.92% SAI=1.000 Jain=1.000 PeakMF=0.528
[Ep  1350 | Step   648,000/2,000,000 | 41 sps] R=-9837.8 C= 476 Safe=43.54% SAI=1.000 Jain=0.975 PeakMF=0.563
[Ep  1700 | Step   816,000/2,000,000 | 51 sps] R=-8879.5 C= 415 Safe=28.75% SAI=1.000 Jain=0.990 PeakMF=0.563
[Ep  2900 | Step 1,392,000/2,000,000 | 98 sps] R=-7278.3 C=   0 Safe=100.00% SAI=1.000 Jain=1.000 PeakMF=0.470
[Ep  3000 | Step 1,440,000/2,000,000 | 101 sps] R=-7278.3 C=   0 Safe=100.00% SAI=1.000 Jain=1.000 PeakMF=0.470
[Ep  1800 | Step   864,000/2,000,000 | 50 sps] R=-11359.1 C=1019 Safe=43.12% SAI=1.000 Jain=0.985 PeakMF=0.578
[Ep  3050 | Step 1,464,000/2,000,000 | 101 sps] R=-7278.3 C=   0 Safe=100.00% SAI=1.000 Jain=1.000 PeakMF=0.470
[Ep  1450 | Step   696,000/2,000,000 | 46 sps] R=-9201.9 C= 525 Safe=41.46% SAI=1.000 Jain=1.000 PeakMF=0.543
[Ep  2950 | Step 1,416,000/2,000,000 | 97 sps] R=-7278.3 C=   0 Safe=100.00% SAI=1.000 Jain=1.000 PeakMF=0.470
[Ep  1750 | Step   840,000/2,000,000 | 51 sps] R=-9071.2 C= 448 Safe=38.75% SAI=1.000 Jain=0.988 PeakMF=0.572
[Ep  3100 | Step 1,488,000/2,000,000 | 101 sps] R=-7278.3 C=   0 Safe=100.00% SAI=1.000 Jain=1.000 PeakMF=0.470
[Ep  1400 | Step   672,000/2,000,000 | 41 sps] R=-9985.2 C= 460 Safe=29.17% SAI=1.000 Jain=0.979 PeakMF=0.565
[Ep  3000 | Step 1,440,000/2,000,000 | 97 sps] R=-7278.3 C=   0 Safe=100.00% SAI=1.000 Jain=1.000 PeakMF=0.470
[Ep  1850 | Step   888,000/2,000,000 | 50 sps] R=-11843.1 C=1163 Safe=42.50% SAI=1.000 Jain=0.985 PeakMF=0.572
[Ep  3150 | Step 1,512,000/2,000,000 | 101 sps] R=-7278.3 C=   0 Safe=100.00% SAI=1.000 Jain=1.000 PeakMF=0.470
[Ep  1500 | Step   720,000/2,000,000 | 47 sps] R=-7840.5 C= 231 Safe=66.04% SAI=1.000 Jain=1.000 PeakMF=0.571
[Ep  3050 | Step 1,464,000/2,000,000 | 97 sps] R=-7278.3 C=   0 Safe=100.00% SAI=1.000 Jain=1.000 PeakMF=0.470
[Ep  1800 | Step   864,000/2,000,000 | 51 sps] R=-9551.1 C= 589 Safe=48.54% SAI=1.000 Jain=0.988 PeakMF=0.566
[Ep  3200 | Step 1,536,000/2,000,000 | 101 sps] R=-7278.3 C=   0 Safe=100.00% SAI=1.000 Jain=1.000 PeakMF=0.470
[Ep  1450 | Step   696,000/2,000,000 | 41 sps] R=-8880.5 C= 234 Safe=55.83% SAI=1.000 Jain=0.979 PeakMF=0.563
[Ep  1900 | Step   912,000/2,000,000 | 50 sps] R=-10841.0 C= 971 Safe=38.96% SAI=1.000 Jain=0.984 PeakMF=0.570
[Ep  3100 | Step 1,488,000/2,000,000 | 96 sps] R=-7278.3 C=   0 Safe=100.00% SAI=1.000 Jain=1.000 PeakMF=0.470
[Ep  3250 | Step 1,560,000/2,000,000 | 101 sps] R=-7278.3 C=   0 Safe=100.00% SAI=1.000 Jain=1.000 PeakMF=0.470
[Ep  1550 | Step   744,000/2,000,000 | 47 sps] R=-9153.0 C= 565 Safe=43.12% SAI=1.000 Jain=0.998 PeakMF=0.562
[Ep  1850 | Step   888,000/2,000,000 | 51 sps] R=-10384.9 C= 727 Safe=32.92% SAI=1.000 Jain=0.987 PeakMF=0.572
[Ep  3300 | Step 1,584,000/2,000,000 | 101 sps] R=-7278.3 C=   0 Safe=100.00% SAI=1.000 Jain=1.000 PeakMF=0.470
[Ep  3150 | Step 1,512,000/2,000,000 | 96 sps] R=-7278.3 C=   0 Safe=100.00% SAI=1.000 Jain=1.000 PeakMF=0.470
[Ep  1950 | Step   936,000/2,000,000 | 50 sps] R=-11655.0 C=1036 Safe=37.08% SAI=1.000 Jain=0.983 PeakMF=0.577
[Ep  1500 | Step   720,000/2,000,000 | 41 sps] R=-9667.1 C= 412 Safe=34.17% SAI=1.000 Jain=0.976 PeakMF=0.563
[Ep  3350 | Step 1,608,000/2,000,000 | 101 sps] R=-7278.3 C=   0 Safe=100.00% SAI=1.000 Jain=1.000 PeakMF=0.470
[Ep  1600 | Step   768,000/2,000,000 | 47 sps] R=-10878.1 C= 861 Safe=29.79% SAI=1.000 Jain=0.998 PeakMF=0.567
[Ep  3200 | Step 1,536,000/2,000,000 | 96 sps] R=-7278.3 C=   0 Safe=100.00% SAI=1.000 Jain=1.000 PeakMF=0.470
[Ep  1900 | Step   912,000/2,000,000 | 51 sps] R=-9824.3 C= 631 Safe=45.62% SAI=1.000 Jain=0.986 PeakMF=0.621
[Ep  3400 | Step 1,632,000/2,000,000 | 101 sps] R=-7278.3 C=   0 Safe=100.00% SAI=1.000 Jain=1.000 PeakMF=0.470
[Ep  2000 | Step   960,000/2,000,000 | 50 sps] R=-11030.6 C= 990 Safe=44.58% SAI=1.000 Jain=0.984 PeakMF=0.575
[Ep  3250 | Step 1,560,000/2,000,000 | 96 sps] R=-7278.3 C=   0 Safe=100.00% SAI=1.000 Jain=1.000 PeakMF=0.470
[Ep  3450 | Step 1,656,000/2,000,000 | 101 sps] R=-7278.3 C=   0 Safe=100.00% SAI=1.000 Jain=1.000 PeakMF=0.470
[Ep  1650 | Step   792,000/2,000,000 | 47 sps] R=-10173.6 C= 845 Safe=27.92% SAI=1.000 Jain=0.998 PeakMF=0.565
[Ep  1550 | Step   744,000/2,000,000 | 41 sps] R=-10582.8 C= 664 Safe=37.08% SAI=1.000 Jain=0.968 PeakMF=0.580
[Ep  3300 | Step 1,584,000/2,000,000 | 96 sps] R=-7278.3 C=   0 Safe=100.00% SAI=1.000 Jain=1.000 PeakMF=0.470
[Ep  1950 | Step   936,000/2,000,000 | 51 sps] R=-11058.3 C= 985 Safe=38.33% SAI=1.000 Jain=0.985 PeakMF=0.570
[Ep  3500 | Step 1,680,000/2,000,000 | 101 sps] R=-7278.3 C=   0 Safe=100.00% SAI=1.000 Jain=1.000 PeakMF=0.470
[Ep  2050 | Step   984,000/2,000,000 | 50 sps] R=-11925.9 C=1182 Safe=40.62% SAI=1.000 Jain=0.984 PeakMF=0.582
[Ep  3350 | Step 1,608,000/2,000,000 | 95 sps] R=-7278.3 C=   0 Safe=100.00% SAI=1.000 Jain=1.000 PeakMF=0.470
[Ep  3550 | Step 1,704,000/2,000,000 | 101 sps] R=-7278.3 C=   0 Safe=100.00% SAI=1.000 Jain=1.000 PeakMF=0.470
[Ep  1700 | Step   816,000/2,000,000 | 47 sps] R=-11621.0 C=1133 Safe=41.46% SAI=1.000 Jain=0.998 PeakMF=0.556
[Ep  1600 | Step   768,000/2,000,000 | 41 sps] R=-10594.2 C= 606 Safe=31.87% SAI=1.000 Jain=0.966 PeakMF=0.590
[Ep  2000 | Step   960,000/2,000,000 | 51 sps] R=-10761.3 C= 846 Safe=34.17% SAI=1.000 Jain=0.984 PeakMF=0.568
[Ep  3600 | Step 1,728,000/2,000,000 | 101 sps] R=-7278.3 C=   0 Safe=100.00% SAI=1.000 Jain=1.000 PeakMF=0.470
[Ep  3400 | Step 1,632,000/2,000,000 | 95 sps] R=-7278.3 C=   0 Safe=100.00% SAI=1.000 Jain=1.000 PeakMF=0.470
[Ep  2100 | Step 1,008,000/2,000,000 | 50 sps] R=-11909.2 C=1222 Safe=40.21% SAI=1.000 Jain=0.984 PeakMF=0.577
[Ep  3650 | Step 1,752,000/2,000,000 | 101 sps] R=-7278.3 C=   0 Safe=100.00% SAI=1.000 Jain=1.000 PeakMF=0.470
[Ep  1750 | Step   840,000/2,000,000 | 47 sps] R=-11805.7 C=1209 Safe=38.54% SAI=1.000 Jain=0.997 PeakMF=0.574
[Ep  3450 | Step 1,656,000/2,000,000 | 95 sps] R=-7278.3 C=   0 Safe=100.00% SAI=1.000 Jain=1.000 PeakMF=0.470
[Ep  2050 | Step   984,000/2,000,000 | 51 sps] R=-11120.4 C= 903 Safe=38.96% SAI=1.000 Jain=0.984 PeakMF=0.591
[Ep  1650 | Step   792,000/2,000,000 | 41 sps] R=-10255.6 C= 603 Safe=37.71% SAI=1.000 Jain=0.965 PeakMF=0.585
[Ep  3700 | Step 1,776,000/2,000,000 | 101 sps] R=-7278.3 C=   0 Safe=100.00% SAI=1.000 Jain=1.000 PeakMF=0.470
[Ep  3500 | Step 1,680,000/2,000,000 | 95 sps] R=-7278.3 C=   0 Safe=100.00% SAI=1.000 Jain=1.000 PeakMF=0.470
[Ep  2150 | Step 1,032,000/2,000,000 | 50 sps] R=-11725.3 C=1193 Safe=42.71% SAI=1.000 Jain=0.984 PeakMF=0.576
[Ep  3750 | Step 1,800,000/2,000,000 | 101 sps] R=-7278.3 C=   0 Safe=100.00% SAI=1.000 Jain=1.000 PeakMF=0.470
[Ep  1800 | Step   864,000/2,000,000 | 47 sps] R=-10469.1 C= 963 Safe=39.38% SAI=1.000 Jain=0.997 PeakMF=0.591
[Ep  3550 | Step 1,704,000/2,000,000 | 95 sps] R=-7278.3 C=   0 Safe=100.00% SAI=1.000 Jain=1.000 PeakMF=0.470
[Ep  2100 | Step 1,008,000/2,000,000 | 51 sps] R=-11093.8 C= 990 Safe=28.54% SAI=1.000 Jain=0.983 PeakMF=0.603
[Ep  1700 | Step   816,000/2,000,000 | 42 sps] R=-10154.4 C= 569 Safe=33.33% SAI=1.000 Jain=0.968 PeakMF=0.571
[Ep  3800 | Step 1,824,000/2,000,000 | 101 sps] R=-7278.3 C=   0 Safe=100.00% SAI=1.000 Jain=1.000 PeakMF=0.470
[Ep  3600 | Step 1,728,000/2,000,000 | 95 sps] R=-7278.3 C=   0 Safe=100.00% SAI=1.000 Jain=1.000 PeakMF=0.470
[Ep  2200 | Step 1,056,000/2,000,000 | 50 sps] R=-11698.2 C=1198 Safe=42.29% SAI=1.000 Jain=0.984 PeakMF=0.575
[Ep  3850 | Step 1,848,000/2,000,000 | 101 sps] R=-7278.3 C=   0 Safe=100.00% SAI=1.000 Jain=1.000 PeakMF=0.470
[Ep  1850 | Step   888,000/2,000,000 | 47 sps] R=-10702.9 C= 995 Safe=39.17% SAI=1.000 Jain=0.996 PeakMF=0.572
[Ep  3650 | Step 1,752,000/2,000,000 | 95 sps] R=-7278.3 C=   0 Safe=100.00% SAI=1.000 Jain=1.000 PeakMF=0.470
[Ep  2150 | Step 1,032,000/2,000,000 | 51 sps] R=-12643.2 C=1355 Safe=31.04% SAI=1.000 Jain=0.983 PeakMF=0.599
[Ep  1750 | Step   840,000/2,000,000 | 42 sps] R=-9845.7 C= 513 Safe=36.04% SAI=1.000 Jain=0.969 PeakMF=0.563
[Ep  3900 | Step 1,872,000/2,000,000 | 101 sps] R=-7278.3 C=   0 Safe=100.00% SAI=1.000 Jain=1.000 PeakMF=0.470
[Ep  3700 | Step 1,776,000/2,000,000 | 95 sps] R=-7278.3 C=   0 Safe=100.00% SAI=1.000 Jain=1.000 PeakMF=0.470
[Ep  2250 | Step 1,080,000/2,000,000 | 50 sps] R=-12189.7 C=1251 Safe=42.08% SAI=1.000 Jain=0.983 PeakMF=0.586
[Ep  3950 | Step 1,896,000/2,000,000 | 101 sps] R=-7278.3 C=   0 Safe=100.00% SAI=1.000 Jain=1.000 PeakMF=0.470
[Ep  1900 | Step   912,000/2,000,000 | 47 sps] R=-11891.3 C=1202 Safe=43.33% SAI=1.000 Jain=0.998 PeakMF=0.580
[Ep  3750 | Step 1,800,000/2,000,000 | 95 sps] R=-7278.3 C=   0 Safe=100.00% SAI=1.000 Jain=1.000 PeakMF=0.470
[Ep  2200 | Step 1,056,000/2,000,000 | 51 sps] R=-12701.6 C=1349 Safe=30.21% SAI=1.000 Jain=0.983 PeakMF=0.593
[Ep  1800 | Step   864,000/2,000,000 | 42 sps] R=-10974.3 C= 735 Safe=35.42% SAI=1.000 Jain=0.967 PeakMF=0.573
[Ep  4000 | Step 1,920,000/2,000,000 | 101 sps] R=-7278.3 C=   0 Safe=100.00% SAI=1.000 Jain=1.000 PeakMF=0.470
[Ep  3800 | Step 1,824,000/2,000,000 | 95 sps] R=-7278.3 C=   0 Safe=100.00% SAI=1.000 Jain=1.000 PeakMF=0.470
[Ep  2300 | Step 1,104,000/2,000,000 | 50 sps] R=-12118.0 C=1247 Safe=40.21% SAI=1.000 Jain=0.984 PeakMF=0.577
[Ep  4050 | Step 1,944,000/2,000,000 | 101 sps] R=-7278.3 C=   0 Safe=100.00% SAI=1.000 Jain=1.000 PeakMF=0.470
[Ep  1950 | Step   936,000/2,000,000 | 47 sps] R=-11728.3 C=1211 Safe=40.42% SAI=1.000 Jain=0.997 PeakMF=0.581
[Ep  3850 | Step 1,848,000/2,000,000 | 95 sps] R=-7278.3 C=   0 Safe=100.00% SAI=1.000 Jain=1.000 PeakMF=0.470
[Ep  2250 | Step 1,080,000/2,000,000 | 51 sps] R=-12402.0 C=1333 Safe=30.63% SAI=1.000 Jain=0.982 PeakMF=0.598
[Ep  1850 | Step   888,000/2,000,000 | 42 sps] R=-9650.8 C= 481 Safe=39.17% SAI=1.000 Jain=0.968 PeakMF=0.584
[Ep  4100 | Step 1,968,000/2,000,000 | 101 sps] R=-7278.3 C=   0 Safe=100.00% SAI=1.000 Jain=1.000 PeakMF=0.470
[Ep  3900 | Step 1,872,000/2,000,000 | 96 sps] R=-7278.3 C=   0 Safe=100.00% SAI=1.000 Jain=1.000 PeakMF=0.470
[Ep  2350 | Step 1,128,000/2,000,000 | 50 sps] R=-11917.7 C=1232 Safe=31.87% SAI=1.000 Jain=0.984 PeakMF=0.583
[Ep  4150 | Step 1,992,000/2,000,000 | 101 sps] R=-7278.3 C=   0 Safe=100.00% SAI=1.000 Jain=1.000 PeakMF=0.470
[Ep  2000 | Step   960,000/2,000,000 | 47 sps] R=-12113.4 C=1280 Safe=37.92% SAI=1.000 Jain=0.998 PeakMF=0.579
[Ep  3950 | Step 1,896,000/2,000,000 | 96 sps] R=-7278.3 C=   0 Safe=100.00% SAI=1.000 Jain=1.000 PeakMF=0.470

============================================================
Training complete: 4167 episodes, 2,000,160 steps
Best reward: -7277.0
Wall time: 5.51 hours
Checkpoint: checkpoints/shielded_mappo/seed_1/checkpoint_final.pt
============================================================
[42/50] shielded_mappo seed=1 DONE
Using device: cuda
2026-05-03 22:57:56 | hcmarl.utils | INFO | HIGH determinism: cudnn.deterministic=True, torch.use_deterministic_algorithms(True), matmul=highest, CUBLAS_WORKSPACE_CONFIG=:4096:8 (EXP3-Part-1-equivalent reproducibility)
2026-05-03 22:57:56 | hcmarl.utils | INFO | HIGH determinism: cudnn.deterministic=True, torch.use_deterministic_algorithms(True), matmul=highest, CUBLAS_WORKSPACE_CONFIG=:4096:8 (EXP3-Part-1-equivalent reproducibility)
============================================================
HC-MARL Training: Shielded-MAPPO (MAPPO + static-threshold task-refusal shield)
Seed: 2 | Device: cuda | Workers: 6
Total steps: 2,000,000 | Eval every: 50,000
Checkpoint dir: checkpoints/shielded_mappo/seed_2
============================================================
[Ep  2300 | Step 1,104,000/2,000,000 | 51 sps] R=-12338.5 C=1353 Safe=32.08% SAI=1.000 Jain=0.982 PeakMF=0.591
[Ep  1900 | Step   912,000/2,000,000 | 42 sps] R=-10090.1 C= 547 Safe=33.12% SAI=1.000 Jain=0.969 PeakMF=0.575
[Ep  4000 | Step 1,920,000/2,000,000 | 96 sps] R=-7278.3 C=   0 Safe=100.00% SAI=1.000 Jain=1.000 PeakMF=0.470
[Ep  2400 | Step 1,152,000/2,000,000 | 50 sps] R=-12297.7 C=1252 Safe=33.12% SAI=1.000 Jain=0.984 PeakMF=0.575
[Ep    50 | Step    24,000/2,000,000 | 84 sps] R=-8171.5 C=   0 Safe=100.00% SAI=1.000 Jain=1.000 PeakMF=0.502
[Ep  2050 | Step   984,000/2,000,000 | 47 sps] R=-11625.3 C=1153 Safe=42.92% SAI=1.000 Jain=0.998 PeakMF=0.573
[Ep  4050 | Step 1,944,000/2,000,000 | 96 sps] R=-7278.3 C=   0 Safe=100.00% SAI=1.000 Jain=1.000 PeakMF=0.470
[Ep   100 | Step    48,000/2,000,000 | 89 sps] R=-7296.1 C=   0 Safe=100.00% SAI=1.000 Jain=1.000 PeakMF=0.480
[Ep  1950 | Step   936,000/2,000,000 | 42 sps] R=-10044.2 C= 562 Safe=46.25% SAI=1.000 Jain=0.968 PeakMF=0.574
[Ep  2350 | Step 1,128,000/2,000,000 | 51 sps] R=-12388.6 C=1367 Safe=30.00% SAI=1.000 Jain=0.982 PeakMF=0.592
[Ep  2450 | Step 1,176,000/2,000,000 | 50 sps] R=-11686.1 C=1190 Safe=43.33% SAI=1.000 Jain=0.984 PeakMF=0.577
[Ep  4100 | Step 1,968,000/2,000,000 | 96 sps] R=-7278.3 C=   0 Safe=100.00% SAI=1.000 Jain=1.000 PeakMF=0.470
[Ep   150 | Step    72,000/2,000,000 | 91 sps] R=-7278.3 C=   0 Safe=100.00% SAI=1.000 Jain=1.000 PeakMF=0.470
[Ep  2100 | Step 1,008,000/2,000,000 | 47 sps] R=-11070.1 C=1119 Safe=49.38% SAI=1.000 Jain=0.997 PeakMF=0.568
[Ep  4150 | Step 1,992,000/2,000,000 | 96 sps] R=-7278.3 C=   0 Safe=100.00% SAI=1.000 Jain=1.000 PeakMF=0.470
[Ep   200 | Step    96,000/2,000,000 | 92 sps] R=-7278.3 C=   0 Safe=100.00% SAI=1.000 Jain=1.000 PeakMF=0.470

============================================================
Training complete: 4167 episodes, 2,000,160 steps
Best reward: -7269.2
Wall time: 5.81 hours
Checkpoint: checkpoints/shielded_mappo/seed_0/checkpoint_final.pt
============================================================
[41/50] shielded_mappo seed=0 DONE
Using device: cuda
2026-05-03 23:15:27 | hcmarl.utils | INFO | HIGH determinism: cudnn.deterministic=True, torch.use_deterministic_algorithms(True), matmul=highest, CUBLAS_WORKSPACE_CONFIG=:4096:8 (EXP3-Part-1-equivalent reproducibility)
2026-05-03 23:15:27 | hcmarl.utils | INFO | HIGH determinism: cudnn.deterministic=True, torch.use_deterministic_algorithms(True), matmul=highest, CUBLAS_WORKSPACE_CONFIG=:4096:8 (EXP3-Part-1-equivalent reproducibility)
============================================================
HC-MARL Training: Shielded-MAPPO (MAPPO + static-threshold task-refusal shield)
Seed: 3 | Device: cuda | Workers: 6
Total steps: 2,000,000 | Eval every: 50,000
Checkpoint dir: checkpoints/shielded_mappo/seed_3
============================================================
[Ep  2400 | Step 1,152,000/2,000,000 | 51 sps] R=-13029.9 C=1377 Safe=31.67% SAI=1.000 Jain=0.982 PeakMF=0.592
[Ep  2000 | Step   960,000/2,000,000 | 43 sps] R=-10505.6 C= 664 Safe=33.75% SAI=1.000 Jain=0.967 PeakMF=0.577
[Ep  2500 | Step 1,200,000/2,000,000 | 50 sps] R=-11940.2 C=1219 Safe=37.92% SAI=1.000 Jain=0.983 PeakMF=0.580
[Ep   250 | Step   120,000/2,000,000 | 93 sps] R=-7278.3 C=   0 Safe=100.00% SAI=1.000 Jain=1.000 PeakMF=0.470
[Ep    50 | Step    24,000/2,000,000 | 85 sps] R=-7969.5 C=   0 Safe=100.00% SAI=1.000 Jain=1.000 PeakMF=0.533
[Ep  2150 | Step 1,032,000/2,000,000 | 47 sps] R=-12169.3 C=1364 Safe=40.42% SAI=1.000 Jain=0.999 PeakMF=0.576
[Ep   300 | Step   144,000/2,000,000 | 94 sps] R=-7278.3 C=   0 Safe=100.00% SAI=1.000 Jain=1.000 PeakMF=0.470
[Ep  2450 | Step 1,176,000/2,000,000 | 51 sps] R=-12791.2 C=1395 Safe=29.17% SAI=1.000 Jain=0.981 PeakMF=0.600
[Ep  2050 | Step   984,000/2,000,000 | 43 sps] R=-10388.4 C= 637 Safe=42.71% SAI=1.000 Jain=0.967 PeakMF=0.581
[Ep   100 | Step    48,000/2,000,000 | 90 sps] R=-7569.4 C=   0 Safe=100.00% SAI=1.000 Jain=1.000 PeakMF=0.541
[Ep  2550 | Step 1,224,000/2,000,000 | 50 sps] R=-11455.1 C=1154 Safe=43.54% SAI=1.000 Jain=0.984 PeakMF=0.570
[Ep   350 | Step   168,000/2,000,000 | 95 sps] R=-7278.3 C=   0 Safe=100.00% SAI=1.000 Jain=1.000 PeakMF=0.470
[Ep   150 | Step    72,000/2,000,000 | 92 sps] R=-7238.6 C=   0 Safe=100.00% SAI=1.000 Jain=1.000 PeakMF=0.489
[Ep  2200 | Step 1,056,000/2,000,000 | 47 sps] R=-11471.2 C=1234 Safe=40.62% SAI=1.000 Jain=0.999 PeakMF=0.579
[Ep   400 | Step   192,000/2,000,000 | 95 sps] R=-7278.3 C=   0 Safe=100.00% SAI=1.000 Jain=1.000 PeakMF=0.470
[Ep  2100 | Step 1,008,000/2,000,000 | 43 sps] R=-9862.5 C= 515 Safe=42.71% SAI=1.000 Jain=0.968 PeakMF=0.581
[Ep  2500 | Step 1,200,000/2,000,000 | 51 sps] R=-12297.8 C=1362 Safe=30.63% SAI=1.000 Jain=0.982 PeakMF=0.590
[Ep   200 | Step    96,000/2,000,000 | 94 sps] R=-7217.5 C=   0 Safe=100.00% SAI=1.000 Jain=1.000 PeakMF=0.404
[Ep  2600 | Step 1,248,000/2,000,000 | 50 sps] R=-12386.7 C=1290 Safe=28.12% SAI=1.000 Jain=0.984 PeakMF=0.571
[Ep   450 | Step   216,000/2,000,000 | 95 sps] R=-7278.3 C=   0 Safe=100.00% SAI=1.000 Jain=1.000 PeakMF=0.470
[Ep   250 | Step   120,000/2,000,000 | 95 sps] R=-7217.5 C=   0 Safe=100.00% SAI=1.000 Jain=1.000 PeakMF=0.404
[Ep  2250 | Step 1,080,000/2,000,000 | 47 sps] R=-11425.7 C=1174 Safe=44.38% SAI=1.000 Jain=0.998 PeakMF=0.578
[Ep   500 | Step   240,000/2,000,000 | 95 sps] R=-7278.3 C=   0 Safe=100.00% SAI=1.000 Jain=1.000 PeakMF=0.470
[Ep  2550 | Step 1,224,000/2,000,000 | 51 sps] R=-12458.0 C=1395 Safe=30.00% SAI=1.000 Jain=0.981 PeakMF=0.592
[Ep  2150 | Step 1,032,000/2,000,000 | 43 sps] R=-10116.3 C= 559 Safe=37.71% SAI=1.000 Jain=0.967 PeakMF=0.578
[Ep   300 | Step   144,000/2,000,000 | 95 sps] R=-7217.5 C=   0 Safe=100.00% SAI=1.000 Jain=1.000 PeakMF=0.404
[Ep  2650 | Step 1,272,000/2,000,000 | 50 sps] R=-11922.4 C=1240 Safe=38.96% SAI=1.000 Jain=0.984 PeakMF=0.585
[Ep   550 | Step   264,000/2,000,000 | 95 sps] R=-7278.3 C=   0 Safe=100.00% SAI=1.000 Jain=1.000 PeakMF=0.470
[Ep   350 | Step   168,000/2,000,000 | 96 sps] R=-7217.5 C=   0 Safe=100.00% SAI=1.000 Jain=1.000 PeakMF=0.404
[Ep  2300 | Step 1,104,000/2,000,000 | 48 sps] R=-11763.0 C=1303 Safe=46.88% SAI=1.000 Jain=0.999 PeakMF=0.574
[Ep   600 | Step   288,000/2,000,000 | 95 sps] R=-7278.3 C=   0 Safe=100.00% SAI=1.000 Jain=1.000 PeakMF=0.470
[Ep  2600 | Step 1,248,000/2,000,000 | 51 sps] R=-12505.3 C=1391 Safe=30.63% SAI=1.000 Jain=0.981 PeakMF=0.595
[Ep  2200 | Step 1,056,000/2,000,000 | 43 sps] R=-10037.0 C= 553 Safe=41.25% SAI=1.000 Jain=0.967 PeakMF=0.584
[Ep   400 | Step   192,000/2,000,000 | 96 sps] R=-7217.5 C=   0 Safe=100.00% SAI=1.000 Jain=1.000 PeakMF=0.404
[Ep  2700 | Step 1,296,000/2,000,000 | 50 sps] R=-11824.8 C=1215 Safe=33.75% SAI=1.000 Jain=0.984 PeakMF=0.585
[Ep   650 | Step   312,000/2,000,000 | 95 sps] R=-7278.3 C=   0 Safe=100.00% SAI=1.000 Jain=1.000 PeakMF=0.470
[Ep   450 | Step   216,000/2,000,000 | 96 sps] R=-7217.5 C=   0 Safe=100.00% SAI=1.000 Jain=1.000 PeakMF=0.404
[Ep  2350 | Step 1,128,000/2,000,000 | 48 sps] R=-12785.7 C=1495 Safe=29.58% SAI=1.000 Jain=0.999 PeakMF=0.576
[Ep   700 | Step   336,000/2,000,000 | 96 sps] R=-7278.3 C=   0 Safe=100.00% SAI=1.000 Jain=1.000 PeakMF=0.470
[Ep  2650 | Step 1,272,000/2,000,000 | 51 sps] R=-12627.6 C=1395 Safe=30.83% SAI=1.000 Jain=0.981 PeakMF=0.591
[Ep  2250 | Step 1,080,000/2,000,000 | 43 sps] R=-9870.1 C= 532 Safe=39.17% SAI=1.000 Jain=0.967 PeakMF=0.578
[Ep   500 | Step   240,000/2,000,000 | 96 sps] R=-7217.5 C=   0 Safe=100.00% SAI=1.000 Jain=1.000 PeakMF=0.404
[Ep  2750 | Step 1,320,000/2,000,000 | 50 sps] R=-11774.2 C=1228 Safe=33.75% SAI=1.000 Jain=0.983 PeakMF=0.589
[Ep   750 | Step   360,000/2,000,000 | 96 sps] R=-7278.3 C=   0 Safe=100.00% SAI=1.000 Jain=1.000 PeakMF=0.470
[Ep   550 | Step   264,000/2,000,000 | 97 sps] R=-7217.5 C=   0 Safe=100.00% SAI=1.000 Jain=1.000 PeakMF=0.404
[Ep  2400 | Step 1,152,000/2,000,000 | 48 sps] R=-12279.0 C=1417 Safe=45.42% SAI=1.000 Jain=1.000 PeakMF=0.575
[Ep   800 | Step   384,000/2,000,000 | 96 sps] R=-7278.3 C=   0 Safe=100.00% SAI=1.000 Jain=1.000 PeakMF=0.470
[Ep  2300 | Step 1,104,000/2,000,000 | 43 sps] R=-10071.1 C= 567 Safe=41.67% SAI=1.000 Jain=0.968 PeakMF=0.579
[Ep  2700 | Step 1,296,000/2,000,000 | 51 sps] R=-13042.7 C=1444 Safe=30.42% SAI=1.000 Jain=0.981 PeakMF=0.596
[Ep   600 | Step   288,000/2,000,000 | 97 sps] R=-7217.5 C=   0 Safe=100.00% SAI=1.000 Jain=1.000 PeakMF=0.404
[Ep  2800 | Step 1,344,000/2,000,000 | 50 sps] R=-12763.8 C=1269 Safe=31.46% SAI=1.000 Jain=0.983 PeakMF=0.589
[Ep   850 | Step   408,000/2,000,000 | 96 sps] R=-7278.3 C=   0 Safe=100.00% SAI=1.000 Jain=1.000 PeakMF=0.470
[Ep   650 | Step   312,000/2,000,000 | 97 sps] R=-7217.5 C=   0 Safe=100.00% SAI=1.000 Jain=1.000 PeakMF=0.404
[Ep  2450 | Step 1,176,000/2,000,000 | 48 sps] R=-12270.4 C=1431 Safe=40.42% SAI=1.000 Jain=1.000 PeakMF=0.577
[Ep   900 | Step   432,000/2,000,000 | 96 sps] R=-7278.3 C=   0 Safe=100.00% SAI=1.000 Jain=1.000 PeakMF=0.470
[Ep  2350 | Step 1,128,000/2,000,000 | 43 sps] R=-10001.1 C= 542 Safe=36.67% SAI=1.000 Jain=0.967 PeakMF=0.588
[Ep  2750 | Step 1,320,000/2,000,000 | 50 sps] R=-12700.6 C=1436 Safe=31.04% SAI=1.000 Jain=0.981 PeakMF=0.598
[Ep   700 | Step   336,000/2,000,000 | 97 sps] R=-7217.5 C=   0 Safe=100.00% SAI=1.000 Jain=1.000 PeakMF=0.404
[Ep  2850 | Step 1,368,000/2,000,000 | 50 sps] R=-12466.2 C=1319 Safe=27.50% SAI=1.000 Jain=0.982 PeakMF=0.596
[Ep   750 | Step   360,000/2,000,000 | 97 sps] R=-7217.5 C=   0 Safe=100.00% SAI=1.000 Jain=1.000 PeakMF=0.404
[Ep   950 | Step   456,000/2,000,000 | 96 sps] R=-7278.3 C=   0 Safe=100.00% SAI=1.000 Jain=1.000 PeakMF=0.470
[Ep  2500 | Step 1,200,000/2,000,000 | 48 sps] R=-12034.6 C=1381 Safe=46.04% SAI=1.000 Jain=1.000 PeakMF=0.576
[Ep   800 | Step   384,000/2,000,000 | 97 sps] R=-7217.5 C=   0 Safe=100.00% SAI=1.000 Jain=1.000 PeakMF=0.404
[Ep  2800 | Step 1,344,000/2,000,000 | 50 sps] R=-12699.6 C=1440 Safe=30.00% SAI=1.000 Jain=0.981 PeakMF=0.594
[Ep  1000 | Step   480,000/2,000,000 | 96 sps] R=-7278.3 C=   0 Safe=100.00% SAI=1.000 Jain=1.000 PeakMF=0.470
[Ep  2400 | Step 1,152,000/2,000,000 | 44 sps] R=-10490.4 C= 660 Safe=33.75% SAI=1.000 Jain=0.967 PeakMF=0.583
[Ep  2900 | Step 1,392,000/2,000,000 | 50 sps] R=-12441.9 C=1320 Safe=29.38% SAI=1.000 Jain=0.982 PeakMF=0.591
[Ep   850 | Step   408,000/2,000,000 | 98 sps] R=-7217.5 C=   0 Safe=100.00% SAI=1.000 Jain=1.000 PeakMF=0.404
[Ep  1050 | Step   504,000/2,000,000 | 96 sps] R=-7278.3 C=   0 Safe=100.00% SAI=1.000 Jain=1.000 PeakMF=0.470
[Ep  2550 | Step 1,224,000/2,000,000 | 48 sps] R=-11967.2 C=1369 Safe=43.12% SAI=1.000 Jain=1.000 PeakMF=0.573
[Ep   900 | Step   432,000/2,000,000 | 98 sps] R=-7217.5 C=   0 Safe=100.00% SAI=1.000 Jain=1.000 PeakMF=0.404
[Ep  2850 | Step 1,368,000/2,000,000 | 50 sps] R=-12599.7 C=1431 Safe=31.25% SAI=1.000 Jain=0.981 PeakMF=0.597
[Ep  1100 | Step   528,000/2,000,000 | 96 sps] R=-7278.3 C=   0 Safe=100.00% SAI=1.000 Jain=1.000 PeakMF=0.470
[Ep  2450 | Step 1,176,000/2,000,000 | 44 sps] R=-10102.5 C= 562 Safe=31.25% SAI=1.000 Jain=0.966 PeakMF=0.588
[Ep  2950 | Step 1,416,000/2,000,000 | 50 sps] R=-13061.1 C=1348 Safe=29.79% SAI=1.000 Jain=0.982 PeakMF=0.597
[Ep   950 | Step   456,000/2,000,000 | 98 sps] R=-7217.5 C=   0 Safe=100.00% SAI=1.000 Jain=1.000 PeakMF=0.404
[Ep  1150 | Step   552,000/2,000,000 | 96 sps] R=-7278.3 C=   0 Safe=100.00% SAI=1.000 Jain=1.000 PeakMF=0.470
[Ep  2600 | Step 1,248,000/2,000,000 | 48 sps] R=-12610.7 C=1448 Safe=32.08% SAI=1.000 Jain=1.000 PeakMF=0.571
[Ep  1000 | Step   480,000/2,000,000 | 98 sps] R=-7217.5 C=   0 Safe=100.00% SAI=1.000 Jain=1.000 PeakMF=0.404
[Ep  2900 | Step 1,392,000/2,000,000 | 50 sps] R=-12639.7 C=1429 Safe=31.25% SAI=1.000 Jain=0.981 PeakMF=0.596
[Ep  1200 | Step   576,000/2,000,000 | 96 sps] R=-7278.3 C=   0 Safe=100.00% SAI=1.000 Jain=1.000 PeakMF=0.470
[Ep  2500 | Step 1,200,000/2,000,000 | 44 sps] R=-10052.0 C= 570 Safe=37.50% SAI=1.000 Jain=0.968 PeakMF=0.573
[Ep  3000 | Step 1,440,000/2,000,000 | 50 sps] R=-12313.3 C=1348 Safe=30.42% SAI=1.000 Jain=0.982 PeakMF=0.596
[Ep  1050 | Step   504,000/2,000,000 | 98 sps] R=-7217.5 C=   0 Safe=100.00% SAI=1.000 Jain=1.000 PeakMF=0.404
[Ep  1250 | Step   600,000/2,000,000 | 96 sps] R=-7278.3 C=   0 Safe=100.00% SAI=1.000 Jain=1.000 PeakMF=0.470
[Ep  2650 | Step 1,272,000/2,000,000 | 48 sps] R=-12529.5 C=1395 Safe=45.42% SAI=1.000 Jain=1.000 PeakMF=0.576
[Ep  1100 | Step   528,000/2,000,000 | 98 sps] R=-7217.5 C=   0 Safe=100.00% SAI=1.000 Jain=1.000 PeakMF=0.404
[Ep  2950 | Step 1,416,000/2,000,000 | 50 sps] R=-12728.9 C=1442 Safe=29.58% SAI=1.000 Jain=0.981 PeakMF=0.593
[Ep  2550 | Step 1,224,000/2,000,000 | 44 sps] R=-9989.5 C= 559 Safe=30.83% SAI=1.000 Jain=0.965 PeakMF=0.597
[Ep  1300 | Step   624,000/2,000,000 | 96 sps] R=-7278.3 C=   0 Safe=100.00% SAI=1.000 Jain=1.000 PeakMF=0.470
[Ep  3050 | Step 1,464,000/2,000,000 | 50 sps] R=-12375.7 C=1352 Safe=29.17% SAI=1.000 Jain=0.982 PeakMF=0.599
[Ep  1150 | Step   552,000/2,000,000 | 98 sps] R=-7217.5 C=   0 Safe=100.00% SAI=1.000 Jain=1.000 PeakMF=0.404
[Ep  1350 | Step   648,000/2,000,000 | 96 sps] R=-7278.3 C=   0 Safe=100.00% SAI=1.000 Jain=1.000 PeakMF=0.470
[Ep  2700 | Step 1,296,000/2,000,000 | 48 sps] R=-12338.8 C=1409 Safe=40.83% SAI=1.000 Jain=1.000 PeakMF=0.576
[Ep  1200 | Step   576,000/2,000,000 | 98 sps] R=-7217.5 C=   0 Safe=100.00% SAI=1.000 Jain=1.000 PeakMF=0.404
[Ep  3000 | Step 1,440,000/2,000,000 | 50 sps] R=-12582.0 C=1423 Safe=31.87% SAI=1.000 Jain=0.981 PeakMF=0.596
[Ep  2600 | Step 1,248,000/2,000,000 | 44 sps] R=-10512.1 C= 654 Safe=22.08% SAI=1.000 Jain=0.965 PeakMF=0.597
[Ep  1400 | Step   672,000/2,000,000 | 96 sps] R=-7278.3 C=   0 Safe=100.00% SAI=1.000 Jain=1.000 PeakMF=0.470
[Ep  3100 | Step 1,488,000/2,000,000 | 50 sps] R=-12473.1 C=1363 Safe=28.33% SAI=1.000 Jain=0.982 PeakMF=0.596
[Ep  1250 | Step   600,000/2,000,000 | 98 sps] R=-7217.5 C=   0 Safe=100.00% SAI=1.000 Jain=1.000 PeakMF=0.404
[Ep  1450 | Step   696,000/2,000,000 | 96 sps] R=-7278.3 C=   0 Safe=100.00% SAI=1.000 Jain=1.000 PeakMF=0.470
[Ep  2750 | Step 1,320,000/2,000,000 | 48 sps] R=-12244.8 C=1412 Safe=41.25% SAI=1.000 Jain=1.000 PeakMF=0.576
[Ep  1300 | Step   624,000/2,000,000 | 98 sps] R=-7217.5 C=   0 Safe=100.00% SAI=1.000 Jain=1.000 PeakMF=0.404
[Ep  3050 | Step 1,464,000/2,000,000 | 50 sps] R=-12775.9 C=1433 Safe=31.46% SAI=1.000 Jain=0.981 PeakMF=0.592
[Ep  2650 | Step 1,272,000/2,000,000 | 44 sps] R=-10129.5 C= 580 Safe=31.46% SAI=1.000 Jain=0.965 PeakMF=0.594
[Ep  1500 | Step   720,000/2,000,000 | 96 sps] R=-7278.3 C=   0 Safe=100.00% SAI=1.000 Jain=1.000 PeakMF=0.470
[Ep  3150 | Step 1,512,000/2,000,000 | 50 sps] R=-12349.2 C=1356 Safe=28.75% SAI=1.000 Jain=0.982 PeakMF=0.592
[Ep  1350 | Step   648,000/2,000,000 | 98 sps] R=-7217.5 C=   0 Safe=100.00% SAI=1.000 Jain=1.000 PeakMF=0.404
[Ep  1550 | Step   744,000/2,000,000 | 96 sps] R=-7278.3 C=   0 Safe=100.00% SAI=1.000 Jain=1.000 PeakMF=0.470
[Ep  2800 | Step 1,344,000/2,000,000 | 48 sps] R=-12137.3 C=1403 Safe=38.33% SAI=1.000 Jain=1.000 PeakMF=0.575
[Ep  1400 | Step   672,000/2,000,000 | 98 sps] R=-7217.5 C=   0 Safe=100.00% SAI=1.000 Jain=1.000 PeakMF=0.404
[Ep  3100 | Step 1,488,000/2,000,000 | 50 sps] R=-12754.0 C=1424 Safe=31.67% SAI=1.000 Jain=0.981 PeakMF=0.598
[Ep  2700 | Step 1,296,000/2,000,000 | 44 sps] R=-10382.4 C= 631 Safe=30.42% SAI=1.000 Jain=0.964 PeakMF=0.596
[Ep  1600 | Step   768,000/2,000,000 | 96 sps] R=-7278.3 C=   0 Safe=100.00% SAI=1.000 Jain=1.000 PeakMF=0.470
[Ep  3200 | Step 1,536,000/2,000,000 | 50 sps] R=-12399.4 C=1343 Safe=29.79% SAI=1.000 Jain=0.982 PeakMF=0.598
[Ep  1450 | Step   696,000/2,000,000 | 98 sps] R=-7217.5 C=   0 Safe=100.00% SAI=1.000 Jain=1.000 PeakMF=0.404
[Ep  1650 | Step   792,000/2,000,000 | 96 sps] R=-7278.3 C=   0 Safe=100.00% SAI=1.000 Jain=1.000 PeakMF=0.470
[Ep  2850 | Step 1,368,000/2,000,000 | 48 sps] R=-12411.8 C=1444 Safe=31.46% SAI=1.000 Jain=1.000 PeakMF=0.587
[Ep  1500 | Step   720,000/2,000,000 | 98 sps] R=-7217.5 C=   0 Safe=100.00% SAI=1.000 Jain=1.000 PeakMF=0.404
[Ep  3150 | Step 1,512,000/2,000,000 | 50 sps] R=-12918.2 C=1442 Safe=29.79% SAI=1.000 Jain=0.981 PeakMF=0.596
[Ep  2750 | Step 1,320,000/2,000,000 | 44 sps] R=-10195.5 C= 574 Safe=31.87% SAI=1.000 Jain=0.964 PeakMF=0.597
[Ep  1700 | Step   816,000/2,000,000 | 96 sps] R=-7278.3 C=   0 Safe=100.00% SAI=1.000 Jain=1.000 PeakMF=0.470
[Ep  3250 | Step 1,560,000/2,000,000 | 50 sps] R=-12205.4 C=1330 Safe=31.46% SAI=1.000 Jain=0.982 PeakMF=0.594
[Ep  1550 | Step   744,000/2,000,000 | 98 sps] R=-7217.5 C=   0 Safe=100.00% SAI=1.000 Jain=1.000 PeakMF=0.404
[Ep  1750 | Step   840,000/2,000,000 | 97 sps] R=-7278.3 C=   0 Safe=100.00% SAI=1.000 Jain=1.000 PeakMF=0.470
[Ep  2900 | Step 1,392,000/2,000,000 | 48 sps] R=-12414.3 C=1451 Safe=34.17% SAI=1.000 Jain=0.999 PeakMF=0.591
[Ep  3200 | Step 1,536,000/2,000,000 | 50 sps] R=-12818.0 C=1428 Safe=31.46% SAI=1.000 Jain=0.981 PeakMF=0.597
[Ep  2800 | Step 1,344,000/2,000,000 | 44 sps] R=-10429.8 C= 657 Safe=28.75% SAI=1.000 Jain=0.964 PeakMF=0.591
[Ep  1800 | Step   864,000/2,000,000 | 97 sps] R=-7278.3 C=   0 Safe=100.00% SAI=1.000 Jain=1.000 PeakMF=0.470
[Ep  1600 | Step   768,000/2,000,000 | 97 sps] R=-7217.5 C=   0 Safe=100.00% SAI=1.000 Jain=1.000 PeakMF=0.404
[Ep  3300 | Step 1,584,000/2,000,000 | 50 sps] R=-12254.2 C=1345 Safe=31.46% SAI=1.000 Jain=0.982 PeakMF=0.594
[Ep  1850 | Step   888,000/2,000,000 | 97 sps] R=-7278.3 C=   0 Safe=100.00% SAI=1.000 Jain=1.000 PeakMF=0.470
[Ep  1650 | Step   792,000/2,000,000 | 97 sps] R=-7217.5 C=   0 Safe=100.00% SAI=1.000 Jain=1.000 PeakMF=0.404
[Ep  2950 | Step 1,416,000/2,000,000 | 48 sps] R=-12330.6 C=1432 Safe=39.79% SAI=1.000 Jain=1.000 PeakMF=0.573
[Ep  3250 | Step 1,560,000/2,000,000 | 50 sps] R=-12838.6 C=1435 Safe=30.21% SAI=1.000 Jain=0.981 PeakMF=0.593
[Ep  2850 | Step 1,368,000/2,000,000 | 44 sps] R=-10473.7 C= 666 Safe=31.25% SAI=1.000 Jain=0.963 PeakMF=0.594
[Ep  1900 | Step   912,000/2,000,000 | 97 sps] R=-7278.3 C=   0 Safe=100.00% SAI=1.000 Jain=1.000 PeakMF=0.470
[Ep  1700 | Step   816,000/2,000,000 | 97 sps] R=-7217.5 C=   0 Safe=100.00% SAI=1.000 Jain=1.000 PeakMF=0.404
[Ep  3350 | Step 1,608,000/2,000,000 | 50 sps] R=-12630.8 C=1374 Safe=28.75% SAI=1.000 Jain=0.982 PeakMF=0.597
[Ep  1950 | Step   936,000/2,000,000 | 97 sps] R=-7278.3 C=   0 Safe=100.00% SAI=1.000 Jain=1.000 PeakMF=0.470
[Ep  1750 | Step   840,000/2,000,000 | 97 sps] R=-7245.5 C=   0 Safe=100.00% SAI=1.000 Jain=1.000 PeakMF=0.404
[Ep  3000 | Step 1,440,000/2,000,000 | 48 sps] R=-12492.3 C=1455 Safe=32.92% SAI=1.000 Jain=1.000 PeakMF=0.579
[Ep  3300 | Step 1,584,000/2,000,000 | 50 sps] R=-12624.6 C=1424 Safe=31.67% SAI=1.000 Jain=0.981 PeakMF=0.598
[Ep  2900 | Step 1,392,000/2,000,000 | 44 sps] R=-9988.3 C= 564 Safe=30.63% SAI=1.000 Jain=0.964 PeakMF=0.602
[Ep  2000 | Step   960,000/2,000,000 | 97 sps] R=-7278.3 C=   0 Safe=100.00% SAI=1.000 Jain=1.000 PeakMF=0.470
[Ep  1800 | Step   864,000/2,000,000 | 97 sps] R=-7217.5 C=   0 Safe=100.00% SAI=1.000 Jain=1.000 PeakMF=0.404
[Ep  3400 | Step 1,632,000/2,000,000 | 50 sps] R=-12516.8 C=1363 Safe=28.96% SAI=1.000 Jain=0.982 PeakMF=0.594
[Ep  2050 | Step   984,000/2,000,000 | 97 sps] R=-7278.3 C=   0 Safe=100.00% SAI=1.000 Jain=1.000 PeakMF=0.470
[Ep  1850 | Step   888,000/2,000,000 | 97 sps] R=-7217.5 C=   0 Safe=100.00% SAI=1.000 Jain=1.000 PeakMF=0.404
[Ep  3050 | Step 1,464,000/2,000,000 | 48 sps] R=-11972.0 C=1357 Safe=50.21% SAI=1.000 Jain=1.000 PeakMF=0.569
[Ep  3350 | Step 1,608,000/2,000,000 | 50 sps] R=-12778.7 C=1440 Safe=31.67% SAI=1.000 Jain=0.981 PeakMF=0.597
[Ep  2950 | Step 1,416,000/2,000,000 | 45 sps] R=-10091.3 C= 595 Safe=28.96% SAI=1.000 Jain=0.965 PeakMF=0.591
[Ep  1900 | Step   912,000/2,000,000 | 97 sps] R=-7217.5 C=   0 Safe=100.00% SAI=1.000 Jain=1.000 PeakMF=0.404
[Ep  2100 | Step 1,008,000/2,000,000 | 97 sps] R=-7278.3 C=   0 Safe=100.00% SAI=1.000 Jain=1.000 PeakMF=0.470
[Ep  3450 | Step 1,656,000/2,000,000 | 50 sps] R=-12672.5 C=1369 Safe=28.33% SAI=1.000 Jain=0.982 PeakMF=0.595
[Ep  2150 | Step 1,032,000/2,000,000 | 97 sps] R=-7278.3 C=   0 Safe=100.00% SAI=1.000 Jain=1.000 PeakMF=0.470
[Ep  1950 | Step   936,000/2,000,000 | 97 sps] R=-7217.5 C=   0 Safe=100.00% SAI=1.000 Jain=1.000 PeakMF=0.404
[Ep  3100 | Step 1,488,000/2,000,000 | 48 sps] R=-12071.3 C=1382 Safe=47.08% SAI=1.000 Jain=1.000 PeakMF=0.572
[Ep  3000 | Step 1,440,000/2,000,000 | 45 sps] R=-10358.5 C= 627 Safe=29.17% SAI=1.000 Jain=0.964 PeakMF=0.593
[Ep  3400 | Step 1,632,000/2,000,000 | 50 sps] R=-12792.1 C=1431 Safe=31.46% SAI=1.000 Jain=0.981 PeakMF=0.599
[Ep  2200 | Step 1,056,000/2,000,000 | 97 sps] R=-7278.3 C=   0 Safe=100.00% SAI=1.000 Jain=1.000 PeakMF=0.470
[Ep  2000 | Step   960,000/2,000,000 | 97 sps] R=-7217.5 C=   0 Safe=100.00% SAI=1.000 Jain=1.000 PeakMF=0.404
[Ep  3500 | Step 1,680,000/2,000,000 | 50 sps] R=-12589.5 C=1372 Safe=29.58% SAI=1.000 Jain=0.982 PeakMF=0.592
[Ep  2250 | Step 1,080,000/2,000,000 | 97 sps] R=-7278.3 C=   0 Safe=100.00% SAI=1.000 Jain=1.000 PeakMF=0.470
[Ep  2050 | Step   984,000/2,000,000 | 97 sps] R=-7217.5 C=   0 Safe=100.00% SAI=1.000 Jain=1.000 PeakMF=0.404
[Ep  3150 | Step 1,512,000/2,000,000 | 48 sps] R=-12176.7 C=1407 Safe=41.88% SAI=1.000 Jain=1.000 PeakMF=0.577
[Ep  3050 | Step 1,464,000/2,000,000 | 45 sps] R=-10276.1 C= 600 Safe=29.79% SAI=1.000 Jain=0.965 PeakMF=0.592
[Ep  3450 | Step 1,656,000/2,000,000 | 50 sps] R=-12870.0 C=1452 Safe=29.58% SAI=1.000 Jain=0.981 PeakMF=0.597
[Ep  2300 | Step 1,104,000/2,000,000 | 97 sps] R=-7278.3 C=   0 Safe=100.00% SAI=1.000 Jain=1.000 PeakMF=0.470
[Ep  2100 | Step 1,008,000/2,000,000 | 97 sps] R=-7217.5 C=   0 Safe=100.00% SAI=1.000 Jain=1.000 PeakMF=0.404
[Ep  3550 | Step 1,704,000/2,000,000 | 50 sps] R=-12541.5 C=1371 Safe=28.96% SAI=1.000 Jain=0.982 PeakMF=0.598
[Ep  2350 | Step 1,128,000/2,000,000 | 97 sps] R=-7278.3 C=   0 Safe=100.00% SAI=1.000 Jain=1.000 PeakMF=0.470
[Ep  3200 | Step 1,536,000/2,000,000 | 48 sps] R=-12090.8 C=1395 Safe=44.38% SAI=1.000 Jain=1.000 PeakMF=0.571
[Ep  2150 | Step 1,032,000/2,000,000 | 97 sps] R=-7217.5 C=   0 Safe=100.00% SAI=1.000 Jain=1.000 PeakMF=0.404
[Ep  3100 | Step 1,488,000/2,000,000 | 45 sps] R=-10405.6 C= 642 Safe=29.17% SAI=1.000 Jain=0.965 PeakMF=0.592
[Ep  3500 | Step 1,680,000/2,000,000 | 50 sps] R=-12906.1 C=1448 Safe=29.38% SAI=1.000 Jain=0.981 PeakMF=0.596
[Ep  2400 | Step 1,152,000/2,000,000 | 97 sps] R=-7278.3 C=   0 Safe=100.00% SAI=1.000 Jain=1.000 PeakMF=0.470
[Ep  2200 | Step 1,056,000/2,000,000 | 97 sps] R=-7217.5 C=   0 Safe=100.00% SAI=1.000 Jain=1.000 PeakMF=0.404
[Ep  3600 | Step 1,728,000/2,000,000 | 50 sps] R=-12351.9 C=1340 Safe=31.25% SAI=1.000 Jain=0.982 PeakMF=0.595
[Ep  2450 | Step 1,176,000/2,000,000 | 97 sps] R=-7278.3 C=   0 Safe=100.00% SAI=1.000 Jain=1.000 PeakMF=0.470
[Ep  3250 | Step 1,560,000/2,000,000 | 48 sps] R=-11834.7 C=1361 Safe=49.17% SAI=1.000 Jain=1.000 PeakMF=0.570
[Ep  2250 | Step 1,080,000/2,000,000 | 97 sps] R=-7217.5 C=   0 Safe=100.00% SAI=1.000 Jain=1.000 PeakMF=0.404
[Ep  3150 | Step 1,512,000/2,000,000 | 45 sps] R=-9967.1 C= 567 Safe=29.79% SAI=1.000 Jain=0.965 PeakMF=0.590
[Ep  3550 | Step 1,704,000/2,000,000 | 50 sps] R=-12823.0 C=1428 Safe=30.42% SAI=1.000 Jain=0.981 PeakMF=0.595
[Ep  2500 | Step 1,200,000/2,000,000 | 97 sps] R=-7278.3 C=   0 Safe=100.00% SAI=1.000 Jain=1.000 PeakMF=0.470
[Ep  2300 | Step 1,104,000/2,000,000 | 97 sps] R=-7217.5 C=   0 Safe=100.00% SAI=1.000 Jain=1.000 PeakMF=0.404
[Ep  3650 | Step 1,752,000/2,000,000 | 50 sps] R=-12345.9 C=1347 Safe=31.04% SAI=1.000 Jain=0.982 PeakMF=0.595
[Ep  2550 | Step 1,224,000/2,000,000 | 97 sps] R=-7278.3 C=   0 Safe=100.00% SAI=1.000 Jain=1.000 PeakMF=0.470
[Ep  3300 | Step 1,584,000/2,000,000 | 48 sps] R=-11965.2 C=1370 Safe=41.88% SAI=1.000 Jain=1.000 PeakMF=0.569
[Ep  2350 | Step 1,128,000/2,000,000 | 97 sps] R=-7217.5 C=   0 Safe=100.00% SAI=1.000 Jain=1.000 PeakMF=0.404
[Ep  3200 | Step 1,536,000/2,000,000 | 45 sps] R=-9989.0 C= 572 Safe=30.21% SAI=1.000 Jain=0.965 PeakMF=0.593
[Ep  3600 | Step 1,728,000/2,000,000 | 50 sps] R=-12562.8 C=1424 Safe=31.25% SAI=1.000 Jain=0.981 PeakMF=0.596
[Ep  2600 | Step 1,248,000/2,000,000 | 97 sps] R=-7278.3 C=   0 Safe=100.00% SAI=1.000 Jain=1.000 PeakMF=0.470
[Ep  2400 | Step 1,152,000/2,000,000 | 97 sps] R=-7217.5 C=   0 Safe=100.00% SAI=1.000 Jain=1.000 PeakMF=0.404
[Ep  3700 | Step 1,776,000/2,000,000 | 50 sps] R=-12544.8 C=1360 Safe=30.21% SAI=1.000 Jain=0.982 PeakMF=0.596
[Ep  2650 | Step 1,272,000/2,000,000 | 97 sps] R=-7278.3 C=   0 Safe=100.00% SAI=1.000 Jain=1.000 PeakMF=0.470
[Ep  3350 | Step 1,608,000/2,000,000 | 48 sps] R=-11955.8 C=1357 Safe=49.38% SAI=1.000 Jain=1.000 PeakMF=0.572
[Ep  2450 | Step 1,176,000/2,000,000 | 97 sps] R=-7217.5 C=   0 Safe=100.00% SAI=1.000 Jain=1.000 PeakMF=0.404
[Ep  3250 | Step 1,560,000/2,000,000 | 45 sps] R=-9959.0 C= 564 Safe=31.67% SAI=1.000 Jain=0.965 PeakMF=0.593
[Ep  3650 | Step 1,752,000/2,000,000 | 50 sps] R=-12654.5 C=1426 Safe=31.67% SAI=1.000 Jain=0.981 PeakMF=0.596
[Ep  2700 | Step 1,296,000/2,000,000 | 97 sps] R=-7278.3 C=   0 Safe=100.00% SAI=1.000 Jain=1.000 PeakMF=0.470
[Ep  2500 | Step 1,200,000/2,000,000 | 97 sps] R=-7217.5 C=   0 Safe=100.00% SAI=1.000 Jain=1.000 PeakMF=0.404
[Ep  3750 | Step 1,800,000/2,000,000 | 50 sps] R=-12441.5 C=1360 Safe=29.17% SAI=1.000 Jain=0.982 PeakMF=0.601
[Ep  2750 | Step 1,320,000/2,000,000 | 97 sps] R=-7278.3 C=   0 Safe=100.00% SAI=1.000 Jain=1.000 PeakMF=0.470
[Ep  2550 | Step 1,224,000/2,000,000 | 97 sps] R=-7217.5 C=   0 Safe=100.00% SAI=1.000 Jain=1.000 PeakMF=0.404
[Ep  3400 | Step 1,632,000/2,000,000 | 48 sps] R=-11898.6 C=1365 Safe=46.25% SAI=1.000 Jain=1.000 PeakMF=0.571
[Ep  3300 | Step 1,584,000/2,000,000 | 45 sps] R=-10005.9 C= 579 Safe=31.25% SAI=1.000 Jain=0.965 PeakMF=0.590
[Ep  3700 | Step 1,776,000/2,000,000 | 50 sps] R=-12693.4 C=1429 Safe=31.46% SAI=1.000 Jain=0.981 PeakMF=0.596
[Ep  2800 | Step 1,344,000/2,000,000 | 97 sps] R=-7278.3 C=   0 Safe=100.00% SAI=1.000 Jain=1.000 PeakMF=0.470
[Ep  2600 | Step 1,248,000/2,000,000 | 97 sps] R=-7217.5 C=   0 Safe=100.00% SAI=1.000 Jain=1.000 PeakMF=0.404
[Ep  3800 | Step 1,824,000/2,000,000 | 50 sps] R=-12302.0 C=1360 Safe=30.83% SAI=1.000 Jain=0.982 PeakMF=0.595
[Ep  2850 | Step 1,368,000/2,000,000 | 97 sps] R=-7278.3 C=   0 Safe=100.00% SAI=1.000 Jain=1.000 PeakMF=0.470
[Ep  2650 | Step 1,272,000/2,000,000 | 97 sps] R=-7217.5 C=   0 Safe=100.00% SAI=1.000 Jain=1.000 PeakMF=0.404
[Ep  3450 | Step 1,656,000/2,000,000 | 48 sps] R=-11801.8 C=1344 Safe=48.96% SAI=1.000 Jain=1.000 PeakMF=0.570
[Ep  3350 | Step 1,608,000/2,000,000 | 45 sps] R=-9938.8 C= 567 Safe=31.67% SAI=1.000 Jain=0.965 PeakMF=0.594
[Ep  3750 | Step 1,800,000/2,000,000 | 50 sps] R=-12739.3 C=1427 Safe=31.25% SAI=1.000 Jain=0.981 PeakMF=0.596
[Ep  2900 | Step 1,392,000/2,000,000 | 97 sps] R=-7278.3 C=   0 Safe=100.00% SAI=1.000 Jain=1.000 PeakMF=0.470
[Ep  2700 | Step 1,296,000/2,000,000 | 97 sps] R=-7217.5 C=   0 Safe=100.00% SAI=1.000 Jain=1.000 PeakMF=0.404
[Ep  3850 | Step 1,848,000/2,000,000 | 50 sps] R=-12483.9 C=1352 Safe=30.21% SAI=1.000 Jain=0.982 PeakMF=0.597
[Ep  2950 | Step 1,416,000/2,000,000 | 97 sps] R=-7278.3 C=   0 Safe=100.00% SAI=1.000 Jain=1.000 PeakMF=0.470
[Ep  2750 | Step 1,320,000/2,000,000 | 97 sps] R=-7217.5 C=   0 Safe=100.00% SAI=1.000 Jain=1.000 PeakMF=0.404
[Ep  3500 | Step 1,680,000/2,000,000 | 48 sps] R=-12274.0 C=1430 Safe=36.04% SAI=1.000 Jain=0.999 PeakMF=0.588
[Ep  3400 | Step 1,632,000/2,000,000 | 45 sps] R=-9944.2 C= 562 Safe=31.87% SAI=1.000 Jain=0.965 PeakMF=0.590
[Ep  3800 | Step 1,824,000/2,000,000 | 50 sps] R=-12752.7 C=1441 Safe=31.25% SAI=1.000 Jain=0.981 PeakMF=0.595
[Ep  3000 | Step 1,440,000/2,000,000 | 97 sps] R=-7278.3 C=   0 Safe=100.00% SAI=1.000 Jain=1.000 PeakMF=0.470
[Ep  2800 | Step 1,344,000/2,000,000 | 97 sps] R=-7217.5 C=   0 Safe=100.00% SAI=1.000 Jain=1.000 PeakMF=0.404
[Ep  3900 | Step 1,872,000/2,000,000 | 50 sps] R=-12497.6 C=1361 Safe=30.83% SAI=1.000 Jain=0.982 PeakMF=0.594
[Ep  3050 | Step 1,464,000/2,000,000 | 97 sps] R=-7278.3 C=   0 Safe=100.00% SAI=1.000 Jain=1.000 PeakMF=0.470
[Ep  2850 | Step 1,368,000/2,000,000 | 97 sps] R=-7217.5 C=   0 Safe=100.00% SAI=1.000 Jain=1.000 PeakMF=0.404
[Ep  3550 | Step 1,704,000/2,000,000 | 48 sps] R=-13130.5 C=1474 Safe=28.33% SAI=1.000 Jain=0.999 PeakMF=0.592
[Ep  3450 | Step 1,656,000/2,000,000 | 45 sps] R=-10024.1 C= 570 Safe=31.46% SAI=1.000 Jain=0.965 PeakMF=0.592
[Ep  3850 | Step 1,848,000/2,000,000 | 50 sps] R=-12495.8 C=1425 Safe=31.46% SAI=1.000 Jain=0.981 PeakMF=0.594
[Ep  3100 | Step 1,488,000/2,000,000 | 97 sps] R=-7278.3 C=   0 Safe=100.00% SAI=1.000 Jain=1.000 PeakMF=0.470
[Ep  2900 | Step 1,392,000/2,000,000 | 97 sps] R=-7217.5 C=   0 Safe=100.00% SAI=1.000 Jain=1.000 PeakMF=0.404
[Ep  3950 | Step 1,896,000/2,000,000 | 50 sps] R=-12364.2 C=1369 Safe=30.00% SAI=1.000 Jain=0.982 PeakMF=0.595
[Ep  3150 | Step 1,512,000/2,000,000 | 97 sps] R=-7278.3 C=   0 Safe=100.00% SAI=1.000 Jain=1.000 PeakMF=0.470
[Ep  2950 | Step 1,416,000/2,000,000 | 97 sps] R=-7217.5 C=   0 Safe=100.00% SAI=1.000 Jain=1.000 PeakMF=0.404
[Ep  3600 | Step 1,728,000/2,000,000 | 48 sps] R=-12617.6 C=1470 Safe=29.38% SAI=1.000 Jain=0.999 PeakMF=0.593
[Ep  3500 | Step 1,680,000/2,000,000 | 45 sps] R=-10415.9 C= 659 Safe=23.54% SAI=1.000 Jain=0.965 PeakMF=0.595
[Ep  3900 | Step 1,872,000/2,000,000 | 50 sps] R=-12583.4 C=1431 Safe=31.67% SAI=1.000 Jain=0.981 PeakMF=0.593
[Ep  3000 | Step 1,440,000/2,000,000 | 97 sps] R=-7217.5 C=   0 Safe=100.00% SAI=1.000 Jain=1.000 PeakMF=0.404
[Ep  3200 | Step 1,536,000/2,000,000 | 97 sps] R=-7278.3 C=   0 Safe=100.00% SAI=1.000 Jain=1.000 PeakMF=0.470
[Ep  4000 | Step 1,920,000/2,000,000 | 50 sps] R=-12279.4 C=1354 Safe=30.63% SAI=1.000 Jain=0.982 PeakMF=0.593
[Ep  3050 | Step 1,464,000/2,000,000 | 97 sps] R=-7217.5 C=   0 Safe=100.00% SAI=1.000 Jain=1.000 PeakMF=0.404
[Ep  3650 | Step 1,752,000/2,000,000 | 48 sps] R=-12387.8 C=1466 Safe=28.96% SAI=1.000 Jain=0.999 PeakMF=0.593
[Ep  3250 | Step 1,560,000/2,000,000 | 97 sps] R=-7278.3 C=   0 Safe=100.00% SAI=1.000 Jain=1.000 PeakMF=0.470
[Ep  3550 | Step 1,704,000/2,000,000 | 45 sps] R=-10017.1 C= 574 Safe=31.46% SAI=1.000 Jain=0.965 PeakMF=0.591
[Ep  3950 | Step 1,896,000/2,000,000 | 50 sps] R=-12580.9 C=1430 Safe=31.67% SAI=1.000 Jain=0.981 PeakMF=0.594
[Ep  3100 | Step 1,488,000/2,000,000 | 97 sps] R=-7217.5 C=   0 Safe=100.00% SAI=1.000 Jain=1.000 PeakMF=0.404
[Ep  3300 | Step 1,584,000/2,000,000 | 97 sps] R=-7278.3 C=   0 Safe=100.00% SAI=1.000 Jain=1.000 PeakMF=0.470
[Ep  4050 | Step 1,944,000/2,000,000 | 50 sps] R=-12296.2 C=1351 Safe=30.83% SAI=1.000 Jain=0.982 PeakMF=0.594
[Ep  3150 | Step 1,512,000/2,000,000 | 97 sps] R=-7217.5 C=   0 Safe=100.00% SAI=1.000 Jain=1.000 PeakMF=0.404
[Ep  3700 | Step 1,776,000/2,000,000 | 48 sps] R=-12228.2 C=1453 Safe=31.25% SAI=1.000 Jain=0.999 PeakMF=0.597
[Ep  3350 | Step 1,608,000/2,000,000 | 97 sps] R=-7278.3 C=   0 Safe=100.00% SAI=1.000 Jain=1.000 PeakMF=0.470
[Ep  3600 | Step 1,728,000/2,000,000 | 45 sps] R=-10278.4 C= 633 Safe=30.00% SAI=1.000 Jain=0.965 PeakMF=0.592
[Ep  4000 | Step 1,920,000/2,000,000 | 50 sps] R=-12628.2 C=1428 Safe=31.87% SAI=1.000 Jain=0.981 PeakMF=0.595
[Ep  3200 | Step 1,536,000/2,000,000 | 97 sps] R=-7217.5 C=   0 Safe=100.00% SAI=1.000 Jain=1.000 PeakMF=0.404
[Ep  3400 | Step 1,632,000/2,000,000 | 97 sps] R=-7278.3 C=   0 Safe=100.00% SAI=1.000 Jain=1.000 PeakMF=0.470
[Ep  4100 | Step 1,968,000/2,000,000 | 50 sps] R=-12382.7 C=1362 Safe=28.75% SAI=1.000 Jain=0.982 PeakMF=0.594
[Ep  3750 | Step 1,800,000/2,000,000 | 48 sps] R=-12510.3 C=1488 Safe=29.58% SAI=1.000 Jain=0.999 PeakMF=0.591
[Ep  3250 | Step 1,560,000/2,000,000 | 97 sps] R=-7217.5 C=   0 Safe=100.00% SAI=1.000 Jain=1.000 PeakMF=0.404
[Ep  3450 | Step 1,656,000/2,000,000 | 97 sps] R=-7278.3 C=   0 Safe=100.00% SAI=1.000 Jain=1.000 PeakMF=0.470
[Ep  3650 | Step 1,752,000/2,000,000 | 45 sps] R=-10061.8 C= 583 Safe=29.38% SAI=1.000 Jain=0.965 PeakMF=0.591
[Ep  4050 | Step 1,944,000/2,000,000 | 50 sps] R=-12554.6 C=1433 Safe=31.25% SAI=1.000 Jain=0.981 PeakMF=0.593
[Ep  3300 | Step 1,584,000/2,000,000 | 97 sps] R=-7217.5 C=   0 Safe=100.00% SAI=1.000 Jain=1.000 PeakMF=0.404
[Ep  3500 | Step 1,680,000/2,000,000 | 97 sps] R=-7278.3 C=   0 Safe=100.00% SAI=1.000 Jain=1.000 PeakMF=0.470
[Ep  4150 | Step 1,992,000/2,000,000 | 50 sps] R=-12460.0 C=1364 Safe=28.54% SAI=1.000 Jain=0.982 PeakMF=0.592
[Ep  3800 | Step 1,824,000/2,000,000 | 48 sps] R=-12488.7 C=1469 Safe=30.63% SAI=1.000 Jain=0.999 PeakMF=0.594
[Ep  3350 | Step 1,608,000/2,000,000 | 97 sps] R=-7217.5 C=   0 Safe=100.00% SAI=1.000 Jain=1.000 PeakMF=0.404
[Ep  3550 | Step 1,704,000/2,000,000 | 97 sps] R=-7278.3 C=   0 Safe=100.00% SAI=1.000 Jain=1.000 PeakMF=0.470

============================================================
Training complete: 4167 episodes, 2,000,160 steps
Best reward: -7365.9
Wall time: 11.18 hours
Checkpoint: checkpoints/happo/seed_6/checkpoint_final.pt
============================================================
[37/50] happo seed=6 DONE
Using device: cuda
2026-05-04 03:51:08 | hcmarl.utils | INFO | HIGH determinism: cudnn.deterministic=True, torch.use_deterministic_algorithms(True), matmul=highest, CUBLAS_WORKSPACE_CONFIG=:4096:8 (EXP3-Part-1-equivalent reproducibility)
2026-05-04 03:51:08 | hcmarl.utils | INFO | HIGH determinism: cudnn.deterministic=True, torch.use_deterministic_algorithms(True), matmul=highest, CUBLAS_WORKSPACE_CONFIG=:4096:8 (EXP3-Part-1-equivalent reproducibility)
============================================================
HC-MARL Training: Shielded-MAPPO (MAPPO + static-threshold task-refusal shield)
Seed: 4 | Device: cuda | Workers: 6
Total steps: 2,000,000 | Eval every: 50,000
Checkpoint dir: checkpoints/shielded_mappo/seed_4
============================================================
[Ep  3700 | Step 1,776,000/2,000,000 | 45 sps] R=-10078.2 C= 588 Safe=26.67% SAI=1.000 Jain=0.965 PeakMF=0.595
[Ep  4100 | Step 1,968,000/2,000,000 | 50 sps] R=-12593.4 C=1433 Safe=31.25% SAI=1.000 Jain=0.981 PeakMF=0.595
[Ep  3400 | Step 1,632,000/2,000,000 | 97 sps] R=-7217.5 C=   0 Safe=100.00% SAI=1.000 Jain=1.000 PeakMF=0.404
[Ep  3600 | Step 1,728,000/2,000,000 | 97 sps] R=-7278.3 C=   0 Safe=100.00% SAI=1.000 Jain=1.000 PeakMF=0.470
[Ep    50 | Step    24,000/2,000,000 | 84 sps] R=-8090.9 C=   0 Safe=100.00% SAI=1.000 Jain=1.000 PeakMF=0.533
[Ep  3850 | Step 1,848,000/2,000,000 | 48 sps] R=-12312.2 C=1460 Safe=33.12% SAI=1.000 Jain=1.000 PeakMF=0.586
[Ep  3450 | Step 1,656,000/2,000,000 | 97 sps] R=-7217.5 C=   0 Safe=100.00% SAI=1.000 Jain=1.000 PeakMF=0.404
[Ep  3650 | Step 1,752,000/2,000,000 | 97 sps] R=-7278.3 C=   0 Safe=100.00% SAI=1.000 Jain=1.000 PeakMF=0.470
[Ep  3750 | Step 1,800,000/2,000,000 | 45 sps] R=-10066.0 C= 589 Safe=30.63% SAI=1.000 Jain=0.965 PeakMF=0.592
[Ep   100 | Step    48,000/2,000,000 | 89 sps] R=-7572.8 C=   0 Safe=100.00% SAI=1.000 Jain=1.000 PeakMF=0.520
[Ep  4150 | Step 1,992,000/2,000,000 | 50 sps] R=-12648.3 C=1433 Safe=30.63% SAI=1.000 Jain=0.981 PeakMF=0.593
[Ep  3500 | Step 1,680,000/2,000,000 | 97 sps] R=-7217.5 C=   0 Safe=100.00% SAI=1.000 Jain=1.000 PeakMF=0.404

============================================================
Training complete: 4167 episodes, 2,000,160 steps
Best reward: -7210.5
Wall time: 11.10 hours
Checkpoint: checkpoints/happo/seed_7/checkpoint_final.pt
============================================================
[38/50] happo seed=7 DONE
[Ep  3700 | Step 1,776,000/2,000,000 | 97 sps] R=-7278.3 C=   0 Safe=100.00% SAI=1.000 Jain=1.000 PeakMF=0.470
Using device: cuda
2026-05-04 04:03:23 | hcmarl.utils | INFO | HIGH determinism: cudnn.deterministic=True, torch.use_deterministic_algorithms(True), matmul=highest, CUBLAS_WORKSPACE_CONFIG=:4096:8 (EXP3-Part-1-equivalent reproducibility)
2026-05-04 04:03:23 | hcmarl.utils | INFO | HIGH determinism: cudnn.deterministic=True, torch.use_deterministic_algorithms(True), matmul=highest, CUBLAS_WORKSPACE_CONFIG=:4096:8 (EXP3-Part-1-equivalent reproducibility)
============================================================
HC-MARL Training: Shielded-MAPPO (MAPPO + static-threshold task-refusal shield)
Seed: 5 | Device: cuda | Workers: 6
Total steps: 2,000,000 | Eval every: 50,000
Checkpoint dir: checkpoints/shielded_mappo/seed_5
============================================================
[Ep   150 | Step    72,000/2,000,000 | 92 sps] R=-7227.2 C=   0 Safe=100.00% SAI=1.000 Jain=1.000 PeakMF=0.482
[Ep  3900 | Step 1,872,000/2,000,000 | 48 sps] R=-12337.1 C=1466 Safe=29.17% SAI=1.000 Jain=0.999 PeakMF=0.590
[Ep  3550 | Step 1,704,000/2,000,000 | 97 sps] R=-7217.5 C=   0 Safe=100.00% SAI=1.000 Jain=1.000 PeakMF=0.404
[Ep  3750 | Step 1,800,000/2,000,000 | 97 sps] R=-7278.3 C=   0 Safe=100.00% SAI=1.000 Jain=1.000 PeakMF=0.470
[Ep    50 | Step    24,000/2,000,000 | 86 sps] R=-8324.4 C=   0 Safe=100.00% SAI=1.000 Jain=1.000 PeakMF=0.532
[Ep  3800 | Step 1,824,000/2,000,000 | 46 sps] R=-10316.9 C= 637 Safe=31.04% SAI=1.000 Jain=0.964 PeakMF=0.593
[Ep   200 | Step    96,000/2,000,000 | 93 sps] R=-7217.5 C=   0 Safe=100.00% SAI=1.000 Jain=1.000 PeakMF=0.404
[Ep  3600 | Step 1,728,000/2,000,000 | 97 sps] R=-7217.5 C=   0 Safe=100.00% SAI=1.000 Jain=1.000 PeakMF=0.404
[Ep  3800 | Step 1,824,000/2,000,000 | 97 sps] R=-7278.3 C=   0 Safe=100.00% SAI=1.000 Jain=1.000 PeakMF=0.470
[Ep   250 | Step   120,000/2,000,000 | 95 sps] R=-7217.5 C=   0 Safe=100.00% SAI=1.000 Jain=1.000 PeakMF=0.404
[Ep   100 | Step    48,000/2,000,000 | 90 sps] R=-7574.3 C=   0 Safe=100.00% SAI=1.000 Jain=1.000 PeakMF=0.557
[Ep  3950 | Step 1,896,000/2,000,000 | 48 sps] R=-12268.4 C=1444 Safe=31.46% SAI=1.000 Jain=0.999 PeakMF=0.596
[Ep  3650 | Step 1,752,000/2,000,000 | 98 sps] R=-7217.5 C=   0 Safe=100.00% SAI=1.000 Jain=1.000 PeakMF=0.404
[Ep  3850 | Step 1,848,000/2,000,000 | 97 sps] R=-7278.3 C=   0 Safe=100.00% SAI=1.000 Jain=1.000 PeakMF=0.470
[Ep  3850 | Step 1,848,000/2,000,000 | 46 sps] R=-10232.4 C= 627 Safe=31.46% SAI=1.000 Jain=0.965 PeakMF=0.596
[Ep   300 | Step   144,000/2,000,000 | 96 sps] R=-7217.5 C=   0 Safe=100.00% SAI=1.000 Jain=1.000 PeakMF=0.404
[Ep   150 | Step    72,000/2,000,000 | 88 sps] R=-7217.4 C=   0 Safe=100.00% SAI=1.000 Jain=1.000 PeakMF=0.404
[Ep  3700 | Step 1,776,000/2,000,000 | 98 sps] R=-7217.5 C=   0 Safe=100.00% SAI=1.000 Jain=1.000 PeakMF=0.404
[Ep  3900 | Step 1,872,000/2,000,000 | 97 sps] R=-7278.3 C=   0 Safe=100.00% SAI=1.000 Jain=1.000 PeakMF=0.470
[Ep   350 | Step   168,000/2,000,000 | 97 sps] R=-7217.5 C=   0 Safe=100.00% SAI=1.000 Jain=1.000 PeakMF=0.404
[Ep   200 | Step    96,000/2,000,000 | 91 sps] R=-7217.5 C=   0 Safe=100.00% SAI=1.000 Jain=1.000 PeakMF=0.404
[Ep  4000 | Step 1,920,000/2,000,000 | 48 sps] R=-12385.5 C=1459 Safe=30.00% SAI=1.000 Jain=0.999 PeakMF=0.595
[Ep  3750 | Step 1,800,000/2,000,000 | 98 sps] R=-7217.5 C=   0 Safe=100.00% SAI=1.000 Jain=1.000 PeakMF=0.404
[Ep  3950 | Step 1,896,000/2,000,000 | 97 sps] R=-7278.3 C=   0 Safe=100.00% SAI=1.000 Jain=1.000 PeakMF=0.470
[Ep   400 | Step   192,000/2,000,000 | 97 sps] R=-7217.5 C=   0 Safe=100.00% SAI=1.000 Jain=1.000 PeakMF=0.404
[Ep  3900 | Step 1,872,000/2,000,000 | 46 sps] R=-10001.6 C= 577 Safe=28.96% SAI=1.000 Jain=0.965 PeakMF=0.593
[Ep   250 | Step   120,000/2,000,000 | 93 sps] R=-7217.5 C=   0 Safe=100.00% SAI=1.000 Jain=1.000 PeakMF=0.404
[Ep  3800 | Step 1,824,000/2,000,000 | 98 sps] R=-7217.5 C=   0 Safe=100.00% SAI=1.000 Jain=1.000 PeakMF=0.404
[Ep  4000 | Step 1,920,000/2,000,000 | 97 sps] R=-7278.3 C=   0 Safe=100.00% SAI=1.000 Jain=1.000 PeakMF=0.470
[Ep   450 | Step   216,000/2,000,000 | 98 sps] R=-7217.5 C=   0 Safe=100.00% SAI=1.000 Jain=1.000 PeakMF=0.404
[Ep   300 | Step   144,000/2,000,000 | 94 sps] R=-7217.5 C=   0 Safe=100.00% SAI=1.000 Jain=1.000 PeakMF=0.404
[Ep  3850 | Step 1,848,000/2,000,000 | 98 sps] R=-7217.5 C=   0 Safe=100.00% SAI=1.000 Jain=1.000 PeakMF=0.404
[Ep  4050 | Step 1,944,000/2,000,000 | 48 sps] R=-12449.5 C=1474 Safe=28.96% SAI=1.000 Jain=0.999 PeakMF=0.595
[Ep  4050 | Step 1,944,000/2,000,000 | 97 sps] R=-7278.3 C=   0 Safe=100.00% SAI=1.000 Jain=1.000 PeakMF=0.470
[Ep   500 | Step   240,000/2,000,000 | 98 sps] R=-7217.5 C=   0 Safe=100.00% SAI=1.000 Jain=1.000 PeakMF=0.404
[Ep  3950 | Step 1,896,000/2,000,000 | 46 sps] R=-10230.3 C= 620 Safe=30.00% SAI=1.000 Jain=0.965 PeakMF=0.590
[Ep   350 | Step   168,000/2,000,000 | 95 sps] R=-7217.5 C=   0 Safe=100.00% SAI=1.000 Jain=1.000 PeakMF=0.404
[Ep  3900 | Step 1,872,000/2,000,000 | 98 sps] R=-7217.5 C=   0 Safe=100.00% SAI=1.000 Jain=1.000 PeakMF=0.404
[Ep  4100 | Step 1,968,000/2,000,000 | 97 sps] R=-7278.3 C=   0 Safe=100.00% SAI=1.000 Jain=1.000 PeakMF=0.470
[Ep   550 | Step   264,000/2,000,000 | 98 sps] R=-7217.5 C=   0 Safe=100.00% SAI=1.000 Jain=1.000 PeakMF=0.404
[Ep   400 | Step   192,000/2,000,000 | 95 sps] R=-7217.5 C=   0 Safe=100.00% SAI=1.000 Jain=1.000 PeakMF=0.404
[Ep  4100 | Step 1,968,000/2,000,000 | 48 sps] R=-12475.1 C=1458 Safe=30.42% SAI=1.000 Jain=0.999 PeakMF=0.596
[Ep  3950 | Step 1,896,000/2,000,000 | 98 sps] R=-7217.5 C=   0 Safe=100.00% SAI=1.000 Jain=1.000 PeakMF=0.404
[Ep  4150 | Step 1,992,000/2,000,000 | 97 sps] R=-7278.3 C=   0 Safe=100.00% SAI=1.000 Jain=1.000 PeakMF=0.470
[Ep  4000 | Step 1,920,000/2,000,000 | 46 sps] R=-9984.2 C= 571 Safe=30.00% SAI=1.000 Jain=0.965 PeakMF=0.594
[Ep   600 | Step   288,000/2,000,000 | 98 sps] R=-7217.5 C=   0 Safe=100.00% SAI=1.000 Jain=1.000 PeakMF=0.404
[Ep   450 | Step   216,000/2,000,000 | 96 sps] R=-7217.5 C=   0 Safe=100.00% SAI=1.000 Jain=1.000 PeakMF=0.404

============================================================
Training complete: 4167 episodes, 2,000,160 steps
Best reward: -7274.8
Wall time: 5.72 hours
Checkpoint: checkpoints/shielded_mappo/seed_2/checkpoint_final.pt
============================================================
[43/50] shielded_mappo seed=2 DONE
Using device: cuda
2026-05-04 04:41:13 | hcmarl.utils | INFO | HIGH determinism: cudnn.deterministic=True, torch.use_deterministic_algorithms(True), matmul=highest, CUBLAS_WORKSPACE_CONFIG=:4096:8 (EXP3-Part-1-equivalent reproducibility)
2026-05-04 04:41:13 | hcmarl.utils | INFO | HIGH determinism: cudnn.deterministic=True, torch.use_deterministic_algorithms(True), matmul=highest, CUBLAS_WORKSPACE_CONFIG=:4096:8 (EXP3-Part-1-equivalent reproducibility)
============================================================
HC-MARL Training: Shielded-MAPPO (MAPPO + static-threshold task-refusal shield)
Seed: 6 | Device: cuda | Workers: 6
Total steps: 2,000,000 | Eval every: 50,000
Checkpoint dir: checkpoints/shielded_mappo/seed_6
============================================================
[Ep  4000 | Step 1,920,000/2,000,000 | 98 sps] R=-7217.5 C=   0 Safe=100.00% SAI=1.000 Jain=1.000 PeakMF=0.404
[Ep   650 | Step   312,000/2,000,000 | 99 sps] R=-7217.5 C=   0 Safe=100.00% SAI=1.000 Jain=1.000 PeakMF=0.404
[Ep   500 | Step   240,000/2,000,000 | 96 sps] R=-7217.5 C=   0 Safe=100.00% SAI=1.000 Jain=1.000 PeakMF=0.404
[Ep    50 | Step    24,000/2,000,000 | 85 sps] R=-8394.0 C=   0 Safe=100.00% SAI=1.000 Jain=1.000 PeakMF=0.549
[Ep  4150 | Step 1,992,000/2,000,000 | 48 sps] R=-12421.4 C=1475 Safe=29.38% SAI=1.000 Jain=0.999 PeakMF=0.595
[Ep  4050 | Step 1,944,000/2,000,000 | 98 sps] R=-7217.5 C=   0 Safe=100.00% SAI=1.000 Jain=1.000 PeakMF=0.404
[Ep  4050 | Step 1,944,000/2,000,000 | 46 sps] R=-9988.9 C= 581 Safe=30.83% SAI=1.000 Jain=0.965 PeakMF=0.593
[Ep   700 | Step   336,000/2,000,000 | 99 sps] R=-7217.5 C=   0 Safe=100.00% SAI=1.000 Jain=1.000 PeakMF=0.404
[Ep   550 | Step   264,000/2,000,000 | 97 sps] R=-7217.5 C=   0 Safe=100.00% SAI=1.000 Jain=1.000 PeakMF=0.404

============================================================
Training complete: 4167 episodes, 2,000,160 steps
Best reward: -6923.9
Wall time: 11.51 hours
Checkpoint: checkpoints/happo/seed_9/checkpoint_final.pt
============================================================
[40/50] happo seed=9 DONE
Using device: cuda
2026-05-04 04:49:32 | hcmarl.utils | INFO | HIGH determinism: cudnn.deterministic=True, torch.use_deterministic_algorithms(True), matmul=highest, CUBLAS_WORKSPACE_CONFIG=:4096:8 (EXP3-Part-1-equivalent reproducibility)
2026-05-04 04:49:32 | hcmarl.utils | INFO | HIGH determinism: cudnn.deterministic=True, torch.use_deterministic_algorithms(True), matmul=highest, CUBLAS_WORKSPACE_CONFIG=:4096:8 (EXP3-Part-1-equivalent reproducibility)
============================================================
HC-MARL Training: Shielded-MAPPO (MAPPO + static-threshold task-refusal shield)
Seed: 7 | Device: cuda | Workers: 6
Total steps: 2,000,000 | Eval every: 50,000
Checkpoint dir: checkpoints/shielded_mappo/seed_7
============================================================
[Ep   100 | Step    48,000/2,000,000 | 88 sps] R=-8400.5 C=   0 Safe=100.00% SAI=1.000 Jain=1.000 PeakMF=0.645
[Ep  4100 | Step 1,968,000/2,000,000 | 98 sps] R=-7217.5 C=   0 Safe=100.00% SAI=1.000 Jain=1.000 PeakMF=0.404
[Ep   750 | Step   360,000/2,000,000 | 99 sps] R=-7217.5 C=   0 Safe=100.00% SAI=1.000 Jain=1.000 PeakMF=0.404
[Ep   600 | Step   288,000/2,000,000 | 97 sps] R=-7217.5 C=   0 Safe=100.00% SAI=1.000 Jain=1.000 PeakMF=0.404
[Ep    50 | Step    24,000/2,000,000 | 90 sps] R=-7858.1 C=   0 Safe=100.00% SAI=1.000 Jain=1.000 PeakMF=0.522
[Ep   150 | Step    72,000/2,000,000 | 90 sps] R=-7368.3 C=   0 Safe=100.00% SAI=1.000 Jain=1.000 PeakMF=0.404
[Ep  4150 | Step 1,992,000/2,000,000 | 98 sps] R=-7217.5 C=   0 Safe=100.00% SAI=1.000 Jain=1.000 PeakMF=0.404
[Ep   800 | Step   384,000/2,000,000 | 99 sps] R=-7217.5 C=   0 Safe=100.00% SAI=1.000 Jain=1.000 PeakMF=0.404
[Ep  4100 | Step 1,968,000/2,000,000 | 46 sps] R=-10364.5 C= 652 Safe=30.63% SAI=1.000 Jain=0.966 PeakMF=0.584

============================================================
Training complete: 4167 episodes, 2,000,160 steps
Best reward: -7217.3
Wall time: 5.68 hours
Checkpoint: checkpoints/shielded_mappo/seed_3/checkpoint_final.pt
============================================================
[44/50] shielded_mappo seed=3 DONE
Using device: cuda
2026-05-04 04:56:13 | hcmarl.utils | INFO | HIGH determinism: cudnn.deterministic=True, torch.use_deterministic_algorithms(True), matmul=highest, CUBLAS_WORKSPACE_CONFIG=:4096:8 (EXP3-Part-1-equivalent reproducibility)
2026-05-04 04:56:13 | hcmarl.utils | INFO | HIGH determinism: cudnn.deterministic=True, torch.use_deterministic_algorithms(True), matmul=highest, CUBLAS_WORKSPACE_CONFIG=:4096:8 (EXP3-Part-1-equivalent reproducibility)
============================================================
HC-MARL Training: Shielded-MAPPO (MAPPO + static-threshold task-refusal shield)
Seed: 8 | Device: cuda | Workers: 6
Total steps: 2,000,000 | Eval every: 50,000
Checkpoint dir: checkpoints/shielded_mappo/seed_8
============================================================
[Ep   650 | Step   312,000/2,000,000 | 97 sps] R=-7217.5 C=   0 Safe=100.00% SAI=1.000 Jain=1.000 PeakMF=0.404
[Ep   100 | Step    48,000/2,000,000 | 95 sps] R=-7719.0 C=   0 Safe=100.00% SAI=1.000 Jain=1.000 PeakMF=0.653
[Ep   200 | Step    96,000/2,000,000 | 93 sps] R=-7217.5 C=   0 Safe=100.00% SAI=1.000 Jain=1.000 PeakMF=0.404
[Ep   850 | Step   408,000/2,000,000 | 99 sps] R=-7217.5 C=   0 Safe=100.00% SAI=1.000 Jain=1.000 PeakMF=0.404
[Ep   700 | Step   336,000/2,000,000 | 98 sps] R=-7217.5 C=   0 Safe=100.00% SAI=1.000 Jain=1.000 PeakMF=0.404
[Ep    50 | Step    24,000/2,000,000 | 87 sps] R=-8448.4 C=   0 Safe=100.00% SAI=1.000 Jain=1.000 PeakMF=0.557
[Ep   150 | Step    72,000/2,000,000 | 97 sps] R=-7217.5 C=   0 Safe=100.00% SAI=1.000 Jain=1.000 PeakMF=0.404
[Ep   250 | Step   120,000/2,000,000 | 94 sps] R=-7217.5 C=   0 Safe=100.00% SAI=1.000 Jain=1.000 PeakMF=0.404
[Ep   900 | Step   432,000/2,000,000 | 99 sps] R=-7217.5 C=   0 Safe=100.00% SAI=1.000 Jain=1.000 PeakMF=0.404
[Ep  4150 | Step 1,992,000/2,000,000 | 46 sps] R=-9933.4 C= 558 Safe=31.67% SAI=1.000 Jain=0.965 PeakMF=0.593
[Ep   750 | Step   360,000/2,000,000 | 98 sps] R=-7217.5 C=   0 Safe=100.00% SAI=1.000 Jain=1.000 PeakMF=0.404
[Ep   100 | Step    48,000/2,000,000 | 92 sps] R=-7578.5 C=   0 Safe=100.00% SAI=1.000 Jain=1.000 PeakMF=0.558
[Ep   200 | Step    96,000/2,000,000 | 98 sps] R=-7217.5 C=   0 Safe=100.00% SAI=1.000 Jain=1.000 PeakMF=0.404

============================================================
Training complete: 4167 episodes, 2,000,160 steps
Best reward: -8627.6
Wall time: 12.10 hours
Checkpoint: checkpoints/happo/seed_8/checkpoint_final.pt
============================================================
[39/50] happo seed=8 DONE
[Ep   300 | Step   144,000/2,000,000 | 95 sps] R=-7217.5 C=   0 Safe=100.00% SAI=1.000 Jain=1.000 PeakMF=0.404
Using device: cuda
2026-05-04 05:06:32 | hcmarl.utils | INFO | HIGH determinism: cudnn.deterministic=True, torch.use_deterministic_algorithms(True), matmul=highest, CUBLAS_WORKSPACE_CONFIG=:4096:8 (EXP3-Part-1-equivalent reproducibility)
2026-05-04 05:06:32 | hcmarl.utils | INFO | HIGH determinism: cudnn.deterministic=True, torch.use_deterministic_algorithms(True), matmul=highest, CUBLAS_WORKSPACE_CONFIG=:4096:8 (EXP3-Part-1-equivalent reproducibility)
============================================================
HC-MARL Training: Shielded-MAPPO (MAPPO + static-threshold task-refusal shield)
Seed: 9 | Device: cuda | Workers: 6
Total steps: 2,000,000 | Eval every: 50,000
Checkpoint dir: checkpoints/shielded_mappo/seed_9
============================================================
[Ep   950 | Step   456,000/2,000,000 | 99 sps] R=-7217.5 C=   0 Safe=100.00% SAI=1.000 Jain=1.000 PeakMF=0.404
[Ep   800 | Step   384,000/2,000,000 | 98 sps] R=-7217.5 C=   0 Safe=100.00% SAI=1.000 Jain=1.000 PeakMF=0.404
[Ep   150 | Step    72,000/2,000,000 | 94 sps] R=-7543.7 C=   0 Safe=100.00% SAI=1.000 Jain=1.000 PeakMF=0.614
[Ep   250 | Step   120,000/2,000,000 | 98 sps] R=-7217.5 C=   0 Safe=100.00% SAI=1.000 Jain=1.000 PeakMF=0.404
[Ep   350 | Step   168,000/2,000,000 | 96 sps] R=-7217.5 C=   0 Safe=100.00% SAI=1.000 Jain=1.000 PeakMF=0.404
[Ep    50 | Step    24,000/2,000,000 | 88 sps] R=-8186.2 C=   0 Safe=100.00% SAI=1.000 Jain=1.000 PeakMF=0.509
[Ep  1000 | Step   480,000/2,000,000 | 100 sps] R=-7217.5 C=   0 Safe=100.00% SAI=1.000 Jain=1.000 PeakMF=0.404
[Ep   850 | Step   408,000/2,000,000 | 98 sps] R=-7217.5 C=   0 Safe=100.00% SAI=1.000 Jain=1.000 PeakMF=0.404
[Ep   200 | Step    96,000/2,000,000 | 95 sps] R=-7566.2 C=   0 Safe=100.00% SAI=1.000 Jain=1.000 PeakMF=0.642
[Ep   300 | Step   144,000/2,000,000 | 99 sps] R=-7217.5 C=   0 Safe=100.00% SAI=1.000 Jain=1.000 PeakMF=0.404
[Ep   400 | Step   192,000/2,000,000 | 96 sps] R=-7217.5 C=   0 Safe=100.00% SAI=1.000 Jain=1.000 PeakMF=0.404
[Ep   100 | Step    48,000/2,000,000 | 94 sps] R=-7278.3 C=   0 Safe=100.00% SAI=1.000 Jain=1.000 PeakMF=0.470
[Ep  1050 | Step   504,000/2,000,000 | 100 sps] R=-7217.5 C=   0 Safe=100.00% SAI=1.000 Jain=1.000 PeakMF=0.404
[Ep   900 | Step   432,000/2,000,000 | 98 sps] R=-7217.5 C=   0 Safe=100.00% SAI=1.000 Jain=1.000 PeakMF=0.404
[Ep   250 | Step   120,000/2,000,000 | 96 sps] R=-7278.6 C=   0 Safe=100.00% SAI=1.000 Jain=1.000 PeakMF=0.479
[Ep   350 | Step   168,000/2,000,000 | 99 sps] R=-7217.5 C=   0 Safe=100.00% SAI=1.000 Jain=1.000 PeakMF=0.404
[Ep   450 | Step   216,000/2,000,000 | 97 sps] R=-7217.5 C=   0 Safe=100.00% SAI=1.000 Jain=1.000 PeakMF=0.404
[Ep   150 | Step    72,000/2,000,000 | 97 sps] R=-7278.3 C=   0 Safe=100.00% SAI=1.000 Jain=1.000 PeakMF=0.470
[Ep  1100 | Step   528,000/2,000,000 | 100 sps] R=-7217.5 C=   0 Safe=100.00% SAI=1.000 Jain=1.000 PeakMF=0.404
[Ep   950 | Step   456,000/2,000,000 | 99 sps] R=-7217.5 C=   0 Safe=100.00% SAI=1.000 Jain=1.000 PeakMF=0.404
[Ep   300 | Step   144,000/2,000,000 | 97 sps] R=-7278.3 C=   0 Safe=100.00% SAI=1.000 Jain=1.000 PeakMF=0.470
[Ep   400 | Step   192,000/2,000,000 | 99 sps] R=-7217.5 C=   0 Safe=100.00% SAI=1.000 Jain=1.000 PeakMF=0.404
[Ep   500 | Step   240,000/2,000,000 | 97 sps] R=-7217.5 C=   0 Safe=100.00% SAI=1.000 Jain=1.000 PeakMF=0.404
[Ep   200 | Step    96,000/2,000,000 | 98 sps] R=-7278.3 C=   0 Safe=100.00% SAI=1.000 Jain=1.000 PeakMF=0.470
[Ep  1150 | Step   552,000/2,000,000 | 100 sps] R=-7217.5 C=   0 Safe=100.00% SAI=1.000 Jain=1.000 PeakMF=0.404
[Ep  1000 | Step   480,000/2,000,000 | 99 sps] R=-7217.5 C=   0 Safe=100.00% SAI=1.000 Jain=1.000 PeakMF=0.404
[Ep   350 | Step   168,000/2,000,000 | 97 sps] R=-7278.3 C=   0 Safe=100.00% SAI=1.000 Jain=1.000 PeakMF=0.470
[Ep   450 | Step   216,000/2,000,000 | 100 sps] R=-7217.5 C=   0 Safe=100.00% SAI=1.000 Jain=1.000 PeakMF=0.404
[Ep   550 | Step   264,000/2,000,000 | 97 sps] R=-7217.5 C=   0 Safe=100.00% SAI=1.000 Jain=1.000 PeakMF=0.404
[Ep   250 | Step   120,000/2,000,000 | 99 sps] R=-7278.3 C=   0 Safe=100.00% SAI=1.000 Jain=1.000 PeakMF=0.470
[Ep  1200 | Step   576,000/2,000,000 | 100 sps] R=-7217.5 C=   0 Safe=100.00% SAI=1.000 Jain=1.000 PeakMF=0.404
[Ep  1050 | Step   504,000/2,000,000 | 99 sps] R=-7217.5 C=   0 Safe=100.00% SAI=1.000 Jain=1.000 PeakMF=0.404
[Ep   400 | Step   192,000/2,000,000 | 97 sps] R=-7278.3 C=   0 Safe=100.00% SAI=1.000 Jain=1.000 PeakMF=0.470
[Ep   500 | Step   240,000/2,000,000 | 100 sps] R=-7217.5 C=   0 Safe=100.00% SAI=1.000 Jain=1.000 PeakMF=0.404
[Ep   600 | Step   288,000/2,000,000 | 98 sps] R=-7217.5 C=   0 Safe=100.00% SAI=1.000 Jain=1.000 PeakMF=0.404
[Ep   300 | Step   144,000/2,000,000 | 99 sps] R=-7278.3 C=   0 Safe=100.00% SAI=1.000 Jain=1.000 PeakMF=0.470
[Ep  1250 | Step   600,000/2,000,000 | 100 sps] R=-7217.4 C=   0 Safe=100.00% SAI=1.000 Jain=1.000 PeakMF=0.404
[Ep  1100 | Step   528,000/2,000,000 | 99 sps] R=-7217.5 C=   0 Safe=100.00% SAI=1.000 Jain=1.000 PeakMF=0.404
[Ep   450 | Step   216,000/2,000,000 | 97 sps] R=-7278.3 C=   0 Safe=100.00% SAI=1.000 Jain=1.000 PeakMF=0.470
[Ep   550 | Step   264,000/2,000,000 | 100 sps] R=-7217.5 C=   0 Safe=100.00% SAI=1.000 Jain=1.000 PeakMF=0.404
[Ep   650 | Step   312,000/2,000,000 | 98 sps] R=-7217.5 C=   0 Safe=100.00% SAI=1.000 Jain=1.000 PeakMF=0.404
[Ep   350 | Step   168,000/2,000,000 | 100 sps] R=-7278.3 C=   0 Safe=100.00% SAI=1.000 Jain=1.000 PeakMF=0.470
[Ep  1300 | Step   624,000/2,000,000 | 100 sps] R=-7217.4 C=   0 Safe=100.00% SAI=1.000 Jain=1.000 PeakMF=0.404
[Ep  1150 | Step   552,000/2,000,000 | 99 sps] R=-7217.5 C=   0 Safe=100.00% SAI=1.000 Jain=1.000 PeakMF=0.404
[Ep   500 | Step   240,000/2,000,000 | 97 sps] R=-7278.3 C=   0 Safe=100.00% SAI=1.000 Jain=1.000 PeakMF=0.470
[Ep   600 | Step   288,000/2,000,000 | 100 sps] R=-7217.5 C=   0 Safe=100.00% SAI=1.000 Jain=1.000 PeakMF=0.404
[Ep   700 | Step   336,000/2,000,000 | 98 sps] R=-7217.5 C=   0 Safe=100.00% SAI=1.000 Jain=1.000 PeakMF=0.404
[Ep   400 | Step   192,000/2,000,000 | 100 sps] R=-7278.3 C=   0 Safe=100.00% SAI=1.000 Jain=1.000 PeakMF=0.470
[Ep  1350 | Step   648,000/2,000,000 | 100 sps] R=-7231.4 C=   0 Safe=100.00% SAI=1.000 Jain=1.000 PeakMF=0.404
[Ep  1200 | Step   576,000/2,000,000 | 99 sps] R=-7217.5 C=   0 Safe=100.00% SAI=1.000 Jain=1.000 PeakMF=0.404
[Ep   550 | Step   264,000/2,000,000 | 98 sps] R=-7278.3 C=   0 Safe=100.00% SAI=1.000 Jain=1.000 PeakMF=0.470
[Ep   650 | Step   312,000/2,000,000 | 100 sps] R=-7217.5 C=   0 Safe=100.00% SAI=1.000 Jain=1.000 PeakMF=0.404
[Ep   750 | Step   360,000/2,000,000 | 98 sps] R=-7217.5 C=   0 Safe=100.00% SAI=1.000 Jain=1.000 PeakMF=0.404
[Ep   450 | Step   216,000/2,000,000 | 100 sps] R=-7278.3 C=   0 Safe=100.00% SAI=1.000 Jain=1.000 PeakMF=0.470
[Ep  1400 | Step   672,000/2,000,000 | 100 sps] R=-7231.1 C=   0 Safe=100.00% SAI=1.000 Jain=1.000 PeakMF=0.404
[Ep  1250 | Step   600,000/2,000,000 | 99 sps] R=-7217.5 C=   0 Safe=100.00% SAI=1.000 Jain=1.000 PeakMF=0.404
[Ep   600 | Step   288,000/2,000,000 | 98 sps] R=-7278.3 C=   0 Safe=100.00% SAI=1.000 Jain=1.000 PeakMF=0.470
[Ep   700 | Step   336,000/2,000,000 | 100 sps] R=-7217.5 C=   0 Safe=100.00% SAI=1.000 Jain=1.000 PeakMF=0.404
[Ep   800 | Step   384,000/2,000,000 | 98 sps] R=-7217.5 C=   0 Safe=100.00% SAI=1.000 Jain=1.000 PeakMF=0.404
[Ep   500 | Step   240,000/2,000,000 | 100 sps] R=-7278.3 C=   0 Safe=100.00% SAI=1.000 Jain=1.000 PeakMF=0.470
[Ep  1450 | Step   696,000/2,000,000 | 100 sps] R=-7224.4 C=   0 Safe=100.00% SAI=1.000 Jain=1.000 PeakMF=0.404
[Ep  1300 | Step   624,000/2,000,000 | 99 sps] R=-7217.5 C=   0 Safe=100.00% SAI=1.000 Jain=1.000 PeakMF=0.404
[Ep   650 | Step   312,000/2,000,000 | 98 sps] R=-7278.3 C=   0 Safe=100.00% SAI=1.000 Jain=1.000 PeakMF=0.470
[Ep   750 | Step   360,000/2,000,000 | 100 sps] R=-7217.5 C=   0 Safe=100.00% SAI=1.000 Jain=1.000 PeakMF=0.404
[Ep   850 | Step   408,000/2,000,000 | 98 sps] R=-7217.5 C=   0 Safe=100.00% SAI=1.000 Jain=1.000 PeakMF=0.404
[Ep   550 | Step   264,000/2,000,000 | 100 sps] R=-7278.3 C=   0 Safe=100.00% SAI=1.000 Jain=1.000 PeakMF=0.470
[Ep  1500 | Step   720,000/2,000,000 | 100 sps] R=-7224.3 C=   0 Safe=100.00% SAI=1.000 Jain=1.000 PeakMF=0.404
[Ep  1350 | Step   648,000/2,000,000 | 99 sps] R=-7217.5 C=   0 Safe=100.00% SAI=1.000 Jain=1.000 PeakMF=0.404
[Ep   800 | Step   384,000/2,000,000 | 100 sps] R=-7217.5 C=   0 Safe=100.00% SAI=1.000 Jain=1.000 PeakMF=0.404
[Ep   700 | Step   336,000/2,000,000 | 98 sps] R=-7278.3 C=   0 Safe=100.00% SAI=1.000 Jain=1.000 PeakMF=0.470
[Ep   900 | Step   432,000/2,000,000 | 99 sps] R=-7217.5 C=   0 Safe=100.00% SAI=1.000 Jain=1.000 PeakMF=0.404
[Ep   600 | Step   288,000/2,000,000 | 100 sps] R=-7278.3 C=   0 Safe=100.00% SAI=1.000 Jain=1.000 PeakMF=0.470
[Ep  1550 | Step   744,000/2,000,000 | 100 sps] R=-7238.1 C=   0 Safe=100.00% SAI=1.000 Jain=1.000 PeakMF=0.404
[Ep  1400 | Step   672,000/2,000,000 | 99 sps] R=-7217.5 C=   0 Safe=100.00% SAI=1.000 Jain=1.000 PeakMF=0.404
[Ep   850 | Step   408,000/2,000,000 | 100 sps] R=-7217.5 C=   0 Safe=100.00% SAI=1.000 Jain=1.000 PeakMF=0.404
[Ep   750 | Step   360,000/2,000,000 | 98 sps] R=-7278.3 C=   0 Safe=100.00% SAI=1.000 Jain=1.000 PeakMF=0.470
[Ep   950 | Step   456,000/2,000,000 | 99 sps] R=-7217.5 C=   0 Safe=100.00% SAI=1.000 Jain=1.000 PeakMF=0.404
[Ep   650 | Step   312,000/2,000,000 | 100 sps] R=-7278.3 C=   0 Safe=100.00% SAI=1.000 Jain=1.000 PeakMF=0.470
[Ep  1600 | Step   768,000/2,000,000 | 100 sps] R=-7231.5 C=   0 Safe=100.00% SAI=1.000 Jain=1.000 PeakMF=0.404
[Ep  1450 | Step   696,000/2,000,000 | 99 sps] R=-7217.5 C=   0 Safe=100.00% SAI=1.000 Jain=1.000 PeakMF=0.404
[Ep   900 | Step   432,000/2,000,000 | 100 sps] R=-7217.5 C=   0 Safe=100.00% SAI=1.000 Jain=1.000 PeakMF=0.404
[Ep   800 | Step   384,000/2,000,000 | 98 sps] R=-7278.3 C=   0 Safe=100.00% SAI=1.000 Jain=1.000 PeakMF=0.470
[Ep  1000 | Step   480,000/2,000,000 | 99 sps] R=-7217.5 C=   0 Safe=100.00% SAI=1.000 Jain=1.000 PeakMF=0.404
[Ep   700 | Step   336,000/2,000,000 | 100 sps] R=-7278.3 C=   0 Safe=100.00% SAI=1.000 Jain=1.000 PeakMF=0.470
[Ep  1650 | Step   792,000/2,000,000 | 100 sps] R=-7224.5 C=   0 Safe=100.00% SAI=1.000 Jain=1.000 PeakMF=0.404
[Ep  1500 | Step   720,000/2,000,000 | 99 sps] R=-7217.5 C=   0 Safe=100.00% SAI=1.000 Jain=1.000 PeakMF=0.404
[Ep   950 | Step   456,000/2,000,000 | 100 sps] R=-7217.5 C=   0 Safe=100.00% SAI=1.000 Jain=1.000 PeakMF=0.404
[Ep   850 | Step   408,000/2,000,000 | 98 sps] R=-7278.3 C=   0 Safe=100.00% SAI=1.000 Jain=1.000 PeakMF=0.470
[Ep  1050 | Step   504,000/2,000,000 | 99 sps] R=-7217.5 C=   0 Safe=100.00% SAI=1.000 Jain=1.000 PeakMF=0.404
[Ep   750 | Step   360,000/2,000,000 | 100 sps] R=-7278.3 C=   0 Safe=100.00% SAI=1.000 Jain=1.000 PeakMF=0.470
[Ep  1700 | Step   816,000/2,000,000 | 100 sps] R=-7231.3 C=   0 Safe=100.00% SAI=1.000 Jain=1.000 PeakMF=0.404
[Ep  1550 | Step   744,000/2,000,000 | 99 sps] R=-7217.5 C=   0 Safe=100.00% SAI=1.000 Jain=1.000 PeakMF=0.404
[Ep  1000 | Step   480,000/2,000,000 | 100 sps] R=-7217.5 C=   0 Safe=100.00% SAI=1.000 Jain=1.000 PeakMF=0.404
[Ep   900 | Step   432,000/2,000,000 | 98 sps] R=-7278.3 C=   0 Safe=100.00% SAI=1.000 Jain=1.000 PeakMF=0.470
[Ep  1100 | Step   528,000/2,000,000 | 99 sps] R=-7217.5 C=   0 Safe=100.00% SAI=1.000 Jain=1.000 PeakMF=0.404
[Ep   800 | Step   384,000/2,000,000 | 100 sps] R=-7278.3 C=   0 Safe=100.00% SAI=1.000 Jain=1.000 PeakMF=0.470
[Ep  1750 | Step   840,000/2,000,000 | 100 sps] R=-7245.5 C=   0 Safe=100.00% SAI=1.000 Jain=1.000 PeakMF=0.404
[Ep  1600 | Step   768,000/2,000,000 | 99 sps] R=-7217.5 C=   0 Safe=100.00% SAI=1.000 Jain=1.000 PeakMF=0.404
[Ep  1050 | Step   504,000/2,000,000 | 100 sps] R=-7217.5 C=   0 Safe=100.00% SAI=1.000 Jain=1.000 PeakMF=0.404
[Ep   950 | Step   456,000/2,000,000 | 98 sps] R=-7278.3 C=   0 Safe=100.00% SAI=1.000 Jain=1.000 PeakMF=0.470
[Ep  1150 | Step   552,000/2,000,000 | 99 sps] R=-7217.5 C=   0 Safe=100.00% SAI=1.000 Jain=1.000 PeakMF=0.404
[Ep   850 | Step   408,000/2,000,000 | 100 sps] R=-7278.3 C=   0 Safe=100.00% SAI=1.000 Jain=1.000 PeakMF=0.470
[Ep  1800 | Step   864,000/2,000,000 | 100 sps] R=-7224.5 C=   0 Safe=100.00% SAI=1.000 Jain=1.000 PeakMF=0.404
[Ep  1650 | Step   792,000/2,000,000 | 99 sps] R=-7217.5 C=   0 Safe=100.00% SAI=1.000 Jain=1.000 PeakMF=0.404
[Ep  1100 | Step   528,000/2,000,000 | 100 sps] R=-7217.5 C=   0 Safe=100.00% SAI=1.000 Jain=1.000 PeakMF=0.404
[Ep  1000 | Step   480,000/2,000,000 | 98 sps] R=-7278.3 C=   0 Safe=100.00% SAI=1.000 Jain=1.000 PeakMF=0.470
[Ep  1200 | Step   576,000/2,000,000 | 99 sps] R=-7217.5 C=   0 Safe=100.00% SAI=1.000 Jain=1.000 PeakMF=0.404
[Ep   900 | Step   432,000/2,000,000 | 100 sps] R=-7278.3 C=   0 Safe=100.00% SAI=1.000 Jain=1.000 PeakMF=0.470
[Ep  1850 | Step   888,000/2,000,000 | 100 sps] R=-7231.5 C=   0 Safe=100.00% SAI=1.000 Jain=1.000 PeakMF=0.404
[Ep  1700 | Step   816,000/2,000,000 | 100 sps] R=-7217.5 C=   0 Safe=100.00% SAI=1.000 Jain=1.000 PeakMF=0.404
[Ep  1150 | Step   552,000/2,000,000 | 100 sps] R=-7217.5 C=   0 Safe=100.00% SAI=1.000 Jain=1.000 PeakMF=0.404
[Ep  1050 | Step   504,000/2,000,000 | 98 sps] R=-7278.3 C=   0 Safe=100.00% SAI=1.000 Jain=1.000 PeakMF=0.470
[Ep  1250 | Step   600,000/2,000,000 | 99 sps] R=-7217.5 C=   0 Safe=100.00% SAI=1.000 Jain=1.000 PeakMF=0.404
[Ep  1900 | Step   912,000/2,000,000 | 100 sps] R=-7245.3 C=   0 Safe=100.00% SAI=1.000 Jain=1.000 PeakMF=0.404
[Ep   950 | Step   456,000/2,000,000 | 100 sps] R=-7278.3 C=   0 Safe=100.00% SAI=1.000 Jain=1.000 PeakMF=0.470
[Ep  1750 | Step   840,000/2,000,000 | 100 sps] R=-7217.5 C=   0 Safe=100.00% SAI=1.000 Jain=1.000 PeakMF=0.404
[Ep  1200 | Step   576,000/2,000,000 | 100 sps] R=-7217.5 C=   0 Safe=100.00% SAI=1.000 Jain=1.000 PeakMF=0.404
[Ep  1100 | Step   528,000/2,000,000 | 98 sps] R=-7278.3 C=   0 Safe=100.00% SAI=1.000 Jain=1.000 PeakMF=0.470
[Ep  1300 | Step   624,000/2,000,000 | 99 sps] R=-7217.5 C=   0 Safe=100.00% SAI=1.000 Jain=1.000 PeakMF=0.404
[Ep  1950 | Step   936,000/2,000,000 | 100 sps] R=-7231.3 C=   0 Safe=100.00% SAI=1.000 Jain=1.000 PeakMF=0.404
[Ep  1000 | Step   480,000/2,000,000 | 100 sps] R=-7278.3 C=   0 Safe=100.00% SAI=1.000 Jain=1.000 PeakMF=0.470
[Ep  1800 | Step   864,000/2,000,000 | 100 sps] R=-7231.5 C=   0 Safe=100.00% SAI=1.000 Jain=1.000 PeakMF=0.404
[Ep  1250 | Step   600,000/2,000,000 | 100 sps] R=-7217.5 C=   0 Safe=100.00% SAI=1.000 Jain=1.000 PeakMF=0.404
[Ep  1150 | Step   552,000/2,000,000 | 98 sps] R=-7278.3 C=   0 Safe=100.00% SAI=1.000 Jain=1.000 PeakMF=0.470
[Ep  1350 | Step   648,000/2,000,000 | 99 sps] R=-7224.5 C=   0 Safe=100.00% SAI=1.000 Jain=1.000 PeakMF=0.404
[Ep  2000 | Step   960,000/2,000,000 | 100 sps] R=-7223.8 C=   0 Safe=100.00% SAI=1.000 Jain=1.000 PeakMF=0.404
[Ep  1050 | Step   504,000/2,000,000 | 100 sps] R=-7278.3 C=   0 Safe=100.00% SAI=1.000 Jain=1.000 PeakMF=0.470
[Ep  1850 | Step   888,000/2,000,000 | 100 sps] R=-7238.5 C=   0 Safe=100.00% SAI=1.000 Jain=1.000 PeakMF=0.404
[Ep  1300 | Step   624,000/2,000,000 | 100 sps] R=-7217.5 C=   0 Safe=100.00% SAI=1.000 Jain=1.000 PeakMF=0.404
[Ep  1200 | Step   576,000/2,000,000 | 98 sps] R=-7278.3 C=   0 Safe=100.00% SAI=1.000 Jain=1.000 PeakMF=0.470
[Ep  1400 | Step   672,000/2,000,000 | 99 sps] R=-7237.8 C=   0 Safe=100.00% SAI=1.000 Jain=1.000 PeakMF=0.404
[Ep  2050 | Step   984,000/2,000,000 | 100 sps] R=-7223.9 C=   0 Safe=100.00% SAI=1.000 Jain=1.000 PeakMF=0.404
[Ep  1100 | Step   528,000/2,000,000 | 100 sps] R=-7278.3 C=   0 Safe=100.00% SAI=1.000 Jain=1.000 PeakMF=0.470
[Ep  1900 | Step   912,000/2,000,000 | 100 sps] R=-7224.5 C=   0 Safe=100.00% SAI=1.000 Jain=1.000 PeakMF=0.404
[Ep  1350 | Step   648,000/2,000,000 | 100 sps] R=-7217.5 C=   0 Safe=100.00% SAI=1.000 Jain=1.000 PeakMF=0.404
[Ep  1250 | Step   600,000/2,000,000 | 98 sps] R=-7278.3 C=   0 Safe=100.00% SAI=1.000 Jain=1.000 PeakMF=0.470
[Ep  1450 | Step   696,000/2,000,000 | 99 sps] R=-7217.5 C=   0 Safe=100.00% SAI=1.000 Jain=1.000 PeakMF=0.404
[Ep  2100 | Step 1,008,000/2,000,000 | 100 sps] R=-7216.8 C=   0 Safe=100.00% SAI=1.000 Jain=1.000 PeakMF=0.404
[Ep  1150 | Step   552,000/2,000,000 | 100 sps] R=-7278.3 C=   0 Safe=100.00% SAI=1.000 Jain=1.000 PeakMF=0.470
[Ep  1950 | Step   936,000/2,000,000 | 100 sps] R=-7217.5 C=   0 Safe=100.00% SAI=1.000 Jain=1.000 PeakMF=0.404
[Ep  1400 | Step   672,000/2,000,000 | 100 sps] R=-7217.5 C=   0 Safe=100.00% SAI=1.000 Jain=1.000 PeakMF=0.404
[Ep  1300 | Step   624,000/2,000,000 | 99 sps] R=-7278.3 C=   0 Safe=100.00% SAI=1.000 Jain=1.000 PeakMF=0.470
[Ep  1500 | Step   720,000/2,000,000 | 99 sps] R=-7224.5 C=   0 Safe=100.00% SAI=1.000 Jain=1.000 PeakMF=0.404
[Ep  2150 | Step 1,032,000/2,000,000 | 100 sps] R=-7216.8 C=   0 Safe=100.00% SAI=1.000 Jain=1.000 PeakMF=0.404
[Ep  1200 | Step   576,000/2,000,000 | 100 sps] R=-7278.3 C=   0 Safe=100.00% SAI=1.000 Jain=1.000 PeakMF=0.470
[Ep  2000 | Step   960,000/2,000,000 | 100 sps] R=-7238.5 C=   0 Safe=100.00% SAI=1.000 Jain=1.000 PeakMF=0.404
[Ep  1450 | Step   696,000/2,000,000 | 100 sps] R=-7217.5 C=   0 Safe=100.00% SAI=1.000 Jain=1.000 PeakMF=0.404
[Ep  1350 | Step   648,000/2,000,000 | 99 sps] R=-7278.3 C=   0 Safe=100.00% SAI=1.000 Jain=1.000 PeakMF=0.470
[Ep  1550 | Step   744,000/2,000,000 | 99 sps] R=-7224.5 C=   0 Safe=100.00% SAI=1.000 Jain=1.000 PeakMF=0.404
[Ep  2200 | Step 1,056,000/2,000,000 | 100 sps] R=-7216.8 C=   0 Safe=100.00% SAI=1.000 Jain=1.000 PeakMF=0.404
[Ep  1250 | Step   600,000/2,000,000 | 100 sps] R=-7278.3 C=   0 Safe=100.00% SAI=1.000 Jain=1.000 PeakMF=0.470
[Ep  2050 | Step   984,000/2,000,000 | 100 sps] R=-7217.5 C=   0 Safe=100.00% SAI=1.000 Jain=1.000 PeakMF=0.404
[Ep  1500 | Step   720,000/2,000,000 | 100 sps] R=-7217.5 C=   0 Safe=100.00% SAI=1.000 Jain=1.000 PeakMF=0.404
[Ep  1400 | Step   672,000/2,000,000 | 99 sps] R=-7278.3 C=   0 Safe=100.00% SAI=1.000 Jain=1.000 PeakMF=0.470
[Ep  1600 | Step   768,000/2,000,000 | 99 sps] R=-7217.5 C=   0 Safe=100.00% SAI=1.000 Jain=1.000 PeakMF=0.404
[Ep  2250 | Step 1,080,000/2,000,000 | 100 sps] R=-7216.8 C=   0 Safe=100.00% SAI=1.000 Jain=1.000 PeakMF=0.404
[Ep  1300 | Step   624,000/2,000,000 | 100 sps] R=-7278.3 C=   0 Safe=100.00% SAI=1.000 Jain=1.000 PeakMF=0.470
[Ep  2100 | Step 1,008,000/2,000,000 | 100 sps] R=-7217.5 C=   0 Safe=100.00% SAI=1.000 Jain=1.000 PeakMF=0.404
[Ep  1550 | Step   744,000/2,000,000 | 100 sps] R=-7224.0 C=   0 Safe=100.00% SAI=1.000 Jain=1.000 PeakMF=0.404
[Ep  1450 | Step   696,000/2,000,000 | 99 sps] R=-7278.3 C=   0 Safe=100.00% SAI=1.000 Jain=1.000 PeakMF=0.470
[Ep  1650 | Step   792,000/2,000,000 | 100 sps] R=-7217.5 C=   0 Safe=100.00% SAI=1.000 Jain=1.000 PeakMF=0.404
[Ep  2300 | Step 1,104,000/2,000,000 | 100 sps] R=-7216.9 C=   0 Safe=100.00% SAI=1.000 Jain=1.000 PeakMF=0.404
[Ep  1350 | Step   648,000/2,000,000 | 100 sps] R=-7278.3 C=   0 Safe=100.00% SAI=1.000 Jain=1.000 PeakMF=0.470
[Ep  2150 | Step 1,032,000/2,000,000 | 100 sps] R=-7217.5 C=   0 Safe=100.00% SAI=1.000 Jain=1.000 PeakMF=0.404
[Ep  1600 | Step   768,000/2,000,000 | 100 sps] R=-7217.0 C=   0 Safe=100.00% SAI=1.000 Jain=1.000 PeakMF=0.404
[Ep  1700 | Step   816,000/2,000,000 | 100 sps] R=-7217.5 C=   0 Safe=100.00% SAI=1.000 Jain=1.000 PeakMF=0.404
[Ep  1500 | Step   720,000/2,000,000 | 99 sps] R=-7278.3 C=   0 Safe=100.00% SAI=1.000 Jain=1.000 PeakMF=0.470
[Ep  2350 | Step 1,128,000/2,000,000 | 100 sps] R=-7217.3 C=   0 Safe=100.00% SAI=1.000 Jain=1.000 PeakMF=0.404
[Ep  1400 | Step   672,000/2,000,000 | 100 sps] R=-7278.3 C=   0 Safe=100.00% SAI=1.000 Jain=1.000 PeakMF=0.470
[Ep  2200 | Step 1,056,000/2,000,000 | 100 sps] R=-7217.5 C=   0 Safe=100.00% SAI=1.000 Jain=1.000 PeakMF=0.404
[Ep  1650 | Step   792,000/2,000,000 | 100 sps] R=-7216.8 C=   0 Safe=100.00% SAI=1.000 Jain=1.000 PeakMF=0.404
[Ep  1750 | Step   840,000/2,000,000 | 100 sps] R=-7217.5 C=   0 Safe=100.00% SAI=1.000 Jain=1.000 PeakMF=0.404
[Ep  1550 | Step   744,000/2,000,000 | 99 sps] R=-7278.3 C=   0 Safe=100.00% SAI=1.000 Jain=1.000 PeakMF=0.470
[Ep  2400 | Step 1,152,000/2,000,000 | 100 sps] R=-7216.8 C=   0 Safe=100.00% SAI=1.000 Jain=1.000 PeakMF=0.404
[Ep  1450 | Step   696,000/2,000,000 | 100 sps] R=-7278.3 C=   0 Safe=100.00% SAI=1.000 Jain=1.000 PeakMF=0.470
[Ep  2250 | Step 1,080,000/2,000,000 | 100 sps] R=-7217.5 C=   0 Safe=100.00% SAI=1.000 Jain=1.000 PeakMF=0.404
[Ep  1700 | Step   816,000/2,000,000 | 100 sps] R=-7217.5 C=   0 Safe=100.00% SAI=1.000 Jain=1.000 PeakMF=0.404
[Ep  1800 | Step   864,000/2,000,000 | 100 sps] R=-7217.5 C=   0 Safe=100.00% SAI=1.000 Jain=1.000 PeakMF=0.404
[Ep  1600 | Step   768,000/2,000,000 | 99 sps] R=-7278.3 C=   0 Safe=100.00% SAI=1.000 Jain=1.000 PeakMF=0.470
[Ep  2450 | Step 1,176,000/2,000,000 | 100 sps] R=-7217.5 C=   0 Safe=100.00% SAI=1.000 Jain=1.000 PeakMF=0.404
[Ep  1500 | Step   720,000/2,000,000 | 100 sps] R=-7278.3 C=   0 Safe=100.00% SAI=1.000 Jain=1.000 PeakMF=0.470
[Ep  2300 | Step 1,104,000/2,000,000 | 100 sps] R=-7217.5 C=   0 Safe=100.00% SAI=1.000 Jain=1.000 PeakMF=0.404
[Ep  1750 | Step   840,000/2,000,000 | 101 sps] R=-7217.5 C=   0 Safe=100.00% SAI=1.000 Jain=1.000 PeakMF=0.404
[Ep  1850 | Step   888,000/2,000,000 | 100 sps] R=-7231.5 C=   0 Safe=100.00% SAI=1.000 Jain=1.000 PeakMF=0.404
[Ep  1650 | Step   792,000/2,000,000 | 99 sps] R=-7278.3 C=   0 Safe=100.00% SAI=1.000 Jain=1.000 PeakMF=0.470
[Ep  2500 | Step 1,200,000/2,000,000 | 100 sps] R=-7217.5 C=   0 Safe=100.00% SAI=1.000 Jain=1.000 PeakMF=0.404
[Ep  1550 | Step   744,000/2,000,000 | 100 sps] R=-7278.3 C=   0 Safe=100.00% SAI=1.000 Jain=1.000 PeakMF=0.470
[Ep  2350 | Step 1,128,000/2,000,000 | 100 sps] R=-7217.5 C=   0 Safe=100.00% SAI=1.000 Jain=1.000 PeakMF=0.404
[Ep  1800 | Step   864,000/2,000,000 | 101 sps] R=-7217.5 C=   0 Safe=100.00% SAI=1.000 Jain=1.000 PeakMF=0.404
[Ep  1900 | Step   912,000/2,000,000 | 100 sps] R=-7217.5 C=   0 Safe=100.00% SAI=1.000 Jain=1.000 PeakMF=0.404
[Ep  1700 | Step   816,000/2,000,000 | 99 sps] R=-7278.3 C=   0 Safe=100.00% SAI=1.000 Jain=1.000 PeakMF=0.470
[Ep  2550 | Step 1,224,000/2,000,000 | 100 sps] R=-7217.5 C=   0 Safe=100.00% SAI=1.000 Jain=1.000 PeakMF=0.404
[Ep  1600 | Step   768,000/2,000,000 | 100 sps] R=-7278.3 C=   0 Safe=100.00% SAI=1.000 Jain=1.000 PeakMF=0.470
[Ep  2400 | Step 1,152,000/2,000,000 | 100 sps] R=-7217.5 C=   0 Safe=100.00% SAI=1.000 Jain=1.000 PeakMF=0.404
[Ep  1850 | Step   888,000/2,000,000 | 101 sps] R=-7217.5 C=   0 Safe=100.00% SAI=1.000 Jain=1.000 PeakMF=0.404
[Ep  1950 | Step   936,000/2,000,000 | 100 sps] R=-7224.5 C=   0 Safe=100.00% SAI=1.000 Jain=1.000 PeakMF=0.404
[Ep  1750 | Step   840,000/2,000,000 | 99 sps] R=-7278.3 C=   0 Safe=100.00% SAI=1.000 Jain=1.000 PeakMF=0.470
[Ep  2600 | Step 1,248,000/2,000,000 | 100 sps] R=-7217.5 C=   0 Safe=100.00% SAI=1.000 Jain=1.000 PeakMF=0.404
[Ep  1650 | Step   792,000/2,000,000 | 100 sps] R=-7278.3 C=   0 Safe=100.00% SAI=1.000 Jain=1.000 PeakMF=0.470
[Ep  2450 | Step 1,176,000/2,000,000 | 100 sps] R=-7217.5 C=   0 Safe=100.00% SAI=1.000 Jain=1.000 PeakMF=0.404
[Ep  1900 | Step   912,000/2,000,000 | 101 sps] R=-7217.5 C=   0 Safe=100.00% SAI=1.000 Jain=1.000 PeakMF=0.404
[Ep  2000 | Step   960,000/2,000,000 | 100 sps] R=-7217.5 C=   0 Safe=100.00% SAI=1.000 Jain=1.000 PeakMF=0.404
[Ep  1800 | Step   864,000/2,000,000 | 99 sps] R=-7278.3 C=   0 Safe=100.00% SAI=1.000 Jain=1.000 PeakMF=0.470
[Ep  2650 | Step 1,272,000/2,000,000 | 100 sps] R=-7217.5 C=   0 Safe=100.00% SAI=1.000 Jain=1.000 PeakMF=0.404
[Ep  1700 | Step   816,000/2,000,000 | 100 sps] R=-7278.3 C=   0 Safe=100.00% SAI=1.000 Jain=1.000 PeakMF=0.470
[Ep  2500 | Step 1,200,000/2,000,000 | 100 sps] R=-7217.5 C=   0 Safe=100.00% SAI=1.000 Jain=1.000 PeakMF=0.404
[Ep  1950 | Step   936,000/2,000,000 | 101 sps] R=-7217.5 C=   0 Safe=100.00% SAI=1.000 Jain=1.000 PeakMF=0.404
[Ep  2050 | Step   984,000/2,000,000 | 100 sps] R=-7217.5 C=   0 Safe=100.00% SAI=1.000 Jain=1.000 PeakMF=0.404
[Ep  1850 | Step   888,000/2,000,000 | 99 sps] R=-7278.3 C=   0 Safe=100.00% SAI=1.000 Jain=1.000 PeakMF=0.470
[Ep  2700 | Step 1,296,000/2,000,000 | 100 sps] R=-7217.5 C=   0 Safe=100.00% SAI=1.000 Jain=1.000 PeakMF=0.404
[Ep  1750 | Step   840,000/2,000,000 | 100 sps] R=-7278.3 C=   0 Safe=100.00% SAI=1.000 Jain=1.000 PeakMF=0.470
[Ep  2550 | Step 1,224,000/2,000,000 | 100 sps] R=-7217.5 C=   0 Safe=100.00% SAI=1.000 Jain=1.000 PeakMF=0.404
[Ep  2000 | Step   960,000/2,000,000 | 101 sps] R=-7217.5 C=   0 Safe=100.00% SAI=1.000 Jain=1.000 PeakMF=0.404
[Ep  2100 | Step 1,008,000/2,000,000 | 100 sps] R=-7224.5 C=   0 Safe=100.00% SAI=1.000 Jain=1.000 PeakMF=0.404
[Ep  1900 | Step   912,000/2,000,000 | 99 sps] R=-7278.3 C=   0 Safe=100.00% SAI=1.000 Jain=1.000 PeakMF=0.470
[Ep  2750 | Step 1,320,000/2,000,000 | 100 sps] R=-7217.5 C=   0 Safe=100.00% SAI=1.000 Jain=1.000 PeakMF=0.404
[Ep  1800 | Step   864,000/2,000,000 | 100 sps] R=-7278.3 C=   0 Safe=100.00% SAI=1.000 Jain=1.000 PeakMF=0.470
[Ep  2600 | Step 1,248,000/2,000,000 | 100 sps] R=-7217.5 C=   0 Safe=100.00% SAI=1.000 Jain=1.000 PeakMF=0.404
[Ep  2050 | Step   984,000/2,000,000 | 101 sps] R=-7217.5 C=   0 Safe=100.00% SAI=1.000 Jain=1.000 PeakMF=0.404
[Ep  2150 | Step 1,032,000/2,000,000 | 100 sps] R=-7217.5 C=   0 Safe=100.00% SAI=1.000 Jain=1.000 PeakMF=0.404
[Ep  1950 | Step   936,000/2,000,000 | 99 sps] R=-7278.3 C=   0 Safe=100.00% SAI=1.000 Jain=1.000 PeakMF=0.470
[Ep  2800 | Step 1,344,000/2,000,000 | 100 sps] R=-7217.5 C=   0 Safe=100.00% SAI=1.000 Jain=1.000 PeakMF=0.404
[Ep  1850 | Step   888,000/2,000,000 | 100 sps] R=-7278.3 C=   0 Safe=100.00% SAI=1.000 Jain=1.000 PeakMF=0.470
[Ep  2650 | Step 1,272,000/2,000,000 | 100 sps] R=-7217.5 C=   0 Safe=100.00% SAI=1.000 Jain=1.000 PeakMF=0.404
[Ep  2100 | Step 1,008,000/2,000,000 | 101 sps] R=-7217.5 C=   0 Safe=100.00% SAI=1.000 Jain=1.000 PeakMF=0.404
[Ep  2200 | Step 1,056,000/2,000,000 | 100 sps] R=-7224.5 C=   0 Safe=100.00% SAI=1.000 Jain=1.000 PeakMF=0.404
[Ep  2000 | Step   960,000/2,000,000 | 99 sps] R=-7278.3 C=   0 Safe=100.00% SAI=1.000 Jain=1.000 PeakMF=0.470
[Ep  2850 | Step 1,368,000/2,000,000 | 100 sps] R=-7217.5 C=   0 Safe=100.00% SAI=1.000 Jain=1.000 PeakMF=0.404
[Ep  1900 | Step   912,000/2,000,000 | 100 sps] R=-7278.3 C=   0 Safe=100.00% SAI=1.000 Jain=1.000 PeakMF=0.470
[Ep  2700 | Step 1,296,000/2,000,000 | 100 sps] R=-7217.5 C=   0 Safe=100.00% SAI=1.000 Jain=1.000 PeakMF=0.404
[Ep  2150 | Step 1,032,000/2,000,000 | 101 sps] R=-7217.5 C=   0 Safe=100.00% SAI=1.000 Jain=1.000 PeakMF=0.404
[Ep  2250 | Step 1,080,000/2,000,000 | 100 sps] R=-7217.5 C=   0 Safe=100.00% SAI=1.000 Jain=1.000 PeakMF=0.404
[Ep  2050 | Step   984,000/2,000,000 | 99 sps] R=-7278.3 C=   0 Safe=100.00% SAI=1.000 Jain=1.000 PeakMF=0.470
[Ep  2900 | Step 1,392,000/2,000,000 | 100 sps] R=-7217.5 C=   0 Safe=100.00% SAI=1.000 Jain=1.000 PeakMF=0.404
[Ep  1950 | Step   936,000/2,000,000 | 100 sps] R=-7278.3 C=   0 Safe=100.00% SAI=1.000 Jain=1.000 PeakMF=0.470
[Ep  2750 | Step 1,320,000/2,000,000 | 100 sps] R=-7217.5 C=   0 Safe=100.00% SAI=1.000 Jain=1.000 PeakMF=0.404
[Ep  2200 | Step 1,056,000/2,000,000 | 101 sps] R=-7217.5 C=   0 Safe=100.00% SAI=1.000 Jain=1.000 PeakMF=0.404
[Ep  2300 | Step 1,104,000/2,000,000 | 100 sps] R=-7217.5 C=   0 Safe=100.00% SAI=1.000 Jain=1.000 PeakMF=0.404
[Ep  2100 | Step 1,008,000/2,000,000 | 99 sps] R=-7278.3 C=   0 Safe=100.00% SAI=1.000 Jain=1.000 PeakMF=0.470
[Ep  2950 | Step 1,416,000/2,000,000 | 100 sps] R=-7217.5 C=   0 Safe=100.00% SAI=1.000 Jain=1.000 PeakMF=0.404
[Ep  2000 | Step   960,000/2,000,000 | 100 sps] R=-7278.3 C=   0 Safe=100.00% SAI=1.000 Jain=1.000 PeakMF=0.470
[Ep  2800 | Step 1,344,000/2,000,000 | 100 sps] R=-7217.5 C=   0 Safe=100.00% SAI=1.000 Jain=1.000 PeakMF=0.404
[Ep  2250 | Step 1,080,000/2,000,000 | 100 sps] R=-7217.5 C=   0 Safe=100.00% SAI=1.000 Jain=1.000 PeakMF=0.404
[Ep  2350 | Step 1,128,000/2,000,000 | 100 sps] R=-7217.5 C=   0 Safe=100.00% SAI=1.000 Jain=1.000 PeakMF=0.404
[Ep  2150 | Step 1,032,000/2,000,000 | 99 sps] R=-7278.3 C=   0 Safe=100.00% SAI=1.000 Jain=1.000 PeakMF=0.470
[Ep  3000 | Step 1,440,000/2,000,000 | 100 sps] R=-7217.5 C=   0 Safe=100.00% SAI=1.000 Jain=1.000 PeakMF=0.404
[Ep  2050 | Step   984,000/2,000,000 | 100 sps] R=-7278.3 C=   0 Safe=100.00% SAI=1.000 Jain=1.000 PeakMF=0.470
[Ep  2850 | Step 1,368,000/2,000,000 | 100 sps] R=-7217.5 C=   0 Safe=100.00% SAI=1.000 Jain=1.000 PeakMF=0.404
[Ep  2300 | Step 1,104,000/2,000,000 | 100 sps] R=-7217.5 C=   0 Safe=100.00% SAI=1.000 Jain=1.000 PeakMF=0.404
[Ep  2400 | Step 1,152,000/2,000,000 | 100 sps] R=-7217.5 C=   0 Safe=100.00% SAI=1.000 Jain=1.000 PeakMF=0.404
[Ep  2200 | Step 1,056,000/2,000,000 | 99 sps] R=-7278.3 C=   0 Safe=100.00% SAI=1.000 Jain=1.000 PeakMF=0.470
[Ep  3050 | Step 1,464,000/2,000,000 | 100 sps] R=-7217.5 C=   0 Safe=100.00% SAI=1.000 Jain=1.000 PeakMF=0.404
[Ep  2100 | Step 1,008,000/2,000,000 | 100 sps] R=-7278.3 C=   0 Safe=100.00% SAI=1.000 Jain=1.000 PeakMF=0.470
[Ep  2900 | Step 1,392,000/2,000,000 | 100 sps] R=-7217.5 C=   0 Safe=100.00% SAI=1.000 Jain=1.000 PeakMF=0.404
[Ep  2350 | Step 1,128,000/2,000,000 | 100 sps] R=-7217.5 C=   0 Safe=100.00% SAI=1.000 Jain=1.000 PeakMF=0.404
[Ep  2450 | Step 1,176,000/2,000,000 | 100 sps] R=-7224.5 C=   0 Safe=100.00% SAI=1.000 Jain=1.000 PeakMF=0.404
[Ep  3100 | Step 1,488,000/2,000,000 | 100 sps] R=-7217.5 C=   0 Safe=100.00% SAI=1.000 Jain=1.000 PeakMF=0.404
[Ep  2250 | Step 1,080,000/2,000,000 | 99 sps] R=-7278.3 C=   0 Safe=100.00% SAI=1.000 Jain=1.000 PeakMF=0.470
[Ep  2150 | Step 1,032,000/2,000,000 | 100 sps] R=-7278.3 C=   0 Safe=100.00% SAI=1.000 Jain=1.000 PeakMF=0.470
[Ep  2950 | Step 1,416,000/2,000,000 | 100 sps] R=-7217.5 C=   0 Safe=100.00% SAI=1.000 Jain=1.000 PeakMF=0.404
[Ep  2400 | Step 1,152,000/2,000,000 | 100 sps] R=-7217.5 C=   0 Safe=100.00% SAI=1.000 Jain=1.000 PeakMF=0.404
[Ep  2500 | Step 1,200,000/2,000,000 | 100 sps] R=-7238.5 C=   0 Safe=100.00% SAI=1.000 Jain=1.000 PeakMF=0.404
[Ep  3150 | Step 1,512,000/2,000,000 | 101 sps] R=-7217.5 C=   0 Safe=100.00% SAI=1.000 Jain=1.000 PeakMF=0.404
[Ep  2300 | Step 1,104,000/2,000,000 | 99 sps] R=-7278.3 C=   0 Safe=100.00% SAI=1.000 Jain=1.000 PeakMF=0.470
[Ep  2200 | Step 1,056,000/2,000,000 | 100 sps] R=-7278.3 C=   0 Safe=100.00% SAI=1.000 Jain=1.000 PeakMF=0.470
[Ep  3000 | Step 1,440,000/2,000,000 | 100 sps] R=-7224.5 C=   0 Safe=100.00% SAI=1.000 Jain=1.000 PeakMF=0.404
[Ep  2450 | Step 1,176,000/2,000,000 | 100 sps] R=-7217.5 C=   0 Safe=100.00% SAI=1.000 Jain=1.000 PeakMF=0.404
[Ep  2550 | Step 1,224,000/2,000,000 | 100 sps] R=-7217.5 C=   0 Safe=100.00% SAI=1.000 Jain=1.000 PeakMF=0.404
[Ep  3200 | Step 1,536,000/2,000,000 | 100 sps] R=-7217.5 C=   0 Safe=100.00% SAI=1.000 Jain=1.000 PeakMF=0.404
[Ep  2350 | Step 1,128,000/2,000,000 | 99 sps] R=-7278.3 C=   0 Safe=100.00% SAI=1.000 Jain=1.000 PeakMF=0.470
[Ep  2250 | Step 1,080,000/2,000,000 | 100 sps] R=-7278.3 C=   0 Safe=100.00% SAI=1.000 Jain=1.000 PeakMF=0.470
[Ep  3050 | Step 1,464,000/2,000,000 | 100 sps] R=-7217.5 C=   0 Safe=100.00% SAI=1.000 Jain=1.000 PeakMF=0.404
[Ep  2500 | Step 1,200,000/2,000,000 | 100 sps] R=-7217.5 C=   0 Safe=100.00% SAI=1.000 Jain=1.000 PeakMF=0.404
[Ep  2600 | Step 1,248,000/2,000,000 | 100 sps] R=-7217.5 C=   0 Safe=100.00% SAI=1.000 Jain=1.000 PeakMF=0.404
[Ep  3250 | Step 1,560,000/2,000,000 | 100 sps] R=-7217.5 C=   0 Safe=100.00% SAI=1.000 Jain=1.000 PeakMF=0.404
[Ep  2400 | Step 1,152,000/2,000,000 | 99 sps] R=-7278.3 C=   0 Safe=100.00% SAI=1.000 Jain=1.000 PeakMF=0.470
[Ep  2300 | Step 1,104,000/2,000,000 | 100 sps] R=-7278.3 C=   0 Safe=100.00% SAI=1.000 Jain=1.000 PeakMF=0.470
[Ep  3100 | Step 1,488,000/2,000,000 | 100 sps] R=-7217.5 C=   0 Safe=100.00% SAI=1.000 Jain=1.000 PeakMF=0.404
[Ep  2550 | Step 1,224,000/2,000,000 | 100 sps] R=-7217.5 C=   0 Safe=100.00% SAI=1.000 Jain=1.000 PeakMF=0.404
[Ep  2650 | Step 1,272,000/2,000,000 | 100 sps] R=-7217.5 C=   0 Safe=100.00% SAI=1.000 Jain=1.000 PeakMF=0.404
[Ep  2450 | Step 1,176,000/2,000,000 | 99 sps] R=-7278.3 C=   0 Safe=100.00% SAI=1.000 Jain=1.000 PeakMF=0.470
[Ep  3300 | Step 1,584,000/2,000,000 | 100 sps] R=-7217.5 C=   0 Safe=100.00% SAI=1.000 Jain=1.000 PeakMF=0.404
[Ep  2350 | Step 1,128,000/2,000,000 | 100 sps] R=-7278.3 C=   0 Safe=100.00% SAI=1.000 Jain=1.000 PeakMF=0.470
[Ep  3150 | Step 1,512,000/2,000,000 | 100 sps] R=-7217.5 C=   0 Safe=100.00% SAI=1.000 Jain=1.000 PeakMF=0.404
[Ep  2600 | Step 1,248,000/2,000,000 | 100 sps] R=-7217.5 C=   0 Safe=100.00% SAI=1.000 Jain=1.000 PeakMF=0.404
[Ep  2700 | Step 1,296,000/2,000,000 | 100 sps] R=-7217.5 C=   0 Safe=100.00% SAI=1.000 Jain=1.000 PeakMF=0.404
[Ep  2500 | Step 1,200,000/2,000,000 | 99 sps] R=-7278.3 C=   0 Safe=100.00% SAI=1.000 Jain=1.000 PeakMF=0.470
[Ep  3350 | Step 1,608,000/2,000,000 | 100 sps] R=-7217.5 C=   0 Safe=100.00% SAI=1.000 Jain=1.000 PeakMF=0.404
[Ep  2400 | Step 1,152,000/2,000,000 | 100 sps] R=-7278.3 C=   0 Safe=100.00% SAI=1.000 Jain=1.000 PeakMF=0.470
[Ep  3200 | Step 1,536,000/2,000,000 | 100 sps] R=-7217.5 C=   0 Safe=100.00% SAI=1.000 Jain=1.000 PeakMF=0.404
[Ep  2650 | Step 1,272,000/2,000,000 | 100 sps] R=-7217.4 C=   0 Safe=100.00% SAI=1.000 Jain=1.000 PeakMF=0.404
[Ep  2750 | Step 1,320,000/2,000,000 | 100 sps] R=-7217.5 C=   0 Safe=100.00% SAI=1.000 Jain=1.000 PeakMF=0.404
[Ep  2550 | Step 1,224,000/2,000,000 | 99 sps] R=-7278.3 C=   0 Safe=100.00% SAI=1.000 Jain=1.000 PeakMF=0.470
[Ep  3400 | Step 1,632,000/2,000,000 | 100 sps] R=-7217.5 C=   0 Safe=100.00% SAI=1.000 Jain=1.000 PeakMF=0.404
[Ep  2450 | Step 1,176,000/2,000,000 | 100 sps] R=-7278.3 C=   0 Safe=100.00% SAI=1.000 Jain=1.000 PeakMF=0.470
[Ep  3250 | Step 1,560,000/2,000,000 | 100 sps] R=-7217.5 C=   0 Safe=100.00% SAI=1.000 Jain=1.000 PeakMF=0.404
[Ep  2700 | Step 1,296,000/2,000,000 | 100 sps] R=-7217.5 C=   0 Safe=100.00% SAI=1.000 Jain=1.000 PeakMF=0.404
[Ep  2800 | Step 1,344,000/2,000,000 | 100 sps] R=-7217.5 C=   0 Safe=100.00% SAI=1.000 Jain=1.000 PeakMF=0.404
[Ep  2600 | Step 1,248,000/2,000,000 | 99 sps] R=-7278.3 C=   0 Safe=100.00% SAI=1.000 Jain=1.000 PeakMF=0.470
[Ep  3450 | Step 1,656,000/2,000,000 | 100 sps] R=-7217.5 C=   0 Safe=100.00% SAI=1.000 Jain=1.000 PeakMF=0.404
[Ep  2500 | Step 1,200,000/2,000,000 | 100 sps] R=-7278.3 C=   0 Safe=100.00% SAI=1.000 Jain=1.000 PeakMF=0.470
[Ep  3300 | Step 1,584,000/2,000,000 | 100 sps] R=-7217.5 C=   0 Safe=100.00% SAI=1.000 Jain=1.000 PeakMF=0.404
[Ep  2750 | Step 1,320,000/2,000,000 | 100 sps] R=-7217.5 C=   0 Safe=100.00% SAI=1.000 Jain=1.000 PeakMF=0.404
[Ep  2850 | Step 1,368,000/2,000,000 | 100 sps] R=-7217.5 C=   0 Safe=100.00% SAI=1.000 Jain=1.000 PeakMF=0.404
[Ep  2650 | Step 1,272,000/2,000,000 | 99 sps] R=-7278.3 C=   0 Safe=100.00% SAI=1.000 Jain=1.000 PeakMF=0.470
[Ep  3500 | Step 1,680,000/2,000,000 | 100 sps] R=-7217.5 C=   0 Safe=100.00% SAI=1.000 Jain=1.000 PeakMF=0.404
[Ep  2550 | Step 1,224,000/2,000,000 | 100 sps] R=-7278.3 C=   0 Safe=100.00% SAI=1.000 Jain=1.000 PeakMF=0.470
[Ep  3350 | Step 1,608,000/2,000,000 | 100 sps] R=-7217.5 C=   0 Safe=100.00% SAI=1.000 Jain=1.000 PeakMF=0.404
[Ep  2800 | Step 1,344,000/2,000,000 | 100 sps] R=-7217.5 C=   0 Safe=100.00% SAI=1.000 Jain=1.000 PeakMF=0.404
[Ep  2900 | Step 1,392,000/2,000,000 | 100 sps] R=-7217.5 C=   0 Safe=100.00% SAI=1.000 Jain=1.000 PeakMF=0.404
[Ep  2700 | Step 1,296,000/2,000,000 | 99 sps] R=-7278.3 C=   0 Safe=100.00% SAI=1.000 Jain=1.000 PeakMF=0.470
[Ep  3550 | Step 1,704,000/2,000,000 | 100 sps] R=-7217.5 C=   0 Safe=100.00% SAI=1.000 Jain=1.000 PeakMF=0.404
[Ep  2600 | Step 1,248,000/2,000,000 | 100 sps] R=-7278.3 C=   0 Safe=100.00% SAI=1.000 Jain=1.000 PeakMF=0.470
[Ep  3400 | Step 1,632,000/2,000,000 | 100 sps] R=-7217.5 C=   0 Safe=100.00% SAI=1.000 Jain=1.000 PeakMF=0.404
[Ep  2850 | Step 1,368,000/2,000,000 | 100 sps] R=-7217.5 C=   0 Safe=100.00% SAI=1.000 Jain=1.000 PeakMF=0.404
[Ep  2950 | Step 1,416,000/2,000,000 | 100 sps] R=-7217.5 C=   0 Safe=100.00% SAI=1.000 Jain=1.000 PeakMF=0.404
[Ep  2750 | Step 1,320,000/2,000,000 | 99 sps] R=-7278.3 C=   0 Safe=100.00% SAI=1.000 Jain=1.000 PeakMF=0.470
[Ep  3600 | Step 1,728,000/2,000,000 | 100 sps] R=-7217.5 C=   0 Safe=100.00% SAI=1.000 Jain=1.000 PeakMF=0.404
[Ep  2650 | Step 1,272,000/2,000,000 | 100 sps] R=-7278.3 C=   0 Safe=100.00% SAI=1.000 Jain=1.000 PeakMF=0.470
[Ep  3450 | Step 1,656,000/2,000,000 | 100 sps] R=-7217.5 C=   0 Safe=100.00% SAI=1.000 Jain=1.000 PeakMF=0.404
[Ep  2900 | Step 1,392,000/2,000,000 | 100 sps] R=-7217.5 C=   0 Safe=100.00% SAI=1.000 Jain=1.000 PeakMF=0.404
[Ep  3000 | Step 1,440,000/2,000,000 | 100 sps] R=-7217.5 C=   0 Safe=100.00% SAI=1.000 Jain=1.000 PeakMF=0.404
[Ep  2800 | Step 1,344,000/2,000,000 | 99 sps] R=-7278.3 C=   0 Safe=100.00% SAI=1.000 Jain=1.000 PeakMF=0.470
[Ep  3650 | Step 1,752,000/2,000,000 | 100 sps] R=-7217.5 C=   0 Safe=100.00% SAI=1.000 Jain=1.000 PeakMF=0.404
[Ep  2700 | Step 1,296,000/2,000,000 | 100 sps] R=-7278.3 C=   0 Safe=100.00% SAI=1.000 Jain=1.000 PeakMF=0.470
[Ep  3500 | Step 1,680,000/2,000,000 | 100 sps] R=-7217.5 C=   0 Safe=100.00% SAI=1.000 Jain=1.000 PeakMF=0.404
[Ep  2950 | Step 1,416,000/2,000,000 | 100 sps] R=-7217.5 C=   0 Safe=100.00% SAI=1.000 Jain=1.000 PeakMF=0.404
[Ep  3050 | Step 1,464,000/2,000,000 | 100 sps] R=-7217.5 C=   0 Safe=100.00% SAI=1.000 Jain=1.000 PeakMF=0.404
[Ep  2850 | Step 1,368,000/2,000,000 | 99 sps] R=-7278.3 C=   0 Safe=100.00% SAI=1.000 Jain=1.000 PeakMF=0.470
[Ep  3700 | Step 1,776,000/2,000,000 | 100 sps] R=-7217.5 C=   0 Safe=100.00% SAI=1.000 Jain=1.000 PeakMF=0.404
[Ep  3550 | Step 1,704,000/2,000,000 | 100 sps] R=-7217.5 C=   0 Safe=100.00% SAI=1.000 Jain=1.000 PeakMF=0.404
[Ep  2750 | Step 1,320,000/2,000,000 | 99 sps] R=-7278.3 C=   0 Safe=100.00% SAI=1.000 Jain=1.000 PeakMF=0.470
[Ep  3000 | Step 1,440,000/2,000,000 | 100 sps] R=-7217.5 C=   0 Safe=100.00% SAI=1.000 Jain=1.000 PeakMF=0.404
[Ep  3100 | Step 1,488,000/2,000,000 | 100 sps] R=-7217.5 C=   0 Safe=100.00% SAI=1.000 Jain=1.000 PeakMF=0.404
[Ep  2900 | Step 1,392,000/2,000,000 | 99 sps] R=-7278.3 C=   0 Safe=100.00% SAI=1.000 Jain=1.000 PeakMF=0.470
[Ep  3750 | Step 1,800,000/2,000,000 | 100 sps] R=-7217.5 C=   0 Safe=100.00% SAI=1.000 Jain=1.000 PeakMF=0.404
[Ep  3600 | Step 1,728,000/2,000,000 | 100 sps] R=-7217.5 C=   0 Safe=100.00% SAI=1.000 Jain=1.000 PeakMF=0.404
[Ep  2800 | Step 1,344,000/2,000,000 | 99 sps] R=-7278.3 C=   0 Safe=100.00% SAI=1.000 Jain=1.000 PeakMF=0.470
[Ep  3050 | Step 1,464,000/2,000,000 | 101 sps] R=-7217.5 C=   0 Safe=100.00% SAI=1.000 Jain=1.000 PeakMF=0.404
[Ep  3150 | Step 1,512,000/2,000,000 | 100 sps] R=-7217.5 C=   0 Safe=100.00% SAI=1.000 Jain=1.000 PeakMF=0.404
[Ep  3800 | Step 1,824,000/2,000,000 | 100 sps] R=-7217.5 C=   0 Safe=100.00% SAI=1.000 Jain=1.000 PeakMF=0.404
[Ep  3650 | Step 1,752,000/2,000,000 | 100 sps] R=-7217.5 C=   0 Safe=100.00% SAI=1.000 Jain=1.000 PeakMF=0.404
[Ep  2950 | Step 1,416,000/2,000,000 | 99 sps] R=-7278.3 C=   0 Safe=100.00% SAI=1.000 Jain=1.000 PeakMF=0.470
[Ep  3100 | Step 1,488,000/2,000,000 | 101 sps] R=-7217.5 C=   0 Safe=100.00% SAI=1.000 Jain=1.000 PeakMF=0.404
[Ep  2850 | Step 1,368,000/2,000,000 | 99 sps] R=-7278.3 C=   0 Safe=100.00% SAI=1.000 Jain=1.000 PeakMF=0.470
[Ep  3200 | Step 1,536,000/2,000,000 | 100 sps] R=-7217.5 C=   0 Safe=100.00% SAI=1.000 Jain=1.000 PeakMF=0.404
[Ep  3850 | Step 1,848,000/2,000,000 | 100 sps] R=-7217.5 C=   0 Safe=100.00% SAI=1.000 Jain=1.000 PeakMF=0.404
[Ep  3700 | Step 1,776,000/2,000,000 | 100 sps] R=-7217.5 C=   0 Safe=100.00% SAI=1.000 Jain=1.000 PeakMF=0.404
[Ep  3000 | Step 1,440,000/2,000,000 | 99 sps] R=-7278.3 C=   0 Safe=100.00% SAI=1.000 Jain=1.000 PeakMF=0.470
[Ep  3150 | Step 1,512,000/2,000,000 | 101 sps] R=-7217.5 C=   0 Safe=100.00% SAI=1.000 Jain=1.000 PeakMF=0.404
[Ep  3250 | Step 1,560,000/2,000,000 | 100 sps] R=-7217.5 C=   0 Safe=100.00% SAI=1.000 Jain=1.000 PeakMF=0.404
[Ep  2900 | Step 1,392,000/2,000,000 | 99 sps] R=-7278.3 C=   0 Safe=100.00% SAI=1.000 Jain=1.000 PeakMF=0.470
[Ep  3900 | Step 1,872,000/2,000,000 | 100 sps] R=-7217.5 C=   0 Safe=100.00% SAI=1.000 Jain=1.000 PeakMF=0.404
[Ep  3750 | Step 1,800,000/2,000,000 | 100 sps] R=-7217.5 C=   0 Safe=100.00% SAI=1.000 Jain=1.000 PeakMF=0.404
[Ep  3200 | Step 1,536,000/2,000,000 | 101 sps] R=-7217.5 C=   0 Safe=100.00% SAI=1.000 Jain=1.000 PeakMF=0.404
[Ep  3050 | Step 1,464,000/2,000,000 | 98 sps] R=-7278.3 C=   0 Safe=100.00% SAI=1.000 Jain=1.000 PeakMF=0.470
[Ep  3300 | Step 1,584,000/2,000,000 | 100 sps] R=-7217.5 C=   0 Safe=100.00% SAI=1.000 Jain=1.000 PeakMF=0.404
[Ep  2950 | Step 1,416,000/2,000,000 | 99 sps] R=-7278.3 C=   0 Safe=100.00% SAI=1.000 Jain=1.000 PeakMF=0.470
[Ep  3950 | Step 1,896,000/2,000,000 | 100 sps] R=-7217.5 C=   0 Safe=100.00% SAI=1.000 Jain=1.000 PeakMF=0.404
[Ep  3800 | Step 1,824,000/2,000,000 | 100 sps] R=-7217.5 C=   0 Safe=100.00% SAI=1.000 Jain=1.000 PeakMF=0.404
[Ep  3250 | Step 1,560,000/2,000,000 | 101 sps] R=-7217.5 C=   0 Safe=100.00% SAI=1.000 Jain=1.000 PeakMF=0.404
[Ep  3350 | Step 1,608,000/2,000,000 | 100 sps] R=-7217.5 C=   0 Safe=100.00% SAI=1.000 Jain=1.000 PeakMF=0.404
[Ep  3100 | Step 1,488,000/2,000,000 | 98 sps] R=-7278.3 C=   0 Safe=100.00% SAI=1.000 Jain=1.000 PeakMF=0.470
[Ep  4000 | Step 1,920,000/2,000,000 | 100 sps] R=-7217.5 C=   0 Safe=100.00% SAI=1.000 Jain=1.000 PeakMF=0.404
[Ep  3850 | Step 1,848,000/2,000,000 | 100 sps] R=-7217.5 C=   0 Safe=100.00% SAI=1.000 Jain=1.000 PeakMF=0.404
[Ep  3000 | Step 1,440,000/2,000,000 | 98 sps] R=-7278.3 C=   0 Safe=100.00% SAI=1.000 Jain=1.000 PeakMF=0.470
[Ep  3300 | Step 1,584,000/2,000,000 | 101 sps] R=-7217.5 C=   0 Safe=100.00% SAI=1.000 Jain=1.000 PeakMF=0.404
[Ep  3400 | Step 1,632,000/2,000,000 | 100 sps] R=-7217.5 C=   0 Safe=100.00% SAI=1.000 Jain=1.000 PeakMF=0.404
[Ep  3150 | Step 1,512,000/2,000,000 | 98 sps] R=-7278.3 C=   0 Safe=100.00% SAI=1.000 Jain=1.000 PeakMF=0.470
[Ep  4050 | Step 1,944,000/2,000,000 | 100 sps] R=-7217.5 C=   0 Safe=100.00% SAI=1.000 Jain=1.000 PeakMF=0.404
[Ep  3900 | Step 1,872,000/2,000,000 | 100 sps] R=-7217.5 C=   0 Safe=100.00% SAI=1.000 Jain=1.000 PeakMF=0.404
[Ep  3350 | Step 1,608,000/2,000,000 | 101 sps] R=-7217.5 C=   0 Safe=100.00% SAI=1.000 Jain=1.000 PeakMF=0.404
[Ep  3050 | Step 1,464,000/2,000,000 | 98 sps] R=-7278.3 C=   0 Safe=100.00% SAI=1.000 Jain=1.000 PeakMF=0.470
[Ep  3450 | Step 1,656,000/2,000,000 | 100 sps] R=-7294.4 C=   0 Safe=100.00% SAI=1.000 Jain=1.000 PeakMF=0.404
[Ep  4100 | Step 1,968,000/2,000,000 | 100 sps] R=-7217.5 C=   0 Safe=100.00% SAI=1.000 Jain=1.000 PeakMF=0.404
[Ep  3200 | Step 1,536,000/2,000,000 | 98 sps] R=-7278.3 C=   0 Safe=100.00% SAI=1.000 Jain=1.000 PeakMF=0.470
[Ep  3950 | Step 1,896,000/2,000,000 | 100 sps] R=-7217.5 C=   0 Safe=100.00% SAI=1.000 Jain=1.000 PeakMF=0.404
[Ep  3400 | Step 1,632,000/2,000,000 | 101 sps] R=-7217.5 C=   0 Safe=100.00% SAI=1.000 Jain=1.000 PeakMF=0.404
[Ep  3100 | Step 1,488,000/2,000,000 | 98 sps] R=-7278.3 C=   0 Safe=100.00% SAI=1.000 Jain=1.000 PeakMF=0.470
[Ep  3500 | Step 1,680,000/2,000,000 | 101 sps] R=-7245.5 C=   0 Safe=100.00% SAI=1.000 Jain=1.000 PeakMF=0.404
[Ep  4150 | Step 1,992,000/2,000,000 | 101 sps] R=-7217.5 C=   0 Safe=100.00% SAI=1.000 Jain=1.000 PeakMF=0.404
[Ep  4000 | Step 1,920,000/2,000,000 | 101 sps] R=-7217.5 C=   0 Safe=100.00% SAI=1.000 Jain=1.000 PeakMF=0.404
[Ep  3250 | Step 1,560,000/2,000,000 | 98 sps] R=-7278.3 C=   0 Safe=100.00% SAI=1.000 Jain=1.000 PeakMF=0.470
[Ep  3450 | Step 1,656,000/2,000,000 | 101 sps] R=-7217.5 C=   0 Safe=100.00% SAI=1.000 Jain=1.000 PeakMF=0.404

============================================================
Training complete: 4167 episodes, 2,000,160 steps
Best reward: -7216.0
Wall time: 5.53 hours
Checkpoint: checkpoints/shielded_mappo/seed_4/checkpoint_final.pt
============================================================
[45/50] shielded_mappo seed=4 DONE
[Ep  3550 | Step 1,704,000/2,000,000 | 101 sps] R=-7217.5 C=   0 Safe=100.00% SAI=1.000 Jain=1.000 PeakMF=0.404
[Ep  3150 | Step 1,512,000/2,000,000 | 98 sps] R=-7278.3 C=   0 Safe=100.00% SAI=1.000 Jain=1.000 PeakMF=0.470
[Ep  4050 | Step 1,944,000/2,000,000 | 101 sps] R=-7217.5 C=   0 Safe=100.00% SAI=1.000 Jain=1.000 PeakMF=0.404
[Ep  3500 | Step 1,680,000/2,000,000 | 101 sps] R=-7217.5 C=   0 Safe=100.00% SAI=1.000 Jain=1.000 PeakMF=0.404
[Ep  3300 | Step 1,584,000/2,000,000 | 98 sps] R=-7278.3 C=   0 Safe=100.00% SAI=1.000 Jain=1.000 PeakMF=0.470
[Ep  3600 | Step 1,728,000/2,000,000 | 101 sps] R=-7217.5 C=   0 Safe=100.00% SAI=1.000 Jain=1.000 PeakMF=0.404
[Ep  3200 | Step 1,536,000/2,000,000 | 98 sps] R=-7278.3 C=   0 Safe=100.00% SAI=1.000 Jain=1.000 PeakMF=0.470
[Ep  4100 | Step 1,968,000/2,000,000 | 101 sps] R=-7217.5 C=   0 Safe=100.00% SAI=1.000 Jain=1.000 PeakMF=0.404
[Ep  3550 | Step 1,704,000/2,000,000 | 101 sps] R=-7217.5 C=   0 Safe=100.00% SAI=1.000 Jain=1.000 PeakMF=0.404
[Ep  3350 | Step 1,608,000/2,000,000 | 98 sps] R=-7278.3 C=   0 Safe=100.00% SAI=1.000 Jain=1.000 PeakMF=0.470
[Ep  3650 | Step 1,752,000/2,000,000 | 101 sps] R=-7217.5 C=   0 Safe=100.00% SAI=1.000 Jain=1.000 PeakMF=0.404
[Ep  3250 | Step 1,560,000/2,000,000 | 98 sps] R=-7278.3 C=   0 Safe=100.00% SAI=1.000 Jain=1.000 PeakMF=0.470
[Ep  4150 | Step 1,992,000/2,000,000 | 101 sps] R=-7217.5 C=   0 Safe=100.00% SAI=1.000 Jain=1.000 PeakMF=0.404
[Ep  3600 | Step 1,728,000/2,000,000 | 102 sps] R=-7217.5 C=   0 Safe=100.00% SAI=1.000 Jain=1.000 PeakMF=0.404

============================================================
Training complete: 4167 episodes, 2,000,160 steps
Best reward: -7216.9
Wall time: 5.50 hours
Checkpoint: checkpoints/shielded_mappo/seed_5/checkpoint_final.pt
============================================================
[46/50] shielded_mappo seed=5 DONE
[Ep  3400 | Step 1,632,000/2,000,000 | 98 sps] R=-7278.3 C=   0 Safe=100.00% SAI=1.000 Jain=1.000 PeakMF=0.470
[Ep  3700 | Step 1,776,000/2,000,000 | 101 sps] R=-7217.5 C=   0 Safe=100.00% SAI=1.000 Jain=1.000 PeakMF=0.404
[Ep  3300 | Step 1,584,000/2,000,000 | 98 sps] R=-7278.3 C=   0 Safe=100.00% SAI=1.000 Jain=1.000 PeakMF=0.470
[Ep  3650 | Step 1,752,000/2,000,000 | 102 sps] R=-7217.5 C=   0 Safe=100.00% SAI=1.000 Jain=1.000 PeakMF=0.404
[Ep  3750 | Step 1,800,000/2,000,000 | 101 sps] R=-7224.5 C=   0 Safe=100.00% SAI=1.000 Jain=1.000 PeakMF=0.404
[Ep  3450 | Step 1,656,000/2,000,000 | 98 sps] R=-7278.3 C=   0 Safe=100.00% SAI=1.000 Jain=1.000 PeakMF=0.470
[Ep  3350 | Step 1,608,000/2,000,000 | 99 sps] R=-7278.3 C=   0 Safe=100.00% SAI=1.000 Jain=1.000 PeakMF=0.470
[Ep  3700 | Step 1,776,000/2,000,000 | 102 sps] R=-7217.5 C=   0 Safe=100.00% SAI=1.000 Jain=1.000 PeakMF=0.404
[Ep  3800 | Step 1,824,000/2,000,000 | 102 sps] R=-7217.5 C=   0 Safe=100.00% SAI=1.000 Jain=1.000 PeakMF=0.404
[Ep  3500 | Step 1,680,000/2,000,000 | 99 sps] R=-7278.3 C=   0 Safe=100.00% SAI=1.000 Jain=1.000 PeakMF=0.470
[Ep  3750 | Step 1,800,000/2,000,000 | 103 sps] R=-7217.5 C=   0 Safe=100.00% SAI=1.000 Jain=1.000 PeakMF=0.404
[Ep  3400 | Step 1,632,000/2,000,000 | 99 sps] R=-7278.3 C=   0 Safe=100.00% SAI=1.000 Jain=1.000 PeakMF=0.470
[Ep  3850 | Step 1,848,000/2,000,000 | 102 sps] R=-7217.5 C=   0 Safe=100.00% SAI=1.000 Jain=1.000 PeakMF=0.404
[Ep  3550 | Step 1,704,000/2,000,000 | 99 sps] R=-7278.3 C=   0 Safe=100.00% SAI=1.000 Jain=1.000 PeakMF=0.470
[Ep  3800 | Step 1,824,000/2,000,000 | 103 sps] R=-7217.5 C=   0 Safe=100.00% SAI=1.000 Jain=1.000 PeakMF=0.404
[Ep  3450 | Step 1,656,000/2,000,000 | 99 sps] R=-7278.3 C=   0 Safe=100.00% SAI=1.000 Jain=1.000 PeakMF=0.470
[Ep  3900 | Step 1,872,000/2,000,000 | 103 sps] R=-7217.5 C=   0 Safe=100.00% SAI=1.000 Jain=1.000 PeakMF=0.404
[Ep  3600 | Step 1,728,000/2,000,000 | 99 sps] R=-7278.3 C=   0 Safe=100.00% SAI=1.000 Jain=1.000 PeakMF=0.470
[Ep  3850 | Step 1,848,000/2,000,000 | 103 sps] R=-7217.5 C=   0 Safe=100.00% SAI=1.000 Jain=1.000 PeakMF=0.404
[Ep  3950 | Step 1,896,000/2,000,000 | 103 sps] R=-7217.5 C=   0 Safe=100.00% SAI=1.000 Jain=1.000 PeakMF=0.404
[Ep  3500 | Step 1,680,000/2,000,000 | 99 sps] R=-7278.3 C=   0 Safe=100.00% SAI=1.000 Jain=1.000 PeakMF=0.470
[Ep  3650 | Step 1,752,000/2,000,000 | 99 sps] R=-7278.3 C=   0 Safe=100.00% SAI=1.000 Jain=1.000 PeakMF=0.470
[Ep  3900 | Step 1,872,000/2,000,000 | 104 sps] R=-7217.5 C=   0 Safe=100.00% SAI=1.000 Jain=1.000 PeakMF=0.404
[Ep  4000 | Step 1,920,000/2,000,000 | 103 sps] R=-7217.5 C=   0 Safe=100.00% SAI=1.000 Jain=1.000 PeakMF=0.404
[Ep  3550 | Step 1,704,000/2,000,000 | 100 sps] R=-7278.3 C=   0 Safe=100.00% SAI=1.000 Jain=1.000 PeakMF=0.470
[Ep  3700 | Step 1,776,000/2,000,000 | 100 sps] R=-7278.3 C=   0 Safe=100.00% SAI=1.000 Jain=1.000 PeakMF=0.470
[Ep  3950 | Step 1,896,000/2,000,000 | 104 sps] R=-7217.5 C=   0 Safe=100.00% SAI=1.000 Jain=1.000 PeakMF=0.404
[Ep  4050 | Step 1,944,000/2,000,000 | 104 sps] R=-7217.5 C=   0 Safe=100.00% SAI=1.000 Jain=1.000 PeakMF=0.404
[Ep  3600 | Step 1,728,000/2,000,000 | 100 sps] R=-7278.3 C=   0 Safe=100.00% SAI=1.000 Jain=1.000 PeakMF=0.470
[Ep  3750 | Step 1,800,000/2,000,000 | 100 sps] R=-7278.3 C=   0 Safe=100.00% SAI=1.000 Jain=1.000 PeakMF=0.470
[Ep  4000 | Step 1,920,000/2,000,000 | 104 sps] R=-7217.5 C=   0 Safe=100.00% SAI=1.000 Jain=1.000 PeakMF=0.404
[Ep  4100 | Step 1,968,000/2,000,000 | 104 sps] R=-7217.5 C=   0 Safe=100.00% SAI=1.000 Jain=1.000 PeakMF=0.404
[Ep  3650 | Step 1,752,000/2,000,000 | 100 sps] R=-7278.3 C=   0 Safe=100.00% SAI=1.000 Jain=1.000 PeakMF=0.470
[Ep  4050 | Step 1,944,000/2,000,000 | 105 sps] R=-7217.5 C=   0 Safe=100.00% SAI=1.000 Jain=1.000 PeakMF=0.404
[Ep  3800 | Step 1,824,000/2,000,000 | 100 sps] R=-7278.3 C=   0 Safe=100.00% SAI=1.000 Jain=1.000 PeakMF=0.470
[Ep  4150 | Step 1,992,000/2,000,000 | 104 sps] R=-7217.5 C=   0 Safe=100.00% SAI=1.000 Jain=1.000 PeakMF=0.404
[Ep  3700 | Step 1,776,000/2,000,000 | 101 sps] R=-7278.3 C=   0 Safe=100.00% SAI=1.000 Jain=1.000 PeakMF=0.470

============================================================
Training complete: 4167 episodes, 2,000,160 steps
Best reward: -7216.9
Wall time: 5.33 hours
Checkpoint: checkpoints/shielded_mappo/seed_6/checkpoint_final.pt
============================================================
[47/50] shielded_mappo seed=6 DONE
[Ep  4100 | Step 1,968,000/2,000,000 | 105 sps] R=-7217.5 C=   0 Safe=100.00% SAI=1.000 Jain=1.000 PeakMF=0.404
[Ep  3850 | Step 1,848,000/2,000,000 | 101 sps] R=-7278.3 C=   0 Safe=100.00% SAI=1.000 Jain=1.000 PeakMF=0.470
[Ep  3750 | Step 1,800,000/2,000,000 | 101 sps] R=-7278.3 C=   0 Safe=100.00% SAI=1.000 Jain=1.000 PeakMF=0.470
[Ep  4150 | Step 1,992,000/2,000,000 | 105 sps] R=-7217.5 C=   0 Safe=100.00% SAI=1.000 Jain=1.000 PeakMF=0.404
[Ep  3900 | Step 1,872,000/2,000,000 | 101 sps] R=-7278.3 C=   0 Safe=100.00% SAI=1.000 Jain=1.000 PeakMF=0.470

============================================================
Training complete: 4167 episodes, 2,000,160 steps
Best reward: -7216.6
Wall time: 5.26 hours
Checkpoint: checkpoints/shielded_mappo/seed_7/checkpoint_final.pt
============================================================
[48/50] shielded_mappo seed=7 DONE
[Ep  3800 | Step 1,824,000/2,000,000 | 101 sps] R=-7278.3 C=   0 Safe=100.00% SAI=1.000 Jain=1.000 PeakMF=0.470
[Ep  3950 | Step 1,896,000/2,000,000 | 102 sps] R=-7278.3 C=   0 Safe=100.00% SAI=1.000 Jain=1.000 PeakMF=0.470
[Ep  3850 | Step 1,848,000/2,000,000 | 102 sps] R=-7278.3 C=   0 Safe=100.00% SAI=1.000 Jain=1.000 PeakMF=0.470
[Ep  4000 | Step 1,920,000/2,000,000 | 102 sps] R=-7278.3 C=   0 Safe=100.00% SAI=1.000 Jain=1.000 PeakMF=0.470
[Ep  3900 | Step 1,872,000/2,000,000 | 102 sps] R=-7278.3 C=   0 Safe=100.00% SAI=1.000 Jain=1.000 PeakMF=0.470
[Ep  4050 | Step 1,944,000/2,000,000 | 102 sps] R=-7278.3 C=   0 Safe=100.00% SAI=1.000 Jain=1.000 PeakMF=0.470
[Ep  3950 | Step 1,896,000/2,000,000 | 103 sps] R=-7278.3 C=   0 Safe=100.00% SAI=1.000 Jain=1.000 PeakMF=0.470
[Ep  4100 | Step 1,968,000/2,000,000 | 103 sps] R=-7278.3 C=   0 Safe=100.00% SAI=1.000 Jain=1.000 PeakMF=0.470
[Ep  4000 | Step 1,920,000/2,000,000 | 104 sps] R=-7278.3 C=   0 Safe=100.00% SAI=1.000 Jain=1.000 PeakMF=0.470
[Ep  4150 | Step 1,992,000/2,000,000 | 103 sps] R=-7278.3 C=   0 Safe=100.00% SAI=1.000 Jain=1.000 PeakMF=0.470
[Ep  4050 | Step 1,944,000/2,000,000 | 104 sps] R=-7278.3 C=   0 Safe=100.00% SAI=1.000 Jain=1.000 PeakMF=0.470

============================================================
Training complete: 4167 episodes, 2,000,160 steps
Best reward: -7273.9
Wall time: 5.37 hours
Checkpoint: checkpoints/shielded_mappo/seed_8/checkpoint_final.pt
============================================================
[49/50] shielded_mappo seed=8 DONE
[Ep  4100 | Step 1,968,000/2,000,000 | 105 sps] R=-7278.3 C=   0 Safe=100.00% SAI=1.000 Jain=1.000 PeakMF=0.470
[Ep  4150 | Step 1,992,000/2,000,000 | 105 sps] R=-7278.3 C=   0 Safe=100.00% SAI=1.000 Jain=1.000 PeakMF=0.470

============================================================
Training complete: 4167 episodes, 2,000,160 steps
Best reward: -7277.3
Wall time: 5.26 hours
Checkpoint: checkpoints/shielded_mappo/seed_9/checkpoint_final.pt
============================================================
[50/50] shielded_mappo seed=9 DONE

All 50 jobs complete.
