Ablation ladder: 5 rungs x 10 seeds = 50 runs
Rungs: ['no_ecbf', 'no_nswf', 'no_divergent', 'no_reperfusion', 'no_mmicrl']
Seeds: [0, 1, 2, 3, 4, 5, 6, 7, 8, 9]
Thread cap per child: OMP/MKL/OPENBLAS_NUM_THREADS=8 (max_parallel=6)

Launching 50 runs with --max-parallel=6 (concurrent train.py subprocesses)
2026-05-05 16:19:13 | hcmarl.utils | INFO | HIGH determinism: cudnn.deterministic=True, torch.use_deterministic_algorithms(True), matmul=highest, CUBLAS_WORKSPACE_CONFIG=:4096:8 (EXP3-Part-1-equivalent reproducibility)
2026-05-05 16:19:13 | hcmarl.utils | INFO | HIGH determinism: cudnn.deterministic=True, torch.use_deterministic_algorithms(True), matmul=highest, CUBLAS_WORKSPACE_CONFIG=:4096:8 (EXP3-Part-1-equivalent reproducibility)
2026-05-05 16:19:13 | hcmarl.utils | INFO | HIGH determinism: cudnn.deterministic=True, torch.use_deterministic_algorithms(True), matmul=highest, CUBLAS_WORKSPACE_CONFIG=:4096:8 (EXP3-Part-1-equivalent reproducibility)
2026-05-05 16:19:13 | hcmarl.utils | INFO | HIGH determinism: cudnn.deterministic=True, torch.use_deterministic_algorithms(True), matmul=highest, CUBLAS_WORKSPACE_CONFIG=:4096:8 (EXP3-Part-1-equivalent reproducibility)
2026-05-05 16:19:13 | hcmarl.utils | INFO | HIGH determinism: cudnn.deterministic=True, torch.use_deterministic_algorithms(True), matmul=highest, CUBLAS_WORKSPACE_CONFIG=:4096:8 (EXP3-Part-1-equivalent reproducibility)
2026-05-05 16:19:13 | hcmarl.utils | INFO | HIGH determinism: cudnn.deterministic=True, torch.use_deterministic_algorithms(True), matmul=highest, CUBLAS_WORKSPACE_CONFIG=:4096:8 (EXP3-Part-1-equivalent reproducibility)
2026-05-05 16:19:59 | hcmarl.utils | INFO | HIGH determinism: cudnn.deterministic=True, torch.use_deterministic_algorithms(True), matmul=highest, CUBLAS_WORKSPACE_CONFIG=:4096:8 (EXP3-Part-1-equivalent reproducibility)
2026-05-05 16:20:00 | hcmarl.utils | INFO | HIGH determinism: cudnn.deterministic=True, torch.use_deterministic_algorithms(True), matmul=highest, CUBLAS_WORKSPACE_CONFIG=:4096:8 (EXP3-Part-1-equivalent reproducibility)
2026-05-05 16:20:00 | hcmarl.utils | INFO | HIGH determinism: cudnn.deterministic=True, torch.use_deterministic_algorithms(True), matmul=highest, CUBLAS_WORKSPACE_CONFIG=:4096:8 (EXP3-Part-1-equivalent reproducibility)
2026-05-05 16:20:00 | hcmarl.utils | INFO | HIGH determinism: cudnn.deterministic=True, torch.use_deterministic_algorithms(True), matmul=highest, CUBLAS_WORKSPACE_CONFIG=:4096:8 (EXP3-Part-1-equivalent reproducibility)
2026-05-05 16:20:01 | hcmarl.utils | INFO | HIGH determinism: cudnn.deterministic=True, torch.use_deterministic_algorithms(True), matmul=highest, CUBLAS_WORKSPACE_CONFIG=:4096:8 (EXP3-Part-1-equivalent reproducibility)
2026-05-05 16:20:01 | hcmarl.utils | INFO | HIGH determinism: cudnn.deterministic=True, torch.use_deterministic_algorithms(True), matmul=highest, CUBLAS_WORKSPACE_CONFIG=:4096:8 (EXP3-Part-1-equivalent reproducibility)
Using device: cuda
Path G: loading pre-computed profiles from /root/hcmarl_project/config/pathg_profiles.json
Generating demonstrations from calibrated profiles (Eq 35 controller)...
  Generated 102 demonstrations from 34 workers
  HELDOUT_NLL model selection for K:
    K=1: heldout_nll=2941153.0000
    K=2: heldout_nll=103576.7109
    K=3: heldout_nll=31234.4648
    K=4: heldout_nll=160294521274368.0000
    K=5: heldout_nll=6630.3862
  Selected K=5 (lowest heldout_nll=6630.3862)

--- MMICRL Type Discovery Results ---
  Demonstrations: 102
  Types discovered: 5
  Type proportions: ['0.32', '0.25', '0.09', '0.09', '0.25']
  Mutual information I(tau;z): 0.0000
  Objective value: 0.0000
  Learned thresholds per type (raw):
    Type 0: {shoulder: 0.184}
    Type 1: {shoulder: 0.311}
    Type 2: {shoulder: 0.161}
    Type 3: {shoulder: 0.197}
    Type 4: {shoulder: 0.255}
  WARNING: MI (0.0000) < 0.01 -- latent types are behaviorally indistinguishable on this demo set. Effective per-worker theta will fall back to config floors (no MMICRL contribution). Consider multi-muscle demos or lambda1 tuning to restore discrimination.
  Results saved to logs/ablation_no_ecbf/seed_3/mmicrl/mmicrl_results.json
Using MMICRL-learned thresholds for 6 workers (5 types, rescaled into [floor,1]; floors: {'shoulder': 0.7, 'ankle': 0.8, 'knee': 0.6, 'elbow': 0.45, 'trunk': 0.65, 'grip': 0.45})
  Effective per-worker theta_max: {'worker_0': {'shoulder': 0.7}, 'worker_1': {'shoulder': 0.7}, 'worker_2': {'shoulder': 0.7}, 'worker_3': {'shoulder': 0.7}, 'worker_4': {'shoulder': 0.7}, 'worker_5': {'shoulder': 0.7}}
============================================================
HC-MARL Training: HC-MARL (MAPPO + ECBF + NSWF)
Seed: 3 | Device: cuda | Workers: 6
Total steps: 2,000,000 | Eval every: 50,000
Checkpoint dir: checkpoints/ablation_no_ecbf/seed_3
============================================================
[Ep    50 | Step    24,000/2,000,000 | 314 sps] R=-35547.6 C=2275 Safe=20.21% SAI=1.000 Jain=1.000 PeakMF=0.688
[Ep   100 | Step    48,000/2,000,000 | 315 sps] R=-34823.7 C=2273 Safe=20.00% SAI=1.000 Jain=1.000 PeakMF=0.684
[Ep   150 | Step    72,000/2,000,000 | 316 sps] R=-35801.3 C=2326 Safe=18.54% SAI=1.000 Jain=1.000 PeakMF=0.698
[Ep   200 | Step    96,000/2,000,000 | 316 sps] R=-34815.1 C=2236 Safe=20.00% SAI=1.000 Jain=1.000 PeakMF=0.689
[Ep   250 | Step   120,000/2,000,000 | 316 sps] R=-34958.8 C=2282 Safe=19.79% SAI=1.000 Jain=0.999 PeakMF=0.705
[Ep   300 | Step   144,000/2,000,000 | 316 sps] R=-34587.9 C=2284 Safe=19.79% SAI=1.000 Jain=1.000 PeakMF=0.690
[Ep   350 | Step   168,000/2,000,000 | 316 sps] R=-15105.9 C=1410 Safe=24.17% SAI=1.000 Jain=1.000 PeakMF=0.609
[Ep   400 | Step   192,000/2,000,000 | 316 sps] R=-12730.7 C= 790 Safe=33.54% SAI=1.000 Jain=1.000 PeakMF=0.604
[Ep   450 | Step   216,000/2,000,000 | 316 sps] R=-10452.7 C= 247 Safe=60.21% SAI=1.000 Jain=1.000 PeakMF=0.561
[Ep   500 | Step   240,000/2,000,000 | 316 sps] R=-10127.4 C= 186 Safe=70.83% SAI=1.000 Jain=1.000 PeakMF=0.588
[Ep   550 | Step   264,000/2,000,000 | 316 sps] R=-9749.8 C= 114 Safe=79.17% SAI=1.000 Jain=1.000 PeakMF=0.576
[Ep   600 | Step   288,000/2,000,000 | 316 sps] R=-9536.7 C=  74 Safe=85.21% SAI=1.000 Jain=1.000 PeakMF=0.570
[Ep   650 | Step   312,000/2,000,000 | 316 sps] R=-9602.8 C=  97 Safe=83.12% SAI=1.000 Jain=1.000 PeakMF=0.568
[Ep   700 | Step   336,000/2,000,000 | 316 sps] R=-9287.6 C=  35 Safe=93.12% SAI=1.000 Jain=1.000 PeakMF=0.572
[Ep   750 | Step   360,000/2,000,000 | 316 sps] R=-9195.9 C=  29 Safe=94.38% SAI=1.000 Jain=1.000 PeakMF=0.570
[Ep   800 | Step   384,000/2,000,000 | 316 sps] R=-9299.4 C=  61 Safe=88.33% SAI=1.000 Jain=1.000 PeakMF=0.570
[Ep   850 | Step   408,000/2,000,000 | 316 sps] R=-9138.4 C=  26 Safe=94.58% SAI=1.000 Jain=1.000 PeakMF=0.563
[Ep   900 | Step   432,000/2,000,000 | 316 sps] R=-9083.7 C=  18 Safe=96.67% SAI=1.000 Jain=1.000 PeakMF=0.563
[Ep   950 | Step   456,000/2,000,000 | 316 sps] R=-9390.2 C=  85 Safe=87.71% SAI=1.000 Jain=1.000 PeakMF=0.563
[Ep  1000 | Step   480,000/2,000,000 | 316 sps] R=-9521.8 C= 114 Safe=82.50% SAI=1.000 Jain=1.000 PeakMF=0.563
[Ep  1050 | Step   504,000/2,000,000 | 316 sps] R=-9534.8 C= 120 Safe=83.33% SAI=1.000 Jain=1.000 PeakMF=0.563
[Ep  1100 | Step   528,000/2,000,000 | 315 sps] R=-9599.3 C= 133 Safe=79.38% SAI=1.000 Jain=1.000 PeakMF=0.563
[Ep  1150 | Step   552,000/2,000,000 | 315 sps] R=-9379.9 C=  86 Safe=86.67% SAI=1.000 Jain=1.000 PeakMF=0.563
[Ep  1200 | Step   576,000/2,000,000 | 315 sps] R=-9443.2 C= 102 Safe=86.88% SAI=1.000 Jain=1.000 PeakMF=0.563
[Ep  1250 | Step   600,000/2,000,000 | 315 sps] R=-9710.9 C= 156 Safe=75.83% SAI=1.000 Jain=1.000 PeakMF=0.563
[Ep  1300 | Step   624,000/2,000,000 | 316 sps] R=-9796.5 C= 173 Safe=78.33% SAI=1.000 Jain=1.000 PeakMF=0.563
[Ep  1350 | Step   648,000/2,000,000 | 316 sps] R=-9629.8 C= 138 Safe=84.58% SAI=1.000 Jain=1.000 PeakMF=0.563
[Ep  1400 | Step   672,000/2,000,000 | 316 sps] R=-9606.7 C= 134 Safe=83.96% SAI=1.000 Jain=1.000 PeakMF=0.563
[Ep  1450 | Step   696,000/2,000,000 | 316 sps] R=-9840.1 C= 181 Safe=81.46% SAI=1.000 Jain=1.000 PeakMF=0.563
[Ep  1500 | Step   720,000/2,000,000 | 316 sps] R=-9767.4 C= 166 Safe=76.46% SAI=1.000 Jain=1.000 PeakMF=0.563
[Ep  1550 | Step   744,000/2,000,000 | 316 sps] R=-9801.7 C= 173 Safe=78.33% SAI=1.000 Jain=1.000 PeakMF=0.563
[Ep  1600 | Step   768,000/2,000,000 | 316 sps] R=-9827.4 C= 178 Safe=82.71% SAI=1.000 Jain=1.000 PeakMF=0.563
[Ep  1650 | Step   792,000/2,000,000 | 316 sps] R=-9733.7 C= 159 Safe=83.12% SAI=1.000 Jain=1.000 PeakMF=0.563
[Ep  1700 | Step   816,000/2,000,000 | 316 sps] R=-9797.9 C= 173 Safe=82.71% SAI=1.000 Jain=1.000 PeakMF=0.563
[Ep  1750 | Step   840,000/2,000,000 | 316 sps] R=-9903.4 C= 193 Safe=81.46% SAI=1.000 Jain=1.000 PeakMF=0.563
[Ep  1800 | Step   864,000/2,000,000 | 316 sps] R=-9828.9 C= 179 Safe=81.67% SAI=1.000 Jain=1.000 PeakMF=0.563
[Ep  1850 | Step   888,000/2,000,000 | 316 sps] R=-9883.6 C= 189 Safe=80.42% SAI=1.000 Jain=1.000 PeakMF=0.563
[Ep  1900 | Step   912,000/2,000,000 | 316 sps] R=-9961.6 C= 207 Safe=79.38% SAI=1.000 Jain=1.000 PeakMF=0.563
[Ep  1950 | Step   936,000/2,000,000 | 316 sps] R=-10122.6 C= 239 Safe=75.83% SAI=1.000 Jain=1.000 PeakMF=0.563
[Ep  2000 | Step   960,000/2,000,000 | 316 sps] R=-10021.4 C= 219 Safe=75.00% SAI=1.000 Jain=1.000 PeakMF=0.563
[Ep  2050 | Step   984,000/2,000,000 | 316 sps] R=-9150.7 C=  34 Safe=95.21% SAI=1.000 Jain=1.000 PeakMF=0.563
[Ep  2100 | Step 1,008,000/2,000,000 | 316 sps] R=-9031.5 C=  12 Safe=97.92% SAI=1.000 Jain=1.000 PeakMF=0.563
[Ep  2150 | Step 1,032,000/2,000,000 | 316 sps] R=-9124.2 C=  32 Safe=94.38% SAI=1.000 Jain=1.000 PeakMF=0.563
[Ep  2200 | Step 1,056,000/2,000,000 | 316 sps] R=-9081.9 C=  22 Safe=96.88% SAI=1.000 Jain=1.000 PeakMF=0.563
[Ep  2250 | Step 1,080,000/2,000,000 | 315 sps] R=-9151.9 C=  39 Safe=94.17% SAI=1.000 Jain=1.000 PeakMF=0.563
[Ep  2300 | Step 1,104,000/2,000,000 | 315 sps] R=-9011.0 C=   8 Safe=98.75% SAI=1.000 Jain=1.000 PeakMF=0.563
[Ep  2350 | Step 1,128,000/2,000,000 | 315 sps] R=-9114.2 C=  30 Safe=95.42% SAI=1.000 Jain=1.000 PeakMF=0.563
[Ep  2400 | Step 1,152,000/2,000,000 | 315 sps] R=-9184.0 C=  47 Safe=94.79% SAI=1.000 Jain=1.000 PeakMF=0.563
[Ep  2450 | Step 1,176,000/2,000,000 | 315 sps] R=-9136.8 C=  42 Safe=93.33% SAI=1.000 Jain=1.000 PeakMF=0.563
[Ep  2500 | Step 1,200,000/2,000,000 | 315 sps] R=-9069.1 C=  24 Safe=96.88% SAI=1.000 Jain=1.000 PeakMF=0.563
[Ep  2550 | Step 1,224,000/2,000,000 | 315 sps] R=-9116.5 C=  38 Safe=95.62% SAI=1.000 Jain=1.000 PeakMF=0.563
[Ep  2600 | Step 1,248,000/2,000,000 | 315 sps] R=-9101.7 C=  35 Safe=97.08% SAI=1.000 Jain=1.000 PeakMF=0.563
[Ep  2650 | Step 1,272,000/2,000,000 | 315 sps] R=-9171.8 C=  46 Safe=93.54% SAI=1.000 Jain=1.000 PeakMF=0.563
[Ep  2700 | Step 1,296,000/2,000,000 | 315 sps] R=-9112.2 C=  37 Safe=94.38% SAI=1.000 Jain=1.000 PeakMF=0.563
[Ep  2750 | Step 1,320,000/2,000,000 | 315 sps] R=-9101.9 C=  35 Safe=95.00% SAI=1.000 Jain=1.000 PeakMF=0.563
[Ep  2800 | Step 1,344,000/2,000,000 | 315 sps] R=-9131.9 C=  41 Safe=94.17% SAI=1.000 Jain=1.000 PeakMF=0.563
[Ep  2850 | Step 1,368,000/2,000,000 | 315 sps] R=-9137.0 C=  42 Safe=94.58% SAI=1.000 Jain=1.000 PeakMF=0.563Using device: cuda
Path G: loading pre-computed profiles from /root/hcmarl_project/config/pathg_profiles.json
Generating demonstrations from calibrated profiles (Eq 35 controller)...
  Generated 102 demonstrations from 34 workers
  HELDOUT_NLL model selection for K:
    K=1: heldout_nll=1368.5785
    K=2: heldout_nll=-23.0500
    K=3: heldout_nll=8638.0996
    K=4: heldout_nll=176041.8125
    K=5: heldout_nll=-25.8494
  Selected K=5 (lowest heldout_nll=-25.8494)

--- MMICRL Type Discovery Results ---
  Demonstrations: 102
  Types discovered: 5
  Type proportions: ['0.32', '0.25', '0.09', '0.09', '0.25']
  Mutual information I(tau;z): 0.0000
  Objective value: 0.0000
  Learned thresholds per type (raw):
    Type 0: {shoulder: 0.184}
    Type 1: {shoulder: 0.311}
    Type 2: {shoulder: 0.161}
    Type 3: {shoulder: 0.197}
    Type 4: {shoulder: 0.255}
  WARNING: MI (0.0000) < 0.01 -- latent types are behaviorally indistinguishable on this demo set. Effective per-worker theta will fall back to config floors (no MMICRL contribution). Consider multi-muscle demos or lambda1 tuning to restore discrimination.
  Results saved to logs/ablation_no_ecbf/seed_4/mmicrl/mmicrl_results.json
Using MMICRL-learned thresholds for 6 workers (5 types, rescaled into [floor,1]; floors: {'shoulder': 0.7, 'ankle': 0.8, 'knee': 0.6, 'elbow': 0.45, 'trunk': 0.65, 'grip': 0.45})
  Effective per-worker theta_max: {'worker_0': {'shoulder': 0.7}, 'worker_1': {'shoulder': 0.7}, 'worker_2': {'shoulder': 0.7}, 'worker_3': {'shoulder': 0.7}, 'worker_4': {'shoulder': 0.7}, 'worker_5': {'shoulder': 0.7}}
============================================================
HC-MARL Training: HC-MARL (MAPPO + ECBF + NSWF)
Seed: 4 | Device: cuda | Workers: 6
Total steps: 2,000,000 | Eval every: 50,000
Checkpoint dir: checkpoints/ablation_no_ecbf/seed_4
============================================================
[Ep    50 | Step    24,000/2,000,000 | 314 sps] R=-35303.1 C=2282 Safe=20.00% SAI=1.000 Jain=1.000 PeakMF=0.692
[Ep   100 | Step    48,000/2,000,000 | 315 sps] R=-34867.3 C=2246 Safe=20.42% SAI=1.000 Jain=1.000 PeakMF=0.677
[Ep   150 | Step    72,000/2,000,000 | 315 sps] R=-34838.4 C=2279 Safe=19.58% SAI=1.000 Jain=1.000 PeakMF=0.695
[Ep   200 | Step    96,000/2,000,000 | 315 sps] R=-34758.4 C=2267 Safe=20.00% SAI=1.000 Jain=1.000 PeakMF=0.692
[Ep   250 | Step   120,000/2,000,000 | 315 sps] R=-33267.8 C=2220 Safe=21.67% SAI=1.000 Jain=1.000 PeakMF=0.683
[Ep   300 | Step   144,000/2,000,000 | 315 sps] R=-20436.1 C=2174 Safe=19.79% SAI=1.000 Jain=1.000 PeakMF=0.623
[Ep   350 | Step   168,000/2,000,000 | 315 sps] R=-13930.4 C=1108 Safe=27.50% SAI=1.000 Jain=1.000 PeakMF=0.569
[Ep   400 | Step   192,000/2,000,000 | 315 sps] R=-11834.9 C= 557 Safe=42.29% SAI=1.000 Jain=1.000 PeakMF=0.566
[Ep   450 | Step   216,000/2,000,000 | 315 sps] R=-10384.3 C= 232 Safe=67.29% SAI=1.000 Jain=1.000 PeakMF=0.612
[Ep   500 | Step   240,000/2,000,000 | 315 sps] R=-10081.0 C= 177 Safe=71.46% SAI=1.000 Jain=1.000 PeakMF=0.581
[Ep   550 | Step   264,000/2,000,000 | 315 sps] R=-9982.9 C= 169 Safe=72.08% SAI=1.000 Jain=1.000 PeakMF=0.566
[Ep   600 | Step   288,000/2,000,000 | 314 sps] R=-9669.4 C= 105 Safe=80.83% SAI=1.000 Jain=1.000 PeakMF=0.578
[Ep   650 | Step   312,000/2,000,000 | 314 sps] R=-9452.9 C=  71 Safe=86.67% SAI=1.000 Jain=1.000 PeakMF=0.563
[Ep   700 | Step   336,000/2,000,000 | 315 sps] R=-9536.9 C=  95 Safe=83.12% SAI=1.000 Jain=1.000 PeakMF=0.563
[Ep   750 | Step   360,000/2,000,000 | 315 sps] R=-9170.9 C=  30 Safe=94.17% SAI=1.000 Jain=1.000 PeakMF=0.567
[Ep   800 | Step   384,000/2,000,000 | 315 sps] R=-9655.5 C= 138 Safe=77.92% SAI=1.000 Jain=1.000 PeakMF=0.563
[Ep   850 | Step   408,000/2,000,000 | 315 sps] R=-9900.4 C= 191 Safe=70.42% SAI=1.000 Jain=1.000 PeakMF=0.570
[Ep   900 | Step   432,000/2,000,000 | 315 sps] R=-9866.0 C= 179 Safe=67.50% SAI=1.000 Jain=1.000 PeakMF=0.563
[Ep   950 | Step   456,000/2,000,000 | 315 sps] R=-9676.1 C= 143 Safe=76.25% SAI=1.000 Jain=1.000 PeakMF=0.563
[Ep  1000 | Step   480,000/2,000,000 | 315 sps] R=-10269.7 C= 268 Safe=60.62% SAI=1.000 Jain=1.000 PeakMF=0.563
[Ep  1050 | Step   504,000/2,000,000 | 315 sps] R=-9936.9 C= 197 Safe=71.67% SAI=1.000 Jain=1.000 PeakMF=0.563
[Ep  1100 | Step   528,000/2,000,000 | 315 sps] R=-10181.2 C= 246 Safe=65.62% SAI=1.000 Jain=1.000 PeakMF=0.563
[Ep  1150 | Step   552,000/2,000,000 | 315 sps] R=-10322.9 C= 279 Safe=56.25% SAI=1.000 Jain=1.000 PeakMF=0.563
[Ep  1200 | Step   576,000/2,000,000 | 315 sps] R=-10252.6 C= 264 Safe=58.96% SAI=1.000 Jain=1.000 PeakMF=0.563
[Ep  1250 | Step   600,000/2,000,000 | 315 sps] R=-10505.0 C= 316 Safe=50.62% SAI=1.000 Jain=1.000 PeakMF=0.563
[Ep  1300 | Step   624,000/2,000,000 | 315 sps] R=-10626.2 C= 340 Safe=60.62% SAI=1.000 Jain=1.000 PeakMF=0.563
[Ep  1350 | Step   648,000/2,000,000 | 315 sps] R=-10833.9 C= 383 Safe=47.71% SAI=1.000 Jain=1.000 PeakMF=0.563
[Ep  1400 | Step   672,000/2,000,000 | 315 sps] R=-10868.9 C= 387 Safe=43.12% SAI=1.000 Jain=1.000 PeakMF=0.563
[Ep  1450 | Step   696,000/2,000,000 | 315 sps] R=-11039.6 C= 423 Safe=43.33% SAI=1.000 Jain=1.000 PeakMF=0.563
[Ep  1500 | Step   720,000/2,000,000 | 315 sps] R=-11248.8 C= 463 Safe=41.25% SAI=1.000 Jain=1.000 PeakMF=0.563
[Ep  1550 | Step   744,000/2,000,000 | 315 sps] R=-11120.7 C= 437 Safe=47.08% SAI=1.000 Jain=1.000 PeakMF=0.563
[Ep  1600 | Step   768,000/2,000,000 | 315 sps] R=-11104.5 C= 432 Safe=47.08% SAI=1.000 Jain=1.000 PeakMF=0.563
[Ep  1650 | Step   792,000/2,000,000 | 315 sps] R=-11386.1 C= 496 Safe=47.71% SAI=1.000 Jain=1.000 PeakMF=0.563
[Ep  1700 | Step   816,000/2,000,000 | 315 sps] R=-11871.0 C= 592 Safe=50.62% SAI=1.000 Jain=1.000 PeakMF=0.568
[Ep  1750 | Step   840,000/2,000,000 | 315 sps] R=-11309.6 C= 473 Safe=36.67% SAI=1.000 Jain=1.000 PeakMF=0.566
[Ep  1800 | Step   864,000/2,000,000 | 315 sps] R=-11879.4 C= 593 Safe=39.79% SAI=1.000 Jain=1.000 PeakMF=0.563
[Ep  1850 | Step   888,000/2,000,000 | 315 sps] R=-11515.4 C= 520 Safe=49.79% SAI=1.000 Jain=1.000 PeakMF=0.563
[Ep  1900 | Step   912,000/2,000,000 | 315 sps] R=-11840.7 C= 582 Safe=36.88% SAI=1.000 Jain=1.000 PeakMF=0.570
[Ep  1950 | Step   936,000/2,000,000 | 315 sps] R=-11693.9 C= 551 Safe=41.46% SAI=1.000 Jain=1.000 PeakMF=0.570
[Ep  2000 | Step   960,000/2,000,000 | 315 sps] R=-11497.0 C= 511 Safe=37.08% SAI=1.000 Jain=1.000 PeakMF=0.565
[Ep  2050 | Step   984,000/2,000,000 | 315 sps] R=-11536.2 C= 523 Safe=63.12% SAI=1.000 Jain=1.000 PeakMF=0.569
[Ep  2100 | Step 1,008,000/2,000,000 | 315 sps] R=-11668.9 C= 551 Safe=35.00% SAI=1.000 Jain=1.000 PeakMF=0.563
[Ep  2150 | Step 1,032,000/2,000,000 | 315 sps] R=-11464.4 C= 507 Safe=50.62% SAI=1.000 Jain=1.000 PeakMF=0.570
[Ep  2200 | Step 1,056,000/2,000,000 | 315 sps] R=-11472.3 C= 512 Safe=43.33% SAI=1.000 Jain=1.000 PeakMF=0.570
[Ep  2250 | Step 1,080,000/2,000,000 | 315 sps] R=-10769.5 C= 369 Safe=62.50% SAI=1.000 Jain=1.000 PeakMF=0.567
[Ep  2300 | Step 1,104,000/2,000,000 | 315 sps] R=-11009.3 C= 418 Safe=53.75% SAI=1.000 Jain=1.000 PeakMF=0.563
[Ep  2350 | Step 1,128,000/2,000,000 | 315 sps] R=-11419.7 C= 500 Safe=58.33% SAI=1.000 Jain=1.000 PeakMF=0.563
[Ep  2400 | Step 1,152,000/2,000,000 | 315 sps] R=-11197.4 C= 456 Safe=62.71% SAI=1.000 Jain=1.000 PeakMF=0.569
[Ep  2450 | Step 1,176,000/2,000,000 | 315 sps] R=-11424.2 C= 505 Safe=58.54% SAI=1.000 Jain=1.000 PeakMF=0.563
[Ep  2500 | Step 1,200,000/2,000,000 | 315 sps] R=-10984.9 C= 416 Safe=57.92% SAI=1.000 Jain=1.000 PeakMF=0.570
[Ep  2550 | Step 1,224,000/2,000,000 | 315 sps] R=-11526.0 C= 527 Safe=51.46% SAI=1.000 Jain=1.000 PeakMF=0.563
[Ep  2600 | Step 1,248,000/2,000,000 | 315 sps] R=-11363.8 C= 495 Safe=56.88% SAI=1.000 Jain=1.000 PeakMF=0.563
[Ep  2650 | Step 1,272,000/2,000,000 | 315 sps] R=-11398.2 C= 502 Safe=61.67% SAI=1.000 Jain=1.000 PeakMF=0.563
[Ep  2700 | Step 1,296,000/2,000,000 | 315 sps] R=-11515.4 C= 525 Safe=59.58% SAI=1.000 Jain=1.000 PeakMF=0.563
[Ep  2750 | Step 1,320,000/2,000,000 | 315 sps] R=-11097.1 C= 442 Safe=61.88% SAI=1.000 Jain=1.000 PeakMF=0.563
[Ep  2800 | Step 1,344,000/2,000,000 | 315 sps] R=-10865.8 C= 396 Safe=69.17% SAI=1.000 Jain=1.000 PeakMF=0.563
[Ep  2850 | Step 1,368,000/2,000,000 | 315 sps] R=-10762.6 C= 375 Safe=66.88% SAI=1.000 Jain=1.000 PeakMF=0.563Using device: cuda
Path G: loading pre-computed profiles from /root/hcmarl_project/config/pathg_profiles.json
Generating demonstrations from calibrated profiles (Eq 35 controller)...
  Generated 102 demonstrations from 34 workers
  HELDOUT_NLL model selection for K:
    K=1: heldout_nll=1881107.8750
    K=2: heldout_nll=40768.6328
    K=3: heldout_nll=15921.8301
    K=4: heldout_nll=7526.2051
    K=5: heldout_nll=2008208768.0000
  Selected K=4 (lowest heldout_nll=7526.2051)

--- MMICRL Type Discovery Results ---
  Demonstrations: 102
  Types discovered: 4
  Type proportions: ['0.44', '0.13', '0.08', '0.35']
  Mutual information I(tau;z): 0.0000
  Objective value: 0.0000
  Learned thresholds per type (raw):
    Type 0: {shoulder: 0.229}
    Type 1: {shoulder: 0.308}
    Type 2: {shoulder: 0.322}
    Type 3: {shoulder: 0.195}
  WARNING: MI (0.0000) < 0.01 -- latent types are behaviorally indistinguishable on this demo set. Effective per-worker theta will fall back to config floors (no MMICRL contribution). Consider multi-muscle demos or lambda1 tuning to restore discrimination.
  Results saved to logs/ablation_no_ecbf/seed_1/mmicrl/mmicrl_results.json
Using MMICRL-learned thresholds for 6 workers (4 types, rescaled into [floor,1]; floors: {'shoulder': 0.7, 'ankle': 0.8, 'knee': 0.6, 'elbow': 0.45, 'trunk': 0.65, 'grip': 0.45})
  Effective per-worker theta_max: {'worker_0': {'shoulder': 0.7}, 'worker_1': {'shoulder': 0.7}, 'worker_2': {'shoulder': 0.7}, 'worker_3': {'shoulder': 0.7}, 'worker_4': {'shoulder': 0.7}, 'worker_5': {'shoulder': 0.7}}
============================================================
HC-MARL Training: HC-MARL (MAPPO + ECBF + NSWF)
Seed: 1 | Device: cuda | Workers: 6
Total steps: 2,000,000 | Eval every: 50,000
Checkpoint dir: checkpoints/ablation_no_ecbf/seed_1
============================================================
[Ep    50 | Step    24,000/2,000,000 | 314 sps] R=-34588.0 C=2265 Safe=20.21% SAI=1.000 Jain=1.000 PeakMF=0.675
[Ep   100 | Step    48,000/2,000,000 | 314 sps] R=-20220.6 C=2065 Safe=19.17% SAI=1.000 Jain=0.999 PeakMF=0.625
[Ep   150 | Step    72,000/2,000,000 | 314 sps] R=-14547.8 C=1249 Safe=28.33% SAI=1.000 Jain=0.999 PeakMF=0.617
[Ep   200 | Step    96,000/2,000,000 | 314 sps] R=-14569.6 C=1253 Safe=34.17% SAI=1.000 Jain=1.000 PeakMF=0.608
[Ep   250 | Step   120,000/2,000,000 | 314 sps] R=-14039.6 C=1153 Safe=24.58% SAI=1.000 Jain=1.000 PeakMF=0.615
[Ep   300 | Step   144,000/2,000,000 | 314 sps] R=-10320.4 C= 197 Safe=68.12% SAI=1.000 Jain=1.000 PeakMF=0.570
[Ep   350 | Step   168,000/2,000,000 | 315 sps] R=-10062.8 C= 158 Safe=72.71% SAI=1.000 Jain=1.000 PeakMF=0.570
[Ep   400 | Step   192,000/2,000,000 | 315 sps] R=-11023.3 C= 395 Safe=51.04% SAI=1.000 Jain=1.000 PeakMF=0.576
[Ep   450 | Step   216,000/2,000,000 | 315 sps] R=-9912.9 C= 136 Safe=78.12% SAI=1.000 Jain=1.000 PeakMF=0.569
[Ep   500 | Step   240,000/2,000,000 | 315 sps] R=-10028.6 C= 174 Safe=74.58% SAI=1.000 Jain=1.000 PeakMF=0.566
[Ep   550 | Step   264,000/2,000,000 | 315 sps] R=-9683.2 C= 103 Safe=81.25% SAI=1.000 Jain=1.000 PeakMF=0.568
[Ep   600 | Step   288,000/2,000,000 | 315 sps] R=-9588.3 C=  99 Safe=82.50% SAI=1.000 Jain=1.000 PeakMF=0.577
[Ep   650 | Step   312,000/2,000,000 | 315 sps] R=-9304.2 C=  36 Safe=92.92% SAI=1.000 Jain=1.000 PeakMF=0.578
[Ep   700 | Step   336,000/2,000,000 | 315 sps] R=-9322.4 C=  55 Safe=88.75% SAI=1.000 Jain=1.000 PeakMF=0.563
[Ep   750 | Step   360,000/2,000,000 | 315 sps] R=-9206.8 C=  40 Safe=91.88% SAI=1.000 Jain=1.000 PeakMF=0.563
[Ep   800 | Step   384,000/2,000,000 | 315 sps] R=-9135.7 C=  25 Safe=95.21% SAI=1.000 Jain=1.000 PeakMF=0.563
[Ep   850 | Step   408,000/2,000,000 | 315 sps] R=-9401.2 C=  90 Safe=86.25% SAI=1.000 Jain=1.000 PeakMF=0.564
[Ep   900 | Step   432,000/2,000,000 | 315 sps] R=-9997.4 C= 214 Safe=67.71% SAI=1.000 Jain=1.000 PeakMF=0.563
[Ep   950 | Step   456,000/2,000,000 | 315 sps] R=-10279.8 C= 272 Safe=62.92% SAI=1.000 Jain=1.000 PeakMF=0.563
[Ep  1000 | Step   480,000/2,000,000 | 315 sps] R=-10692.0 C= 359 Safe=51.25% SAI=1.000 Jain=1.000 PeakMF=0.563
[Ep  1050 | Step   504,000/2,000,000 | 315 sps] R=-10419.0 C= 299 Safe=65.00% SAI=1.000 Jain=1.000 PeakMF=0.563
[Ep  1100 | Step   528,000/2,000,000 | 315 sps] R=-10461.4 C= 309 Safe=57.50% SAI=1.000 Jain=1.000 PeakMF=0.563
[Ep  1150 | Step   552,000/2,000,000 | 315 sps] R=-9051.8 C=  12 Safe=97.50% SAI=1.000 Jain=1.000 PeakMF=0.563
[Ep  1200 | Step   576,000/2,000,000 | 315 sps] R=-9073.3 C=  19 Safe=96.25% SAI=1.000 Jain=1.000 PeakMF=0.563
[Ep  1250 | Step   600,000/2,000,000 | 315 sps] R=-9131.8 C=  32 Safe=94.79% SAI=1.000 Jain=1.000 PeakMF=0.563
[Ep  1300 | Step   624,000/2,000,000 | 315 sps] R=-9025.3 C=  11 Safe=98.33% SAI=1.000 Jain=1.000 PeakMF=0.563
[Ep  1350 | Step   648,000/2,000,000 | 315 sps] R=-8990.4 C=   4 Safe=99.17% SAI=1.000 Jain=1.000 PeakMF=0.563
[Ep  1400 | Step   672,000/2,000,000 | 315 sps] R=-9060.9 C=  18 Safe=96.67% SAI=1.000 Jain=1.000 PeakMF=0.563
[Ep  1450 | Step   696,000/2,000,000 | 315 sps] R=-9061.0 C=  18 Safe=96.88% SAI=1.000 Jain=1.000 PeakMF=0.563
[Ep  1500 | Step   720,000/2,000,000 | 315 sps] R=-9016.6 C=   9 Safe=98.12% SAI=1.000 Jain=1.000 PeakMF=0.563
[Ep  1550 | Step   744,000/2,000,000 | 315 sps] R=-9109.0 C=  29 Safe=95.42% SAI=1.000 Jain=1.000 PeakMF=0.563
[Ep  1600 | Step   768,000/2,000,000 | 315 sps] R=-9081.4 C=  22 Safe=96.67% SAI=1.000 Jain=1.000 PeakMF=0.563
[Ep  1650 | Step   792,000/2,000,000 | 315 sps] R=-9006.1 C=   7 Safe=98.54% SAI=1.000 Jain=1.000 PeakMF=0.563
[Ep  1700 | Step   816,000/2,000,000 | 315 sps] R=-9068.9 C=  21 Safe=96.46% SAI=1.000 Jain=1.000 PeakMF=0.563
[Ep  1750 | Step   840,000/2,000,000 | 315 sps] R=-9021.7 C=  19 Safe=97.71% SAI=1.000 Jain=1.000 PeakMF=0.563
[Ep  1800 | Step   864,000/2,000,000 | 315 sps] R=-9212.1 C=  57 Safe=92.29% SAI=1.000 Jain=1.000 PeakMF=0.563
[Ep  1850 | Step   888,000/2,000,000 | 315 sps] R=-9162.1 C=  47 Safe=94.17% SAI=1.000 Jain=1.000 PeakMF=0.563
[Ep  1900 | Step   912,000/2,000,000 | 315 sps] R=-9147.2 C=  44 Safe=94.58% SAI=1.000 Jain=1.000 PeakMF=0.563
[Ep  1950 | Step   936,000/2,000,000 | 315 sps] R=-9232.2 C=  61 Safe=92.29% SAI=1.000 Jain=1.000 PeakMF=0.563
[Ep  2000 | Step   960,000/2,000,000 | 315 sps] R=-9182.2 C=  51 Safe=91.88% SAI=1.000 Jain=1.000 PeakMF=0.563
[Ep  2050 | Step   984,000/2,000,000 | 315 sps] R=-9167.3 C=  48 Safe=93.12% SAI=1.000 Jain=1.000 PeakMF=0.563
[Ep  2100 | Step 1,008,000/2,000,000 | 315 sps] R=-9232.4 C=  61 Safe=92.08% SAI=1.000 Jain=1.000 PeakMF=0.563
[Ep  2150 | Step 1,032,000/2,000,000 | 315 sps] R=-9182.3 C=  51 Safe=93.12% SAI=1.000 Jain=1.000 PeakMF=0.563
[Ep  2200 | Step 1,056,000/2,000,000 | 315 sps] R=-9077.1 C=  30 Safe=96.04% SAI=1.000 Jain=1.000 PeakMF=0.563
[Ep  2250 | Step 1,080,000/2,000,000 | 315 sps] R=-9018.9 C=  11 Safe=97.92% SAI=1.000 Jain=1.000 PeakMF=0.563
[Ep  2300 | Step 1,104,000/2,000,000 | 315 sps] R=-9117.0 C=  38 Safe=94.79% SAI=1.000 Jain=1.000 PeakMF=0.563
[Ep  2350 | Step 1,128,000/2,000,000 | 315 sps] R=-9107.0 C=  36 Safe=95.83% SAI=1.000 Jain=1.000 PeakMF=0.563
[Ep  2400 | Step 1,152,000/2,000,000 | 315 sps] R=-9157.1 C=  46 Safe=93.12% SAI=1.000 Jain=1.000 PeakMF=0.563
[Ep  2450 | Step 1,176,000/2,000,000 | 315 sps] R=-9122.2 C=  39 Safe=95.62% SAI=1.000 Jain=1.000 PeakMF=0.563
[Ep  2500 | Step 1,200,000/2,000,000 | 315 sps] R=-9077.0 C=  30 Safe=96.25% SAI=1.000 Jain=1.000 PeakMF=0.563
[Ep  2550 | Step 1,224,000/2,000,000 | 315 sps] R=-9127.2 C=  40 Safe=95.62% SAI=1.000 Jain=1.000 PeakMF=0.563
[Ep  2600 | Step 1,248,000/2,000,000 | 315 sps] R=-9062.1 C=  27 Safe=96.46% SAI=1.000 Jain=1.000 PeakMF=0.563
[Ep  2650 | Step 1,272,000/2,000,000 | 315 sps] R=-9087.2 C=  32 Safe=96.04% SAI=1.000 Jain=1.000 PeakMF=0.563
[Ep  2700 | Step 1,296,000/2,000,000 | 315 sps] R=-9102.0 C=  35 Safe=95.42% SAI=1.000 Jain=1.000 PeakMF=0.563
[Ep  2750 | Step 1,320,000/2,000,000 | 315 sps] R=-9112.1 C=  37 Safe=95.83% SAI=1.000 Jain=1.000 PeakMF=0.563
[Ep  2800 | Step 1,344,000/2,000,000 | 315 sps] R=-9082.1 C=  31 Safe=96.25% SAI=1.000 Jain=1.000 PeakMF=0.563
[Ep  2850 | Step 1,368,000/2,000,000 | 315 sps] R=-9052.2 C=  25 Safe=97.29% SAI=1.000 Jain=1.000 PeakMF=0.563Using device: cuda
Path G: loading pre-computed profiles from /root/hcmarl_project/config/pathg_profiles.json
Generating demonstrations from calibrated profiles (Eq 35 controller)...
  Generated 102 demonstrations from 34 workers
  HELDOUT_NLL model selection for K:
    K=1: heldout_nll=62283.0234
    K=2: heldout_nll=1966.1019
    K=3: heldout_nll=25227.7559
    K=4: heldout_nll=67905.9062
    K=5: heldout_nll=159467.4844
  Selected K=2 (lowest heldout_nll=1966.1019)

--- MMICRL Type Discovery Results ---
  Demonstrations: 102
  Types discovered: 2
  Type proportions: ['0.58', '0.42']
  Mutual information I(tau;z): 0.0000
  Objective value: 0.0000
  Learned thresholds per type (raw):
    Type 0: {shoulder: 0.247}
    Type 1: {shoulder: 0.228}
  WARNING: MI (0.0000) < 0.01 -- latent types are behaviorally indistinguishable on this demo set. Effective per-worker theta will fall back to config floors (no MMICRL contribution). Consider multi-muscle demos or lambda1 tuning to restore discrimination.
  Results saved to logs/ablation_no_ecbf/seed_5/mmicrl/mmicrl_results.json
Using MMICRL-learned thresholds for 6 workers (2 types, rescaled into [floor,1]; floors: {'shoulder': 0.7, 'ankle': 0.8, 'knee': 0.6, 'elbow': 0.45, 'trunk': 0.65, 'grip': 0.45})
  Effective per-worker theta_max: {'worker_0': {'shoulder': 0.7}, 'worker_1': {'shoulder': 0.7}, 'worker_2': {'shoulder': 0.7}, 'worker_3': {'shoulder': 0.7}, 'worker_4': {'shoulder': 0.7}, 'worker_5': {'shoulder': 0.7}}
============================================================
HC-MARL Training: HC-MARL (MAPPO + ECBF + NSWF)
Seed: 5 | Device: cuda | Workers: 6
Total steps: 2,000,000 | Eval every: 50,000
Checkpoint dir: checkpoints/ablation_no_ecbf/seed_5
============================================================
[Ep    50 | Step    24,000/2,000,000 | 317 sps] R=-32215.4 C=2234 Safe=20.21% SAI=1.000 Jain=1.000 PeakMF=0.675
[Ep   100 | Step    48,000/2,000,000 | 316 sps] R=-17252.4 C=1776 Safe=19.38% SAI=1.000 Jain=1.000 PeakMF=0.636
[Ep   150 | Step    72,000/2,000,000 | 315 sps] R=-16741.8 C=1830 Safe=19.38% SAI=1.000 Jain=1.000 PeakMF=0.613
[Ep   200 | Step    96,000/2,000,000 | 315 sps] R=-17796.6 C=1916 Safe=19.17% SAI=1.000 Jain=1.000 PeakMF=0.647
[Ep   250 | Step   120,000/2,000,000 | 315 sps] R=-17620.4 C=2068 Safe=19.58% SAI=1.000 Jain=1.000 PeakMF=0.627
[Ep   300 | Step   144,000/2,000,000 | 315 sps] R=-11316.4 C= 453 Safe=57.92% SAI=1.000 Jain=1.000 PeakMF=0.583
[Ep   350 | Step   168,000/2,000,000 | 315 sps] R=-10091.7 C= 178 Safe=70.62% SAI=1.000 Jain=1.000 PeakMF=0.584
[Ep   400 | Step   192,000/2,000,000 | 315 sps] R=-11041.7 C= 404 Safe=53.96% SAI=1.000 Jain=1.000 PeakMF=0.570
[Ep   450 | Step   216,000/2,000,000 | 315 sps] R=-10066.3 C= 186 Safe=68.75% SAI=1.000 Jain=1.000 PeakMF=0.561
[Ep   500 | Step   240,000/2,000,000 | 315 sps] R=-9748.3 C= 113 Safe=80.00% SAI=1.000 Jain=1.000 PeakMF=0.563
[Ep   550 | Step   264,000/2,000,000 | 315 sps] R=-9735.4 C= 111 Safe=81.25% SAI=1.000 Jain=1.000 PeakMF=0.567
[Ep   600 | Step   288,000/2,000,000 | 315 sps] R=-9525.7 C=  71 Safe=86.25% SAI=1.000 Jain=1.000 PeakMF=0.570
[Ep   650 | Step   312,000/2,000,000 | 316 sps] R=-9533.2 C=  74 Safe=85.62% SAI=1.000 Jain=1.000 PeakMF=0.570
[Ep   700 | Step   336,000/2,000,000 | 316 sps] R=-9565.1 C=  93 Safe=81.67% SAI=1.000 Jain=1.000 PeakMF=0.575
[Ep   750 | Step   360,000/2,000,000 | 316 sps] R=-9390.4 C=  60 Safe=88.54% SAI=1.000 Jain=1.000 PeakMF=0.570
[Ep   800 | Step   384,000/2,000,000 | 316 sps] R=-9925.3 C= 184 Safe=68.75% SAI=1.000 Jain=1.000 PeakMF=0.570
[Ep   850 | Step   408,000/2,000,000 | 316 sps] R=-10188.6 C= 237 Safe=63.33% SAI=1.000 Jain=1.000 PeakMF=0.565
[Ep   900 | Step   432,000/2,000,000 | 316 sps] R=-10619.0 C= 329 Safe=51.46% SAI=1.000 Jain=1.000 PeakMF=0.570
[Ep   950 | Step   456,000/2,000,000 | 316 sps] R=-10699.5 C= 342 Safe=56.04% SAI=1.000 Jain=1.000 PeakMF=0.571
[Ep  1000 | Step   480,000/2,000,000 | 316 sps] R=-10412.9 C= 278 Safe=56.88% SAI=1.000 Jain=1.000 PeakMF=0.563
[Ep  1050 | Step   504,000/2,000,000 | 316 sps] R=-11135.0 C= 431 Safe=43.96% SAI=1.000 Jain=1.000 PeakMF=0.563
[Ep  1100 | Step   528,000/2,000,000 | 315 sps] R=-11195.7 C= 444 Safe=44.58% SAI=1.000 Jain=1.000 PeakMF=0.563
[Ep  1150 | Step   552,000/2,000,000 | 315 sps] R=-11812.8 C= 575 Safe=35.00% SAI=1.000 Jain=1.000 PeakMF=0.563
[Ep  1200 | Step   576,000/2,000,000 | 315 sps] R=-11986.2 C= 610 Safe=31.67% SAI=1.000 Jain=1.000 PeakMF=0.563
[Ep  1250 | Step   600,000/2,000,000 | 315 sps] R=-11956.5 C= 603 Safe=30.42% SAI=1.000 Jain=1.000 PeakMF=0.563
[Ep  1300 | Step   624,000/2,000,000 | 315 sps] R=-9595.0 C= 122 Safe=80.83% SAI=1.000 Jain=1.000 PeakMF=0.570
[Ep  1350 | Step   648,000/2,000,000 | 315 sps] R=-9988.0 C= 207 Safe=70.62% SAI=1.000 Jain=1.000 PeakMF=0.563
[Ep  1400 | Step   672,000/2,000,000 | 315 sps] R=-9901.5 C= 192 Safe=70.83% SAI=1.000 Jain=1.000 PeakMF=0.563
[Ep  1450 | Step   696,000/2,000,000 | 315 sps] R=-10065.2 C= 223 Safe=71.88% SAI=1.000 Jain=1.000 PeakMF=0.563
[Ep  1500 | Step   720,000/2,000,000 | 315 sps] R=-9796.7 C= 171 Safe=77.50% SAI=1.000 Jain=1.000 PeakMF=0.563
[Ep  1550 | Step   744,000/2,000,000 | 315 sps] R=-9775.8 C= 168 Safe=74.58% SAI=1.000 Jain=1.000 PeakMF=0.563
[Ep  1600 | Step   768,000/2,000,000 | 315 sps] R=-10074.0 C= 227 Safe=70.83% SAI=1.000 Jain=1.000 PeakMF=0.563
[Ep  1650 | Step   792,000/2,000,000 | 315 sps] R=-10113.2 C= 236 Safe=72.08% SAI=1.000 Jain=1.000 PeakMF=0.563
[Ep  1700 | Step   816,000/2,000,000 | 315 sps] R=-10164.7 C= 245 Safe=59.79% SAI=1.000 Jain=1.000 PeakMF=0.563
[Ep  1750 | Step   840,000/2,000,000 | 315 sps] R=-10130.0 C= 240 Safe=66.88% SAI=1.000 Jain=1.000 PeakMF=0.563
[Ep  1800 | Step   864,000/2,000,000 | 315 sps] R=-10580.5 C= 333 Safe=58.33% SAI=1.000 Jain=1.000 PeakMF=0.563
[Ep  1850 | Step   888,000/2,000,000 | 315 sps] R=-10418.1 C= 299 Safe=59.79% SAI=1.000 Jain=1.000 PeakMF=0.563
[Ep  1900 | Step   912,000/2,000,000 | 315 sps] R=-10441.1 C= 307 Safe=65.42% SAI=1.000 Jain=1.000 PeakMF=0.563
[Ep  1950 | Step   936,000/2,000,000 | 315 sps] R=-11013.5 C= 424 Safe=60.42% SAI=1.000 Jain=1.000 PeakMF=0.563
[Ep  2000 | Step   960,000/2,000,000 | 315 sps] R=-10614.2 C= 342 Safe=66.04% SAI=1.000 Jain=1.000 PeakMF=0.563
[Ep  2050 | Step   984,000/2,000,000 | 315 sps] R=-10794.4 C= 380 Safe=62.29% SAI=1.000 Jain=1.000 PeakMF=0.563
[Ep  2100 | Step 1,008,000/2,000,000 | 315 sps] R=-10798.6 C= 380 Safe=56.04% SAI=1.000 Jain=1.000 PeakMF=0.563
[Ep  2150 | Step 1,032,000/2,000,000 | 315 sps] R=-10637.7 C= 346 Safe=61.67% SAI=1.000 Jain=1.000 PeakMF=0.563
[Ep  2200 | Step 1,056,000/2,000,000 | 315 sps] R=-10675.6 C= 353 Safe=62.50% SAI=1.000 Jain=1.000 PeakMF=0.563
[Ep  2250 | Step 1,080,000/2,000,000 | 315 sps] R=-10496.2 C= 318 Safe=68.96% SAI=1.000 Jain=1.000 PeakMF=0.563
[Ep  2300 | Step 1,104,000/2,000,000 | 315 sps] R=-10830.9 C= 389 Safe=67.29% SAI=1.000 Jain=1.000 PeakMF=0.563
[Ep  2350 | Step 1,128,000/2,000,000 | 315 sps] R=-10967.5 C= 416 Safe=61.25% SAI=1.000 Jain=1.000 PeakMF=0.563
[Ep  2400 | Step 1,152,000/2,000,000 | 315 sps] R=-10910.0 C= 405 Safe=66.67% SAI=1.000 Jain=1.000 PeakMF=0.563
[Ep  2450 | Step 1,176,000/2,000,000 | 315 sps] R=-10287.4 C= 273 Safe=74.58% SAI=1.000 Jain=1.000 PeakMF=0.563
[Ep  2500 | Step 1,200,000/2,000,000 | 315 sps] R=-10209.2 C= 259 Safe=77.50% SAI=1.000 Jain=1.000 PeakMF=0.563
[Ep  2550 | Step 1,224,000/2,000,000 | 315 sps] R=-10276.2 C= 271 Safe=76.04% SAI=1.000 Jain=1.000 PeakMF=0.563
[Ep  2600 | Step 1,248,000/2,000,000 | 315 sps] R=-10193.8 C= 256 Safe=74.38% SAI=1.000 Jain=1.000 PeakMF=0.563
[Ep  2650 | Step 1,272,000/2,000,000 | 315 sps] R=-10307.6 C= 277 Safe=74.38% SAI=1.000 Jain=1.000 PeakMF=0.563
[Ep  2700 | Step 1,296,000/2,000,000 | 315 sps] R=-10504.2 C= 321 Safe=72.08% SAI=1.000 Jain=1.000 PeakMF=0.563
[Ep  2750 | Step 1,320,000/2,000,000 | 315 sps] R=-10446.7 C= 311 Safe=74.17% SAI=1.000 Jain=1.000 PeakMF=0.563
[Ep  2800 | Step 1,344,000/2,000,000 | 315 sps] R=-10605.0 C= 341 Safe=73.75% SAI=1.000 Jain=1.000 PeakMF=0.563
[Ep  2850 | Step 1,368,000/2,000,000 | 315 sps] R=-10564.5 C= 336 Safe=70.42% SAI=1.000 Jain=1.000 PeakMF=0.563
[Ep  2900 | Step 1,392,000/2,000,000 | 315 sps] R=-10501.9 C= 322 Safe=70.83% SAI=1.000 Jain=1.000 PeakMF=0.563Using device: cuda
Path G: loading pre-computed profiles from /root/hcmarl_project/config/pathg_profiles.json
Generating demonstrations from calibrated profiles (Eq 35 controller)...
  Generated 102 demonstrations from 34 workers
  HELDOUT_NLL model selection for K:
    K=1: heldout_nll=73045.4453
    K=2: heldout_nll=130.8518
    K=3: heldout_nll=969064.4375
    K=4: heldout_nll=710.4616
    K=5: heldout_nll=88205960.0000
  Selected K=2 (lowest heldout_nll=130.8518)

--- MMICRL Type Discovery Results ---
  Demonstrations: 102
  Types discovered: 2
  Type proportions: ['0.05', '0.95']
  Mutual information I(tau;z): 0.0000
  Objective value: 0.0000
  Learned thresholds per type (raw):
    Type 0: {shoulder: 0.146}
    Type 1: {shoulder: 0.245}
  WARNING: MI (0.0000) < 0.01 -- latent types are behaviorally indistinguishable on this demo set. Effective per-worker theta will fall back to config floors (no MMICRL contribution). Consider multi-muscle demos or lambda1 tuning to restore discrimination.
  Results saved to logs/ablation_no_ecbf/seed_0/mmicrl/mmicrl_results.json
Using MMICRL-learned thresholds for 6 workers (2 types, rescaled into [floor,1]; floors: {'shoulder': 0.7, 'ankle': 0.8, 'knee': 0.6, 'elbow': 0.45, 'trunk': 0.65, 'grip': 0.45})
  Effective per-worker theta_max: {'worker_0': {'shoulder': 0.7}, 'worker_1': {'shoulder': 0.7}, 'worker_2': {'shoulder': 0.7}, 'worker_3': {'shoulder': 0.7}, 'worker_4': {'shoulder': 0.7}, 'worker_5': {'shoulder': 0.7}}
============================================================
HC-MARL Training: HC-MARL (MAPPO + ECBF + NSWF)
Seed: 0 | Device: cuda | Workers: 6
Total steps: 2,000,000 | Eval every: 50,000
Checkpoint dir: checkpoints/ablation_no_ecbf/seed_0
============================================================
[Ep    50 | Step    24,000/2,000,000 | 315 sps] R=-34715.5 C=2265 Safe=20.42% SAI=1.000 Jain=1.000 PeakMF=0.707
[Ep   100 | Step    48,000/2,000,000 | 316 sps] R=-35102.9 C=2310 Safe=18.75% SAI=1.000 Jain=1.000 PeakMF=0.687
[Ep   150 | Step    72,000/2,000,000 | 312 sps] R=-18826.7 C=2058 Safe=19.58% SAI=1.000 Jain=1.000 PeakMF=0.645
[Ep   200 | Step    96,000/2,000,000 | 313 sps] R=-14503.1 C=1318 Safe=29.79% SAI=1.000 Jain=1.000 PeakMF=0.609
[Ep   250 | Step   120,000/2,000,000 | 314 sps] R=-13446.0 C= 996 Safe=41.25% SAI=1.000 Jain=1.000 PeakMF=0.582
[Ep   300 | Step   144,000/2,000,000 | 314 sps] R=-12255.5 C= 681 Safe=47.08% SAI=1.000 Jain=1.000 PeakMF=0.569
[Ep   350 | Step   168,000/2,000,000 | 314 sps] R=-11750.7 C= 568 Safe=48.96% SAI=1.000 Jain=1.000 PeakMF=0.572
[Ep   400 | Step   192,000/2,000,000 | 314 sps] R=-10433.1 C= 245 Safe=67.50% SAI=1.000 Jain=1.000 PeakMF=0.570
[Ep   450 | Step   216,000/2,000,000 | 315 sps] R=-10057.1 C= 184 Safe=76.04% SAI=1.000 Jain=1.000 PeakMF=0.570
[Ep   500 | Step   240,000/2,000,000 | 315 sps] R=-9694.2 C= 101 Safe=80.62% SAI=1.000 Jain=1.000 PeakMF=0.573
[Ep   550 | Step   264,000/2,000,000 | 315 sps] R=-10019.7 C= 191 Safe=68.96% SAI=1.000 Jain=1.000 PeakMF=0.570
[Ep   600 | Step   288,000/2,000,000 | 315 sps] R=-9334.3 C=  45 Safe=90.83% SAI=1.000 Jain=1.000 PeakMF=0.569
[Ep   650 | Step   312,000/2,000,000 | 315 sps] R=-9447.6 C=  80 Safe=85.42% SAI=1.000 Jain=1.000 PeakMF=0.570
[Ep   700 | Step   336,000/2,000,000 | 315 sps] R=-9288.5 C=  57 Safe=88.75% SAI=1.000 Jain=1.000 PeakMF=0.563
[Ep   750 | Step   360,000/2,000,000 | 315 sps] R=-9601.2 C= 127 Safe=77.71% SAI=1.000 Jain=1.000 PeakMF=0.563
[Ep   800 | Step   384,000/2,000,000 | 315 sps] R=-9767.2 C= 164 Safe=74.17% SAI=1.000 Jain=1.000 PeakMF=0.563
[Ep   850 | Step   408,000/2,000,000 | 315 sps] R=-9910.6 C= 190 Safe=70.42% SAI=1.000 Jain=1.000 PeakMF=0.563
[Ep   900 | Step   432,000/2,000,000 | 315 sps] R=-9872.8 C= 185 Safe=68.75% SAI=1.000 Jain=1.000 PeakMF=0.563
[Ep   950 | Step   456,000/2,000,000 | 315 sps] R=-10069.2 C= 222 Safe=65.62% SAI=1.000 Jain=1.000 PeakMF=0.563
[Ep  1000 | Step   480,000/2,000,000 | 315 sps] R=-9975.2 C= 202 Safe=68.12% SAI=1.000 Jain=1.000 PeakMF=0.563
[Ep  1050 | Step   504,000/2,000,000 | 315 sps] R=-10186.2 C= 245 Safe=66.88% SAI=1.000 Jain=1.000 PeakMF=0.563
[Ep  1100 | Step   528,000/2,000,000 | 315 sps] R=-10242.4 C= 257 Safe=63.12% SAI=1.000 Jain=1.000 PeakMF=0.563
[Ep  1150 | Step   552,000/2,000,000 | 315 sps] R=-10319.5 C= 278 Safe=59.58% SAI=1.000 Jain=1.000 PeakMF=0.563
[Ep  1200 | Step   576,000/2,000,000 | 315 sps] R=-10185.3 C= 245 Safe=65.42% SAI=1.000 Jain=1.000 PeakMF=0.563
[Ep  1250 | Step   600,000/2,000,000 | 315 sps] R=-10204.1 C= 246 Safe=66.46% SAI=1.000 Jain=1.000 PeakMF=0.563
[Ep  1300 | Step   624,000/2,000,000 | 315 sps] R=-10707.2 C= 351 Safe=57.71% SAI=1.000 Jain=1.000 PeakMF=0.563
[Ep  1350 | Step   648,000/2,000,000 | 315 sps] R=-10729.4 C= 356 Safe=52.71% SAI=1.000 Jain=1.000 PeakMF=0.563
[Ep  1400 | Step   672,000/2,000,000 | 315 sps] R=-10931.7 C= 399 Safe=45.83% SAI=1.000 Jain=1.000 PeakMF=0.563
[Ep  1450 | Step   696,000/2,000,000 | 315 sps] R=-10831.2 C= 377 Safe=58.54% SAI=1.000 Jain=1.000 PeakMF=0.563
[Ep  1500 | Step   720,000/2,000,000 | 315 sps] R=-10816.8 C= 369 Safe=50.83% SAI=1.000 Jain=1.000 PeakMF=0.568
[Ep  1550 | Step   744,000/2,000,000 | 315 sps] R=-11354.7 C= 485 Safe=43.12% SAI=1.000 Jain=1.000 PeakMF=0.563
[Ep  1600 | Step   768,000/2,000,000 | 315 sps] R=-11208.8 C= 456 Safe=60.83% SAI=1.000 Jain=1.000 PeakMF=0.569
[Ep  1650 | Step   792,000/2,000,000 | 315 sps] R=-11215.5 C= 457 Safe=52.08% SAI=1.000 Jain=1.000 PeakMF=0.573
[Ep  1700 | Step   816,000/2,000,000 | 315 sps] R=-11188.5 C= 450 Safe=53.33% SAI=1.000 Jain=1.000 PeakMF=0.563
[Ep  1750 | Step   840,000/2,000,000 | 315 sps] R=-11127.4 C= 439 Safe=56.25% SAI=1.000 Jain=1.000 PeakMF=0.570
[Ep  1800 | Step   864,000/2,000,000 | 315 sps] R=-11182.1 C= 449 Safe=40.00% SAI=1.000 Jain=1.000 PeakMF=0.564
[Ep  1850 | Step   888,000/2,000,000 | 315 sps] R=-11804.5 C= 574 Safe=31.67% SAI=1.000 Jain=1.000 PeakMF=0.572
[Ep  1900 | Step   912,000/2,000,000 | 315 sps] R=-11407.2 C= 492 Safe=60.21% SAI=1.000 Jain=1.000 PeakMF=0.570
[Ep  1950 | Step   936,000/2,000,000 | 315 sps] R=-11684.8 C= 553 Safe=46.88% SAI=1.000 Jain=1.000 PeakMF=0.576
[Ep  2000 | Step   960,000/2,000,000 | 315 sps] R=-11661.7 C= 546 Safe=53.54% SAI=1.000 Jain=1.000 PeakMF=0.570
[Ep  2050 | Step   984,000/2,000,000 | 315 sps] R=-9089.7 C=  15 Safe=96.88% SAI=1.000 Jain=1.000 PeakMF=0.570
[Ep  2100 | Step 1,008,000/2,000,000 | 315 sps] R=-9057.5 C=  17 Safe=96.67% SAI=1.000 Jain=1.000 PeakMF=0.563
[Ep  2150 | Step 1,032,000/2,000,000 | 315 sps] R=-9052.6 C=  16 Safe=96.88% SAI=1.000 Jain=1.000 PeakMF=0.563
[Ep  2200 | Step 1,056,000/2,000,000 | 315 sps] R=-9131.4 C=  32 Safe=95.62% SAI=1.000 Jain=1.000 PeakMF=0.563
[Ep  2250 | Step 1,080,000/2,000,000 | 315 sps] R=-9025.5 C=  11 Safe=98.33% SAI=1.000 Jain=1.000 PeakMF=0.563
[Ep  2300 | Step 1,104,000/2,000,000 | 315 sps] R=-9046.0 C=  15 Safe=97.08% SAI=1.000 Jain=1.000 PeakMF=0.563
[Ep  2350 | Step 1,128,000/2,000,000 | 315 sps] R=-9041.1 C=  14 Safe=97.71% SAI=1.000 Jain=1.000 PeakMF=0.563
[Ep  2400 | Step 1,152,000/2,000,000 | 315 sps] R=-9055.8 C=  17 Safe=97.08% SAI=1.000 Jain=1.000 PeakMF=0.563
[Ep  2450 | Step 1,176,000/2,000,000 | 315 sps] R=-9061.3 C=  18 Safe=97.50% SAI=1.000 Jain=1.000 PeakMF=0.563
[Ep  2500 | Step 1,200,000/2,000,000 | 315 sps] R=-9121.8 C=  36 Safe=95.42% SAI=1.000 Jain=1.000 PeakMF=0.563
[Ep  2550 | Step 1,224,000/2,000,000 | 315 sps] R=-9081.7 C=  31 Safe=95.42% SAI=1.000 Jain=1.000 PeakMF=0.563
[Ep  2600 | Step 1,248,000/2,000,000 | 315 sps] R=-9166.9 C=  48 Safe=93.96% SAI=1.000 Jain=1.000 PeakMF=0.563
[Ep  2650 | Step 1,272,000/2,000,000 | 315 sps] R=-9172.0 C=  49 Safe=93.12% SAI=1.000 Jain=1.000 PeakMF=0.563
[Ep  2700 | Step 1,296,000/2,000,000 | 315 sps] R=-9137.0 C=  42 Safe=94.58% SAI=1.000 Jain=1.000 PeakMF=0.563
[Ep  2750 | Step 1,320,000/2,000,000 | 315 sps] R=-9167.3 C=  48 Safe=94.38% SAI=1.000 Jain=1.000 PeakMF=0.563
[Ep  2800 | Step 1,344,000/2,000,000 | 315 sps] R=-9087.0 C=  32 Safe=95.21% SAI=1.000 Jain=1.000 PeakMF=0.563
[Ep  2850 | Step 1,368,000/2,000,000 | 315 sps] R=-9162.0 C=  47 Safe=93.75% SAI=1.000 Jain=1.000 PeakMF=0.563
[Ep  2900 | Step 1,392,000/2,000,000 | 315 sps] R=-9074.1 C=  28 Safe=96.25% SAI=1.000 Jain=1.000 PeakMF=0.563Using device: cuda
Path G: loading pre-computed profiles from /root/hcmarl_project/config/pathg_profiles.json
Generating demonstrations from calibrated profiles (Eq 35 controller)...
  Generated 102 demonstrations from 34 workers
  HELDOUT_NLL model selection for K:
    K=1: heldout_nll=1348.3375
    K=2: heldout_nll=573130.7500
    K=3: heldout_nll=1366454.3750
    K=4: heldout_nll=141.8912
    K=5: heldout_nll=9966.7109
  Selected K=4 (lowest heldout_nll=141.8912)

--- MMICRL Type Discovery Results ---
  Demonstrations: 102
  Types discovered: 4
  Type proportions: ['0.34', '0.25', '0.32', '0.09']
  Mutual information I(tau;z): 1.2910
  Objective value: 1.2910
  Learned thresholds per type (raw):
    Type 0: {shoulder: 0.305}
    Type 1: {shoulder: 0.221}
    Type 2: {shoulder: 0.184}
    Type 3: {shoulder: 0.161}
  Results saved to logs/ablation_no_ecbf/seed_2/mmicrl/mmicrl_results.json
Using MMICRL-learned thresholds for 6 workers (4 types, rescaled into [floor,1]; floors: {'shoulder': 0.7, 'ankle': 0.8, 'knee': 0.6, 'elbow': 0.45, 'trunk': 0.65, 'grip': 0.45})
  Effective per-worker theta_max: {'worker_0': {'shoulder': 0.999}, 'worker_1': {'shoulder': 0.999}, 'worker_2': {'shoulder': 0.8248462596175734}, 'worker_3': {'shoulder': 0.7475827240482962}, 'worker_4': {'shoulder': 0.7475827240482962}, 'worker_5': {'shoulder': 0.7}}
============================================================
HC-MARL Training: HC-MARL (MAPPO + ECBF + NSWF)
Seed: 2 | Device: cuda | Workers: 6
Total steps: 2,000,000 | Eval every: 50,000
Checkpoint dir: checkpoints/ablation_no_ecbf/seed_2
============================================================
[Ep    50 | Step    24,000/2,000,000 | 315 sps] R=-35169.5 C=2251 Safe=19.58% SAI=1.000 Jain=0.999 PeakMF=0.693
[Ep   100 | Step    48,000/2,000,000 | 315 sps] R=-34975.4 C=2277 Safe=20.42% SAI=1.000 Jain=1.000 PeakMF=0.686
[Ep   150 | Step    72,000/2,000,000 | 316 sps] R=-35343.2 C=2278 Safe=20.21% SAI=1.000 Jain=1.000 PeakMF=0.690
[Ep   200 | Step    96,000/2,000,000 | 316 sps] R=-17088.1 C=1786 Safe=20.42% SAI=1.000 Jain=1.000 PeakMF=0.637
[Ep   250 | Step   120,000/2,000,000 | 316 sps] R=-15103.6 C=1397 Safe=19.58% SAI=1.000 Jain=1.000 PeakMF=0.623
[Ep   300 | Step   144,000/2,000,000 | 316 sps] R=-12473.5 C= 759 Safe=40.83% SAI=1.000 Jain=1.000 PeakMF=0.562
[Ep   350 | Step   168,000/2,000,000 | 315 sps] R=-9971.7 C= 111 Safe=83.54% SAI=1.000 Jain=1.000 PeakMF=0.563
[Ep   400 | Step   192,000/2,000,000 | 316 sps] R=-10763.0 C= 325 Safe=57.08% SAI=1.000 Jain=1.000 PeakMF=0.568
[Ep   450 | Step   216,000/2,000,000 | 316 sps] R=-9833.7 C= 120 Safe=77.71% SAI=1.000 Jain=1.000 PeakMF=0.565
[Ep   500 | Step   240,000/2,000,000 | 316 sps] R=-9739.2 C= 107 Safe=79.17% SAI=1.000 Jain=1.000 PeakMF=0.563
[Ep   550 | Step   264,000/2,000,000 | 316 sps] R=-9521.4 C=  66 Safe=87.71% SAI=1.000 Jain=1.000 PeakMF=0.570
[Ep   600 | Step   288,000/2,000,000 | 315 sps] R=-9626.8 C=  93 Safe=83.33% SAI=1.000 Jain=1.000 PeakMF=0.570
[Ep   650 | Step   312,000/2,000,000 | 316 sps] R=-9394.7 C=  59 Safe=89.17% SAI=1.000 Jain=1.000 PeakMF=0.563
[Ep   700 | Step   336,000/2,000,000 | 316 sps] R=-9319.1 C=  53 Safe=89.58% SAI=1.000 Jain=1.000 PeakMF=0.570
[Ep   750 | Step   360,000/2,000,000 | 316 sps] R=-9116.4 C=  21 Safe=95.83% SAI=1.000 Jain=1.000 PeakMF=0.563
[Ep   800 | Step   384,000/2,000,000 | 315 sps] R=-9624.8 C= 133 Safe=76.67% SAI=1.000 Jain=1.000 PeakMF=0.563
[Ep   850 | Step   408,000/2,000,000 | 315 sps] R=-9514.1 C= 112 Safe=80.83% SAI=1.000 Jain=1.000 PeakMF=0.563
[Ep   900 | Step   432,000/2,000,000 | 315 sps] R=-9710.2 C= 151 Safe=76.46% SAI=1.000 Jain=1.000 PeakMF=0.570
[Ep   950 | Step   456,000/2,000,000 | 315 sps] R=-9930.4 C= 197 Safe=67.71% SAI=1.000 Jain=1.000 PeakMF=0.563
[Ep  1000 | Step   480,000/2,000,000 | 315 sps] R=-10220.9 C= 252 Safe=60.21% SAI=1.000 Jain=1.000 PeakMF=0.563
[Ep  1050 | Step   504,000/2,000,000 | 315 sps] R=-10189.4 C= 247 Safe=67.71% SAI=1.000 Jain=1.000 PeakMF=0.563
[Ep  1100 | Step   528,000/2,000,000 | 315 sps] R=-10344.1 C= 278 Safe=62.50% SAI=1.000 Jain=1.000 PeakMF=0.563
[Ep  1150 | Step   552,000/2,000,000 | 315 sps] R=-10348.1 C= 279 Safe=60.83% SAI=1.000 Jain=1.000 PeakMF=0.563
[Ep  1200 | Step   576,000/2,000,000 | 315 sps] R=-10137.7 C= 237 Safe=66.67% SAI=1.000 Jain=1.000 PeakMF=0.570
[Ep  1250 | Step   600,000/2,000,000 | 315 sps] R=-10487.8 C= 310 Safe=59.38% SAI=1.000 Jain=1.000 PeakMF=0.563
[Ep  1300 | Step   624,000/2,000,000 | 315 sps] R=-10729.2 C= 361 Safe=55.42% SAI=1.000 Jain=1.000 PeakMF=0.563
[Ep  1350 | Step   648,000/2,000,000 | 315 sps] R=-10669.3 C= 344 Safe=51.04% SAI=1.000 Jain=1.000 PeakMF=0.563
[Ep  1400 | Step   672,000/2,000,000 | 315 sps] R=-10645.3 C= 341 Safe=50.00% SAI=1.000 Jain=1.000 PeakMF=0.563
[Ep  1450 | Step   696,000/2,000,000 | 315 sps] R=-10744.0 C= 362 Safe=52.50% SAI=1.000 Jain=1.000 PeakMF=0.563
[Ep  1500 | Step   720,000/2,000,000 | 315 sps] R=-11112.8 C= 435 Safe=44.17% SAI=1.000 Jain=1.000 PeakMF=0.563
[Ep  1550 | Step   744,000/2,000,000 | 315 sps] R=-10858.3 C= 384 Safe=46.46% SAI=1.000 Jain=1.000 PeakMF=0.563
[Ep  1600 | Step   768,000/2,000,000 | 315 sps] R=-10632.3 C= 338 Safe=56.25% SAI=1.000 Jain=1.000 PeakMF=0.563
[Ep  1650 | Step   792,000/2,000,000 | 315 sps] R=-11020.2 C= 419 Safe=47.50% SAI=1.000 Jain=1.000 PeakMF=0.563
[Ep  1700 | Step   816,000/2,000,000 | 315 sps] R=-11318.1 C= 481 Safe=53.96% SAI=1.000 Jain=1.000 PeakMF=0.563
[Ep  1750 | Step   840,000/2,000,000 | 315 sps] R=-11079.6 C= 427 Safe=52.29% SAI=1.000 Jain=1.000 PeakMF=0.569
[Ep  1800 | Step   864,000/2,000,000 | 315 sps] R=-11087.5 C= 430 Safe=44.17% SAI=1.000 Jain=1.000 PeakMF=0.565
[Ep  1850 | Step   888,000/2,000,000 | 315 sps] R=-11328.5 C= 479 Safe=58.54% SAI=1.000 Jain=1.000 PeakMF=0.565
[Ep  1900 | Step   912,000/2,000,000 | 315 sps] R=-11548.0 C= 527 Safe=52.92% SAI=1.000 Jain=1.000 PeakMF=0.570
[Ep  1950 | Step   936,000/2,000,000 | 315 sps] R=-11253.1 C= 464 Safe=59.38% SAI=1.000 Jain=1.000 PeakMF=0.563
[Ep  2000 | Step   960,000/2,000,000 | 315 sps] R=-12195.9 C= 660 Safe=42.71% SAI=1.000 Jain=1.000 PeakMF=0.563
[Ep  2050 | Step   984,000/2,000,000 | 315 sps] R=-11445.2 C= 505 Safe=54.17% SAI=1.000 Jain=1.000 PeakMF=0.563
[Ep  2100 | Step 1,008,000/2,000,000 | 315 sps] R=-11591.7 C= 534 Safe=52.50% SAI=1.000 Jain=1.000 PeakMF=0.570
[Ep  2150 | Step 1,032,000/2,000,000 | 316 sps] R=-12035.3 C= 626 Safe=50.00% SAI=1.000 Jain=1.000 PeakMF=0.563
[Ep  2200 | Step 1,056,000/2,000,000 | 315 sps] R=-12214.8 C= 665 Safe=39.79% SAI=1.000 Jain=1.000 PeakMF=0.563
[Ep  2250 | Step 1,080,000/2,000,000 | 315 sps] R=-11792.4 C= 577 Safe=60.83% SAI=1.000 Jain=1.000 PeakMF=0.563
[Ep  2300 | Step 1,104,000/2,000,000 | 315 sps] R=-11993.3 C= 618 Safe=53.75% SAI=1.000 Jain=1.000 PeakMF=0.563
[Ep  2350 | Step 1,128,000/2,000,000 | 315 sps] R=-11704.3 C= 557 Safe=53.54% SAI=1.000 Jain=1.000 PeakMF=0.563
[Ep  2400 | Step 1,152,000/2,000,000 | 315 sps] R=-12190.4 C= 657 Safe=59.58% SAI=1.000 Jain=1.000 PeakMF=0.563
[Ep  2450 | Step 1,176,000/2,000,000 | 315 sps] R=-12199.9 C= 662 Safe=47.92% SAI=1.000 Jain=1.000 PeakMF=0.563
[Ep  2500 | Step 1,200,000/2,000,000 | 315 sps] R=-11798.1 C= 580 Safe=49.17% SAI=1.000 Jain=1.000 PeakMF=0.563
[Ep  2550 | Step 1,224,000/2,000,000 | 315 sps] R=-11823.1 C= 584 Safe=47.71% SAI=1.000 Jain=1.000 PeakMF=0.563
[Ep  2600 | Step 1,248,000/2,000,000 | 315 sps] R=-11944.9 C= 610 Safe=50.00% SAI=1.000 Jain=1.000 PeakMF=0.563
[Ep  2650 | Step 1,272,000/2,000,000 | 315 sps] R=-12062.9 C= 631 Safe=47.71% SAI=1.000 Jain=1.000 PeakMF=0.563
[Ep  2700 | Step 1,296,000/2,000,000 | 315 sps] R=-12204.7 C= 663 Safe=52.29% SAI=1.000 Jain=1.000 PeakMF=0.563
[Ep  2750 | Step 1,320,000/2,000,000 | 315 sps] R=-12238.7 C= 669 Safe=48.75% SAI=1.000 Jain=1.000 PeakMF=0.563
[Ep  2800 | Step 1,344,000/2,000,000 | 315 sps] R=-11861.9 C= 590 Safe=57.71% SAI=1.000 Jain=1.000 PeakMF=0.563
[Ep  2850 | Step 1,368,000/2,000,000 | 315 sps] R=-12181.2 C= 660 Safe=37.92% SAI=1.000 Jain=1.000 PeakMF=0.563
[Ep  2900 | Step 1,392,000/2,000,000 | 315 sps] R=-12020.0 C= 629 Safe=52.92% SAI=1.000 Jain=1.000 PeakMF=0.563
[Ep  2950 | Step 1,416,000/2,000,000 | 315 sps] R=-12001.9 C= 623 Safe=43.33% SAI=1.000 Jain=1.000 PeakMF=0.563
[Ep  2950 | Step 1,416,000/2,000,000 | 315 sps] R=-10587.7 C= 339 Safe=76.25% SAI=1.000 Jain=1.000 PeakMF=0.563
[Ep  3000 | Step 1,440,000/2,000,000 | 315 sps] R=-10233.9 C= 264 Safe=75.62% SAI=1.000 Jain=1.000 PeakMF=0.563
[Ep  3050 | Step 1,464,000/2,000,000 | 315 sps] R=-10289.6 C= 275 Safe=75.21% SAI=1.000 Jain=1.000 PeakMF=0.563
[Ep  3100 | Step 1,488,000/2,000,000 | 315 sps] R=-10367.5 C= 295 Safe=72.71% SAI=1.000 Jain=1.000 PeakMF=0.563
[Ep  3150 | Step 1,512,000/2,000,000 | 315 sps] R=-10336.6 C= 289 Safe=74.17% SAI=1.000 Jain=1.000 PeakMF=0.563
[Ep  3200 | Step 1,536,000/2,000,000 | 315 sps] R=-10509.8 C= 322 Safe=73.96% SAI=1.000 Jain=1.000 PeakMF=0.563
[Ep  3250 | Step 1,560,000/2,000,000 | 315 sps] R=-10491.8 C= 320 Safe=69.17% SAI=1.000 Jain=1.000 PeakMF=0.563
[Ep  3300 | Step 1,584,000/2,000,000 | 315 sps] R=-10599.4 C= 343 Safe=70.62% SAI=1.000 Jain=1.000 PeakMF=0.563
[Ep  3350 | Step 1,608,000/2,000,000 | 315 sps] R=-10699.6 C= 363 Safe=73.33% SAI=1.000 Jain=1.000 PeakMF=0.563
[Ep  3400 | Step 1,632,000/2,000,000 | 315 sps] R=-10694.5 C= 362 Safe=72.71% SAI=1.000 Jain=1.000 PeakMF=0.563
[Ep  3450 | Step 1,656,000/2,000,000 | 315 sps] R=-10441.7 C= 310 Safe=71.88% SAI=1.000 Jain=1.000 PeakMF=0.563
[Ep  3500 | Step 1,680,000/2,000,000 | 315 sps] R=-10561.7 C= 331 Safe=70.83% SAI=1.000 Jain=1.000 PeakMF=0.563
[Ep  3550 | Step 1,704,000/2,000,000 | 315 sps] R=-10417.0 C= 305 Safe=76.25% SAI=1.000 Jain=1.000 PeakMF=0.563
[Ep  3600 | Step 1,728,000/2,000,000 | 315 sps] R=-10582.2 C= 338 Safe=74.58% SAI=1.000 Jain=1.000 PeakMF=0.563
[Ep  3650 | Step 1,752,000/2,000,000 | 315 sps] R=-10630.1 C= 349 Safe=73.54% SAI=1.000 Jain=1.000 PeakMF=0.563
[Ep  3700 | Step 1,776,000/2,000,000 | 315 sps] R=-9016.0 C=   9 Safe=98.12% SAI=1.000 Jain=1.000 PeakMF=0.563
[Ep  3750 | Step 1,800,000/2,000,000 | 315 sps] R=-9005.9 C=   7 Safe=98.75% SAI=1.000 Jain=1.000 PeakMF=0.563
[Ep  3800 | Step 1,824,000/2,000,000 | 315 sps] R=-9027.0 C=  11 Safe=97.71% SAI=1.000 Jain=1.000 PeakMF=0.563
[Ep  3850 | Step 1,848,000/2,000,000 | 315 sps] R=-9000.8 C=   6 Safe=98.96% SAI=1.000 Jain=1.000 PeakMF=0.563
[Ep  3900 | Step 1,872,000/2,000,000 | 315 sps] R=-9121.7 C=  36 Safe=94.38% SAI=1.000 Jain=1.000 PeakMF=0.563
[Ep  3950 | Step 1,896,000/2,000,000 | 315 sps] R=-9107.0 C=  36 Safe=93.96% SAI=1.000 Jain=1.000 PeakMF=0.563
[Ep  4000 | Step 1,920,000/2,000,000 | 315 sps] R=-9187.3 C=  52 Safe=93.12% SAI=1.000 Jain=1.000 PeakMF=0.563
[Ep  4050 | Step 1,944,000/2,000,000 | 315 sps] R=-9149.5 C=  43 Safe=93.75% SAI=1.000 Jain=1.000 PeakMF=0.563
[Ep  4100 | Step 1,968,000/2,000,000 | 315 sps] R=-9182.9 C=  51 Safe=92.92% SAI=1.000 Jain=1.000 PeakMF=0.563
[Ep  4150 | Step 1,992,000/2,000,000 | 315 sps] R=-9182.1 C=  51 Safe=93.96% SAI=1.000 Jain=1.000 PeakMF=0.563

============================================================
Training complete: 4167 episodes, 2,000,160 steps
Best reward: -8970.7
Wall time: 1.76 hours
Checkpoint: checkpoints/ablation_no_ecbf/seed_5/checkpoint_final.pt
============================================================

[Ep  2900 | Step 1,392,000/2,000,000 | 315 sps] R=-9102.0 C=  35 Safe=95.00% SAI=1.000 Jain=1.000 PeakMF=0.563
[Ep  2950 | Step 1,416,000/2,000,000 | 315 sps] R=-9167.0 C=  48 Safe=95.42% SAI=1.000 Jain=1.000 PeakMF=0.563
[Ep  3000 | Step 1,440,000/2,000,000 | 315 sps] R=-9127.0 C=  40 Safe=95.21% SAI=1.000 Jain=1.000 PeakMF=0.563
[Ep  3050 | Step 1,464,000/2,000,000 | 315 sps] R=-9117.1 C=  38 Safe=93.96% SAI=1.000 Jain=1.000 PeakMF=0.563
[Ep  3100 | Step 1,488,000/2,000,000 | 315 sps] R=-9087.0 C=  32 Safe=95.42% SAI=1.000 Jain=1.000 PeakMF=0.563
[Ep  3150 | Step 1,512,000/2,000,000 | 315 sps] R=-9087.0 C=  32 Safe=95.62% SAI=1.000 Jain=1.000 PeakMF=0.563
[Ep  3200 | Step 1,536,000/2,000,000 | 315 sps] R=-9087.1 C=  32 Safe=95.42% SAI=1.000 Jain=1.000 PeakMF=0.563
[Ep  3250 | Step 1,560,000/2,000,000 | 315 sps] R=-9021.5 C=  10 Safe=98.12% SAI=1.000 Jain=1.000 PeakMF=0.563
[Ep  3300 | Step 1,584,000/2,000,000 | 315 sps] R=-8981.3 C=   2 Safe=99.58% SAI=1.000 Jain=1.000 PeakMF=0.563
[Ep  3350 | Step 1,608,000/2,000,000 | 315 sps] R=-9011.9 C=  17 Safe=97.92% SAI=1.000 Jain=1.000 PeakMF=0.563
[Ep  3400 | Step 1,632,000/2,000,000 | 315 sps] R=-9046.9 C=  24 Safe=96.88% SAI=1.000 Jain=1.000 PeakMF=0.563
[Ep  3450 | Step 1,656,000/2,000,000 | 315 sps] R=-8991.2 C=   4 Safe=99.38% SAI=1.000 Jain=1.000 PeakMF=0.563
[Ep  3500 | Step 1,680,000/2,000,000 | 315 sps] R=-9127.0 C=  40 Safe=96.67% SAI=1.000 Jain=1.000 PeakMF=0.563
[Ep  3550 | Step 1,704,000/2,000,000 | 315 sps] R=-9007.2 C=   7 Safe=98.54% SAI=1.000 Jain=1.000 PeakMF=0.563
[Ep  3600 | Step 1,728,000/2,000,000 | 315 sps] R=-8992.1 C=  13 Safe=97.71% SAI=1.000 Jain=1.000 PeakMF=0.563
[Ep  3650 | Step 1,752,000/2,000,000 | 315 sps] R=-9071.9 C=  29 Safe=97.50% SAI=1.000 Jain=1.000 PeakMF=0.563
[Ep  3700 | Step 1,776,000/2,000,000 | 315 sps] R=-9014.1 C=  13 Safe=97.71% SAI=1.000 Jain=1.000 PeakMF=0.563
[Ep  3750 | Step 1,800,000/2,000,000 | 315 sps] R=-9052.0 C=  25 Safe=97.08% SAI=1.000 Jain=1.000 PeakMF=0.563
[Ep  3800 | Step 1,824,000/2,000,000 | 315 sps] R=-9049.6 C=  23 Safe=96.67% SAI=1.000 Jain=1.000 PeakMF=0.563
[Ep  3850 | Step 1,848,000/2,000,000 | 315 sps] R=-9062.1 C=  27 Safe=97.50% SAI=1.000 Jain=1.000 PeakMF=0.563
[Ep  3900 | Step 1,872,000/2,000,000 | 315 sps] R=-9137.0 C=  42 Safe=95.83% SAI=1.000 Jain=1.000 PeakMF=0.563
[Ep  3950 | Step 1,896,000/2,000,000 | 315 sps] R=-9037.1 C=  22 Safe=97.29% SAI=1.000 Jain=1.000 PeakMF=0.563
[Ep  4000 | Step 1,920,000/2,000,000 | 315 sps] R=-9067.1 C=  28 Safe=97.29% SAI=1.000 Jain=1.000 PeakMF=0.563
[Ep  4050 | Step 1,944,000/2,000,000 | 315 sps] R=-9062.0 C=  27 Safe=97.08% SAI=1.000 Jain=1.000 PeakMF=0.563
[Ep  4100 | Step 1,968,000/2,000,000 | 315 sps] R=-9052.0 C=  25 Safe=96.88% SAI=1.000 Jain=1.000 PeakMF=0.563
[Ep  4150 | Step 1,992,000/2,000,000 | 315 sps] R=-9037.0 C=  22 Safe=97.71% SAI=1.000 Jain=1.000 PeakMF=0.563

============================================================
Training complete: 4167 episodes, 2,000,160 steps
Best reward: -8951.8
Wall time: 1.76 hours
Checkpoint: checkpoints/ablation_no_ecbf/seed_3/checkpoint_final.pt
============================================================

[Ep  3000 | Step 1,440,000/2,000,000 | 315 sps] R=-11900.9 C= 602 Safe=56.67% SAI=1.000 Jain=1.000 PeakMF=0.563
[Ep  3050 | Step 1,464,000/2,000,000 | 315 sps] R=-11914.7 C= 604 Safe=49.79% SAI=1.000 Jain=1.000 PeakMF=0.563
[Ep  3100 | Step 1,488,000/2,000,000 | 315 sps] R=-11976.4 C= 618 Safe=53.33% SAI=1.000 Jain=1.000 PeakMF=0.563
[Ep  3150 | Step 1,512,000/2,000,000 | 315 sps] R=-11769.0 C= 575 Safe=52.50% SAI=1.000 Jain=1.000 PeakMF=0.563
[Ep  3200 | Step 1,536,000/2,000,000 | 315 sps] R=-11441.9 C= 509 Safe=58.96% SAI=1.000 Jain=1.000 PeakMF=0.563
[Ep  3250 | Step 1,560,000/2,000,000 | 315 sps] R=-11331.1 C= 486 Safe=61.04% SAI=1.000 Jain=1.000 PeakMF=0.563
[Ep  3300 | Step 1,584,000/2,000,000 | 315 sps] R=-11848.2 C= 591 Safe=55.83% SAI=1.000 Jain=1.000 PeakMF=0.563
[Ep  3350 | Step 1,608,000/2,000,000 | 315 sps] R=-11697.6 C= 561 Safe=61.04% SAI=1.000 Jain=1.000 PeakMF=0.563
[Ep  3400 | Step 1,632,000/2,000,000 | 315 sps] R=-11818.4 C= 586 Safe=54.37% SAI=1.000 Jain=1.000 PeakMF=0.563
[Ep  3450 | Step 1,656,000/2,000,000 | 315 sps] R=-12043.9 C= 637 Safe=51.67% SAI=1.000 Jain=1.000 PeakMF=0.563
[Ep  3500 | Step 1,680,000/2,000,000 | 315 sps] R=-9053.5 C=  16 Safe=97.50% SAI=1.000 Jain=1.000 PeakMF=0.563
[Ep  3550 | Step 1,704,000/2,000,000 | 315 sps] R=-9046.9 C=  15 Safe=96.88% SAI=1.000 Jain=1.000 PeakMF=0.563
[Ep  3600 | Step 1,728,000/2,000,000 | 315 sps] R=-9098.9 C=  27 Safe=95.21% SAI=1.000 Jain=1.000 PeakMF=0.563
[Ep  3650 | Step 1,752,000/2,000,000 | 315 sps] R=-9026.4 C=  11 Safe=98.12% SAI=1.000 Jain=1.000 PeakMF=0.563
[Ep  3700 | Step 1,776,000/2,000,000 | 315 sps] R=-9086.4 C=  23 Safe=96.04% SAI=1.000 Jain=1.000 PeakMF=0.563
[Ep  3750 | Step 1,800,000/2,000,000 | 315 sps] R=-9096.5 C=  28 Safe=95.00% SAI=1.000 Jain=1.000 PeakMF=0.563
[Ep  3800 | Step 1,824,000/2,000,000 | 315 sps] R=-9111.8 C=  31 Safe=95.00% SAI=1.000 Jain=1.000 PeakMF=0.563
[Ep  3850 | Step 1,848,000/2,000,000 | 315 sps] R=-9114.1 C=  30 Safe=95.21% SAI=1.000 Jain=1.000 PeakMF=0.563
[Ep  3900 | Step 1,872,000/2,000,000 | 315 sps] R=-9119.2 C=  34 Safe=95.21% SAI=1.000 Jain=1.000 PeakMF=0.563
[Ep  3950 | Step 1,896,000/2,000,000 | 315 sps] R=-9123.9 C=  35 Safe=95.83% SAI=1.000 Jain=1.000 PeakMF=0.563
[Ep  4000 | Step 1,920,000/2,000,000 | 315 sps] R=-9131.8 C=  38 Safe=94.58% SAI=1.000 Jain=1.000 PeakMF=0.563
[Ep  4050 | Step 1,944,000/2,000,000 | 315 sps] R=-9071.8 C=  20 Safe=96.25% SAI=1.000 Jain=1.000 PeakMF=0.563
[Ep  4100 | Step 1,968,000/2,000,000 | 315 sps] R=-9056.7 C=  23 Safe=96.67% SAI=1.000 Jain=1.000 PeakMF=0.563
[Ep  4150 | Step 1,992,000/2,000,000 | 315 sps] R=-9079.7 C=  29 Safe=95.62% SAI=1.000 Jain=1.000 PeakMF=0.563

============================================================
Training complete: 4167 episodes, 2,000,160 steps
Best reward: -8980.3
Wall time: 1.76 hours
Checkpoint: checkpoints/ablation_no_ecbf/seed_2/checkpoint_final.pt
============================================================
2026-05-05 18:05:44 | hcmarl.utils | INFO | HIGH determinism: cudnn.deterministic=True, torch.use_deterministic_algorithms(True), matmul=highest, CUBLAS_WORKSPACE_CONFIG=:4096:8 (EXP3-Part-1-equivalent reproducibility)

[Ep  2950 | Step 1,416,000/2,000,000 | 315 sps] R=-9147.0 C=  44 Safe=95.62% SAI=1.000 Jain=1.000 PeakMF=0.563
[Ep  3000 | Step 1,440,000/2,000,000 | 315 sps] R=-9182.1 C=  51 Safe=93.33% SAI=1.000 Jain=1.000 PeakMF=0.563
[Ep  3050 | Step 1,464,000/2,000,000 | 315 sps] R=-9122.2 C=  39 Safe=95.21% SAI=1.000 Jain=1.000 PeakMF=0.563
[Ep  3100 | Step 1,488,000/2,000,000 | 315 sps] R=-9102.2 C=  35 Safe=94.58% SAI=1.000 Jain=1.000 PeakMF=0.563
[Ep  3150 | Step 1,512,000/2,000,000 | 315 sps] R=-9132.1 C=  41 Safe=95.83% SAI=1.000 Jain=1.000 PeakMF=0.563
[Ep  3200 | Step 1,536,000/2,000,000 | 315 sps] R=-9137.0 C=  42 Safe=95.42% SAI=1.000 Jain=1.000 PeakMF=0.563
[Ep  3250 | Step 1,560,000/2,000,000 | 315 sps] R=-9142.1 C=  43 Safe=94.58% SAI=1.000 Jain=1.000 PeakMF=0.563
[Ep  3300 | Step 1,584,000/2,000,000 | 315 sps] R=-9087.0 C=  32 Safe=96.25% SAI=1.000 Jain=1.000 PeakMF=0.563
[Ep  3350 | Step 1,608,000/2,000,000 | 315 sps] R=-9117.1 C=  38 Safe=95.83% SAI=1.000 Jain=1.000 PeakMF=0.563
[Ep  3400 | Step 1,632,000/2,000,000 | 315 sps] R=-9052.0 C=  25 Safe=95.21% SAI=1.000 Jain=1.000 PeakMF=0.563
[Ep  3450 | Step 1,656,000/2,000,000 | 315 sps] R=-9162.1 C=  47 Safe=96.04% SAI=1.000 Jain=1.000 PeakMF=0.563
[Ep  3500 | Step 1,680,000/2,000,000 | 315 sps] R=-9087.0 C=  32 Safe=96.88% SAI=1.000 Jain=1.000 PeakMF=0.563
[Ep  3550 | Step 1,704,000/2,000,000 | 315 sps] R=-9107.0 C=  36 Safe=95.83% SAI=1.000 Jain=1.000 PeakMF=0.563
[Ep  3600 | Step 1,728,000/2,000,000 | 315 sps] R=-9082.0 C=  31 Safe=96.25% SAI=1.000 Jain=1.000 PeakMF=0.563
[Ep  3650 | Step 1,752,000/2,000,000 | 315 sps] R=-9087.1 C=  32 Safe=96.67% SAI=1.000 Jain=1.000 PeakMF=0.563
[Ep  3700 | Step 1,776,000/2,000,000 | 315 sps] R=-9092.1 C=  33 Safe=96.25% SAI=1.000 Jain=1.000 PeakMF=0.563
[Ep  3750 | Step 1,800,000/2,000,000 | 315 sps] R=-9102.0 C=  35 Safe=96.25% SAI=1.000 Jain=1.000 PeakMF=0.563
[Ep  3800 | Step 1,824,000/2,000,000 | 315 sps] R=-9042.0 C=  23 Safe=97.29% SAI=1.000 Jain=1.000 PeakMF=0.563
[Ep  3850 | Step 1,848,000/2,000,000 | 315 sps] R=-9057.0 C=  26 Safe=96.88% SAI=1.000 Jain=1.000 PeakMF=0.563
[Ep  3900 | Step 1,872,000/2,000,000 | 315 sps] R=-9087.3 C=  32 Safe=96.67% SAI=1.000 Jain=1.000 PeakMF=0.563
[Ep  3950 | Step 1,896,000/2,000,000 | 315 sps] R=-9057.0 C=  26 Safe=96.88% SAI=1.000 Jain=1.000 PeakMF=0.563
[Ep  4000 | Step 1,920,000/2,000,000 | 315 sps] R=-9102.1 C=  35 Safe=97.08% SAI=1.000 Jain=1.000 PeakMF=0.563
[Ep  4050 | Step 1,944,000/2,000,000 | 315 sps] R=-9047.0 C=  24 Safe=96.88% SAI=1.000 Jain=1.000 PeakMF=0.563
[Ep  4100 | Step 1,968,000/2,000,000 | 315 sps] R=-9042.0 C=  23 Safe=97.50% SAI=1.000 Jain=1.000 PeakMF=0.563
[Ep  4150 | Step 1,992,000/2,000,000 | 315 sps] R=-9097.1 C=  34 Safe=96.46% SAI=1.000 Jain=1.000 PeakMF=0.563

============================================================
Training complete: 4167 episodes, 2,000,160 steps
Best reward: -8971.9
Wall time: 1.76 hours
Checkpoint: checkpoints/ablation_no_ecbf/seed_0/checkpoint_final.pt
============================================================
2026-05-05 18:05:45 | hcmarl.utils | INFO | HIGH determinism: cudnn.deterministic=True, torch.use_deterministic_algorithms(True), matmul=highest, CUBLAS_WORKSPACE_CONFIG=:4096:8 (EXP3-Part-1-equivalent reproducibility)
2026-05-05 18:05:46 | hcmarl.utils | INFO | HIGH determinism: cudnn.deterministic=True, torch.use_deterministic_algorithms(True), matmul=highest, CUBLAS_WORKSPACE_CONFIG=:4096:8 (EXP3-Part-1-equivalent reproducibility)

[Ep  2900 | Step 1,392,000/2,000,000 | 315 sps] R=-11088.2 C= 440 Safe=62.29% SAI=1.000 Jain=1.000 PeakMF=0.563
[Ep  2950 | Step 1,416,000/2,000,000 | 315 sps] R=-11052.9 C= 433 Safe=64.58% SAI=1.000 Jain=1.000 PeakMF=0.563
[Ep  3000 | Step 1,440,000/2,000,000 | 315 sps] R=-9213.2 C=  48 Safe=91.88% SAI=1.000 Jain=1.000 PeakMF=0.563
[Ep  3050 | Step 1,464,000/2,000,000 | 315 sps] R=-9036.2 C=  13 Safe=97.50% SAI=1.000 Jain=1.000 PeakMF=0.563
[Ep  3100 | Step 1,488,000/2,000,000 | 315 sps] R=-9011.5 C=   8 Safe=98.33% SAI=1.000 Jain=1.000 PeakMF=0.563
[Ep  3150 | Step 1,512,000/2,000,000 | 315 sps] R=-9041.5 C=  14 Safe=97.71% SAI=1.000 Jain=1.000 PeakMF=0.563
[Ep  3200 | Step 1,536,000/2,000,000 | 315 sps] R=-9011.2 C=   8 Safe=98.96% SAI=1.000 Jain=1.000 PeakMF=0.563
[Ep  3250 | Step 1,560,000/2,000,000 | 315 sps] R=-9079.7 C=  23 Safe=95.62% SAI=1.000 Jain=1.000 PeakMF=0.563
[Ep  3300 | Step 1,584,000/2,000,000 | 315 sps] R=-9051.7 C=  16 Safe=96.88% SAI=1.000 Jain=1.000 PeakMF=0.563
[Ep  3350 | Step 1,608,000/2,000,000 | 315 sps] R=-9287.8 C=  72 Safe=90.42% SAI=1.000 Jain=1.000 PeakMF=0.563
[Ep  3400 | Step 1,632,000/2,000,000 | 315 sps] R=-9049.1 C=  20 Safe=96.46% SAI=1.000 Jain=1.000 PeakMF=0.563
[Ep  3450 | Step 1,656,000/2,000,000 | 315 sps] R=-9079.2 C=  29 Safe=95.83% SAI=1.000 Jain=1.000 PeakMF=0.563
[Ep  3500 | Step 1,680,000/2,000,000 | 315 sps] R=-9121.8 C=  39 Safe=94.17% SAI=1.000 Jain=1.000 PeakMF=0.563
[Ep  3550 | Step 1,704,000/2,000,000 | 315 sps] R=-9127.1 C=  40 Safe=94.38% SAI=1.000 Jain=1.000 PeakMF=0.563
[Ep  3600 | Step 1,728,000/2,000,000 | 315 sps] R=-9137.0 C=  42 Safe=94.38% SAI=1.000 Jain=1.000 PeakMF=0.563
[Ep  3650 | Step 1,752,000/2,000,000 | 315 sps] R=-9081.8 C=  31 Safe=96.04% SAI=1.000 Jain=1.000 PeakMF=0.563
[Ep  3700 | Step 1,776,000/2,000,000 | 315 sps] R=-9127.0 C=  40 Safe=95.62% SAI=1.000 Jain=1.000 PeakMF=0.563
[Ep  3750 | Step 1,800,000/2,000,000 | 315 sps] R=-9126.9 C=  40 Safe=95.00% SAI=1.000 Jain=1.000 PeakMF=0.563
[Ep  3800 | Step 1,824,000/2,000,000 | 315 sps] R=-9152.3 C=  45 Safe=93.96% SAI=1.000 Jain=1.000 PeakMF=0.563
[Ep  3850 | Step 1,848,000/2,000,000 | 315 sps] R=-9172.1 C=  49 Safe=94.79% SAI=1.000 Jain=1.000 PeakMF=0.563
[Ep  3900 | Step 1,872,000/2,000,000 | 315 sps] R=-9147.1 C=  44 Safe=95.21% SAI=1.000 Jain=1.000 PeakMF=0.563
[Ep  3950 | Step 1,896,000/2,000,000 | 315 sps] R=-9036.8 C=  22 Safe=96.04% SAI=1.000 Jain=1.000 PeakMF=0.563
[Ep  4000 | Step 1,920,000/2,000,000 | 315 sps] R=-9091.9 C=  33 Safe=96.46% SAI=1.000 Jain=1.000 PeakMF=0.563
[Ep  4050 | Step 1,944,000/2,000,000 | 315 sps] R=-9157.0 C=  46 Safe=95.42% SAI=1.000 Jain=1.000 PeakMF=0.563
[Ep  4100 | Step 1,968,000/2,000,000 | 315 sps] R=-9011.6 C=   8 Safe=98.33% SAI=1.000 Jain=1.000 PeakMF=0.563
[Ep  4150 | Step 1,992,000/2,000,000 | 315 sps] R=-9031.5 C=  18 Safe=97.92% SAI=1.000 Jain=1.000 PeakMF=0.563

============================================================
Training complete: 4167 episodes, 2,000,160 steps
Best reward: -8970.9
Wall time: 1.76 hours
Checkpoint: checkpoints/ablation_no_ecbf/seed_4/checkpoint_final.pt
============================================================

[Ep  2900 | Step 1,392,000/2,000,000 | 315 sps] R=-9072.2 C=  29 Safe=96.67% SAI=1.000 Jain=1.000 PeakMF=0.563
[Ep  2950 | Step 1,416,000/2,000,000 | 315 sps] R=-9097.0 C=  34 Safe=96.46% SAI=1.000 Jain=1.000 PeakMF=0.563
[Ep  3000 | Step 1,440,000/2,000,000 | 315 sps] R=-9062.0 C=  27 Safe=96.04% SAI=1.000 Jain=1.000 PeakMF=0.563
[Ep  3050 | Step 1,464,000/2,000,000 | 315 sps] R=-9062.2 C=  27 Safe=96.04% SAI=1.000 Jain=1.000 PeakMF=0.563
[Ep  3100 | Step 1,488,000/2,000,000 | 315 sps] R=-8984.1 C=   4 Safe=99.17% SAI=1.000 Jain=1.000 PeakMF=0.563
[Ep  3150 | Step 1,512,000/2,000,000 | 315 sps] R=-8976.4 C=   1 Safe=99.79% SAI=1.000 Jain=1.000 PeakMF=0.563
[Ep  3200 | Step 1,536,000/2,000,000 | 315 sps] R=-8991.3 C=   4 Safe=99.38% SAI=1.000 Jain=1.000 PeakMF=0.563
[Ep  3250 | Step 1,560,000/2,000,000 | 315 sps] R=-8964.2 C=   6 Safe=98.96% SAI=1.000 Jain=1.000 PeakMF=0.563
[Ep  3300 | Step 1,584,000/2,000,000 | 315 sps] R=-8977.0 C=  10 Safe=98.54% SAI=1.000 Jain=1.000 PeakMF=0.563
[Ep  3350 | Step 1,608,000/2,000,000 | 315 sps] R=-9122.3 C=  39 Safe=94.79% SAI=1.000 Jain=1.000 PeakMF=0.563
[Ep  3400 | Step 1,632,000/2,000,000 | 315 sps] R=-8996.7 C=   5 Safe=98.96% SAI=1.000 Jain=1.000 PeakMF=0.563
[Ep  3450 | Step 1,656,000/2,000,000 | 315 sps] R=-8956.8 C=   3 Safe=99.38% SAI=1.000 Jain=1.000 PeakMF=0.563
[Ep  3500 | Step 1,680,000/2,000,000 | 315 sps] R=-9052.2 C=  25 Safe=97.08% SAI=1.000 Jain=1.000 PeakMF=0.563
[Ep  3550 | Step 1,704,000/2,000,000 | 315 sps] R=-9042.1 C=  23 Safe=97.08% SAI=1.000 Jain=1.000 PeakMF=0.563
[Ep  3600 | Step 1,728,000/2,000,000 | 315 sps] R=-8976.8 C=   7 Safe=98.96% SAI=1.000 Jain=1.000 PeakMF=0.563
[Ep  3650 | Step 1,752,000/2,000,000 | 315 sps] R=-8971.9 C=   9 Safe=98.75% SAI=1.000 Jain=1.000 PeakMF=0.563
[Ep  3700 | Step 1,776,000/2,000,000 | 315 sps] R=-9047.3 C=  24 Safe=96.67% SAI=1.000 Jain=1.000 PeakMF=0.563
[Ep  3750 | Step 1,800,000/2,000,000 | 315 sps] R=-9037.2 C=  22 Safe=97.29% SAI=1.000 Jain=1.000 PeakMF=0.563
[Ep  3800 | Step 1,824,000/2,000,000 | 315 sps] R=-9047.2 C=  24 Safe=97.50% SAI=1.000 Jain=1.000 PeakMF=0.563
[Ep  3850 | Step 1,848,000/2,000,000 | 315 sps] R=-9042.3 C=  23 Safe=97.50% SAI=1.000 Jain=1.000 PeakMF=0.563
[Ep  3900 | Step 1,872,000/2,000,000 | 315 sps] R=-9047.1 C=  24 Safe=98.12% SAI=1.000 Jain=1.000 PeakMF=0.563
[Ep  3950 | Step 1,896,000/2,000,000 | 315 sps] R=-8987.0 C=  12 Safe=98.12% SAI=1.000 Jain=1.000 PeakMF=0.563
[Ep  4000 | Step 1,920,000/2,000,000 | 315 sps] R=-9022.1 C=  19 Safe=98.33% SAI=1.000 Jain=1.000 PeakMF=0.563
[Ep  4050 | Step 1,944,000/2,000,000 | 315 sps] R=-8959.6 C=   5 Safe=99.17% SAI=1.000 Jain=1.000 PeakMF=0.563
[Ep  4100 | Step 1,968,000/2,000,000 | 315 sps] R=-9012.1 C=  17 Safe=98.75% SAI=1.000 Jain=1.000 PeakMF=0.563
[Ep  4150 | Step 1,992,000/2,000,000 | 315 sps] R=-8976.5 C=   1 Safe=99.79% SAI=1.000 Jain=1.000 PeakMF=0.563

============================================================
Training complete: 4167 episodes, 2,000,160 steps
Best reward: -8931.8
Wall time: 1.76 hours
Checkpoint: checkpoints/ablation_no_ecbf/seed_1/checkpoint_final.pt
============================================================
2026-05-05 18:05:47 | hcmarl.utils | INFO | HIGH determinism: cudnn.deterministic=True, torch.use_deterministic_algorithms(True), matmul=highest, CUBLAS_WORKSPACE_CONFIG=:4096:8 (EXP3-Part-1-equivalent reproducibility)
2026-05-05 18:05:49 | hcmarl.utils | INFO | HIGH determinism: cudnn.deterministic=True, torch.use_deterministic_algorithms(True), matmul=highest, CUBLAS_WORKSPACE_CONFIG=:4096:8 (EXP3-Part-1-equivalent reproducibility)
2026-05-05 18:05:50 | hcmarl.utils | INFO | HIGH determinism: cudnn.deterministic=True, torch.use_deterministic_algorithms(True), matmul=highest, CUBLAS_WORKSPACE_CONFIG=:4096:8 (EXP3-Part-1-equivalent reproducibility)
2026-05-05 18:06:32 | hcmarl.utils | INFO | HIGH determinism: cudnn.deterministic=True, torch.use_deterministic_algorithms(True), matmul=highest, CUBLAS_WORKSPACE_CONFIG=:4096:8 (EXP3-Part-1-equivalent reproducibility)
2026-05-05 18:06:33 | hcmarl.utils | INFO | HIGH determinism: cudnn.deterministic=True, torch.use_deterministic_algorithms(True), matmul=highest, CUBLAS_WORKSPACE_CONFIG=:4096:8 (EXP3-Part-1-equivalent reproducibility)
2026-05-05 18:06:33 | hcmarl.utils | INFO | HIGH determinism: cudnn.deterministic=True, torch.use_deterministic_algorithms(True), matmul=highest, CUBLAS_WORKSPACE_CONFIG=:4096:8 (EXP3-Part-1-equivalent reproducibility)
2026-05-05 18:06:33 | hcmarl.utils | INFO | HIGH determinism: cudnn.deterministic=True, torch.use_deterministic_algorithms(True), matmul=highest, CUBLAS_WORKSPACE_CONFIG=:4096:8 (EXP3-Part-1-equivalent reproducibility)
2026-05-05 18:06:34 | hcmarl.utils | INFO | HIGH determinism: cudnn.deterministic=True, torch.use_deterministic_algorithms(True), matmul=highest, CUBLAS_WORKSPACE_CONFIG=:4096:8 (EXP3-Part-1-equivalent reproducibility)
2026-05-05 18:06:35 | hcmarl.utils | INFO | HIGH determinism: cudnn.deterministic=True, torch.use_deterministic_algorithms(True), matmul=highest, CUBLAS_WORKSPACE_CONFIG=:4096:8 (EXP3-Part-1-equivalent reproducibility)
Using device: cuda
Path G: loading pre-computed profiles from /root/hcmarl_project/config/pathg_profiles.json
Generating demonstrations from calibrated profiles (Eq 35 controller)...
  Generated 102 demonstrations from 34 workers
  HELDOUT_NLL model selection for K:
    K=1: heldout_nll=6704283.5000
    K=2: heldout_nll=284044.3125
    K=3: heldout_nll=47497.7852
    K=4: heldout_nll=6160727.5000
    K=5: heldout_nll=7474.6758
  Selected K=5 (lowest heldout_nll=7474.6758)

--- MMICRL Type Discovery Results ---
  Demonstrations: 102
  Types discovered: 5
  Type proportions: ['0.13', '0.20', '0.32', '0.05', '0.30']
  Mutual information I(tau;z): 0.0000
  Objective value: 0.0000
  Learned thresholds per type (raw):
    Type 0: {shoulder: 0.215}
    Type 1: {shoulder: 0.291}
    Type 2: {shoulder: 0.182}
    Type 3: {shoulder: 0.346}
    Type 4: {shoulder: 0.234}
  WARNING: MI (0.0000) < 0.01 -- latent types are behaviorally indistinguishable on this demo set. Effective per-worker theta will fall back to config floors (no MMICRL contribution). Consider multi-muscle demos or lambda1 tuning to restore discrimination.
  Results saved to logs/ablation_no_ecbf/seed_9/mmicrl/mmicrl_results.json
Using MMICRL-learned thresholds for 6 workers (5 types, rescaled into [floor,1]; floors: {'shoulder': 0.7, 'ankle': 0.8, 'knee': 0.6, 'elbow': 0.45, 'trunk': 0.65, 'grip': 0.45})
  Effective per-worker theta_max: {'worker_0': {'shoulder': 0.7}, 'worker_1': {'shoulder': 0.7}, 'worker_2': {'shoulder': 0.7}, 'worker_3': {'shoulder': 0.7}, 'worker_4': {'shoulder': 0.7}, 'worker_5': {'shoulder': 0.7}}
============================================================
HC-MARL Training: HC-MARL (MAPPO + ECBF + NSWF)
Seed: 9 | Device: cuda | Workers: 6
Total steps: 2,000,000 | Eval every: 50,000
Checkpoint dir: checkpoints/ablation_no_ecbf/seed_9
============================================================
[Ep    50 | Step    24,000/2,000,000 | 315 sps] R=-20068.5 C=2153 Safe=20.83% SAI=1.000 Jain=1.000 PeakMF=0.634
[Ep   100 | Step    48,000/2,000,000 | 316 sps] R=-14266.0 C=1152 Safe=41.25% SAI=1.000 Jain=0.999 PeakMF=0.600
[Ep   150 | Step    72,000/2,000,000 | 315 sps] R=-16027.3 C=1552 Safe=20.00% SAI=1.000 Jain=1.000 PeakMF=0.633
[Ep   200 | Step    96,000/2,000,000 | 315 sps] R=-17090.6 C=1786 Safe=18.96% SAI=1.000 Jain=1.000 PeakMF=0.637
[Ep   250 | Step   120,000/2,000,000 | 315 sps] R=-15597.4 C=1520 Safe=19.17% SAI=1.000 Jain=0.999 PeakMF=0.613
[Ep   300 | Step   144,000/2,000,000 | 315 sps] R=-13635.8 C=1007 Safe=40.00% SAI=1.000 Jain=1.000 PeakMF=0.599
[Ep   350 | Step   168,000/2,000,000 | 315 sps] R=-12481.3 C= 742 Safe=42.50% SAI=1.000 Jain=1.000 PeakMF=0.586
[Ep   400 | Step   192,000/2,000,000 | 315 sps] R=-12735.1 C= 790 Safe=32.08% SAI=1.000 Jain=1.000 PeakMF=0.572
[Ep   450 | Step   216,000/2,000,000 | 315 sps] R=-10218.4 C= 175 Safe=72.50% SAI=1.000 Jain=1.000 PeakMF=0.549
[Ep   500 | Step   240,000/2,000,000 | 315 sps] R=-9763.7 C=  98 Safe=81.88% SAI=1.000 Jain=1.000 PeakMF=0.573
[Ep   550 | Step   264,000/2,000,000 | 315 sps] R=-9758.0 C= 116 Safe=79.58% SAI=1.000 Jain=1.000 PeakMF=0.563
[Ep   600 | Step   288,000/2,000,000 | 315 sps] R=-9754.7 C= 128 Safe=77.08% SAI=1.000 Jain=1.000 PeakMF=0.570
[Ep   650 | Step   312,000/2,000,000 | 315 sps] R=-9583.6 C=  98 Safe=81.46% SAI=1.000 Jain=1.000 PeakMF=0.570
[Ep   700 | Step   336,000/2,000,000 | 315 sps] R=-9410.5 C=  65 Safe=88.33% SAI=1.000 Jain=1.000 PeakMF=0.563
[Ep   750 | Step   360,000/2,000,000 | 315 sps] R=-9299.3 C=  59 Safe=89.17% SAI=1.000 Jain=1.000 PeakMF=0.563
[Ep   800 | Step   384,000/2,000,000 | 315 sps] R=-9275.2 C=  56 Safe=89.38% SAI=1.000 Jain=1.000 PeakMF=0.563
[Ep   850 | Step   408,000/2,000,000 | 315 sps] R=-9113.8 C=  24 Safe=95.21% SAI=1.000 Jain=1.000 PeakMF=0.563
[Ep   900 | Step   432,000/2,000,000 | 315 sps] R=-9161.1 C=  34 Safe=94.17% SAI=1.000 Jain=1.000 PeakMF=0.563
[Ep   950 | Step   456,000/2,000,000 | 315 sps] R=-9167.6 C=  39 Safe=93.33% SAI=1.000 Jain=1.000 PeakMF=0.563
[Ep  1000 | Step   480,000/2,000,000 | 315 sps] R=-9073.4 C=  19 Safe=96.46% SAI=1.000 Jain=1.000 PeakMF=0.563
[Ep  1050 | Step   504,000/2,000,000 | 315 sps] R=-9066.4 C=  19 Safe=96.25% SAI=1.000 Jain=1.000 PeakMF=0.563
[Ep  1100 | Step   528,000/2,000,000 | 315 sps] R=-9060.5 C=  18 Safe=96.46% SAI=1.000 Jain=1.000 PeakMF=0.563
[Ep  1150 | Step   552,000/2,000,000 | 315 sps] R=-9132.1 C=  32 Safe=94.58% SAI=1.000 Jain=1.000 PeakMF=0.563
[Ep  1200 | Step   576,000/2,000,000 | 315 sps] R=-9086.6 C=  23 Safe=95.62% SAI=1.000 Jain=1.000 PeakMF=0.563
[Ep  1250 | Step   600,000/2,000,000 | 315 sps] R=-9046.6 C=  15 Safe=97.08% SAI=1.000 Jain=1.000 PeakMF=0.563
[Ep  1300 | Step   624,000/2,000,000 | 315 sps] R=-9036.4 C=  13 Safe=97.29% SAI=1.000 Jain=1.000 PeakMF=0.563
[Ep  1350 | Step   648,000/2,000,000 | 315 sps] R=-9020.7 C=  10 Safe=98.12% SAI=1.000 Jain=1.000 PeakMF=0.563
[Ep  1400 | Step   672,000/2,000,000 | 315 sps] R=-9076.1 C=  21 Safe=96.04% SAI=1.000 Jain=1.000 PeakMF=0.563
[Ep  1450 | Step   696,000/2,000,000 | 315 sps] R=-9078.9 C=  23 Safe=96.46% SAI=1.000 Jain=1.000 PeakMF=0.563
[Ep  1500 | Step   720,000/2,000,000 | 315 sps] R=-9180.7 C=  51 Safe=91.88% SAI=1.000 Jain=1.000 PeakMF=0.563
[Ep  1550 | Step   744,000/2,000,000 | 315 sps] R=-9154.2 C=  44 Safe=93.54% SAI=1.000 Jain=1.000 PeakMF=0.563
[Ep  1600 | Step   768,000/2,000,000 | 315 sps] R=-9202.2 C=  52 Safe=92.29% SAI=1.000 Jain=1.000 PeakMF=0.563
[Ep  1650 | Step   792,000/2,000,000 | 315 sps] R=-9179.6 C=  49 Safe=91.88% SAI=1.000 Jain=1.000 PeakMF=0.563
[Ep  1700 | Step   816,000/2,000,000 | 315 sps] R=-9164.4 C=  46 Safe=93.12% SAI=1.000 Jain=1.000 PeakMF=0.563
[Ep  1750 | Step   840,000/2,000,000 | 315 sps] R=-9132.1 C=  41 Safe=93.33% SAI=1.000 Jain=1.000 PeakMF=0.563
[Ep  1800 | Step   864,000/2,000,000 | 315 sps] R=-9227.3 C=  60 Safe=91.88% SAI=1.000 Jain=1.000 PeakMF=0.563
[Ep  1850 | Step   888,000/2,000,000 | 315 sps] R=-9167.2 C=  48 Safe=92.29% SAI=1.000 Jain=1.000 PeakMF=0.563
[Ep  1900 | Step   912,000/2,000,000 | 315 sps] R=-9209.7 C=  55 Safe=92.71% SAI=1.000 Jain=1.000 PeakMF=0.563
[Ep  1950 | Step   936,000/2,000,000 | 315 sps] R=-9152.1 C=  45 Safe=93.75% SAI=1.000 Jain=1.000 PeakMF=0.563
[Ep  2000 | Step   960,000/2,000,000 | 315 sps] R=-9162.3 C=  47 Safe=92.92% SAI=1.000 Jain=1.000 PeakMF=0.563
[Ep  2050 | Step   984,000/2,000,000 | 315 sps] R=-9192.1 C=  53 Safe=93.96% SAI=1.000 Jain=1.000 PeakMF=0.563
[Ep  2100 | Step 1,008,000/2,000,000 | 315 sps] R=-9157.1 C=  46 Safe=93.96% SAI=1.000 Jain=1.000 PeakMF=0.563
[Ep  2150 | Step 1,032,000/2,000,000 | 315 sps] R=-9167.3 C=  48 Safe=94.17% SAI=1.000 Jain=1.000 PeakMF=0.563
[Ep  2200 | Step 1,056,000/2,000,000 | 315 sps] R=-9097.2 C=  34 Safe=94.79% SAI=1.000 Jain=1.000 PeakMF=0.563
[Ep  2250 | Step 1,080,000/2,000,000 | 315 sps] R=-9072.2 C=  29 Safe=95.83% SAI=1.000 Jain=1.000 PeakMF=0.563
[Ep  2300 | Step 1,104,000/2,000,000 | 315 sps] R=-9182.3 C=  51 Safe=92.92% SAI=1.000 Jain=1.000 PeakMF=0.563
[Ep  2350 | Step 1,128,000/2,000,000 | 315 sps] R=-9097.1 C=  34 Safe=95.21% SAI=1.000 Jain=1.000 PeakMF=0.563
[Ep  2400 | Step 1,152,000/2,000,000 | 315 sps] R=-9137.1 C=  42 Safe=94.58% SAI=1.000 Jain=1.000 PeakMF=0.563
[Ep  2450 | Step 1,176,000/2,000,000 | 315 sps] R=-9137.2 C=  42 Safe=95.42% SAI=1.000 Jain=1.000 PeakMF=0.563
[Ep  2500 | Step 1,200,000/2,000,000 | 315 sps] R=-9119.8 C=  37 Safe=95.21% SAI=1.000 Jain=1.000 PeakMF=0.563
[Ep  2550 | Step 1,224,000/2,000,000 | 315 sps] R=-9147.1 C=  44 Safe=95.62% SAI=1.000 Jain=1.000 PeakMF=0.563
[Ep  2600 | Step 1,248,000/2,000,000 | 315 sps] R=-9122.1 C=  39 Safe=95.21% SAI=1.000 Jain=1.000 PeakMF=0.563
[Ep  2650 | Step 1,272,000/2,000,000 | 315 sps] R=-9026.8 C=  14 Safe=97.29% SAI=1.000 Jain=1.000 PeakMF=0.563
[Ep  2700 | Step 1,296,000/2,000,000 | 315 sps] R=-8981.9 C=  11 Safe=98.33% SAI=1.000 Jain=1.000 PeakMF=0.563
[Ep  2750 | Step 1,320,000/2,000,000 | 315 sps] R=-9011.5 C=   8 Safe=98.75% SAI=1.000 Jain=1.000 PeakMF=0.563
[Ep  2800 | Step 1,344,000/2,000,000 | 315 sps] R=-8991.5 C=   4 Safe=99.17% SAI=1.000 Jain=1.000 PeakMF=0.563
[Ep  2850 | Step 1,368,000/2,000,000 | 315 sps] R=-8976.5 C=   1 Safe=99.79% SAI=1.000 Jain=1.000 PeakMF=0.563Using device: cuda
Path G: loading pre-computed profiles from /root/hcmarl_project/config/pathg_profiles.json
Generating demonstrations from calibrated profiles (Eq 35 controller)...
  Generated 102 demonstrations from 34 workers
  HELDOUT_NLL model selection for K:
    K=1: heldout_nll=617.5885
    K=2: heldout_nll=601.5789
    K=3: heldout_nll=2524068.7500
    K=4: heldout_nll=241.7762
    K=5: heldout_nll=7382.7100
  Selected K=4 (lowest heldout_nll=241.7762)

--- MMICRL Type Discovery Results ---
  Demonstrations: 102
  Types discovered: 4
  Type proportions: ['0.39', '0.07', '0.49', '0.05']
  Mutual information I(tau;z): 0.0000
  Objective value: 0.0000
  Learned thresholds per type (raw):
    Type 0: {shoulder: 0.286}
    Type 1: {shoulder: 0.212}
    Type 2: {shoulder: 0.195}
    Type 3: {shoulder: 0.235}
  WARNING: MI (0.0000) < 0.01 -- latent types are behaviorally indistinguishable on this demo set. Effective per-worker theta will fall back to config floors (no MMICRL contribution). Consider multi-muscle demos or lambda1 tuning to restore discrimination.
  Results saved to logs/ablation_no_ecbf/seed_7/mmicrl/mmicrl_results.json
Using MMICRL-learned thresholds for 6 workers (4 types, rescaled into [floor,1]; floors: {'shoulder': 0.7, 'ankle': 0.8, 'knee': 0.6, 'elbow': 0.45, 'trunk': 0.65, 'grip': 0.45})
  Effective per-worker theta_max: {'worker_0': {'shoulder': 0.7}, 'worker_1': {'shoulder': 0.7}, 'worker_2': {'shoulder': 0.7}, 'worker_3': {'shoulder': 0.7}, 'worker_4': {'shoulder': 0.7}, 'worker_5': {'shoulder': 0.7}}
============================================================
HC-MARL Training: HC-MARL (MAPPO + ECBF + NSWF)
Seed: 7 | Device: cuda | Workers: 6
Total steps: 2,000,000 | Eval every: 50,000
Checkpoint dir: checkpoints/ablation_no_ecbf/seed_7
============================================================
[Ep    50 | Step    24,000/2,000,000 | 314 sps] R=-35093.7 C=2258 Safe=20.21% SAI=1.000 Jain=1.000 PeakMF=0.703
[Ep   100 | Step    48,000/2,000,000 | 315 sps] R=-26927.2 C=2203 Safe=21.46% SAI=1.000 Jain=0.999 PeakMF=0.632
[Ep   150 | Step    72,000/2,000,000 | 315 sps] R=-15233.2 C=1424 Safe=24.58% SAI=1.000 Jain=1.000 PeakMF=0.641
[Ep   200 | Step    96,000/2,000,000 | 315 sps] R=-14457.8 C=1262 Safe=26.46% SAI=1.000 Jain=1.000 PeakMF=0.619
[Ep   250 | Step   120,000/2,000,000 | 315 sps] R=-13975.3 C=1148 Safe=31.46% SAI=1.000 Jain=1.000 PeakMF=0.613
[Ep   300 | Step   144,000/2,000,000 | 315 sps] R=-11844.1 C= 574 Safe=60.83% SAI=1.000 Jain=1.000 PeakMF=0.563
[Ep   350 | Step   168,000/2,000,000 | 315 sps] R=-9953.0 C= 130 Safe=76.88% SAI=1.000 Jain=0.999 PeakMF=0.559
[Ep   400 | Step   192,000/2,000,000 | 315 sps] R=-10475.1 C= 276 Safe=58.54% SAI=1.000 Jain=1.000 PeakMF=0.563
[Ep   450 | Step   216,000/2,000,000 | 315 sps] R=-10151.7 C= 186 Safe=70.21% SAI=1.000 Jain=1.000 PeakMF=0.580
[Ep   500 | Step   240,000/2,000,000 | 315 sps] R=-10250.5 C= 223 Safe=69.58% SAI=1.000 Jain=1.000 PeakMF=0.563
[Ep   550 | Step   264,000/2,000,000 | 315 sps] R=-9715.9 C= 110 Safe=78.96% SAI=1.000 Jain=1.000 PeakMF=0.561
[Ep   600 | Step   288,000/2,000,000 | 315 sps] R=-9484.2 C=  59 Safe=88.75% SAI=1.000 Jain=1.000 PeakMF=0.571
[Ep   650 | Step   312,000/2,000,000 | 315 sps] R=-9800.2 C= 143 Safe=77.71% SAI=1.000 Jain=1.000 PeakMF=0.563
[Ep   700 | Step   336,000/2,000,000 | 315 sps] R=-9308.9 C=  48 Safe=90.21% SAI=1.000 Jain=1.000 PeakMF=0.563
[Ep   750 | Step   360,000/2,000,000 | 315 sps] R=-9444.7 C=  87 Safe=84.17% SAI=1.000 Jain=1.000 PeakMF=0.564
[Ep   800 | Step   384,000/2,000,000 | 315 sps] R=-9232.2 C=  43 Safe=91.25% SAI=1.000 Jain=1.000 PeakMF=0.563
[Ep   850 | Step   408,000/2,000,000 | 315 sps] R=-9332.7 C=  70 Safe=86.25% SAI=1.000 Jain=1.000 PeakMF=0.563
[Ep   900 | Step   432,000/2,000,000 | 315 sps] R=-9724.0 C= 159 Safe=75.42% SAI=1.000 Jain=1.000 PeakMF=0.563
[Ep   950 | Step   456,000/2,000,000 | 315 sps] R=-9804.8 C= 175 Safe=72.71% SAI=1.000 Jain=1.000 PeakMF=0.563
[Ep  1000 | Step   480,000/2,000,000 | 315 sps] R=-9748.2 C= 162 Safe=75.42% SAI=1.000 Jain=1.000 PeakMF=0.563
[Ep  1050 | Step   504,000/2,000,000 | 315 sps] R=-9888.2 C= 192 Safe=75.83% SAI=1.000 Jain=1.000 PeakMF=0.563
[Ep  1100 | Step   528,000/2,000,000 | 315 sps] R=-9879.5 C= 189 Safe=74.38% SAI=1.000 Jain=1.000 PeakMF=0.563
[Ep  1150 | Step   552,000/2,000,000 | 315 sps] R=-10011.6 C= 214 Safe=69.17% SAI=1.000 Jain=1.000 PeakMF=0.563
[Ep  1200 | Step   576,000/2,000,000 | 315 sps] R=-10166.6 C= 245 Safe=70.42% SAI=1.000 Jain=1.000 PeakMF=0.563
[Ep  1250 | Step   600,000/2,000,000 | 315 sps] R=-10247.1 C= 261 Safe=68.12% SAI=1.000 Jain=1.000 PeakMF=0.563
[Ep  1300 | Step   624,000/2,000,000 | 315 sps] R=-10034.4 C= 218 Safe=71.46% SAI=1.000 Jain=1.000 PeakMF=0.563
[Ep  1350 | Step   648,000/2,000,000 | 315 sps] R=-10071.1 C= 225 Safe=71.67% SAI=1.000 Jain=1.000 PeakMF=0.563
[Ep  1400 | Step   672,000/2,000,000 | 315 sps] R=-10166.6 C= 243 Safe=71.46% SAI=1.000 Jain=1.000 PeakMF=0.563
[Ep  1450 | Step   696,000/2,000,000 | 315 sps] R=-9988.6 C= 210 Safe=71.88% SAI=1.000 Jain=1.000 PeakMF=0.563
[Ep  1500 | Step   720,000/2,000,000 | 315 sps] R=-10437.5 C= 304 Safe=65.42% SAI=1.000 Jain=1.000 PeakMF=0.563
[Ep  1550 | Step   744,000/2,000,000 | 315 sps] R=-10375.6 C= 289 Safe=72.92% SAI=1.000 Jain=1.000 PeakMF=0.563
[Ep  1600 | Step   768,000/2,000,000 | 315 sps] R=-10555.8 C= 328 Safe=60.62% SAI=1.000 Jain=1.000 PeakMF=0.563
[Ep  1650 | Step   792,000/2,000,000 | 315 sps] R=-10740.7 C= 364 Safe=53.12% SAI=1.000 Jain=1.000 PeakMF=0.563
[Ep  1700 | Step   816,000/2,000,000 | 315 sps] R=-11030.6 C= 423 Safe=50.00% SAI=1.000 Jain=1.000 PeakMF=0.563
[Ep  1750 | Step   840,000/2,000,000 | 315 sps] R=-11082.2 C= 435 Safe=59.38% SAI=1.000 Jain=1.000 PeakMF=0.563
[Ep  1800 | Step   864,000/2,000,000 | 315 sps] R=-11274.8 C= 467 Safe=40.21% SAI=1.000 Jain=1.000 PeakMF=0.563
[Ep  1850 | Step   888,000/2,000,000 | 315 sps] R=-11193.3 C= 455 Safe=50.21% SAI=1.000 Jain=1.000 PeakMF=0.563
[Ep  1900 | Step   912,000/2,000,000 | 315 sps] R=-11442.1 C= 501 Safe=50.42% SAI=1.000 Jain=1.000 PeakMF=0.563
[Ep  1950 | Step   936,000/2,000,000 | 315 sps] R=-11723.9 C= 561 Safe=39.38% SAI=1.000 Jain=1.000 PeakMF=0.563
[Ep  2000 | Step   960,000/2,000,000 | 315 sps] R=-11181.1 C= 444 Safe=58.54% SAI=1.000 Jain=1.000 PeakMF=0.569
[Ep  2050 | Step   984,000/2,000,000 | 315 sps] R=-11918.4 C= 595 Safe=52.50% SAI=1.000 Jain=1.000 PeakMF=0.566
[Ep  2100 | Step 1,008,000/2,000,000 | 315 sps] R=-11927.4 C= 595 Safe=38.12% SAI=1.000 Jain=1.000 PeakMF=0.576
[Ep  2150 | Step 1,032,000/2,000,000 | 315 sps] R=-11890.1 C= 592 Safe=50.83% SAI=1.000 Jain=1.000 PeakMF=0.577
[Ep  2200 | Step 1,056,000/2,000,000 | 315 sps] R=-11713.5 C= 554 Safe=36.04% SAI=1.000 Jain=1.000 PeakMF=0.563
[Ep  2250 | Step 1,080,000/2,000,000 | 315 sps] R=-12165.3 C= 649 Safe=38.96% SAI=1.000 Jain=1.000 PeakMF=0.563
[Ep  2300 | Step 1,104,000/2,000,000 | 315 sps] R=-11171.4 C= 444 Safe=54.58% SAI=1.000 Jain=1.000 PeakMF=0.563
[Ep  2350 | Step 1,128,000/2,000,000 | 315 sps] R=-10631.2 C= 341 Safe=61.88% SAI=1.000 Jain=1.000 PeakMF=0.570
[Ep  2400 | Step 1,152,000/2,000,000 | 315 sps] R=-10718.5 C= 358 Safe=57.08% SAI=1.000 Jain=1.000 PeakMF=0.575
[Ep  2450 | Step 1,176,000/2,000,000 | 315 sps] R=-10599.8 C= 335 Safe=69.17% SAI=1.000 Jain=1.000 PeakMF=0.563
[Ep  2500 | Step 1,200,000/2,000,000 | 315 sps] R=-9677.4 C= 145 Safe=81.67% SAI=1.000 Jain=1.000 PeakMF=0.563
[Ep  2550 | Step 1,224,000/2,000,000 | 315 sps] R=-9862.9 C= 186 Safe=73.75% SAI=1.000 Jain=1.000 PeakMF=0.563
[Ep  2600 | Step 1,248,000/2,000,000 | 315 sps] R=-9872.7 C= 188 Safe=76.88% SAI=1.000 Jain=1.000 PeakMF=0.563
[Ep  2650 | Step 1,272,000/2,000,000 | 315 sps] R=-9678.5 C= 150 Safe=80.42% SAI=1.000 Jain=1.000 PeakMF=0.563
[Ep  2700 | Step 1,296,000/2,000,000 | 315 sps] R=-9698.9 C= 154 Safe=80.21% SAI=1.000 Jain=1.000 PeakMF=0.563
[Ep  2750 | Step 1,320,000/2,000,000 | 315 sps] R=-9638.1 C= 142 Safe=83.33% SAI=1.000 Jain=1.000 PeakMF=0.563
[Ep  2800 | Step 1,344,000/2,000,000 | 315 sps] R=-9723.2 C= 159 Safe=82.50% SAI=1.000 Jain=1.000 PeakMF=0.563
[Ep  2850 | Step 1,368,000/2,000,000 | 315 sps] R=-9733.2 C= 161 Safe=81.67% SAI=1.000 Jain=1.000 PeakMF=0.563Using device: cuda
Path G: loading pre-computed profiles from /root/hcmarl_project/config/pathg_profiles.json
Generating demonstrations from calibrated profiles (Eq 35 controller)...
  Generated 102 demonstrations from 34 workers
  HELDOUT_NLL model selection for K:
    K=1: heldout_nll=1881107.8750
    K=2: heldout_nll=40768.6328
    K=3: heldout_nll=15921.8301
    K=4: heldout_nll=7526.2051
    K=5: heldout_nll=2008208768.0000
  Selected K=4 (lowest heldout_nll=7526.2051)

--- MMICRL Type Discovery Results ---
  Demonstrations: 102
  Types discovered: 4
  Type proportions: ['0.44', '0.13', '0.08', '0.35']
  Mutual information I(tau;z): 0.0000
  Objective value: 0.0000
  Learned thresholds per type (raw):
    Type 0: {shoulder: 0.229}
    Type 1: {shoulder: 0.308}
    Type 2: {shoulder: 0.322}
    Type 3: {shoulder: 0.195}
  WARNING: MI (0.0000) < 0.01 -- latent types are behaviorally indistinguishable on this demo set. Effective per-worker theta will fall back to config floors (no MMICRL contribution). Consider multi-muscle demos or lambda1 tuning to restore discrimination.
  Results saved to logs/ablation_no_nswf/seed_1/mmicrl/mmicrl_results.json
Using MMICRL-learned thresholds for 6 workers (4 types, rescaled into [floor,1]; floors: {'shoulder': 0.7, 'ankle': 0.8, 'knee': 0.6, 'elbow': 0.45, 'trunk': 0.65, 'grip': 0.45})
  Effective per-worker theta_max: {'worker_0': {'shoulder': 0.7}, 'worker_1': {'shoulder': 0.7}, 'worker_2': {'shoulder': 0.7}, 'worker_3': {'shoulder': 0.7}, 'worker_4': {'shoulder': 0.7}, 'worker_5': {'shoulder': 0.7}}
============================================================
HC-MARL Training: HC-MARL (MAPPO + ECBF + NSWF)
Seed: 1 | Device: cuda | Workers: 6
Total steps: 2,000,000 | Eval every: 50,000
Checkpoint dir: checkpoints/ablation_no_nswf/seed_1
============================================================
[Ep    50 | Step    24,000/2,000,000 | 313 sps] R=-6987.8 C= 685 Safe=67.08% SAI=0.427 Jain=1.000 PeakMF=0.678
[Ep   100 | Step    48,000/2,000,000 | 314 sps] R=-5549.4 C= 498 Safe=45.62% SAI=0.407 Jain=1.000 PeakMF=0.693
[Ep   150 | Step    72,000/2,000,000 | 314 sps] R=-3207.3 C= 121 Safe=79.79% SAI=0.393 Jain=1.000 PeakMF=0.682
[Ep   200 | Step    96,000/2,000,000 | 314 sps] R=-2868.7 C=  44 Safe=90.83% SAI=0.398 Jain=1.000 PeakMF=0.683
[Ep   250 | Step   120,000/2,000,000 | 315 sps] R=-2936.7 C=  85 Safe=84.17% SAI=0.391 Jain=1.000 PeakMF=0.688
[Ep   300 | Step   144,000/2,000,000 | 315 sps] R=-2781.3 C=  71 Safe=85.62% SAI=0.385 Jain=1.000 PeakMF=0.683
[Ep   350 | Step   168,000/2,000,000 | 315 sps] R=-2413.0 C=  94 Safe=84.79% SAI=0.363 Jain=1.000 PeakMF=0.684
[Ep   400 | Step   192,000/2,000,000 | 315 sps] R=-2088.2 C=  36 Safe=93.75% SAI=0.355 Jain=1.000 PeakMF=0.676
[Ep   450 | Step   216,000/2,000,000 | 314 sps] R=-1991.0 C=  57 Safe=89.38% SAI=0.348 Jain=1.000 PeakMF=0.686
[Ep   500 | Step   240,000/2,000,000 | 315 sps] R=-1934.0 C=  37 Safe=93.12% SAI=0.351 Jain=1.000 PeakMF=0.685
[Ep   550 | Step   264,000/2,000,000 | 315 sps] R=-2484.4 C= 198 Safe=73.96% SAI=0.340 Jain=1.000 PeakMF=0.689
[Ep   600 | Step   288,000/2,000,000 | 315 sps] R=-1821.3 C=  59 Safe=88.33% SAI=0.343 Jain=1.000 PeakMF=0.693
[Ep   650 | Step   312,000/2,000,000 | 315 sps] R=-1770.4 C=  69 Safe=88.96% SAI=0.338 Jain=1.000 PeakMF=0.689
[Ep   700 | Step   336,000/2,000,000 | 314 sps] R=-1511.0 C=   5 Safe=98.96% SAI=0.338 Jain=1.000 PeakMF=0.690
[Ep   750 | Step   360,000/2,000,000 | 314 sps] R=-1638.7 C=  42 Safe=92.92% SAI=0.338 Jain=1.000 PeakMF=0.691
[Ep   800 | Step   384,000/2,000,000 | 314 sps] R=-1477.0 C=  12 Safe=97.92% SAI=0.337 Jain=1.000 PeakMF=0.689
[Ep   850 | Step   408,000/2,000,000 | 315 sps] R=-1439.0 C=   4 Safe=99.17% SAI=0.337 Jain=1.000 PeakMF=0.689
[Ep   900 | Step   432,000/2,000,000 | 315 sps] R=-1459.3 C=  10 Safe=97.92% SAI=0.339 Jain=1.000 PeakMF=0.689
[Ep   950 | Step   456,000/2,000,000 | 315 sps] R=-1450.1 C=  13 Safe=97.29% SAI=0.338 Jain=1.000 PeakMF=0.689
[Ep  1000 | Step   480,000/2,000,000 | 315 sps] R=-1481.9 C=  24 Safe=95.21% SAI=0.337 Jain=1.000 PeakMF=0.692
[Ep  1050 | Step   504,000/2,000,000 | 315 sps] R=-1458.9 C=  20 Safe=97.08% SAI=0.336 Jain=1.000 PeakMF=0.692
[Ep  1100 | Step   528,000/2,000,000 | 315 sps] R=-1756.0 C=  85 Safe=85.62% SAI=0.336 Jain=1.000 PeakMF=0.693
[Ep  1150 | Step   552,000/2,000,000 | 315 sps] R=-1389.4 C=   4 Safe=99.17% SAI=0.338 Jain=1.000 PeakMF=0.692
[Ep  1200 | Step   576,000/2,000,000 | 314 sps] R=-1392.7 C=  11 Safe=98.33% SAI=0.337 Jain=1.000 PeakMF=0.693
[Ep  1250 | Step   600,000/2,000,000 | 314 sps] R=-1754.8 C=  88 Safe=86.46% SAI=0.336 Jain=1.000 PeakMF=0.694
[Ep  1300 | Step   624,000/2,000,000 | 314 sps] R=-1427.4 C=  15 Safe=97.50% SAI=0.337 Jain=1.000 PeakMF=0.692
[Ep  1350 | Step   648,000/2,000,000 | 315 sps] R=-1546.5 C=  46 Safe=93.54% SAI=0.336 Jain=1.000 PeakMF=0.693
[Ep  1400 | Step   672,000/2,000,000 | 314 sps] R=-1435.4 C=  21 Safe=96.88% SAI=0.336 Jain=1.000 PeakMF=0.695
[Ep  1450 | Step   696,000/2,000,000 | 314 sps] R=-1390.4 C=  14 Safe=97.92% SAI=0.335 Jain=1.000 PeakMF=0.694
[Ep  1500 | Step   720,000/2,000,000 | 314 sps] R=-1390.5 C=  11 Safe=98.33% SAI=0.336 Jain=1.000 PeakMF=0.693
[Ep  1550 | Step   744,000/2,000,000 | 314 sps] R=-1351.3 C=   1 Safe=99.79% SAI=0.337 Jain=1.000 PeakMF=0.693
[Ep  1600 | Step   768,000/2,000,000 | 314 sps] R=-1530.5 C=  40 Safe=92.71% SAI=0.335 Jain=1.000 PeakMF=0.694
[Ep  1650 | Step   792,000/2,000,000 | 314 sps] R=-1368.0 C=   6 Safe=99.17% SAI=0.336 Jain=1.000 PeakMF=0.695
[Ep  1700 | Step   816,000/2,000,000 | 314 sps] R=-1381.1 C=  10 Safe=98.12% SAI=0.336 Jain=1.000 PeakMF=0.696
[Ep  1750 | Step   840,000/2,000,000 | 314 sps] R=-1424.4 C=  20 Safe=97.08% SAI=0.337 Jain=1.000 PeakMF=0.695
[Ep  1800 | Step   864,000/2,000,000 | 314 sps] R=-1618.6 C=  62 Safe=91.46% SAI=0.337 Jain=1.000 PeakMF=0.697
[Ep  1850 | Step   888,000/2,000,000 | 314 sps] R=-1412.6 C=  13 Safe=98.12% SAI=0.337 Jain=1.000 PeakMF=0.694
[Ep  1900 | Step   912,000/2,000,000 | 314 sps] R=-1584.3 C=  57 Safe=90.83% SAI=0.336 Jain=1.000 PeakMF=0.697
[Ep  1950 | Step   936,000/2,000,000 | 314 sps] R=-1392.3 C=  18 Safe=97.08% SAI=0.336 Jain=1.000 PeakMF=0.696
[Ep  2000 | Step   960,000/2,000,000 | 314 sps] R=-1392.3 C=  16 Safe=97.29% SAI=0.336 Jain=1.000 PeakMF=0.696
[Ep  2050 | Step   984,000/2,000,000 | 314 sps] R=-1346.7 C=   6 Safe=99.17% SAI=0.336 Jain=1.000 PeakMF=0.696
[Ep  2100 | Step 1,008,000/2,000,000 | 314 sps] R=-1374.0 C=  12 Safe=97.92% SAI=0.337 Jain=1.000 PeakMF=0.692
[Ep  2150 | Step 1,032,000/2,000,000 | 314 sps] R=-1447.0 C=  31 Safe=95.83% SAI=0.337 Jain=1.000 PeakMF=0.694
[Ep  2200 | Step 1,056,000/2,000,000 | 314 sps] R=-1463.3 C=  34 Safe=93.75% SAI=0.336 Jain=1.000 PeakMF=0.696
[Ep  2250 | Step 1,080,000/2,000,000 | 314 sps] R=-1635.5 C=  67 Safe=90.42% SAI=0.337 Jain=1.000 PeakMF=0.695
[Ep  2300 | Step 1,104,000/2,000,000 | 314 sps] R=-1377.0 C=  14 Safe=98.12% SAI=0.337 Jain=1.000 PeakMF=0.694
[Ep  2350 | Step 1,128,000/2,000,000 | 314 sps] R=-1471.1 C=  36 Safe=95.21% SAI=0.336 Jain=1.000 PeakMF=0.696
[Ep  2400 | Step 1,152,000/2,000,000 | 314 sps] R=-1359.7 C=  11 Safe=98.33% SAI=0.336 Jain=1.000 PeakMF=0.695
[Ep  2450 | Step 1,176,000/2,000,000 | 314 sps] R=-1469.4 C=  35 Safe=94.79% SAI=0.337 Jain=1.000 PeakMF=0.692
[Ep  2500 | Step 1,200,000/2,000,000 | 314 sps] R=-1480.9 C=  33 Safe=96.04% SAI=0.337 Jain=1.000 PeakMF=0.692
[Ep  2550 | Step 1,224,000/2,000,000 | 314 sps] R=-1381.8 C=  16 Safe=97.29% SAI=0.337 Jain=1.000 PeakMF=0.694
[Ep  2600 | Step 1,248,000/2,000,000 | 314 sps] R=-1323.1 C=   2 Safe=99.58% SAI=0.337 Jain=1.000 PeakMF=0.693
[Ep  2650 | Step 1,272,000/2,000,000 | 314 sps] R=-1344.8 C=  13 Safe=97.92% SAI=0.336 Jain=1.000 PeakMF=0.696
[Ep  2700 | Step 1,296,000/2,000,000 | 314 sps] R=-1377.7 C=  19 Safe=96.88% SAI=0.337 Jain=1.000 PeakMF=0.695
[Ep  2750 | Step 1,320,000/2,000,000 | 314 sps] R=-1351.8 C=  13 Safe=97.29% SAI=0.336 Jain=1.000 PeakMF=0.696
[Ep  2800 | Step 1,344,000/2,000,000 | 314 sps] R=-1306.7 C=   4 Safe=99.17% SAI=0.337 Jain=1.000 PeakMF=0.695
[Ep  2850 | Step 1,368,000/2,000,000 | 314 sps] R=-1462.9 C=  33 Safe=95.00% SAI=0.337 Jain=1.000 PeakMF=0.695Using device: cuda
Path G: loading pre-computed profiles from /root/hcmarl_project/config/pathg_profiles.json
Generating demonstrations from calibrated profiles (Eq 35 controller)...
  Generated 102 demonstrations from 34 workers
  HELDOUT_NLL model selection for K:
    K=1: heldout_nll=3435.6345
    K=2: heldout_nll=116535.0938
    K=3: heldout_nll=-11.9318
    K=4: heldout_nll=14426030.0000
    K=5: heldout_nll=17284.2617
  Selected K=3 (lowest heldout_nll=-11.9318)

--- MMICRL Type Discovery Results ---
  Demonstrations: 102
  Types discovered: 3
  Type proportions: ['0.32', '0.33', '0.34']
  Mutual information I(tau;z): 0.0000
  Objective value: 0.0000
  Learned thresholds per type (raw):
    Type 0: {shoulder: 0.184}
    Type 1: {shoulder: 0.293}
    Type 2: {shoulder: 0.241}
  WARNING: MI (0.0000) < 0.01 -- latent types are behaviorally indistinguishable on this demo set. Effective per-worker theta will fall back to config floors (no MMICRL contribution). Consider multi-muscle demos or lambda1 tuning to restore discrimination.
  Results saved to logs/ablation_no_ecbf/seed_6/mmicrl/mmicrl_results.json
Using MMICRL-learned thresholds for 6 workers (3 types, rescaled into [floor,1]; floors: {'shoulder': 0.7, 'ankle': 0.8, 'knee': 0.6, 'elbow': 0.45, 'trunk': 0.65, 'grip': 0.45})
  Effective per-worker theta_max: {'worker_0': {'shoulder': 0.7}, 'worker_1': {'shoulder': 0.7}, 'worker_2': {'shoulder': 0.7}, 'worker_3': {'shoulder': 0.7}, 'worker_4': {'shoulder': 0.7}, 'worker_5': {'shoulder': 0.7}}
============================================================
HC-MARL Training: HC-MARL (MAPPO + ECBF + NSWF)
Seed: 6 | Device: cuda | Workers: 6
Total steps: 2,000,000 | Eval every: 50,000
Checkpoint dir: checkpoints/ablation_no_ecbf/seed_6
============================================================
[Ep    50 | Step    24,000/2,000,000 | 317 sps] R=-35405.7 C=2257 Safe=20.21% SAI=1.000 Jain=1.000 PeakMF=0.694
[Ep   100 | Step    48,000/2,000,000 | 316 sps] R=-25527.6 C=2177 Safe=21.46% SAI=1.000 Jain=1.000 PeakMF=0.637
[Ep   150 | Step    72,000/2,000,000 | 315 sps] R=-16142.5 C=1773 Safe=20.62% SAI=1.000 Jain=1.000 PeakMF=0.595
[Ep   200 | Step    96,000/2,000,000 | 315 sps] R=-16473.8 C=1612 Safe=20.83% SAI=1.000 Jain=1.000 PeakMF=0.637
[Ep   250 | Step   120,000/2,000,000 | 315 sps] R=-15228.1 C=1424 Safe=25.21% SAI=1.000 Jain=1.000 PeakMF=0.625
[Ep   300 | Step   144,000/2,000,000 | 315 sps] R=-13348.4 C= 946 Safe=40.42% SAI=1.000 Jain=1.000 PeakMF=0.596
[Ep   350 | Step   168,000/2,000,000 | 315 sps] R=-11805.3 C= 609 Safe=53.54% SAI=1.000 Jain=1.000 PeakMF=0.579
[Ep   400 | Step   192,000/2,000,000 | 315 sps] R=-10938.2 C= 399 Safe=65.62% SAI=1.000 Jain=1.000 PeakMF=0.579
[Ep   450 | Step   216,000/2,000,000 | 315 sps] R=-11193.3 C= 435 Safe=60.42% SAI=1.000 Jain=1.000 PeakMF=0.578
[Ep   500 | Step   240,000/2,000,000 | 315 sps] R=-10083.5 C= 173 Safe=76.88% SAI=1.000 Jain=1.000 PeakMF=0.571
[Ep   550 | Step   264,000/2,000,000 | 315 sps] R=-9986.1 C= 174 Safe=72.08% SAI=1.000 Jain=1.000 PeakMF=0.572
[Ep   600 | Step   288,000/2,000,000 | 315 sps] R=-9905.1 C= 165 Safe=71.46% SAI=1.000 Jain=1.000 PeakMF=0.563
[Ep   650 | Step   312,000/2,000,000 | 315 sps] R=-9500.2 C=  86 Safe=83.54% SAI=1.000 Jain=1.000 PeakMF=0.570
[Ep   700 | Step   336,000/2,000,000 | 315 sps] R=-9673.8 C= 138 Safe=75.21% SAI=1.000 Jain=1.000 PeakMF=0.564
[Ep   750 | Step   360,000/2,000,000 | 315 sps] R=-9167.8 C=  33 Safe=93.33% SAI=1.000 Jain=1.000 PeakMF=0.563
[Ep   800 | Step   384,000/2,000,000 | 315 sps] R=-9157.1 C=  32 Safe=93.54% SAI=1.000 Jain=1.000 PeakMF=0.566
[Ep   850 | Step   408,000/2,000,000 | 315 sps] R=-9229.2 C=  51 Safe=92.08% SAI=1.000 Jain=1.000 PeakMF=0.563
[Ep   900 | Step   432,000/2,000,000 | 315 sps] R=-9041.3 C=  11 Safe=97.71% SAI=1.000 Jain=1.000 PeakMF=0.563
[Ep   950 | Step   456,000/2,000,000 | 315 sps] R=-9044.4 C=   9 Safe=98.12% SAI=1.000 Jain=1.000 PeakMF=0.563
[Ep  1000 | Step   480,000/2,000,000 | 315 sps] R=-9068.8 C=  18 Safe=96.67% SAI=1.000 Jain=1.000 PeakMF=0.563
[Ep  1050 | Step   504,000/2,000,000 | 315 sps] R=-9025.2 C=  11 Safe=97.92% SAI=1.000 Jain=1.000 PeakMF=0.563
[Ep  1100 | Step   528,000/2,000,000 | 315 sps] R=-9047.0 C=  15 Safe=96.88% SAI=1.000 Jain=1.000 PeakMF=0.563
[Ep  1150 | Step   552,000/2,000,000 | 315 sps] R=-9011.0 C=   8 Safe=98.54% SAI=1.000 Jain=1.000 PeakMF=0.563
[Ep  1200 | Step   576,000/2,000,000 | 315 sps] R=-9061.3 C=  18 Safe=96.25% SAI=1.000 Jain=1.000 PeakMF=0.563
[Ep  1250 | Step   600,000/2,000,000 | 315 sps] R=-9071.8 C=  20 Safe=96.46% SAI=1.000 Jain=1.000 PeakMF=0.563
[Ep  1300 | Step   624,000/2,000,000 | 315 sps] R=-9061.4 C=  18 Safe=97.08% SAI=1.000 Jain=1.000 PeakMF=0.563
[Ep  1350 | Step   648,000/2,000,000 | 315 sps] R=-9146.6 C=  38 Safe=94.79% SAI=1.000 Jain=1.000 PeakMF=0.563
[Ep  1400 | Step   672,000/2,000,000 | 315 sps] R=-9129.3 C=  36 Safe=94.17% SAI=1.000 Jain=1.000 PeakMF=0.563
[Ep  1450 | Step   696,000/2,000,000 | 315 sps] R=-9121.5 C=  33 Safe=94.58% SAI=1.000 Jain=1.000 PeakMF=0.563
[Ep  1500 | Step   720,000/2,000,000 | 315 sps] R=-9174.1 C=  48 Safe=93.96% SAI=1.000 Jain=1.000 PeakMF=0.563
[Ep  1550 | Step   744,000/2,000,000 | 315 sps] R=-9221.7 C=  59 Safe=91.46% SAI=1.000 Jain=1.000 PeakMF=0.563
[Ep  1600 | Step   768,000/2,000,000 | 315 sps] R=-9174.3 C=  45 Safe=94.38% SAI=1.000 Jain=1.000 PeakMF=0.563
[Ep  1650 | Step   792,000/2,000,000 | 315 sps] R=-9116.6 C=  38 Safe=94.79% SAI=1.000 Jain=1.000 PeakMF=0.563
[Ep  1700 | Step   816,000/2,000,000 | 315 sps] R=-9129.5 C=  39 Safe=93.96% SAI=1.000 Jain=1.000 PeakMF=0.563
[Ep  1750 | Step   840,000/2,000,000 | 315 sps] R=-9119.3 C=  37 Safe=95.42% SAI=1.000 Jain=1.000 PeakMF=0.563
[Ep  1800 | Step   864,000/2,000,000 | 315 sps] R=-9157.1 C=  46 Safe=94.17% SAI=1.000 Jain=1.000 PeakMF=0.563
[Ep  1850 | Step   888,000/2,000,000 | 315 sps] R=-9247.1 C=  64 Safe=92.71% SAI=1.000 Jain=1.000 PeakMF=0.563
[Ep  1900 | Step   912,000/2,000,000 | 315 sps] R=-9036.3 C=  13 Safe=97.71% SAI=1.000 Jain=1.000 PeakMF=0.563
[Ep  1950 | Step   936,000/2,000,000 | 315 sps] R=-9109.3 C=  32 Safe=94.38% SAI=1.000 Jain=1.000 PeakMF=0.563
[Ep  2000 | Step   960,000/2,000,000 | 315 sps] R=-9162.1 C=  47 Safe=93.54% SAI=1.000 Jain=1.000 PeakMF=0.563
[Ep  2050 | Step   984,000/2,000,000 | 315 sps] R=-9167.2 C=  48 Safe=93.33% SAI=1.000 Jain=1.000 PeakMF=0.563
[Ep  2100 | Step 1,008,000/2,000,000 | 315 sps] R=-9137.0 C=  42 Safe=94.58% SAI=1.000 Jain=1.000 PeakMF=0.563
[Ep  2150 | Step 1,032,000/2,000,000 | 315 sps] R=-9172.2 C=  49 Safe=94.17% SAI=1.000 Jain=1.000 PeakMF=0.563
[Ep  2200 | Step 1,056,000/2,000,000 | 315 sps] R=-9157.0 C=  46 Safe=94.17% SAI=1.000 Jain=1.000 PeakMF=0.563
[Ep  2250 | Step 1,080,000/2,000,000 | 315 sps] R=-9127.0 C=  40 Safe=95.42% SAI=1.000 Jain=1.000 PeakMF=0.563
[Ep  2300 | Step 1,104,000/2,000,000 | 315 sps] R=-9097.0 C=  34 Safe=95.21% SAI=1.000 Jain=1.000 PeakMF=0.563
[Ep  2350 | Step 1,128,000/2,000,000 | 315 sps] R=-9147.0 C=  44 Safe=95.42% SAI=1.000 Jain=1.000 PeakMF=0.563
[Ep  2400 | Step 1,152,000/2,000,000 | 315 sps] R=-9107.0 C=  36 Safe=96.25% SAI=1.000 Jain=1.000 PeakMF=0.563
[Ep  2450 | Step 1,176,000/2,000,000 | 315 sps] R=-9147.1 C=  44 Safe=94.79% SAI=1.000 Jain=1.000 PeakMF=0.563
[Ep  2500 | Step 1,200,000/2,000,000 | 315 sps] R=-9117.0 C=  38 Safe=96.25% SAI=1.000 Jain=1.000 PeakMF=0.563
[Ep  2550 | Step 1,224,000/2,000,000 | 315 sps] R=-9127.0 C=  40 Safe=96.67% SAI=1.000 Jain=1.000 PeakMF=0.563
[Ep  2600 | Step 1,248,000/2,000,000 | 315 sps] R=-9097.0 C=  34 Safe=96.04% SAI=1.000 Jain=1.000 PeakMF=0.563
[Ep  2650 | Step 1,272,000/2,000,000 | 315 sps] R=-9126.9 C=  40 Safe=96.25% SAI=1.000 Jain=1.000 PeakMF=0.563
[Ep  2700 | Step 1,296,000/2,000,000 | 315 sps] R=-9131.9 C=  41 Safe=96.46% SAI=1.000 Jain=1.000 PeakMF=0.563
[Ep  2750 | Step 1,320,000/2,000,000 | 315 sps] R=-9097.1 C=  34 Safe=95.62% SAI=1.000 Jain=1.000 PeakMF=0.563
[Ep  2800 | Step 1,344,000/2,000,000 | 315 sps] R=-9077.0 C=  30 Safe=96.25% SAI=1.000 Jain=1.000 PeakMF=0.563
[Ep  2850 | Step 1,368,000/2,000,000 | 315 sps] R=-9102.1 C=  35 Safe=96.25% SAI=1.000 Jain=1.000 PeakMF=0.563
[Ep  2900 | Step 1,392,000/2,000,000 | 315 sps] R=-9102.0 C=  35 Safe=96.46% SAI=1.000 Jain=1.000 PeakMF=0.563Using device: cuda
Path G: loading pre-computed profiles from /root/hcmarl_project/config/pathg_profiles.json
Generating demonstrations from calibrated profiles (Eq 35 controller)...
  Generated 102 demonstrations from 34 workers
  HELDOUT_NLL model selection for K:
    K=1: heldout_nll=73045.4453
    K=2: heldout_nll=130.8518
    K=3: heldout_nll=969064.4375
    K=4: heldout_nll=710.4616
    K=5: heldout_nll=88205960.0000
  Selected K=2 (lowest heldout_nll=130.8518)

--- MMICRL Type Discovery Results ---
  Demonstrations: 102
  Types discovered: 2
  Type proportions: ['0.05', '0.95']
  Mutual information I(tau;z): 0.0000
  Objective value: 0.0000
  Learned thresholds per type (raw):
    Type 0: {shoulder: 0.146}
    Type 1: {shoulder: 0.245}
  WARNING: MI (0.0000) < 0.01 -- latent types are behaviorally indistinguishable on this demo set. Effective per-worker theta will fall back to config floors (no MMICRL contribution). Consider multi-muscle demos or lambda1 tuning to restore discrimination.
  Results saved to logs/ablation_no_nswf/seed_0/mmicrl/mmicrl_results.json
Using MMICRL-learned thresholds for 6 workers (2 types, rescaled into [floor,1]; floors: {'shoulder': 0.7, 'ankle': 0.8, 'knee': 0.6, 'elbow': 0.45, 'trunk': 0.65, 'grip': 0.45})
  Effective per-worker theta_max: {'worker_0': {'shoulder': 0.7}, 'worker_1': {'shoulder': 0.7}, 'worker_2': {'shoulder': 0.7}, 'worker_3': {'shoulder': 0.7}, 'worker_4': {'shoulder': 0.7}, 'worker_5': {'shoulder': 0.7}}
============================================================
HC-MARL Training: HC-MARL (MAPPO + ECBF + NSWF)
Seed: 0 | Device: cuda | Workers: 6
Total steps: 2,000,000 | Eval every: 50,000
Checkpoint dir: checkpoints/ablation_no_nswf/seed_0
============================================================
[Ep    50 | Step    24,000/2,000,000 | 316 sps] R=-7288.8 C= 713 Safe=45.42% SAI=0.413 Jain=1.000 PeakMF=0.678
[Ep   100 | Step    48,000/2,000,000 | 316 sps] R=-3599.9 C= 130 Safe=88.54% SAI=0.410 Jain=1.000 PeakMF=0.684
[Ep   150 | Step    72,000/2,000,000 | 315 sps] R=-3126.3 C= 111 Safe=80.62% SAI=0.389 Jain=1.000 PeakMF=0.694
[Ep   200 | Step    96,000/2,000,000 | 315 sps] R=-4734.0 C= 520 Safe=46.04% SAI=0.371 Jain=1.000 PeakMF=0.694
[Ep   250 | Step   120,000/2,000,000 | 315 sps] R=-2725.3 C= 102 Safe=80.21% SAI=0.377 Jain=1.000 PeakMF=0.671
[Ep   300 | Step   144,000/2,000,000 | 315 sps] R=-2356.5 C=   6 Safe=98.75% SAI=0.380 Jain=1.000 PeakMF=0.682
[Ep   350 | Step   168,000/2,000,000 | 315 sps] R=-3461.9 C= 309 Safe=67.92% SAI=0.361 Jain=1.000 PeakMF=0.689
[Ep   400 | Step   192,000/2,000,000 | 315 sps] R=-2089.5 C=  52 Safe=90.42% SAI=0.350 Jain=1.000 PeakMF=0.684
[Ep   450 | Step   216,000/2,000,000 | 315 sps] R=-1885.8 C=  51 Safe=91.46% SAI=0.343 Jain=1.000 PeakMF=0.683
[Ep   500 | Step   240,000/2,000,000 | 315 sps] R=-1684.1 C=  18 Safe=96.88% SAI=0.346 Jain=1.000 PeakMF=0.686
[Ep   550 | Step   264,000/2,000,000 | 315 sps] R=-1984.0 C=  95 Safe=85.00% SAI=0.342 Jain=1.000 PeakMF=0.684
[Ep   600 | Step   288,000/2,000,000 | 315 sps] R=-1924.0 C=  90 Safe=86.25% SAI=0.338 Jain=1.000 PeakMF=0.687
[Ep   650 | Step   312,000/2,000,000 | 315 sps] R=-1586.1 C=  16 Safe=97.08% SAI=0.342 Jain=1.000 PeakMF=0.685
[Ep   700 | Step   336,000/2,000,000 | 315 sps] R=-1660.6 C=  37 Safe=93.12% SAI=0.339 Jain=1.000 PeakMF=0.687
[Ep   750 | Step   360,000/2,000,000 | 315 sps] R=-1560.7 C=  27 Safe=95.42% SAI=0.339 Jain=1.000 PeakMF=0.686
[Ep   800 | Step   384,000/2,000,000 | 315 sps] R=-1510.6 C=  13 Safe=97.50% SAI=0.338 Jain=1.000 PeakMF=0.687
[Ep   850 | Step   408,000/2,000,000 | 315 sps] R=-1428.7 C=   4 Safe=99.17% SAI=0.338 Jain=1.000 PeakMF=0.693
[Ep   900 | Step   432,000/2,000,000 | 315 sps] R=-1410.2 C=   5 Safe=98.96% SAI=0.336 Jain=1.000 PeakMF=0.689
[Ep   950 | Step   456,000/2,000,000 | 315 sps] R=-1437.2 C=   7 Safe=98.75% SAI=0.338 Jain=1.000 PeakMF=0.689
[Ep  1000 | Step   480,000/2,000,000 | 315 sps] R=-1430.3 C=  13 Safe=97.50% SAI=0.338 Jain=1.000 PeakMF=0.694
[Ep  1050 | Step   504,000/2,000,000 | 315 sps] R=-1579.4 C=  44 Safe=93.54% SAI=0.337 Jain=1.000 PeakMF=0.692
[Ep  1100 | Step   528,000/2,000,000 | 315 sps] R=-1482.3 C=  29 Safe=95.83% SAI=0.337 Jain=1.000 PeakMF=0.694
[Ep  1150 | Step   552,000/2,000,000 | 315 sps] R=-1646.4 C=  64 Safe=90.00% SAI=0.336 Jain=1.000 PeakMF=0.695
[Ep  1200 | Step   576,000/2,000,000 | 315 sps] R=-1536.0 C=  39 Safe=95.00% SAI=0.337 Jain=1.000 PeakMF=0.693
[Ep  1250 | Step   600,000/2,000,000 | 315 sps] R=-1459.7 C=  22 Safe=96.88% SAI=0.337 Jain=1.000 PeakMF=0.693
[Ep  1300 | Step   624,000/2,000,000 | 315 sps] R=-1437.3 C=  19 Safe=97.29% SAI=0.337 Jain=1.000 PeakMF=0.693
[Ep  1350 | Step   648,000/2,000,000 | 315 sps] R=-1404.4 C=  10 Safe=98.33% SAI=0.337 Jain=1.000 PeakMF=0.695
[Ep  1400 | Step   672,000/2,000,000 | 315 sps] R=-1383.0 C=   4 Safe=99.17% SAI=0.337 Jain=1.000 PeakMF=0.693
[Ep  1450 | Step   696,000/2,000,000 | 315 sps] R=-1460.6 C=  25 Safe=95.83% SAI=0.336 Jain=1.000 PeakMF=0.692
[Ep  1500 | Step   720,000/2,000,000 | 315 sps] R=-1549.8 C=  45 Safe=91.67% SAI=0.337 Jain=1.000 PeakMF=0.694
[Ep  1550 | Step   744,000/2,000,000 | 315 sps] R=-1541.9 C=  42 Safe=93.54% SAI=0.336 Jain=1.000 PeakMF=0.693
[Ep  1600 | Step   768,000/2,000,000 | 315 sps] R=-1401.8 C=  14 Safe=97.71% SAI=0.337 Jain=1.000 PeakMF=0.694
[Ep  1650 | Step   792,000/2,000,000 | 315 sps] R=-1384.0 C=  10 Safe=98.54% SAI=0.337 Jain=1.000 PeakMF=0.691
[Ep  1700 | Step   816,000/2,000,000 | 315 sps] R=-1359.2 C=   9 Safe=98.54% SAI=0.336 Jain=1.000 PeakMF=0.695
[Ep  1750 | Step   840,000/2,000,000 | 315 sps] R=-1429.0 C=  20 Safe=97.29% SAI=0.337 Jain=1.000 PeakMF=0.693
[Ep  1800 | Step   864,000/2,000,000 | 315 sps] R=-1725.6 C=  84 Safe=88.12% SAI=0.337 Jain=1.000 PeakMF=0.696
[Ep  1850 | Step   888,000/2,000,000 | 315 sps] R=-1400.5 C=  16 Safe=97.92% SAI=0.338 Jain=1.000 PeakMF=0.695
[Ep  1900 | Step   912,000/2,000,000 | 315 sps] R=-1618.1 C=  62 Safe=92.71% SAI=0.336 Jain=1.000 PeakMF=0.694
[Ep  1950 | Step   936,000/2,000,000 | 315 sps] R=-1389.6 C=  16 Safe=97.29% SAI=0.336 Jain=1.000 PeakMF=0.695
[Ep  2000 | Step   960,000/2,000,000 | 315 sps] R=-1385.6 C=  14 Safe=97.50% SAI=0.336 Jain=1.000 PeakMF=0.693
[Ep  2050 | Step   984,000/2,000,000 | 315 sps] R=-1467.4 C=  31 Safe=96.67% SAI=0.337 Jain=1.000 PeakMF=0.695
[Ep  2100 | Step 1,008,000/2,000,000 | 315 sps] R=-1609.0 C=  61 Safe=89.38% SAI=0.336 Jain=1.000 PeakMF=0.696
[Ep  2150 | Step 1,032,000/2,000,000 | 315 sps] R=-1422.9 C=  21 Safe=97.08% SAI=0.337 Jain=1.000 PeakMF=0.693
[Ep  2200 | Step 1,056,000/2,000,000 | 315 sps] R=-1485.5 C=  37 Safe=94.17% SAI=0.337 Jain=1.000 PeakMF=0.696
[Ep  2250 | Step 1,080,000/2,000,000 | 315 sps] R=-1453.4 C=  25 Safe=95.83% SAI=0.336 Jain=1.000 PeakMF=0.694
[Ep  2300 | Step 1,104,000/2,000,000 | 315 sps] R=-1356.9 C=   5 Safe=99.17% SAI=0.337 Jain=1.000 PeakMF=0.694
[Ep  2350 | Step 1,128,000/2,000,000 | 315 sps] R=-1443.7 C=  25 Safe=96.25% SAI=0.336 Jain=1.000 PeakMF=0.695
[Ep  2400 | Step 1,152,000/2,000,000 | 315 sps] R=-1408.7 C=  19 Safe=97.08% SAI=0.337 Jain=1.000 PeakMF=0.694
[Ep  2450 | Step 1,176,000/2,000,000 | 315 sps] R=-1444.6 C=  30 Safe=95.42% SAI=0.336 Jain=1.000 PeakMF=0.696
[Ep  2500 | Step 1,200,000/2,000,000 | 315 sps] R=-1520.6 C=  47 Safe=93.54% SAI=0.336 Jain=1.000 PeakMF=0.697
[Ep  2550 | Step 1,224,000/2,000,000 | 315 sps] R=-1362.2 C=  11 Safe=98.12% SAI=0.337 Jain=1.000 PeakMF=0.695
[Ep  2600 | Step 1,248,000/2,000,000 | 315 sps] R=-1512.5 C=  39 Safe=95.42% SAI=0.338 Jain=1.000 PeakMF=0.690
[Ep  2650 | Step 1,272,000/2,000,000 | 315 sps] R=-1339.1 C=   6 Safe=98.96% SAI=0.337 Jain=1.000 PeakMF=0.695
[Ep  2700 | Step 1,296,000/2,000,000 | 315 sps] R=-1325.9 C=   2 Safe=99.58% SAI=0.337 Jain=1.000 PeakMF=0.693
[Ep  2750 | Step 1,320,000/2,000,000 | 315 sps] R=-1423.0 C=  27 Safe=94.38% SAI=0.336 Jain=1.000 PeakMF=0.695
[Ep  2800 | Step 1,344,000/2,000,000 | 315 sps] R=-1431.1 C=  26 Safe=96.88% SAI=0.337 Jain=1.000 PeakMF=0.696
[Ep  2850 | Step 1,368,000/2,000,000 | 315 sps] R=-1379.0 C=  17 Safe=97.29% SAI=0.337 Jain=1.000 PeakMF=0.692
[Ep  2900 | Step 1,392,000/2,000,000 | 315 sps] R=-1379.2 C=  19 Safe=96.67% SAI=0.337 Jain=1.000 PeakMF=0.696Using device: cuda
Path G: loading pre-computed profiles from /root/hcmarl_project/config/pathg_profiles.json
Generating demonstrations from calibrated profiles (Eq 35 controller)...
  Generated 102 demonstrations from 34 workers
  HELDOUT_NLL model selection for K:
    K=1: heldout_nll=66240.1016
    K=2: heldout_nll=119624393818112.0000
    K=3: heldout_nll=15381214.0000
    K=4: heldout_nll=1828.3118
    K=5: heldout_nll=15538764906496.0000
  Selected K=4 (lowest heldout_nll=1828.3118)

--- MMICRL Type Discovery Results ---
  Demonstrations: 102
  Types discovered: 4
  Type proportions: ['0.35', '0.31', '0.14', '0.20']
  Mutual information I(tau;z): 0.8984
  Objective value: 0.8984
  Learned thresholds per type (raw):
    Type 0: {shoulder: 0.294}
    Type 1: {shoulder: 0.235}
    Type 2: {shoulder: 0.218}
    Type 3: {shoulder: 0.154}
  Results saved to logs/ablation_no_ecbf/seed_8/mmicrl/mmicrl_results.json
Using MMICRL-learned thresholds for 6 workers (4 types, rescaled into [floor,1]; floors: {'shoulder': 0.7, 'ankle': 0.8, 'knee': 0.6, 'elbow': 0.45, 'trunk': 0.65, 'grip': 0.45})
  Effective per-worker theta_max: {'worker_0': {'shoulder': 0.999}, 'worker_1': {'shoulder': 0.999}, 'worker_2': {'shoulder': 0.8726179322409156}, 'worker_3': {'shoulder': 0.8726179322409156}, 'worker_4': {'shoulder': 0.8366321754251997}, 'worker_5': {'shoulder': 0.7}}
============================================================
HC-MARL Training: HC-MARL (MAPPO + ECBF + NSWF)
Seed: 8 | Device: cuda | Workers: 6
Total steps: 2,000,000 | Eval every: 50,000
Checkpoint dir: checkpoints/ablation_no_ecbf/seed_8
============================================================
[Ep    50 | Step    24,000/2,000,000 | 316 sps] R=-35664.0 C=2271 Safe=20.21% SAI=1.000 Jain=1.000 PeakMF=0.708
[Ep   100 | Step    48,000/2,000,000 | 315 sps] R=-36032.6 C=2235 Safe=21.46% SAI=1.000 Jain=1.000 PeakMF=0.685
[Ep   150 | Step    72,000/2,000,000 | 315 sps] R=-34730.5 C=2251 Safe=20.62% SAI=1.000 Jain=1.000 PeakMF=0.688
[Ep   200 | Step    96,000/2,000,000 | 315 sps] R=-29773.4 C=2240 Safe=20.21% SAI=1.000 Jain=1.000 PeakMF=0.648
[Ep   250 | Step   120,000/2,000,000 | 315 sps] R=-16993.5 C=1740 Safe=22.08% SAI=1.000 Jain=1.000 PeakMF=0.633
[Ep   300 | Step   144,000/2,000,000 | 315 sps] R=-12666.4 C= 805 Safe=52.92% SAI=1.000 Jain=1.000 PeakMF=0.584
[Ep   350 | Step   168,000/2,000,000 | 315 sps] R=-11105.1 C= 406 Safe=51.88% SAI=1.000 Jain=1.000 PeakMF=0.576
[Ep   400 | Step   192,000/2,000,000 | 315 sps] R=-9735.1 C=  98 Safe=82.29% SAI=1.000 Jain=1.000 PeakMF=0.540
[Ep   450 | Step   216,000/2,000,000 | 315 sps] R=-10074.0 C= 180 Safe=68.96% SAI=1.000 Jain=1.000 PeakMF=0.563
[Ep   500 | Step   240,000/2,000,000 | 315 sps] R=-9506.8 C=  48 Safe=90.83% SAI=1.000 Jain=1.000 PeakMF=0.573
[Ep   550 | Step   264,000/2,000,000 | 315 sps] R=-9804.0 C= 132 Safe=77.50% SAI=1.000 Jain=1.000 PeakMF=0.570
[Ep   600 | Step   288,000/2,000,000 | 315 sps] R=-9711.0 C= 121 Safe=78.75% SAI=1.000 Jain=1.000 PeakMF=0.570
[Ep   650 | Step   312,000/2,000,000 | 315 sps] R=-9299.1 C=  39 Safe=92.29% SAI=1.000 Jain=1.000 PeakMF=0.570
[Ep   700 | Step   336,000/2,000,000 | 315 sps] R=-9323.6 C=  60 Safe=88.96% SAI=1.000 Jain=1.000 PeakMF=0.570
[Ep   750 | Step   360,000/2,000,000 | 315 sps] R=-9698.4 C= 143 Safe=73.75% SAI=1.000 Jain=1.000 PeakMF=0.563
[Ep   800 | Step   384,000/2,000,000 | 315 sps] R=-9690.7 C= 148 Safe=73.54% SAI=1.000 Jain=1.000 PeakMF=0.570
[Ep   850 | Step   408,000/2,000,000 | 315 sps] R=-9935.5 C= 195 Safe=67.92% SAI=1.000 Jain=1.000 PeakMF=0.563
[Ep   900 | Step   432,000/2,000,000 | 315 sps] R=-9223.9 C=  48 Safe=90.21% SAI=1.000 Jain=1.000 PeakMF=0.563
[Ep   950 | Step   456,000/2,000,000 | 315 sps] R=-9556.5 C= 121 Safe=78.12% SAI=1.000 Jain=1.000 PeakMF=0.563
[Ep  1000 | Step   480,000/2,000,000 | 315 sps] R=-9483.6 C= 105 Safe=80.42% SAI=1.000 Jain=1.000 PeakMF=0.563
[Ep  1050 | Step   504,000/2,000,000 | 315 sps] R=-9555.2 C= 120 Safe=78.12% SAI=1.000 Jain=1.000 PeakMF=0.563
[Ep  1100 | Step   528,000/2,000,000 | 315 sps] R=-9690.6 C= 149 Safe=73.96% SAI=1.000 Jain=1.000 PeakMF=0.563
[Ep  1150 | Step   552,000/2,000,000 | 315 sps] R=-9537.5 C= 117 Safe=82.08% SAI=1.000 Jain=1.000 PeakMF=0.563
[Ep  1200 | Step   576,000/2,000,000 | 315 sps] R=-9561.0 C= 122 Safe=82.92% SAI=1.000 Jain=1.000 PeakMF=0.563
[Ep  1250 | Step   600,000/2,000,000 | 315 sps] R=-9706.8 C= 152 Safe=78.12% SAI=1.000 Jain=1.000 PeakMF=0.563
[Ep  1300 | Step   624,000/2,000,000 | 315 sps] R=-9991.8 C= 209 Safe=76.88% SAI=1.000 Jain=1.000 PeakMF=0.563
[Ep  1350 | Step   648,000/2,000,000 | 315 sps] R=-9846.8 C= 179 Safe=75.00% SAI=1.000 Jain=1.000 PeakMF=0.563
[Ep  1400 | Step   672,000/2,000,000 | 315 sps] R=-9969.8 C= 205 Safe=68.33% SAI=1.000 Jain=1.000 PeakMF=0.563
[Ep  1450 | Step   696,000/2,000,000 | 315 sps] R=-10212.3 C= 256 Safe=59.79% SAI=1.000 Jain=1.000 PeakMF=0.563
[Ep  1500 | Step   720,000/2,000,000 | 315 sps] R=-10000.4 C= 213 Safe=71.88% SAI=1.000 Jain=1.000 PeakMF=0.563
[Ep  1550 | Step   744,000/2,000,000 | 315 sps] R=-10198.3 C= 253 Safe=68.33% SAI=1.000 Jain=1.000 PeakMF=0.563
[Ep  1600 | Step   768,000/2,000,000 | 315 sps] R=-10017.6 C= 215 Safe=73.12% SAI=1.000 Jain=1.000 PeakMF=0.563
[Ep  1650 | Step   792,000/2,000,000 | 315 sps] R=-10377.2 C= 288 Safe=68.54% SAI=1.000 Jain=1.000 PeakMF=0.563
[Ep  1700 | Step   816,000/2,000,000 | 315 sps] R=-10519.1 C= 321 Safe=63.12% SAI=1.000 Jain=1.000 PeakMF=0.563
[Ep  1750 | Step   840,000/2,000,000 | 315 sps] R=-10412.2 C= 298 Safe=62.71% SAI=1.000 Jain=1.000 PeakMF=0.563
[Ep  1800 | Step   864,000/2,000,000 | 315 sps] R=-10536.4 C= 324 Safe=67.08% SAI=1.000 Jain=1.000 PeakMF=0.563
[Ep  1850 | Step   888,000/2,000,000 | 315 sps] R=-10592.3 C= 337 Safe=58.54% SAI=1.000 Jain=1.000 PeakMF=0.563
[Ep  1900 | Step   912,000/2,000,000 | 315 sps] R=-10711.0 C= 362 Safe=61.88% SAI=1.000 Jain=1.000 PeakMF=0.563
[Ep  1950 | Step   936,000/2,000,000 | 315 sps] R=-10797.8 C= 377 Safe=63.54% SAI=1.000 Jain=1.000 PeakMF=0.563
[Ep  2000 | Step   960,000/2,000,000 | 315 sps] R=-11051.7 C= 426 Safe=66.46% SAI=1.000 Jain=1.000 PeakMF=0.563
[Ep  2050 | Step   984,000/2,000,000 | 315 sps] R=-10671.3 C= 353 Safe=66.67% SAI=1.000 Jain=1.000 PeakMF=0.563
[Ep  2100 | Step 1,008,000/2,000,000 | 315 sps] R=-10537.4 C= 322 Safe=62.08% SAI=1.000 Jain=1.000 PeakMF=0.563
[Ep  2150 | Step 1,032,000/2,000,000 | 315 sps] R=-10762.3 C= 370 Safe=57.92% SAI=1.000 Jain=1.000 PeakMF=0.563
[Ep  2200 | Step 1,056,000/2,000,000 | 315 sps] R=-10841.7 C= 389 Safe=65.00% SAI=1.000 Jain=1.000 PeakMF=0.563
[Ep  2250 | Step 1,080,000/2,000,000 | 315 sps] R=-10887.0 C= 396 Safe=59.58% SAI=1.000 Jain=1.000 PeakMF=0.563
[Ep  2300 | Step 1,104,000/2,000,000 | 315 sps] R=-10444.1 C= 304 Safe=62.29% SAI=1.000 Jain=1.000 PeakMF=0.563
[Ep  2350 | Step 1,128,000/2,000,000 | 315 sps] R=-9892.5 C= 192 Safe=79.79% SAI=1.000 Jain=1.000 PeakMF=0.563
[Ep  2400 | Step 1,152,000/2,000,000 | 315 sps] R=-9895.1 C= 192 Safe=80.62% SAI=1.000 Jain=1.000 PeakMF=0.563
[Ep  2450 | Step 1,176,000/2,000,000 | 315 sps] R=-10071.0 C= 229 Safe=77.08% SAI=1.000 Jain=1.000 PeakMF=0.563
[Ep  2500 | Step 1,200,000/2,000,000 | 315 sps] R=-10149.7 C= 247 Safe=66.25% SAI=1.000 Jain=1.000 PeakMF=0.563
[Ep  2550 | Step 1,224,000/2,000,000 | 315 sps] R=-8996.8 C=   5 Safe=98.96% SAI=1.000 Jain=1.000 PeakMF=0.563
[Ep  2600 | Step 1,248,000/2,000,000 | 315 sps] R=-9031.5 C=  12 Safe=97.92% SAI=1.000 Jain=1.000 PeakMF=0.563
[Ep  2650 | Step 1,272,000/2,000,000 | 315 sps] R=-9016.4 C=   9 Safe=98.33% SAI=1.000 Jain=1.000 PeakMF=0.563
[Ep  2700 | Step 1,296,000/2,000,000 | 315 sps] R=-9179.7 C=  49 Safe=92.50% SAI=1.000 Jain=1.000 PeakMF=0.563
[Ep  2750 | Step 1,320,000/2,000,000 | 315 sps] R=-8990.8 C=   4 Safe=99.17% SAI=1.000 Jain=1.000 PeakMF=0.563
[Ep  2800 | Step 1,344,000/2,000,000 | 315 sps] R=-9026.0 C=  11 Safe=97.92% SAI=1.000 Jain=1.000 PeakMF=0.563
[Ep  2850 | Step 1,368,000/2,000,000 | 315 sps] R=-9011.5 C=   8 Safe=98.33% SAI=1.000 Jain=1.000 PeakMF=0.563
[Ep  2900 | Step 1,392,000/2,000,000 | 315 sps] R=-8996.3 C=   5 Safe=98.96% SAI=1.000 Jain=1.000 PeakMF=0.563
[Ep  2950 | Step 1,416,000/2,000,000 | 315 sps] R=-9016.4 C=   9 Safe=98.33% SAI=1.000 Jain=1.000 PeakMF=0.563
[Ep  2900 | Step 1,392,000/2,000,000 | 315 sps] R=-8986.5 C=   6 Safe=98.75% SAI=1.000 Jain=1.000 PeakMF=0.563
[Ep  2950 | Step 1,416,000/2,000,000 | 315 sps] R=-8989.3 C=   8 Safe=98.96% SAI=1.000 Jain=1.000 PeakMF=0.563
[Ep  3000 | Step 1,440,000/2,000,000 | 315 sps] R=-8986.7 C=   6 Safe=98.96% SAI=1.000 Jain=1.000 PeakMF=0.563
[Ep  3050 | Step 1,464,000/2,000,000 | 315 sps] R=-8986.9 C=  12 Safe=97.92% SAI=1.000 Jain=1.000 PeakMF=0.563
[Ep  3100 | Step 1,488,000/2,000,000 | 315 sps] R=-8961.8 C=   7 Safe=98.75% SAI=1.000 Jain=1.000 PeakMF=0.563
[Ep  3150 | Step 1,512,000/2,000,000 | 315 sps] R=-9057.2 C=  26 Safe=97.50% SAI=1.000 Jain=1.000 PeakMF=0.563
[Ep  3200 | Step 1,536,000/2,000,000 | 315 sps] R=-8971.8 C=   3 Safe=99.58% SAI=1.000 Jain=1.000 PeakMF=0.563
[Ep  3250 | Step 1,560,000/2,000,000 | 315 sps] R=-9087.1 C=  32 Safe=97.50% SAI=1.000 Jain=1.000 PeakMF=0.563
[Ep  3300 | Step 1,584,000/2,000,000 | 315 sps] R=-9022.2 C=  19 Safe=98.54% SAI=1.000 Jain=1.000 PeakMF=0.563
[Ep  3350 | Step 1,608,000/2,000,000 | 315 sps] R=-9057.1 C=  26 Safe=97.71% SAI=1.000 Jain=1.000 PeakMF=0.563
[Ep  3400 | Step 1,632,000/2,000,000 | 315 sps] R=-9036.9 C=  22 Safe=97.71% SAI=1.000 Jain=1.000 PeakMF=0.563
[Ep  3450 | Step 1,656,000/2,000,000 | 315 sps] R=-8976.7 C=   1 Safe=99.79% SAI=1.000 Jain=1.000 PeakMF=0.563
[Ep  3500 | Step 1,680,000/2,000,000 | 315 sps] R=-9062.1 C=  27 Safe=97.50% SAI=1.000 Jain=1.000 PeakMF=0.563
[Ep  3550 | Step 1,704,000/2,000,000 | 315 sps] R=-9037.2 C=  22 Safe=98.12% SAI=1.000 Jain=1.000 PeakMF=0.563
[Ep  3600 | Step 1,728,000/2,000,000 | 315 sps] R=-9102.4 C=  35 Safe=95.21% SAI=1.000 Jain=1.000 PeakMF=0.563
[Ep  3650 | Step 1,752,000/2,000,000 | 315 sps] R=-9052.3 C=  25 Safe=96.46% SAI=1.000 Jain=1.000 PeakMF=0.563
[Ep  3700 | Step 1,776,000/2,000,000 | 315 sps] R=-9027.2 C=  20 Safe=97.50% SAI=1.000 Jain=1.000 PeakMF=0.563
[Ep  3750 | Step 1,800,000/2,000,000 | 315 sps] R=-9032.1 C=  21 Safe=97.71% SAI=1.000 Jain=1.000 PeakMF=0.563
[Ep  3800 | Step 1,824,000/2,000,000 | 315 sps] R=-9032.2 C=  21 Safe=97.50% SAI=1.000 Jain=1.000 PeakMF=0.563
[Ep  3850 | Step 1,848,000/2,000,000 | 315 sps] R=-9057.2 C=  26 Safe=97.50% SAI=1.000 Jain=1.000 PeakMF=0.563
[Ep  3900 | Step 1,872,000/2,000,000 | 315 sps] R=-9037.1 C=  22 Safe=98.12% SAI=1.000 Jain=1.000 PeakMF=0.563
[Ep  3950 | Step 1,896,000/2,000,000 | 315 sps] R=-9022.1 C=  19 Safe=98.54% SAI=1.000 Jain=1.000 PeakMF=0.563
[Ep  4000 | Step 1,920,000/2,000,000 | 315 sps] R=-9087.1 C=  32 Safe=97.92% SAI=1.000 Jain=1.000 PeakMF=0.563
[Ep  4050 | Step 1,944,000/2,000,000 | 315 sps] R=-9007.3 C=  16 Safe=97.50% SAI=1.000 Jain=1.000 PeakMF=0.563
[Ep  4100 | Step 1,968,000/2,000,000 | 315 sps] R=-9032.1 C=  21 Safe=97.29% SAI=1.000 Jain=1.000 PeakMF=0.563
[Ep  4150 | Step 1,992,000/2,000,000 | 315 sps] R=-8992.1 C=  13 Safe=97.92% SAI=1.000 Jain=1.000 PeakMF=0.563

============================================================
Training complete: 4167 episodes, 2,000,160 steps
Best reward: -8931.8
Wall time: 1.76 hours
Checkpoint: checkpoints/ablation_no_ecbf/seed_9/checkpoint_final.pt
============================================================

[Ep  3000 | Step 1,440,000/2,000,000 | 315 sps] R=-9001.1 C=   6 Safe=98.96% SAI=1.000 Jain=1.000 PeakMF=0.563
[Ep  3050 | Step 1,464,000/2,000,000 | 315 sps] R=-9094.3 C=  32 Safe=95.21% SAI=1.000 Jain=1.000 PeakMF=0.563
[Ep  3100 | Step 1,488,000/2,000,000 | 315 sps] R=-8991.2 C=   4 Safe=99.17% SAI=1.000 Jain=1.000 PeakMF=0.563
[Ep  3150 | Step 1,512,000/2,000,000 | 315 sps] R=-9132.2 C=  41 Safe=94.79% SAI=1.000 Jain=1.000 PeakMF=0.563
[Ep  3200 | Step 1,536,000/2,000,000 | 315 sps] R=-9062.2 C=  27 Safe=95.62% SAI=1.000 Jain=1.000 PeakMF=0.563
[Ep  3250 | Step 1,560,000/2,000,000 | 315 sps] R=-9117.2 C=  38 Safe=96.04% SAI=1.000 Jain=1.000 PeakMF=0.563
[Ep  3300 | Step 1,584,000/2,000,000 | 315 sps] R=-9087.1 C=  32 Safe=95.62% SAI=1.000 Jain=1.000 PeakMF=0.563
[Ep  3350 | Step 1,608,000/2,000,000 | 315 sps] R=-9082.2 C=  31 Safe=96.46% SAI=1.000 Jain=1.000 PeakMF=0.563
[Ep  3400 | Step 1,632,000/2,000,000 | 315 sps] R=-9152.1 C=  45 Safe=95.00% SAI=1.000 Jain=1.000 PeakMF=0.563
[Ep  3450 | Step 1,656,000/2,000,000 | 315 sps] R=-9152.2 C=  45 Safe=94.58% SAI=1.000 Jain=1.000 PeakMF=0.563
[Ep  3500 | Step 1,680,000/2,000,000 | 315 sps] R=-9097.1 C=  34 Safe=95.83% SAI=1.000 Jain=1.000 PeakMF=0.563
[Ep  3550 | Step 1,704,000/2,000,000 | 315 sps] R=-9107.2 C=  36 Safe=94.38% SAI=1.000 Jain=1.000 PeakMF=0.563
[Ep  3600 | Step 1,728,000/2,000,000 | 315 sps] R=-9072.1 C=  29 Safe=97.08% SAI=1.000 Jain=1.000 PeakMF=0.563
[Ep  3650 | Step 1,752,000/2,000,000 | 315 sps] R=-9032.1 C=  21 Safe=96.88% SAI=1.000 Jain=1.000 PeakMF=0.563
[Ep  3700 | Step 1,776,000/2,000,000 | 315 sps] R=-9059.6 C=  25 Safe=96.25% SAI=1.000 Jain=1.000 PeakMF=0.563
[Ep  3750 | Step 1,800,000/2,000,000 | 315 sps] R=-9127.1 C=  40 Safe=96.25% SAI=1.000 Jain=1.000 PeakMF=0.563
[Ep  3800 | Step 1,824,000/2,000,000 | 315 sps] R=-9062.0 C=  27 Safe=97.08% SAI=1.000 Jain=1.000 PeakMF=0.563
[Ep  3850 | Step 1,848,000/2,000,000 | 315 sps] R=-9052.1 C=  25 Safe=97.08% SAI=1.000 Jain=1.000 PeakMF=0.563
[Ep  3900 | Step 1,872,000/2,000,000 | 315 sps] R=-9027.0 C=  20 Safe=97.50% SAI=1.000 Jain=1.000 PeakMF=0.563
[Ep  3950 | Step 1,896,000/2,000,000 | 315 sps] R=-9087.1 C=  32 Safe=95.21% SAI=1.000 Jain=1.000 PeakMF=0.563
[Ep  4000 | Step 1,920,000/2,000,000 | 315 sps] R=-9287.6 C=  72 Safe=93.12% SAI=1.000 Jain=1.000 PeakMF=0.563
[Ep  4050 | Step 1,944,000/2,000,000 | 315 sps] R=-9107.3 C=  36 Safe=94.38% SAI=1.000 Jain=1.000 PeakMF=0.563
[Ep  4100 | Step 1,968,000/2,000,000 | 315 sps] R=-9097.1 C=  34 Safe=96.46% SAI=1.000 Jain=1.000 PeakMF=0.563
[Ep  4150 | Step 1,992,000/2,000,000 | 315 sps] R=-9027.2 C=  20 Safe=97.71% SAI=1.000 Jain=1.000 PeakMF=0.563

============================================================
Training complete: 4167 episodes, 2,000,160 steps
Best reward: -8956.9
Wall time: 1.76 hours
Checkpoint: checkpoints/ablation_no_ecbf/seed_8/checkpoint_final.pt
============================================================
2026-05-05 19:52:19 | hcmarl.utils | INFO | HIGH determinism: cudnn.deterministic=True, torch.use_deterministic_algorithms(True), matmul=highest, CUBLAS_WORKSPACE_CONFIG=:4096:8 (EXP3-Part-1-equivalent reproducibility)

[Ep  2950 | Step 1,416,000/2,000,000 | 315 sps] R=-9167.0 C=  48 Safe=96.25% SAI=1.000 Jain=1.000 PeakMF=0.563
[Ep  3000 | Step 1,440,000/2,000,000 | 315 sps] R=-8996.6 C=   5 Safe=98.96% SAI=1.000 Jain=1.000 PeakMF=0.563
[Ep  3050 | Step 1,464,000/2,000,000 | 315 sps] R=-9001.8 C=  15 Safe=97.08% SAI=1.000 Jain=1.000 PeakMF=0.563
[Ep  3100 | Step 1,488,000/2,000,000 | 315 sps] R=-8981.6 C=  11 Safe=98.75% SAI=1.000 Jain=1.000 PeakMF=0.563
[Ep  3150 | Step 1,512,000/2,000,000 | 315 sps] R=-8986.4 C=   3 Safe=99.38% SAI=1.000 Jain=1.000 PeakMF=0.563
[Ep  3200 | Step 1,536,000/2,000,000 | 315 sps] R=-9032.1 C=  21 Safe=97.71% SAI=1.000 Jain=1.000 PeakMF=0.563
[Ep  3250 | Step 1,560,000/2,000,000 | 315 sps] R=-9081.9 C=  31 Safe=96.88% SAI=1.000 Jain=1.000 PeakMF=0.563
[Ep  3300 | Step 1,584,000/2,000,000 | 315 sps] R=-8956.8 C=   6 Safe=98.96% SAI=1.000 Jain=1.000 PeakMF=0.563
[Ep  3350 | Step 1,608,000/2,000,000 | 315 sps] R=-9016.7 C=   9 Safe=98.54% SAI=1.000 Jain=1.000 PeakMF=0.563
[Ep  3400 | Step 1,632,000/2,000,000 | 315 sps] R=-8979.3 C=   6 Safe=98.96% SAI=1.000 Jain=1.000 PeakMF=0.563
[Ep  3450 | Step 1,656,000/2,000,000 | 315 sps] R=-9017.1 C=  18 Safe=97.71% SAI=1.000 Jain=1.000 PeakMF=0.563
[Ep  3500 | Step 1,680,000/2,000,000 | 315 sps] R=-9062.1 C=  27 Safe=97.29% SAI=1.000 Jain=1.000 PeakMF=0.563
[Ep  3550 | Step 1,704,000/2,000,000 | 315 sps] R=-9007.1 C=  16 Safe=97.29% SAI=1.000 Jain=1.000 PeakMF=0.563
[Ep  3600 | Step 1,728,000/2,000,000 | 315 sps] R=-9087.3 C=  32 Safe=95.83% SAI=1.000 Jain=1.000 PeakMF=0.563
[Ep  3650 | Step 1,752,000/2,000,000 | 315 sps] R=-8947.0 C=   4 Safe=99.17% SAI=1.000 Jain=1.000 PeakMF=0.563
[Ep  3700 | Step 1,776,000/2,000,000 | 315 sps] R=-9047.2 C=  24 Safe=96.88% SAI=1.000 Jain=1.000 PeakMF=0.563
[Ep  3750 | Step 1,800,000/2,000,000 | 315 sps] R=-8976.4 C=   1 Safe=99.79% SAI=1.000 Jain=1.000 PeakMF=0.563
[Ep  3800 | Step 1,824,000/2,000,000 | 315 sps] R=-9157.5 C=  46 Safe=95.21% SAI=1.000 Jain=1.000 PeakMF=0.563
[Ep  3850 | Step 1,848,000/2,000,000 | 315 sps] R=-9142.4 C=  43 Safe=95.21% SAI=1.000 Jain=1.000 PeakMF=0.563
[Ep  3900 | Step 1,872,000/2,000,000 | 315 sps] R=-9107.4 C=  36 Safe=95.42% SAI=1.000 Jain=1.000 PeakMF=0.563
[Ep  3950 | Step 1,896,000/2,000,000 | 315 sps] R=-9097.4 C=  34 Safe=95.83% SAI=1.000 Jain=1.000 PeakMF=0.563
[Ep  4000 | Step 1,920,000/2,000,000 | 315 sps] R=-9142.5 C=  43 Safe=95.42% SAI=1.000 Jain=1.000 PeakMF=0.563
[Ep  4050 | Step 1,944,000/2,000,000 | 315 sps] R=-9172.5 C=  49 Safe=95.62% SAI=1.000 Jain=1.000 PeakMF=0.563
[Ep  4100 | Step 1,968,000/2,000,000 | 315 sps] R=-9142.5 C=  43 Safe=95.62% SAI=1.000 Jain=1.000 PeakMF=0.563
[Ep  4150 | Step 1,992,000/2,000,000 | 315 sps] R=-9042.3 C=  23 Safe=97.29% SAI=1.000 Jain=1.000 PeakMF=0.563

============================================================
Training complete: 4167 episodes, 2,000,160 steps
Best reward: -8931.8
Wall time: 1.76 hours
Checkpoint: checkpoints/ablation_no_ecbf/seed_6/checkpoint_final.pt
============================================================
2026-05-05 19:52:20 | hcmarl.utils | INFO | HIGH determinism: cudnn.deterministic=True, torch.use_deterministic_algorithms(True), matmul=highest, CUBLAS_WORKSPACE_CONFIG=:4096:8 (EXP3-Part-1-equivalent reproducibility)

[Ep  2900 | Step 1,392,000/2,000,000 | 315 sps] R=-9868.7 C= 188 Safe=81.04% SAI=1.000 Jain=1.000 PeakMF=0.563
[Ep  2950 | Step 1,416,000/2,000,000 | 315 sps] R=-9818.5 C= 178 Safe=80.83% SAI=1.000 Jain=1.000 PeakMF=0.563
[Ep  3000 | Step 1,440,000/2,000,000 | 315 sps] R=-9818.4 C= 178 Safe=79.79% SAI=1.000 Jain=1.000 PeakMF=0.563
[Ep  3050 | Step 1,464,000/2,000,000 | 315 sps] R=-9848.2 C= 184 Safe=76.25% SAI=1.000 Jain=1.000 PeakMF=0.563
[Ep  3100 | Step 1,488,000/2,000,000 | 315 sps] R=-9888.3 C= 192 Safe=80.83% SAI=1.000 Jain=1.000 PeakMF=0.563
[Ep  3150 | Step 1,512,000/2,000,000 | 315 sps] R=-9968.4 C= 208 Safe=81.88% SAI=1.000 Jain=1.000 PeakMF=0.563
[Ep  3200 | Step 1,536,000/2,000,000 | 315 sps] R=-9853.3 C= 185 Safe=83.54% SAI=1.000 Jain=1.000 PeakMF=0.563
[Ep  3250 | Step 1,560,000/2,000,000 | 315 sps] R=-9908.1 C= 196 Safe=79.38% SAI=1.000 Jain=1.000 PeakMF=0.563
[Ep  3300 | Step 1,584,000/2,000,000 | 315 sps] R=-9848.3 C= 184 Safe=82.08% SAI=1.000 Jain=1.000 PeakMF=0.563
[Ep  3350 | Step 1,608,000/2,000,000 | 315 sps] R=-9928.3 C= 200 Safe=81.25% SAI=1.000 Jain=1.000 PeakMF=0.563
[Ep  3400 | Step 1,632,000/2,000,000 | 315 sps] R=-9908.3 C= 196 Safe=82.50% SAI=1.000 Jain=1.000 PeakMF=0.563
[Ep  3450 | Step 1,656,000/2,000,000 | 315 sps] R=-9943.6 C= 203 Safe=81.88% SAI=1.000 Jain=1.000 PeakMF=0.563
[Ep  3500 | Step 1,680,000/2,000,000 | 315 sps] R=-9838.4 C= 182 Safe=82.08% SAI=1.000 Jain=1.000 PeakMF=0.563
[Ep  3550 | Step 1,704,000/2,000,000 | 315 sps] R=-9908.5 C= 196 Safe=83.12% SAI=1.000 Jain=1.000 PeakMF=0.563
[Ep  3600 | Step 1,728,000/2,000,000 | 315 sps] R=-9963.5 C= 207 Safe=83.75% SAI=1.000 Jain=1.000 PeakMF=0.563
[Ep  3650 | Step 1,752,000/2,000,000 | 315 sps] R=-9893.3 C= 193 Safe=83.75% SAI=1.000 Jain=1.000 PeakMF=0.563
[Ep  3700 | Step 1,776,000/2,000,000 | 315 sps] R=-9828.3 C= 180 Safe=83.96% SAI=1.000 Jain=1.000 PeakMF=0.563
[Ep  3750 | Step 1,800,000/2,000,000 | 315 sps] R=-9908.4 C= 196 Safe=84.79% SAI=1.000 Jain=1.000 PeakMF=0.563
[Ep  3800 | Step 1,824,000/2,000,000 | 315 sps] R=-9853.3 C= 185 Safe=83.54% SAI=1.000 Jain=1.000 PeakMF=0.563
[Ep  3850 | Step 1,848,000/2,000,000 | 315 sps] R=-9813.3 C= 177 Safe=83.12% SAI=1.000 Jain=1.000 PeakMF=0.563
[Ep  3900 | Step 1,872,000/2,000,000 | 315 sps] R=-9743.3 C= 163 Safe=84.38% SAI=1.000 Jain=1.000 PeakMF=0.563
[Ep  3950 | Step 1,896,000/2,000,000 | 315 sps] R=-9808.4 C= 176 Safe=83.96% SAI=1.000 Jain=1.000 PeakMF=0.563
[Ep  4000 | Step 1,920,000/2,000,000 | 315 sps] R=-9038.9 C=  15 Safe=97.29% SAI=1.000 Jain=1.000 PeakMF=0.563
[Ep  4050 | Step 1,944,000/2,000,000 | 315 sps] R=-9021.3 C=  10 Safe=98.12% SAI=1.000 Jain=1.000 PeakMF=0.563
[Ep  4100 | Step 1,968,000/2,000,000 | 315 sps] R=-9077.2 C=  30 Safe=95.00% SAI=1.000 Jain=1.000 PeakMF=0.563
[Ep  4150 | Step 1,992,000/2,000,000 | 315 sps] R=-9107.2 C=  36 Safe=94.38% SAI=1.000 Jain=1.000 PeakMF=0.563

============================================================
Training complete: 4167 episodes, 2,000,160 steps
Best reward: -8981.0
Wall time: 1.76 hours
Checkpoint: checkpoints/ablation_no_ecbf/seed_7/checkpoint_final.pt
============================================================
2026-05-05 19:52:22 | hcmarl.utils | INFO | HIGH determinism: cudnn.deterministic=True, torch.use_deterministic_algorithms(True), matmul=highest, CUBLAS_WORKSPACE_CONFIG=:4096:8 (EXP3-Part-1-equivalent reproducibility)
2026-05-05 19:52:24 | hcmarl.utils | INFO | HIGH determinism: cudnn.deterministic=True, torch.use_deterministic_algorithms(True), matmul=highest, CUBLAS_WORKSPACE_CONFIG=:4096:8 (EXP3-Part-1-equivalent reproducibility)

[Ep  2950 | Step 1,416,000/2,000,000 | 315 sps] R=-1300.7 C=   0 Safe=100.00% SAI=0.337 Jain=1.000 PeakMF=0.695
[Ep  3000 | Step 1,440,000/2,000,000 | 315 sps] R=-1329.5 C=   4 Safe=99.38% SAI=0.337 Jain=1.000 PeakMF=0.693
[Ep  3050 | Step 1,464,000/2,000,000 | 315 sps] R=-1433.3 C=  33 Safe=94.79% SAI=0.336 Jain=1.000 PeakMF=0.696
[Ep  3100 | Step 1,488,000/2,000,000 | 315 sps] R=-1307.9 C=   3 Safe=99.38% SAI=0.337 Jain=1.000 PeakMF=0.694
[Ep  3150 | Step 1,512,000/2,000,000 | 315 sps] R=-1364.1 C=  16 Safe=97.08% SAI=0.337 Jain=1.000 PeakMF=0.696
[Ep  3200 | Step 1,536,000/2,000,000 | 315 sps] R=-1334.3 C=   8 Safe=98.33% SAI=0.337 Jain=1.000 PeakMF=0.697
[Ep  3250 | Step 1,560,000/2,000,000 | 315 sps] R=-1348.7 C=  13 Safe=98.12% SAI=0.337 Jain=1.000 PeakMF=0.693
[Ep  3300 | Step 1,584,000/2,000,000 | 315 sps] R=-1457.6 C=  36 Safe=93.12% SAI=0.336 Jain=1.000 PeakMF=0.697
[Ep  3350 | Step 1,608,000/2,000,000 | 315 sps] R=-1311.1 C=   6 Safe=98.96% SAI=0.337 Jain=1.000 PeakMF=0.694
[Ep  3400 | Step 1,632,000/2,000,000 | 315 sps] R=-1590.9 C=  64 Safe=92.92% SAI=0.336 Jain=1.000 PeakMF=0.694
[Ep  3450 | Step 1,656,000/2,000,000 | 315 sps] R=-1320.1 C=  10 Safe=98.33% SAI=0.337 Jain=1.000 PeakMF=0.696
[Ep  3500 | Step 1,680,000/2,000,000 | 315 sps] R=-1352.4 C=  15 Safe=98.33% SAI=0.336 Jain=1.000 PeakMF=0.697
[Ep  3550 | Step 1,704,000/2,000,000 | 315 sps] R=-1352.7 C=  11 Safe=97.71% SAI=0.337 Jain=1.000 PeakMF=0.694
[Ep  3600 | Step 1,728,000/2,000,000 | 315 sps] R=-1310.5 C=   4 Safe=99.38% SAI=0.337 Jain=1.000 PeakMF=0.695
[Ep  3650 | Step 1,752,000/2,000,000 | 315 sps] R=-1600.7 C=  67 Safe=93.12% SAI=0.336 Jain=1.000 PeakMF=0.694
[Ep  3700 | Step 1,776,000/2,000,000 | 315 sps] R=-1310.5 C=   8 Safe=98.33% SAI=0.336 Jain=1.000 PeakMF=0.695
[Ep  3750 | Step 1,800,000/2,000,000 | 315 sps] R=-1288.3 C=   3 Safe=99.38% SAI=0.336 Jain=1.000 PeakMF=0.696
[Ep  3800 | Step 1,824,000/2,000,000 | 315 sps] R=-1437.0 C=  33 Safe=95.62% SAI=0.337 Jain=1.000 PeakMF=0.696
[Ep  3850 | Step 1,848,000/2,000,000 | 315 sps] R=-1435.8 C=  35 Safe=95.21% SAI=0.336 Jain=1.000 PeakMF=0.697
[Ep  3900 | Step 1,872,000/2,000,000 | 315 sps] R=-1416.7 C=  25 Safe=96.46% SAI=0.337 Jain=1.000 PeakMF=0.695
[Ep  3950 | Step 1,896,000/2,000,000 | 315 sps] R=-1287.6 C=   2 Safe=99.58% SAI=0.337 Jain=1.000 PeakMF=0.696
[Ep  4000 | Step 1,920,000/2,000,000 | 315 sps] R=-1377.1 C=  21 Safe=96.67% SAI=0.336 Jain=1.000 PeakMF=0.695
[Ep  4050 | Step 1,944,000/2,000,000 | 315 sps] R=-1556.4 C=  57 Safe=89.79% SAI=0.337 Jain=1.000 PeakMF=0.694
[Ep  4100 | Step 1,968,000/2,000,000 | 315 sps] R=-1407.6 C=  27 Safe=95.62% SAI=0.337 Jain=1.000 PeakMF=0.696
[Ep  4150 | Step 1,992,000/2,000,000 | 315 sps] R=-1512.4 C=  48 Safe=92.08% SAI=0.336 Jain=1.000 PeakMF=0.696

============================================================
Training complete: 4167 episodes, 2,000,160 steps
Best reward: -1274.0
Wall time: 1.76 hours
Checkpoint: checkpoints/ablation_no_nswf/seed_0/checkpoint_final.pt
============================================================
2026-05-05 19:52:30 | hcmarl.utils | INFO | HIGH determinism: cudnn.deterministic=True, torch.use_deterministic_algorithms(True), matmul=highest, CUBLAS_WORKSPACE_CONFIG=:4096:8 (EXP3-Part-1-equivalent reproducibility)

[Ep  2900 | Step 1,392,000/2,000,000 | 314 sps] R=-1394.5 C=  21 Safe=96.25% SAI=0.336 Jain=1.000 PeakMF=0.696
[Ep  2950 | Step 1,416,000/2,000,000 | 314 sps] R=-1327.1 C=   9 Safe=98.12% SAI=0.336 Jain=1.000 PeakMF=0.696
[Ep  3000 | Step 1,440,000/2,000,000 | 314 sps] R=-1307.2 C=   3 Safe=99.38% SAI=0.336 Jain=1.000 PeakMF=0.694
[Ep  3050 | Step 1,464,000/2,000,000 | 314 sps] R=-1437.7 C=  34 Safe=93.75% SAI=0.336 Jain=1.000 PeakMF=0.695
[Ep  3100 | Step 1,488,000/2,000,000 | 314 sps] R=-1389.6 C=  24 Safe=95.00% SAI=0.336 Jain=1.000 PeakMF=0.698
[Ep  3150 | Step 1,512,000/2,000,000 | 314 sps] R=-1448.5 C=  36 Safe=93.96% SAI=0.336 Jain=1.000 PeakMF=0.694
[Ep  3200 | Step 1,536,000/2,000,000 | 314 sps] R=-1312.9 C=   3 Safe=99.38% SAI=0.337 Jain=1.000 PeakMF=0.696
[Ep  3250 | Step 1,560,000/2,000,000 | 314 sps] R=-1338.0 C=  14 Safe=97.08% SAI=0.336 Jain=1.000 PeakMF=0.695
[Ep  3300 | Step 1,584,000/2,000,000 | 314 sps] R=-1460.8 C=  35 Safe=95.83% SAI=0.336 Jain=1.000 PeakMF=0.698
[Ep  3350 | Step 1,608,000/2,000,000 | 314 sps] R=-1405.9 C=  27 Safe=96.46% SAI=0.336 Jain=1.000 PeakMF=0.693
[Ep  3400 | Step 1,632,000/2,000,000 | 314 sps] R=-1359.8 C=  18 Safe=96.67% SAI=0.337 Jain=1.000 PeakMF=0.695
[Ep  3450 | Step 1,656,000/2,000,000 | 314 sps] R=-1353.1 C=  15 Safe=97.50% SAI=0.336 Jain=1.000 PeakMF=0.693
[Ep  3500 | Step 1,680,000/2,000,000 | 314 sps] R=-1500.5 C=  43 Safe=93.75% SAI=0.337 Jain=1.000 PeakMF=0.695
[Ep  3550 | Step 1,704,000/2,000,000 | 314 sps] R=-1322.7 C=  10 Safe=98.33% SAI=0.336 Jain=1.000 PeakMF=0.694
[Ep  3600 | Step 1,728,000/2,000,000 | 314 sps] R=-1296.4 C=   2 Safe=99.58% SAI=0.337 Jain=1.000 PeakMF=0.695
[Ep  3650 | Step 1,752,000/2,000,000 | 314 sps] R=-1318.0 C=   5 Safe=98.96% SAI=0.337 Jain=1.000 PeakMF=0.692
[Ep  3700 | Step 1,776,000/2,000,000 | 314 sps] R=-1303.6 C=   7 Safe=98.75% SAI=0.336 Jain=1.000 PeakMF=0.694
[Ep  3750 | Step 1,800,000/2,000,000 | 314 sps] R=-1302.2 C=   4 Safe=99.17% SAI=0.337 Jain=1.000 PeakMF=0.695
[Ep  3800 | Step 1,824,000/2,000,000 | 314 sps] R=-1331.2 C=   9 Safe=98.75% SAI=0.337 Jain=1.000 PeakMF=0.695
[Ep  3850 | Step 1,848,000/2,000,000 | 314 sps] R=-1408.6 C=  24 Safe=96.67% SAI=0.337 Jain=1.000 PeakMF=0.694
[Ep  3900 | Step 1,872,000/2,000,000 | 314 sps] R=-1528.9 C=  53 Safe=91.88% SAI=0.336 Jain=1.000 PeakMF=0.695
[Ep  3950 | Step 1,896,000/2,000,000 | 314 sps] R=-1479.5 C=  43 Safe=93.33% SAI=0.336 Jain=1.000 PeakMF=0.697
[Ep  4000 | Step 1,920,000/2,000,000 | 314 sps] R=-1341.2 C=  13 Safe=97.92% SAI=0.337 Jain=1.000 PeakMF=0.695
[Ep  4050 | Step 1,944,000/2,000,000 | 314 sps] R=-1428.4 C=  33 Safe=94.79% SAI=0.336 Jain=1.000 PeakMF=0.696
[Ep  4100 | Step 1,968,000/2,000,000 | 314 sps] R=-1414.8 C=  30 Safe=93.96% SAI=0.336 Jain=1.000 PeakMF=0.697
[Ep  4150 | Step 1,992,000/2,000,000 | 314 sps] R=-1572.4 C=  61 Safe=90.00% SAI=0.337 Jain=1.000 PeakMF=0.697

============================================================
Training complete: 4167 episodes, 2,000,160 steps
Best reward: -1279.2
Wall time: 1.77 hours
Checkpoint: checkpoints/ablation_no_nswf/seed_1/checkpoint_final.pt
============================================================
2026-05-05 19:52:36 | hcmarl.utils | INFO | HIGH determinism: cudnn.deterministic=True, torch.use_deterministic_algorithms(True), matmul=highest, CUBLAS_WORKSPACE_CONFIG=:4096:8 (EXP3-Part-1-equivalent reproducibility)
2026-05-05 19:53:06 | hcmarl.utils | INFO | HIGH determinism: cudnn.deterministic=True, torch.use_deterministic_algorithms(True), matmul=highest, CUBLAS_WORKSPACE_CONFIG=:4096:8 (EXP3-Part-1-equivalent reproducibility)
2026-05-05 19:53:07 | hcmarl.utils | INFO | HIGH determinism: cudnn.deterministic=True, torch.use_deterministic_algorithms(True), matmul=highest, CUBLAS_WORKSPACE_CONFIG=:4096:8 (EXP3-Part-1-equivalent reproducibility)
2026-05-05 19:53:09 | hcmarl.utils | INFO | HIGH determinism: cudnn.deterministic=True, torch.use_deterministic_algorithms(True), matmul=highest, CUBLAS_WORKSPACE_CONFIG=:4096:8 (EXP3-Part-1-equivalent reproducibility)
2026-05-05 19:53:10 | hcmarl.utils | INFO | HIGH determinism: cudnn.deterministic=True, torch.use_deterministic_algorithms(True), matmul=highest, CUBLAS_WORKSPACE_CONFIG=:4096:8 (EXP3-Part-1-equivalent reproducibility)
2026-05-05 19:53:17 | hcmarl.utils | INFO | HIGH determinism: cudnn.deterministic=True, torch.use_deterministic_algorithms(True), matmul=highest, CUBLAS_WORKSPACE_CONFIG=:4096:8 (EXP3-Part-1-equivalent reproducibility)
2026-05-05 19:53:23 | hcmarl.utils | INFO | HIGH determinism: cudnn.deterministic=True, torch.use_deterministic_algorithms(True), matmul=highest, CUBLAS_WORKSPACE_CONFIG=:4096:8 (EXP3-Part-1-equivalent reproducibility)
Using device: cuda
Path G: loading pre-computed profiles from /root/hcmarl_project/config/pathg_profiles.json
Generating demonstrations from calibrated profiles (Eq 35 controller)...
  Generated 102 demonstrations from 34 workers
  HELDOUT_NLL model selection for K:
    K=1: heldout_nll=1368.5785
    K=2: heldout_nll=-23.0500
    K=3: heldout_nll=8638.0996
    K=4: heldout_nll=176041.8125
    K=5: heldout_nll=-25.8494
  Selected K=5 (lowest heldout_nll=-25.8494)

--- MMICRL Type Discovery Results ---
  Demonstrations: 102
  Types discovered: 5
  Type proportions: ['0.32', '0.25', '0.09', '0.09', '0.25']
  Mutual information I(tau;z): 0.0000
  Objective value: 0.0000
  Learned thresholds per type (raw):
    Type 0: {shoulder: 0.184}
    Type 1: {shoulder: 0.311}
    Type 2: {shoulder: 0.161}
    Type 3: {shoulder: 0.197}
    Type 4: {shoulder: 0.255}
  WARNING: MI (0.0000) < 0.01 -- latent types are behaviorally indistinguishable on this demo set. Effective per-worker theta will fall back to config floors (no MMICRL contribution). Consider multi-muscle demos or lambda1 tuning to restore discrimination.
  Results saved to logs/ablation_no_nswf/seed_4/mmicrl/mmicrl_results.json
Using MMICRL-learned thresholds for 6 workers (5 types, rescaled into [floor,1]; floors: {'shoulder': 0.7, 'ankle': 0.8, 'knee': 0.6, 'elbow': 0.45, 'trunk': 0.65, 'grip': 0.45})
  Effective per-worker theta_max: {'worker_0': {'shoulder': 0.7}, 'worker_1': {'shoulder': 0.7}, 'worker_2': {'shoulder': 0.7}, 'worker_3': {'shoulder': 0.7}, 'worker_4': {'shoulder': 0.7}, 'worker_5': {'shoulder': 0.7}}
============================================================
HC-MARL Training: HC-MARL (MAPPO + ECBF + NSWF)
Seed: 4 | Device: cuda | Workers: 6
Total steps: 2,000,000 | Eval every: 50,000
Checkpoint dir: checkpoints/ablation_no_nswf/seed_4
============================================================
[Ep    50 | Step    24,000/2,000,000 | 322 sps] R=-5819.4 C= 407 Safe=57.29% SAI=0.440 Jain=1.000 PeakMF=0.666
[Ep   100 | Step    48,000/2,000,000 | 319 sps] R=-5538.4 C= 441 Safe=61.88% SAI=0.426 Jain=1.000 PeakMF=0.678
[Ep   150 | Step    72,000/2,000,000 | 318 sps] R=-5550.6 C= 610 Safe=40.62% SAI=0.389 Jain=1.000 PeakMF=0.686
[Ep   200 | Step    96,000/2,000,000 | 317 sps] R=-2717.4 C=  35 Safe=92.92% SAI=0.387 Jain=1.000 PeakMF=0.684
[Ep   250 | Step   120,000/2,000,000 | 317 sps] R=-2630.2 C=  57 Safe=89.79% SAI=0.387 Jain=1.000 PeakMF=0.683
[Ep   300 | Step   144,000/2,000,000 | 316 sps] R=-3085.1 C= 163 Safe=76.46% SAI=0.373 Jain=1.000 PeakMF=0.684
[Ep   350 | Step   168,000/2,000,000 | 316 sps] R=-2213.6 C=  40 Safe=91.88% SAI=0.363 Jain=1.000 PeakMF=0.685
[Ep   400 | Step   192,000/2,000,000 | 316 sps] R=-3709.7 C= 386 Safe=71.46% SAI=0.352 Jain=1.000 PeakMF=0.686
[Ep   450 | Step   216,000/2,000,000 | 316 sps] R=-1920.1 C=  16 Safe=96.67% SAI=0.355 Jain=1.000 PeakMF=0.681
[Ep   500 | Step   240,000/2,000,000 | 316 sps] R=-1829.7 C=  22 Safe=96.04% SAI=0.349 Jain=1.000 PeakMF=0.685
[Ep   550 | Step   264,000/2,000,000 | 316 sps] R=-2148.6 C= 129 Safe=79.58% SAI=0.342 Jain=1.000 PeakMF=0.689
[Ep   600 | Step   288,000/2,000,000 | 316 sps] R=-1595.2 C=  10 Safe=97.92% SAI=0.342 Jain=1.000 PeakMF=0.686
[Ep   650 | Step   312,000/2,000,000 | 316 sps] R=-1626.7 C=  29 Safe=94.79% SAI=0.340 Jain=1.000 PeakMF=0.688
[Ep   700 | Step   336,000/2,000,000 | 316 sps] R=-1539.3 C=  18 Safe=96.67% SAI=0.340 Jain=1.000 PeakMF=0.686
[Ep   750 | Step   360,000/2,000,000 | 315 sps] R=-1526.9 C=  23 Safe=95.42% SAI=0.337 Jain=1.000 PeakMF=0.687
[Ep   800 | Step   384,000/2,000,000 | 315 sps] R=-1559.6 C=  34 Safe=93.75% SAI=0.337 Jain=1.000 PeakMF=0.689
[Ep   850 | Step   408,000/2,000,000 | 315 sps] R=-1464.4 C=  11 Safe=97.71% SAI=0.340 Jain=1.000 PeakMF=0.690
[Ep   900 | Step   432,000/2,000,000 | 315 sps] R=-1490.4 C=  18 Safe=97.29% SAI=0.339 Jain=1.000 PeakMF=0.686
[Ep   950 | Step   456,000/2,000,000 | 315 sps] R=-1447.5 C=   5 Safe=99.17% SAI=0.338 Jain=1.000 PeakMF=0.690
[Ep  1000 | Step   480,000/2,000,000 | 315 sps] R=-1528.4 C=  28 Safe=95.83% SAI=0.339 Jain=1.000 PeakMF=0.691
[Ep  1050 | Step   504,000/2,000,000 | 315 sps] R=-1656.5 C=  58 Safe=90.62% SAI=0.337 Jain=1.000 PeakMF=0.690
[Ep  1100 | Step   528,000/2,000,000 | 315 sps] R=-1407.0 C=   6 Safe=98.75% SAI=0.337 Jain=1.000 PeakMF=0.690
[Ep  1150 | Step   552,000/2,000,000 | 315 sps] R=-1433.4 C=  14 Safe=97.29% SAI=0.337 Jain=1.000 PeakMF=0.693
[Ep  1200 | Step   576,000/2,000,000 | 315 sps] R=-1366.4 C=   0 Safe=100.00% SAI=0.337 Jain=1.000 PeakMF=0.692
[Ep  1250 | Step   600,000/2,000,000 | 315 sps] R=-1723.0 C=  81 Safe=88.33% SAI=0.336 Jain=1.000 PeakMF=0.694
[Ep  1300 | Step   624,000/2,000,000 | 315 sps] R=-1367.4 C=   1 Safe=99.79% SAI=0.337 Jain=1.000 PeakMF=0.695
[Ep  1350 | Step   648,000/2,000,000 | 315 sps] R=-1471.8 C=  30 Safe=95.42% SAI=0.336 Jain=1.000 PeakMF=0.693
[Ep  1400 | Step   672,000/2,000,000 | 315 sps] R=-1440.2 C=  25 Safe=96.25% SAI=0.337 Jain=1.000 PeakMF=0.694
[Ep  1450 | Step   696,000/2,000,000 | 315 sps] R=-1727.2 C=  84 Safe=90.21% SAI=0.336 Jain=1.000 PeakMF=0.693
[Ep  1500 | Step   720,000/2,000,000 | 315 sps] R=-1402.2 C=  14 Safe=98.12% SAI=0.336 Jain=1.000 PeakMF=0.692
[Ep  1550 | Step   744,000/2,000,000 | 315 sps] R=-1436.1 C=  24 Safe=96.04% SAI=0.336 Jain=1.000 PeakMF=0.691
[Ep  1600 | Step   768,000/2,000,000 | 315 sps] R=-1409.3 C=  15 Safe=97.71% SAI=0.337 Jain=1.000 PeakMF=0.694
[Ep  1650 | Step   792,000/2,000,000 | 315 sps] R=-1479.9 C=  34 Safe=94.38% SAI=0.336 Jain=1.000 PeakMF=0.695
[Ep  1700 | Step   816,000/2,000,000 | 315 sps] R=-1702.4 C=  78 Safe=90.21% SAI=0.337 Jain=1.000 PeakMF=0.693
[Ep  1750 | Step   840,000/2,000,000 | 315 sps] R=-1351.2 C=   5 Safe=98.96% SAI=0.337 Jain=1.000 PeakMF=0.696
[Ep  1800 | Step   864,000/2,000,000 | 315 sps] R=-1450.8 C=  28 Safe=95.83% SAI=0.337 Jain=1.000 PeakMF=0.696
[Ep  1850 | Step   888,000/2,000,000 | 315 sps] R=-1473.0 C=  30 Safe=94.79% SAI=0.337 Jain=1.000 PeakMF=0.692
[Ep  1900 | Step   912,000/2,000,000 | 315 sps] R=-1455.5 C=  30 Safe=96.25% SAI=0.337 Jain=1.000 PeakMF=0.696
[Ep  1950 | Step   936,000/2,000,000 | 315 sps] R=-1423.2 C=  20 Safe=96.46% SAI=0.335 Jain=1.000 PeakMF=0.696
[Ep  2000 | Step   960,000/2,000,000 | 315 sps] R=-1708.9 C=  81 Safe=90.83% SAI=0.335 Jain=1.000 PeakMF=0.695
[Ep  2050 | Step   984,000/2,000,000 | 315 sps] R=-1486.3 C=  35 Safe=93.75% SAI=0.336 Jain=1.000 PeakMF=0.696
[Ep  2100 | Step 1,008,000/2,000,000 | 315 sps] R=-1498.0 C=  40 Safe=94.17% SAI=0.336 Jain=1.000 PeakMF=0.695
[Ep  2150 | Step 1,032,000/2,000,000 | 315 sps] R=-1380.1 C=  13 Safe=97.29% SAI=0.336 Jain=1.000 PeakMF=0.696
[Ep  2200 | Step 1,056,000/2,000,000 | 315 sps] R=-1418.6 C=  26 Safe=95.21% SAI=0.337 Jain=1.000 PeakMF=0.695
[Ep  2250 | Step 1,080,000/2,000,000 | 315 sps] R=-1443.9 C=  26 Safe=96.25% SAI=0.336 Jain=1.000 PeakMF=0.696
[Ep  2300 | Step 1,104,000/2,000,000 | 315 sps] R=-1456.6 C=  29 Safe=94.58% SAI=0.337 Jain=1.000 PeakMF=0.694
[Ep  2350 | Step 1,128,000/2,000,000 | 315 sps] R=-1366.9 C=  10 Safe=98.12% SAI=0.337 Jain=1.000 PeakMF=0.696
[Ep  2400 | Step 1,152,000/2,000,000 | 315 sps] R=-1412.3 C=  21 Safe=96.04% SAI=0.337 Jain=1.000 PeakMF=0.696
[Ep  2450 | Step 1,176,000/2,000,000 | 315 sps] R=-1346.6 C=  11 Safe=98.12% SAI=0.337 Jain=1.000 PeakMF=0.695
[Ep  2500 | Step 1,200,000/2,000,000 | 315 sps] R=-1667.7 C=  76 Safe=87.50% SAI=0.336 Jain=1.000 PeakMF=0.697
[Ep  2550 | Step 1,224,000/2,000,000 | 315 sps] R=-1538.1 C=  53 Safe=91.46% SAI=0.335 Jain=1.000 PeakMF=0.696
[Ep  2600 | Step 1,248,000/2,000,000 | 315 sps] R=-1372.4 C=  18 Safe=96.25% SAI=0.336 Jain=1.000 PeakMF=0.696
[Ep  2650 | Step 1,272,000/2,000,000 | 315 sps] R=-1393.2 C=  21 Safe=96.67% SAI=0.336 Jain=1.000 PeakMF=0.696
[Ep  2700 | Step 1,296,000/2,000,000 | 315 sps] R=-1517.5 C=  48 Safe=93.12% SAI=0.336 Jain=1.000 PeakMF=0.695
[Ep  2750 | Step 1,320,000/2,000,000 | 315 sps] R=-1477.4 C=  40 Safe=93.54% SAI=0.336 Jain=1.000 PeakMF=0.695
[Ep  2800 | Step 1,344,000/2,000,000 | 315 sps] R=-1378.1 C=  18 Safe=97.50% SAI=0.336 Jain=1.000 PeakMF=0.694
[Ep  2850 | Step 1,368,000/2,000,000 | 315 sps] R=-1445.5 C=  36 Safe=94.17% SAI=0.336 Jain=1.000 PeakMF=0.694Using device: cuda
Path G: loading pre-computed profiles from /root/hcmarl_project/config/pathg_profiles.json
Generating demonstrations from calibrated profiles (Eq 35 controller)...
  Generated 102 demonstrations from 34 workers
  HELDOUT_NLL model selection for K:
    K=1: heldout_nll=2941153.0000
    K=2: heldout_nll=103576.7109
    K=3: heldout_nll=31234.4648
    K=4: heldout_nll=160294521274368.0000
    K=5: heldout_nll=6630.3862
  Selected K=5 (lowest heldout_nll=6630.3862)

--- MMICRL Type Discovery Results ---
  Demonstrations: 102
  Types discovered: 5
  Type proportions: ['0.32', '0.25', '0.09', '0.09', '0.25']
  Mutual information I(tau;z): 0.0000
  Objective value: 0.0000
  Learned thresholds per type (raw):
    Type 0: {shoulder: 0.184}
    Type 1: {shoulder: 0.311}
    Type 2: {shoulder: 0.161}
    Type 3: {shoulder: 0.197}
    Type 4: {shoulder: 0.255}
  WARNING: MI (0.0000) < 0.01 -- latent types are behaviorally indistinguishable on this demo set. Effective per-worker theta will fall back to config floors (no MMICRL contribution). Consider multi-muscle demos or lambda1 tuning to restore discrimination.
  Results saved to logs/ablation_no_nswf/seed_3/mmicrl/mmicrl_results.json
Using MMICRL-learned thresholds for 6 workers (5 types, rescaled into [floor,1]; floors: {'shoulder': 0.7, 'ankle': 0.8, 'knee': 0.6, 'elbow': 0.45, 'trunk': 0.65, 'grip': 0.45})
  Effective per-worker theta_max: {'worker_0': {'shoulder': 0.7}, 'worker_1': {'shoulder': 0.7}, 'worker_2': {'shoulder': 0.7}, 'worker_3': {'shoulder': 0.7}, 'worker_4': {'shoulder': 0.7}, 'worker_5': {'shoulder': 0.7}}
============================================================
HC-MARL Training: HC-MARL (MAPPO + ECBF + NSWF)
Seed: 3 | Device: cuda | Workers: 6
Total steps: 2,000,000 | Eval every: 50,000
Checkpoint dir: checkpoints/ablation_no_nswf/seed_3
============================================================
[Ep    50 | Step    24,000/2,000,000 | 329 sps] R=-5254.1 C= 417 Safe=69.79% SAI=0.410 Jain=1.000 PeakMF=0.671
[Ep   100 | Step    48,000/2,000,000 | 321 sps] R=-5810.4 C= 560 Safe=37.29% SAI=0.404 Jain=1.000 PeakMF=0.693
[Ep   150 | Step    72,000/2,000,000 | 319 sps] R=-4135.4 C= 310 Safe=54.17% SAI=0.388 Jain=1.000 PeakMF=0.688
[Ep   200 | Step    96,000/2,000,000 | 318 sps] R=-2972.5 C=  85 Safe=85.00% SAI=0.400 Jain=1.000 PeakMF=0.687
[Ep   250 | Step   120,000/2,000,000 | 317 sps] R=-4052.2 C= 380 Safe=68.12% SAI=0.365 Jain=1.000 PeakMF=0.686
[Ep   300 | Step   144,000/2,000,000 | 317 sps] R=-3225.6 C= 185 Safe=75.21% SAI=0.373 Jain=1.000 PeakMF=0.693
[Ep   350 | Step   168,000/2,000,000 | 317 sps] R=-2999.9 C= 189 Safe=75.00% SAI=0.364 Jain=1.000 PeakMF=0.684
[Ep   400 | Step   192,000/2,000,000 | 316 sps] R=-2201.4 C=  59 Safe=88.54% SAI=0.356 Jain=1.000 PeakMF=0.682
[Ep   450 | Step   216,000/2,000,000 | 316 sps] R=-1941.4 C=  27 Safe=95.21% SAI=0.351 Jain=1.000 PeakMF=0.674
[Ep   500 | Step   240,000/2,000,000 | 316 sps] R=-1763.1 C=  19 Safe=96.25% SAI=0.348 Jain=1.000 PeakMF=0.681
[Ep   550 | Step   264,000/2,000,000 | 316 sps] R=-1630.9 C=  19 Safe=96.25% SAI=0.341 Jain=1.000 PeakMF=0.686
[Ep   600 | Step   288,000/2,000,000 | 316 sps] R=-1887.8 C=  84 Safe=87.92% SAI=0.340 Jain=1.000 PeakMF=0.683
[Ep   650 | Step   312,000/2,000,000 | 316 sps] R=-1554.1 C=  14 Safe=97.29% SAI=0.338 Jain=1.000 PeakMF=0.690
[Ep   700 | Step   336,000/2,000,000 | 316 sps] R=-1614.5 C=  23 Safe=95.62% SAI=0.339 Jain=1.000 PeakMF=0.688
[Ep   750 | Step   360,000/2,000,000 | 316 sps] R=-1531.7 C=  21 Safe=95.62% SAI=0.337 Jain=1.000 PeakMF=0.688
[Ep   800 | Step   384,000/2,000,000 | 315 sps] R=-1657.7 C=  50 Safe=91.46% SAI=0.337 Jain=1.000 PeakMF=0.689
[Ep   850 | Step   408,000/2,000,000 | 315 sps] R=-1447.1 C=  12 Safe=97.71% SAI=0.336 Jain=1.000 PeakMF=0.692
[Ep   900 | Step   432,000/2,000,000 | 315 sps] R=-1460.9 C=  10 Safe=98.33% SAI=0.339 Jain=1.000 PeakMF=0.687
[Ep   950 | Step   456,000/2,000,000 | 315 sps] R=-1651.3 C=  57 Safe=90.42% SAI=0.337 Jain=1.000 PeakMF=0.689
[Ep  1000 | Step   480,000/2,000,000 | 315 sps] R=-1476.1 C=  21 Safe=96.25% SAI=0.337 Jain=1.000 PeakMF=0.692
[Ep  1050 | Step   504,000/2,000,000 | 315 sps] R=-1815.4 C=  98 Safe=85.00% SAI=0.336 Jain=1.000 PeakMF=0.694
[Ep  1100 | Step   528,000/2,000,000 | 315 sps] R=-1469.6 C=  25 Safe=95.83% SAI=0.337 Jain=1.000 PeakMF=0.695
[Ep  1150 | Step   552,000/2,000,000 | 315 sps] R=-1422.7 C=  14 Safe=97.50% SAI=0.337 Jain=1.000 PeakMF=0.690
[Ep  1200 | Step   576,000/2,000,000 | 315 sps] R=-1374.1 C=   3 Safe=99.38% SAI=0.336 Jain=1.000 PeakMF=0.695
[Ep  1250 | Step   600,000/2,000,000 | 315 sps] R=-1426.9 C=  13 Safe=97.92% SAI=0.338 Jain=1.000 PeakMF=0.693
[Ep  1300 | Step   624,000/2,000,000 | 315 sps] R=-1659.4 C=  69 Safe=90.00% SAI=0.337 Jain=1.000 PeakMF=0.695
[Ep  1350 | Step   648,000/2,000,000 | 315 sps] R=-1404.8 C=  17 Safe=96.46% SAI=0.336 Jain=1.000 PeakMF=0.696
[Ep  1400 | Step   672,000/2,000,000 | 315 sps] R=-1550.1 C=  47 Safe=93.12% SAI=0.337 Jain=1.000 PeakMF=0.694
[Ep  1450 | Step   696,000/2,000,000 | 315 sps] R=-1409.8 C=  17 Safe=96.46% SAI=0.336 Jain=1.000 PeakMF=0.695
[Ep  1500 | Step   720,000/2,000,000 | 315 sps] R=-1480.7 C=  36 Safe=94.38% SAI=0.335 Jain=1.000 PeakMF=0.696
[Ep  1550 | Step   744,000/2,000,000 | 315 sps] R=-1373.5 C=   7 Safe=98.75% SAI=0.336 Jain=1.000 PeakMF=0.696
[Ep  1600 | Step   768,000/2,000,000 | 315 sps] R=-1489.9 C=  35 Safe=94.17% SAI=0.336 Jain=1.000 PeakMF=0.695
[Ep  1650 | Step   792,000/2,000,000 | 315 sps] R=-1366.6 C=  10 Safe=98.33% SAI=0.336 Jain=1.000 PeakMF=0.694
[Ep  1700 | Step   816,000/2,000,000 | 315 sps] R=-1427.8 C=  19 Safe=96.25% SAI=0.337 Jain=1.000 PeakMF=0.697
[Ep  1750 | Step   840,000/2,000,000 | 315 sps] R=-1608.0 C=  59 Safe=92.08% SAI=0.335 Jain=1.000 PeakMF=0.694
[Ep  1800 | Step   864,000/2,000,000 | 315 sps] R=-1675.9 C=  75 Safe=88.54% SAI=0.336 Jain=1.000 PeakMF=0.695
[Ep  1850 | Step   888,000/2,000,000 | 315 sps] R=-1396.7 C=  10 Safe=97.92% SAI=0.337 Jain=1.000 PeakMF=0.694
[Ep  1900 | Step   912,000/2,000,000 | 315 sps] R=-1533.4 C=  43 Safe=93.54% SAI=0.336 Jain=1.000 PeakMF=0.693
[Ep  1950 | Step   936,000/2,000,000 | 315 sps] R=-1659.9 C=  71 Safe=88.12% SAI=0.337 Jain=1.000 PeakMF=0.697
[Ep  2000 | Step   960,000/2,000,000 | 315 sps] R=-1564.7 C=  52 Safe=93.96% SAI=0.337 Jain=1.000 PeakMF=0.696
[Ep  2050 | Step   984,000/2,000,000 | 315 sps] R=-1354.9 C=  11 Safe=97.92% SAI=0.336 Jain=1.000 PeakMF=0.694
[Ep  2100 | Step 1,008,000/2,000,000 | 315 sps] R=-1333.0 C=   7 Safe=98.54% SAI=0.336 Jain=1.000 PeakMF=0.695
[Ep  2150 | Step 1,032,000/2,000,000 | 315 sps] R=-1420.8 C=  26 Safe=95.62% SAI=0.336 Jain=1.000 PeakMF=0.697
[Ep  2200 | Step 1,056,000/2,000,000 | 315 sps] R=-1485.4 C=  40 Safe=92.92% SAI=0.336 Jain=1.000 PeakMF=0.695
[Ep  2250 | Step 1,080,000/2,000,000 | 315 sps] R=-1350.3 C=  10 Safe=98.75% SAI=0.336 Jain=1.000 PeakMF=0.695
[Ep  2300 | Step 1,104,000/2,000,000 | 315 sps] R=-1390.8 C=  21 Safe=96.04% SAI=0.336 Jain=1.000 PeakMF=0.696
[Ep  2350 | Step 1,128,000/2,000,000 | 315 sps] R=-1346.1 C=  12 Safe=97.71% SAI=0.337 Jain=1.000 PeakMF=0.695
[Ep  2400 | Step 1,152,000/2,000,000 | 315 sps] R=-1375.1 C=  17 Safe=96.67% SAI=0.336 Jain=1.000 PeakMF=0.697
[Ep  2450 | Step 1,176,000/2,000,000 | 315 sps] R=-1323.5 C=   5 Safe=98.96% SAI=0.336 Jain=1.000 PeakMF=0.696
[Ep  2500 | Step 1,200,000/2,000,000 | 315 sps] R=-1442.0 C=  34 Safe=94.17% SAI=0.336 Jain=1.000 PeakMF=0.696
[Ep  2550 | Step 1,224,000/2,000,000 | 315 sps] R=-1356.6 C=  12 Safe=97.92% SAI=0.337 Jain=1.000 PeakMF=0.695
[Ep  2600 | Step 1,248,000/2,000,000 | 315 sps] R=-1386.3 C=  24 Safe=96.04% SAI=0.337 Jain=1.000 PeakMF=0.695
[Ep  2650 | Step 1,272,000/2,000,000 | 315 sps] R=-1630.6 C=  73 Safe=88.33% SAI=0.336 Jain=1.000 PeakMF=0.697
[Ep  2700 | Step 1,296,000/2,000,000 | 315 sps] R=-1446.3 C=  33 Safe=95.00% SAI=0.337 Jain=1.000 PeakMF=0.696
[Ep  2750 | Step 1,320,000/2,000,000 | 315 sps] R=-1374.6 C=  19 Safe=97.29% SAI=0.336 Jain=1.000 PeakMF=0.694
[Ep  2800 | Step 1,344,000/2,000,000 | 315 sps] R=-1439.7 C=  33 Safe=94.17% SAI=0.336 Jain=1.000 PeakMF=0.697
[Ep  2850 | Step 1,368,000/2,000,000 | 315 sps] R=-1330.8 C=  10 Safe=98.12% SAI=0.337 Jain=1.000 PeakMF=0.696Using device: cuda
Path G: loading pre-computed profiles from /root/hcmarl_project/config/pathg_profiles.json
Generating demonstrations from calibrated profiles (Eq 35 controller)...
  Generated 102 demonstrations from 34 workers
  HELDOUT_NLL model selection for K:
    K=1: heldout_nll=62283.0234
    K=2: heldout_nll=1966.1019
    K=3: heldout_nll=25227.7559
    K=4: heldout_nll=67905.9062
    K=5: heldout_nll=159467.4844
  Selected K=2 (lowest heldout_nll=1966.1019)

--- MMICRL Type Discovery Results ---
  Demonstrations: 102
  Types discovered: 2
  Type proportions: ['0.58', '0.42']
  Mutual information I(tau;z): 0.0000
  Objective value: 0.0000
  Learned thresholds per type (raw):
    Type 0: {shoulder: 0.247}
    Type 1: {shoulder: 0.228}
  WARNING: MI (0.0000) < 0.01 -- latent types are behaviorally indistinguishable on this demo set. Effective per-worker theta will fall back to config floors (no MMICRL contribution). Consider multi-muscle demos or lambda1 tuning to restore discrimination.
  Results saved to logs/ablation_no_nswf/seed_5/mmicrl/mmicrl_results.json
Using MMICRL-learned thresholds for 6 workers (2 types, rescaled into [floor,1]; floors: {'shoulder': 0.7, 'ankle': 0.8, 'knee': 0.6, 'elbow': 0.45, 'trunk': 0.65, 'grip': 0.45})
  Effective per-worker theta_max: {'worker_0': {'shoulder': 0.7}, 'worker_1': {'shoulder': 0.7}, 'worker_2': {'shoulder': 0.7}, 'worker_3': {'shoulder': 0.7}, 'worker_4': {'shoulder': 0.7}, 'worker_5': {'shoulder': 0.7}}
============================================================
HC-MARL Training: HC-MARL (MAPPO + ECBF + NSWF)
Seed: 5 | Device: cuda | Workers: 6
Total steps: 2,000,000 | Eval every: 50,000
Checkpoint dir: checkpoints/ablation_no_nswf/seed_5
============================================================
[Ep    50 | Step    24,000/2,000,000 | 321 sps] R=-7317.5 C= 808 Safe=50.00% SAI=0.406 Jain=1.000 PeakMF=0.681
[Ep   100 | Step    48,000/2,000,000 | 318 sps] R=-4962.4 C= 328 Safe=76.67% SAI=0.429 Jain=1.000 PeakMF=0.684
[Ep   150 | Step    72,000/2,000,000 | 317 sps] R=-4649.4 C= 403 Safe=56.46% SAI=0.391 Jain=1.000 PeakMF=0.691
[Ep   200 | Step    96,000/2,000,000 | 317 sps] R=-5116.8 C= 495 Safe=46.88% SAI=0.390 Jain=1.000 PeakMF=0.691
[Ep   250 | Step   120,000/2,000,000 | 316 sps] R=-3464.5 C= 267 Safe=63.33% SAI=0.369 Jain=1.000 PeakMF=0.684
[Ep   300 | Step   144,000/2,000,000 | 316 sps] R=-2204.2 C=   9 Safe=98.12% SAI=0.374 Jain=1.000 PeakMF=0.681
[Ep   350 | Step   168,000/2,000,000 | 316 sps] R=-2443.9 C=  72 Safe=87.71% SAI=0.367 Jain=1.000 PeakMF=0.684
[Ep   400 | Step   192,000/2,000,000 | 316 sps] R=-1978.3 C=   3 Safe=99.38% SAI=0.363 Jain=1.000 PeakMF=0.678
[Ep   450 | Step   216,000/2,000,000 | 316 sps] R=-1796.6 C=  17 Safe=97.08% SAI=0.346 Jain=1.000 PeakMF=0.677
[Ep   500 | Step   240,000/2,000,000 | 316 sps] R=-1658.3 C=  12 Safe=97.50% SAI=0.343 Jain=1.000 PeakMF=0.681
[Ep   550 | Step   264,000/2,000,000 | 316 sps] R=-2029.7 C= 103 Safe=83.96% SAI=0.341 Jain=1.000 PeakMF=0.683
[Ep   600 | Step   288,000/2,000,000 | 315 sps] R=-1727.6 C=  44 Safe=91.25% SAI=0.338 Jain=1.000 PeakMF=0.689
[Ep   650 | Step   312,000/2,000,000 | 316 sps] R=-1699.2 C=  32 Safe=95.00% SAI=0.343 Jain=1.000 PeakMF=0.685
[Ep   700 | Step   336,000/2,000,000 | 316 sps] R=-1569.2 C=  14 Safe=97.08% SAI=0.339 Jain=1.000 PeakMF=0.682
[Ep   750 | Step   360,000/2,000,000 | 316 sps] R=-1621.6 C=  36 Safe=93.33% SAI=0.339 Jain=1.000 PeakMF=0.685
[Ep   800 | Step   384,000/2,000,000 | 315 sps] R=-2039.6 C= 133 Safe=82.92% SAI=0.336 Jain=1.000 PeakMF=0.692
[Ep   850 | Step   408,000/2,000,000 | 315 sps] R=-1525.9 C=  18 Safe=96.88% SAI=0.338 Jain=1.000 PeakMF=0.687
[Ep   900 | Step   432,000/2,000,000 | 315 sps] R=-1636.3 C=  52 Safe=91.46% SAI=0.338 Jain=1.000 PeakMF=0.689
[Ep   950 | Step   456,000/2,000,000 | 315 sps] R=-1604.9 C=  46 Safe=92.08% SAI=0.338 Jain=1.000 PeakMF=0.690
[Ep  1000 | Step   480,000/2,000,000 | 315 sps] R=-1687.7 C=  62 Safe=89.38% SAI=0.338 Jain=1.000 PeakMF=0.694
[Ep  1050 | Step   504,000/2,000,000 | 315 sps] R=-1972.1 C= 133 Safe=81.67% SAI=0.337 Jain=1.000 PeakMF=0.695
[Ep  1100 | Step   528,000/2,000,000 | 315 sps] R=-1471.8 C=  25 Safe=95.62% SAI=0.337 Jain=1.000 PeakMF=0.693
[Ep  1150 | Step   552,000/2,000,000 | 315 sps] R=-1471.7 C=  31 Safe=94.79% SAI=0.337 Jain=1.000 PeakMF=0.695
[Ep  1200 | Step   576,000/2,000,000 | 315 sps] R=-1619.7 C=  61 Safe=90.42% SAI=0.336 Jain=1.000 PeakMF=0.696
[Ep  1250 | Step   600,000/2,000,000 | 315 sps] R=-1379.9 C=   6 Safe=99.17% SAI=0.336 Jain=1.000 PeakMF=0.694
[Ep  1300 | Step   624,000/2,000,000 | 315 sps] R=-1520.6 C=  40 Safe=92.71% SAI=0.335 Jain=1.000 PeakMF=0.695
[Ep  1350 | Step   648,000/2,000,000 | 315 sps] R=-1473.8 C=  31 Safe=94.38% SAI=0.336 Jain=1.000 PeakMF=0.695
[Ep  1400 | Step   672,000/2,000,000 | 315 sps] R=-1457.6 C=  27 Safe=95.21% SAI=0.336 Jain=1.000 PeakMF=0.694
[Ep  1450 | Step   696,000/2,000,000 | 315 sps] R=-1668.4 C=  72 Safe=89.79% SAI=0.337 Jain=1.000 PeakMF=0.694
[Ep  1500 | Step   720,000/2,000,000 | 315 sps] R=-1382.1 C=  10 Safe=98.12% SAI=0.337 Jain=1.000 PeakMF=0.691
[Ep  1550 | Step   744,000/2,000,000 | 315 sps] R=-1649.3 C=  70 Safe=89.79% SAI=0.336 Jain=1.000 PeakMF=0.695
[Ep  1600 | Step   768,000/2,000,000 | 315 sps] R=-1381.5 C=   6 Safe=98.96% SAI=0.338 Jain=1.000 PeakMF=0.693
[Ep  1650 | Step   792,000/2,000,000 | 315 sps] R=-1448.8 C=  28 Safe=96.04% SAI=0.337 Jain=1.000 PeakMF=0.695
[Ep  1700 | Step   816,000/2,000,000 | 315 sps] R=-1404.4 C=  18 Safe=96.67% SAI=0.337 Jain=1.000 PeakMF=0.696
[Ep  1750 | Step   840,000/2,000,000 | 315 sps] R=-1410.7 C=  18 Safe=97.29% SAI=0.337 Jain=1.000 PeakMF=0.695
[Ep  1800 | Step   864,000/2,000,000 | 315 sps] R=-1419.6 C=  21 Safe=96.88% SAI=0.336 Jain=1.000 PeakMF=0.694
[Ep  1850 | Step   888,000/2,000,000 | 315 sps] R=-1477.9 C=  33 Safe=94.79% SAI=0.336 Jain=1.000 PeakMF=0.697
[Ep  1900 | Step   912,000/2,000,000 | 315 sps] R=-1416.2 C=  19 Safe=97.50% SAI=0.336 Jain=1.000 PeakMF=0.694
[Ep  1950 | Step   936,000/2,000,000 | 315 sps] R=-1453.3 C=  29 Safe=96.25% SAI=0.336 Jain=1.000 PeakMF=0.694
[Ep  2000 | Step   960,000/2,000,000 | 315 sps] R=-1517.8 C=  44 Safe=93.12% SAI=0.336 Jain=1.000 PeakMF=0.696
[Ep  2050 | Step   984,000/2,000,000 | 315 sps] R=-1400.6 C=  13 Safe=97.71% SAI=0.337 Jain=1.000 PeakMF=0.695
[Ep  2100 | Step 1,008,000/2,000,000 | 315 sps] R=-1435.3 C=  23 Safe=96.46% SAI=0.337 Jain=1.000 PeakMF=0.691
[Ep  2150 | Step 1,032,000/2,000,000 | 315 sps] R=-1366.9 C=   5 Safe=98.96% SAI=0.338 Jain=1.000 PeakMF=0.694
[Ep  2200 | Step 1,056,000/2,000,000 | 315 sps] R=-1384.1 C=  13 Safe=97.71% SAI=0.337 Jain=1.000 PeakMF=0.694
[Ep  2250 | Step 1,080,000/2,000,000 | 315 sps] R=-1676.8 C=  76 Safe=89.58% SAI=0.336 Jain=1.000 PeakMF=0.693
[Ep  2300 | Step 1,104,000/2,000,000 | 315 sps] R=-1475.7 C=  31 Safe=95.21% SAI=0.336 Jain=1.000 PeakMF=0.692
[Ep  2350 | Step 1,128,000/2,000,000 | 315 sps] R=-1401.2 C=  20 Safe=96.25% SAI=0.336 Jain=1.000 PeakMF=0.697
[Ep  2400 | Step 1,152,000/2,000,000 | 315 sps] R=-1371.2 C=  10 Safe=98.12% SAI=0.337 Jain=1.000 PeakMF=0.693
[Ep  2450 | Step 1,176,000/2,000,000 | 315 sps] R=-1353.9 C=  12 Safe=98.12% SAI=0.337 Jain=1.000 PeakMF=0.695
[Ep  2500 | Step 1,200,000/2,000,000 | 315 sps] R=-1565.4 C=  58 Safe=92.29% SAI=0.337 Jain=1.000 PeakMF=0.696
[Ep  2550 | Step 1,224,000/2,000,000 | 315 sps] R=-1438.5 C=  30 Safe=95.42% SAI=0.336 Jain=1.000 PeakMF=0.697
[Ep  2600 | Step 1,248,000/2,000,000 | 315 sps] R=-1484.5 C=  39 Safe=94.79% SAI=0.337 Jain=1.000 PeakMF=0.695
[Ep  2650 | Step 1,272,000/2,000,000 | 315 sps] R=-1434.6 C=  29 Safe=94.79% SAI=0.336 Jain=1.000 PeakMF=0.693
[Ep  2700 | Step 1,296,000/2,000,000 | 315 sps] R=-1372.5 C=  18 Safe=96.25% SAI=0.336 Jain=1.000 PeakMF=0.695
[Ep  2750 | Step 1,320,000/2,000,000 | 315 sps] R=-1363.8 C=  13 Safe=97.29% SAI=0.337 Jain=1.000 PeakMF=0.695
[Ep  2800 | Step 1,344,000/2,000,000 | 315 sps] R=-1828.2 C= 113 Safe=85.62% SAI=0.335 Jain=1.000 PeakMF=0.695
[Ep  2850 | Step 1,368,000/2,000,000 | 315 sps] R=-1360.2 C=  15 Safe=97.71% SAI=0.337 Jain=1.000 PeakMF=0.696
[Ep  2900 | Step 1,392,000/2,000,000 | 315 sps] R=-1343.0 C=  13 Safe=97.50% SAI=0.336 Jain=1.000 PeakMF=0.695Using device: cuda
Path G: loading pre-computed profiles from /root/hcmarl_project/config/pathg_profiles.json
Generating demonstrations from calibrated profiles (Eq 35 controller)...
  Generated 102 demonstrations from 34 workers
  HELDOUT_NLL model selection for K:
    K=1: heldout_nll=617.5885
    K=2: heldout_nll=601.5789
    K=3: heldout_nll=2524068.7500
    K=4: heldout_nll=241.7762
    K=5: heldout_nll=7382.7100
  Selected K=4 (lowest heldout_nll=241.7762)

--- MMICRL Type Discovery Results ---
  Demonstrations: 102
  Types discovered: 4
  Type proportions: ['0.39', '0.07', '0.49', '0.05']
  Mutual information I(tau;z): 0.0000
  Objective value: 0.0000
  Learned thresholds per type (raw):
    Type 0: {shoulder: 0.286}
    Type 1: {shoulder: 0.212}
    Type 2: {shoulder: 0.195}
    Type 3: {shoulder: 0.235}
  WARNING: MI (0.0000) < 0.01 -- latent types are behaviorally indistinguishable on this demo set. Effective per-worker theta will fall back to config floors (no MMICRL contribution). Consider multi-muscle demos or lambda1 tuning to restore discrimination.
  Results saved to logs/ablation_no_nswf/seed_7/mmicrl/mmicrl_results.json
Using MMICRL-learned thresholds for 6 workers (4 types, rescaled into [floor,1]; floors: {'shoulder': 0.7, 'ankle': 0.8, 'knee': 0.6, 'elbow': 0.45, 'trunk': 0.65, 'grip': 0.45})
  Effective per-worker theta_max: {'worker_0': {'shoulder': 0.7}, 'worker_1': {'shoulder': 0.7}, 'worker_2': {'shoulder': 0.7}, 'worker_3': {'shoulder': 0.7}, 'worker_4': {'shoulder': 0.7}, 'worker_5': {'shoulder': 0.7}}
============================================================
HC-MARL Training: HC-MARL (MAPPO + ECBF + NSWF)
Seed: 7 | Device: cuda | Workers: 6
Total steps: 2,000,000 | Eval every: 50,000
Checkpoint dir: checkpoints/ablation_no_nswf/seed_7
============================================================
[Ep    50 | Step    24,000/2,000,000 | 313 sps] R=-9347.9 C= 983 Safe=48.33% SAI=0.422 Jain=1.000 PeakMF=0.686
[Ep   100 | Step    48,000/2,000,000 | 314 sps] R=-5130.8 C= 350 Safe=75.21% SAI=0.425 Jain=1.000 PeakMF=0.689
[Ep   150 | Step    72,000/2,000,000 | 315 sps] R=-3878.8 C= 259 Safe=68.12% SAI=0.389 Jain=1.000 PeakMF=0.689
[Ep   200 | Step    96,000/2,000,000 | 315 sps] R=-3764.4 C= 242 Safe=63.96% SAI=0.388 Jain=1.000 PeakMF=0.688
[Ep   250 | Step   120,000/2,000,000 | 315 sps] R=-3887.3 C= 293 Safe=68.33% SAI=0.380 Jain=1.000 PeakMF=0.688
[Ep   300 | Step   144,000/2,000,000 | 315 sps] R=-2983.8 C= 160 Safe=72.50% SAI=0.372 Jain=1.000 PeakMF=0.682
[Ep   350 | Step   168,000/2,000,000 | 315 sps] R=-2414.9 C= 103 Safe=87.92% SAI=0.355 Jain=1.000 PeakMF=0.688
[Ep   400 | Step   192,000/2,000,000 | 315 sps] R=-2340.7 C= 123 Safe=80.21% SAI=0.353 Jain=1.000 PeakMF=0.685
[Ep   450 | Step   216,000/2,000,000 | 315 sps] R=-2241.2 C= 117 Safe=77.92% SAI=0.346 Jain=1.000 PeakMF=0.687
[Ep   500 | Step   240,000/2,000,000 | 315 sps] R=-1723.5 C=  25 Safe=95.42% SAI=0.342 Jain=1.000 PeakMF=0.679
[Ep   550 | Step   264,000/2,000,000 | 315 sps] R=-1671.3 C=  27 Safe=94.79% SAI=0.342 Jain=1.000 PeakMF=0.684
[Ep   600 | Step   288,000/2,000,000 | 315 sps] R=-1874.4 C=  69 Safe=86.88% SAI=0.345 Jain=1.000 PeakMF=0.688
[Ep   650 | Step   312,000/2,000,000 | 315 sps] R=-1635.3 C=  30 Safe=94.58% SAI=0.341 Jain=1.000 PeakMF=0.689
[Ep   700 | Step   336,000/2,000,000 | 315 sps] R=-1833.5 C=  81 Safe=89.79% SAI=0.340 Jain=1.000 PeakMF=0.689
[Ep   750 | Step   360,000/2,000,000 | 315 sps] R=-1593.7 C=  37 Safe=93.54% SAI=0.337 Jain=1.000 PeakMF=0.689
[Ep   800 | Step   384,000/2,000,000 | 315 sps] R=-1537.9 C=  27 Safe=95.62% SAI=0.338 Jain=1.000 PeakMF=0.685
[Ep   850 | Step   408,000/2,000,000 | 315 sps] R=-1521.5 C=  24 Safe=95.42% SAI=0.336 Jain=1.000 PeakMF=0.690
[Ep   900 | Step   432,000/2,000,000 | 315 sps] R=-1477.2 C=  17 Safe=97.50% SAI=0.337 Jain=1.000 PeakMF=0.688
[Ep   950 | Step   456,000/2,000,000 | 315 sps] R=-1417.7 C=   7 Safe=98.75% SAI=0.337 Jain=1.000 PeakMF=0.692
[Ep  1000 | Step   480,000/2,000,000 | 315 sps] R=-1484.4 C=  27 Safe=95.00% SAI=0.338 Jain=1.000 PeakMF=0.690
[Ep  1050 | Step   504,000/2,000,000 | 315 sps] R=-1388.6 C=   0 Safe=100.00% SAI=0.338 Jain=1.000 PeakMF=0.692
[Ep  1100 | Step   528,000/2,000,000 | 315 sps] R=-1432.7 C=  16 Safe=97.50% SAI=0.337 Jain=1.000 PeakMF=0.692
[Ep  1150 | Step   552,000/2,000,000 | 315 sps] R=-1589.7 C=  53 Safe=92.71% SAI=0.337 Jain=1.000 PeakMF=0.693
[Ep  1200 | Step   576,000/2,000,000 | 315 sps] R=-1499.0 C=  33 Safe=95.62% SAI=0.337 Jain=1.000 PeakMF=0.694
[Ep  1250 | Step   600,000/2,000,000 | 315 sps] R=-1450.2 C=  21 Safe=96.46% SAI=0.336 Jain=1.000 PeakMF=0.694
[Ep  1300 | Step   624,000/2,000,000 | 315 sps] R=-1527.3 C=  40 Safe=92.92% SAI=0.336 Jain=1.000 PeakMF=0.694
[Ep  1350 | Step   648,000/2,000,000 | 315 sps] R=-1450.9 C=  23 Safe=97.08% SAI=0.337 Jain=1.000 PeakMF=0.695
[Ep  1400 | Step   672,000/2,000,000 | 315 sps] R=-1354.8 C=   3 Safe=99.38% SAI=0.336 Jain=1.000 PeakMF=0.695
[Ep  1450 | Step   696,000/2,000,000 | 315 sps] R=-1419.3 C=  21 Safe=96.67% SAI=0.337 Jain=1.000 PeakMF=0.695
[Ep  1500 | Step   720,000/2,000,000 | 315 sps] R=-1396.7 C=  15 Safe=97.29% SAI=0.337 Jain=1.000 PeakMF=0.695
[Ep  1550 | Step   744,000/2,000,000 | 315 sps] R=-1589.0 C=  52 Safe=93.54% SAI=0.336 Jain=1.000 PeakMF=0.695
[Ep  1600 | Step   768,000/2,000,000 | 315 sps] R=-1371.0 C=  10 Safe=98.54% SAI=0.335 Jain=1.000 PeakMF=0.695
[Ep  1650 | Step   792,000/2,000,000 | 315 sps] R=-1431.9 C=  24 Safe=96.67% SAI=0.336 Jain=1.000 PeakMF=0.696
[Ep  1700 | Step   816,000/2,000,000 | 315 sps] R=-1451.7 C=  27 Safe=96.46% SAI=0.336 Jain=1.000 PeakMF=0.694
[Ep  1750 | Step   840,000/2,000,000 | 315 sps] R=-1390.8 C=  14 Safe=97.92% SAI=0.336 Jain=1.000 PeakMF=0.696
[Ep  1800 | Step   864,000/2,000,000 | 315 sps] R=-1356.1 C=   5 Safe=99.17% SAI=0.336 Jain=1.000 PeakMF=0.695
[Ep  1850 | Step   888,000/2,000,000 | 315 sps] R=-1448.1 C=  23 Safe=96.67% SAI=0.336 Jain=1.000 PeakMF=0.695
[Ep  1900 | Step   912,000/2,000,000 | 315 sps] R=-1400.8 C=  18 Safe=96.46% SAI=0.336 Jain=1.000 PeakMF=0.696
[Ep  1950 | Step   936,000/2,000,000 | 315 sps] R=-1563.6 C=  52 Safe=92.29% SAI=0.337 Jain=1.000 PeakMF=0.696
[Ep  2000 | Step   960,000/2,000,000 | 315 sps] R=-1382.8 C=   8 Safe=98.75% SAI=0.337 Jain=1.000 PeakMF=0.694
[Ep  2050 | Step   984,000/2,000,000 | 316 sps] R=-1445.5 C=  21 Safe=96.04% SAI=0.335 Jain=1.000 PeakMF=0.695
[Ep  2100 | Step 1,008,000/2,000,000 | 316 sps] R=-1366.7 C=  10 Safe=97.92% SAI=0.336 Jain=1.000 PeakMF=0.692
[Ep  2150 | Step 1,032,000/2,000,000 | 316 sps] R=-1464.4 C=  25 Safe=96.88% SAI=0.337 Jain=1.000 PeakMF=0.689
[Ep  2200 | Step 1,056,000/2,000,000 | 316 sps] R=-1335.9 C=   2 Safe=99.79% SAI=0.337 Jain=1.000 PeakMF=0.694
[Ep  2250 | Step 1,080,000/2,000,000 | 316 sps] R=-1716.0 C=  85 Safe=90.00% SAI=0.336 Jain=1.000 PeakMF=0.695
[Ep  2300 | Step 1,104,000/2,000,000 | 316 sps] R=-1506.2 C=  39 Safe=92.71% SAI=0.336 Jain=1.000 PeakMF=0.696
[Ep  2350 | Step 1,128,000/2,000,000 | 316 sps] R=-1395.1 C=  17 Safe=96.88% SAI=0.335 Jain=1.000 PeakMF=0.696
[Ep  2400 | Step 1,152,000/2,000,000 | 316 sps] R=-1343.7 C=   8 Safe=98.33% SAI=0.336 Jain=1.000 PeakMF=0.694
[Ep  2450 | Step 1,176,000/2,000,000 | 316 sps] R=-1417.6 C=  23 Safe=97.50% SAI=0.336 Jain=1.000 PeakMF=0.692
[Ep  2500 | Step 1,200,000/2,000,000 | 316 sps] R=-1494.2 C=  40 Safe=93.12% SAI=0.336 Jain=1.000 PeakMF=0.693
[Ep  2550 | Step 1,224,000/2,000,000 | 316 sps] R=-1528.7 C=  50 Safe=92.08% SAI=0.336 Jain=1.000 PeakMF=0.696
[Ep  2600 | Step 1,248,000/2,000,000 | 316 sps] R=-1383.6 C=  19 Safe=96.88% SAI=0.336 Jain=1.000 PeakMF=0.696
[Ep  2650 | Step 1,272,000/2,000,000 | 316 sps] R=-1339.9 C=  10 Safe=98.12% SAI=0.336 Jain=1.000 PeakMF=0.695
[Ep  2700 | Step 1,296,000/2,000,000 | 316 sps] R=-1308.7 C=   3 Safe=99.38% SAI=0.336 Jain=1.000 PeakMF=0.694
[Ep  2750 | Step 1,320,000/2,000,000 | 316 sps] R=-1346.5 C=  12 Safe=97.92% SAI=0.337 Jain=1.000 PeakMF=0.695
[Ep  2800 | Step 1,344,000/2,000,000 | 316 sps] R=-1312.3 C=   6 Safe=98.75% SAI=0.336 Jain=1.000 PeakMF=0.696
[Ep  2850 | Step 1,368,000/2,000,000 | 316 sps] R=-1313.6 C=   5 Safe=99.17% SAI=0.337 Jain=1.000 PeakMF=0.696
[Ep  2900 | Step 1,392,000/2,000,000 | 316 sps] R=-1385.4 C=  20 Safe=95.83% SAI=0.336 Jain=1.000 PeakMF=0.696Using device: cuda
Path G: loading pre-computed profiles from /root/hcmarl_project/config/pathg_profiles.json
Generating demonstrations from calibrated profiles (Eq 35 controller)...
  Generated 102 demonstrations from 34 workers
  HELDOUT_NLL model selection for K:
    K=1: heldout_nll=3435.6345
    K=2: heldout_nll=116535.0938
    K=3: heldout_nll=-11.9318
    K=4: heldout_nll=14426030.0000
    K=5: heldout_nll=17284.2617
  Selected K=3 (lowest heldout_nll=-11.9318)

--- MMICRL Type Discovery Results ---
  Demonstrations: 102
  Types discovered: 3
  Type proportions: ['0.32', '0.33', '0.34']
  Mutual information I(tau;z): 0.0000
  Objective value: 0.0000
  Learned thresholds per type (raw):
    Type 0: {shoulder: 0.184}
    Type 1: {shoulder: 0.293}
    Type 2: {shoulder: 0.241}
  WARNING: MI (0.0000) < 0.01 -- latent types are behaviorally indistinguishable on this demo set. Effective per-worker theta will fall back to config floors (no MMICRL contribution). Consider multi-muscle demos or lambda1 tuning to restore discrimination.
  Results saved to logs/ablation_no_nswf/seed_6/mmicrl/mmicrl_results.json
Using MMICRL-learned thresholds for 6 workers (3 types, rescaled into [floor,1]; floors: {'shoulder': 0.7, 'ankle': 0.8, 'knee': 0.6, 'elbow': 0.45, 'trunk': 0.65, 'grip': 0.45})
  Effective per-worker theta_max: {'worker_0': {'shoulder': 0.7}, 'worker_1': {'shoulder': 0.7}, 'worker_2': {'shoulder': 0.7}, 'worker_3': {'shoulder': 0.7}, 'worker_4': {'shoulder': 0.7}, 'worker_5': {'shoulder': 0.7}}
============================================================
HC-MARL Training: HC-MARL (MAPPO + ECBF + NSWF)
Seed: 6 | Device: cuda | Workers: 6
Total steps: 2,000,000 | Eval every: 50,000
Checkpoint dir: checkpoints/ablation_no_nswf/seed_6
============================================================
[Ep    50 | Step    24,000/2,000,000 | 316 sps] R=-5209.7 C= 350 Safe=73.54% SAI=0.440 Jain=1.000 PeakMF=0.672
[Ep   100 | Step    48,000/2,000,000 | 315 sps] R=-4299.3 C= 200 Safe=78.54% SAI=0.424 Jain=1.000 PeakMF=0.683
[Ep   150 | Step    72,000/2,000,000 | 315 sps] R=-6124.9 C= 678 Safe=45.83% SAI=0.386 Jain=1.000 PeakMF=0.697
[Ep   200 | Step    96,000/2,000,000 | 315 sps] R=-2987.8 C= 117 Safe=83.33% SAI=0.381 Jain=1.000 PeakMF=0.686
[Ep   250 | Step   120,000/2,000,000 | 315 sps] R=-3419.7 C= 246 Safe=64.38% SAI=0.372 Jain=1.000 PeakMF=0.687
[Ep   300 | Step   144,000/2,000,000 | 315 sps] R=-2159.9 C=  21 Safe=96.04% SAI=0.366 Jain=1.000 PeakMF=0.680
[Ep   350 | Step   168,000/2,000,000 | 315 sps] R=-2088.8 C=  59 Safe=90.62% SAI=0.355 Jain=1.000 PeakMF=0.683
[Ep   400 | Step   192,000/2,000,000 | 315 sps] R=-1957.6 C=  30 Safe=94.38% SAI=0.351 Jain=1.000 PeakMF=0.691
[Ep   450 | Step   216,000/2,000,000 | 315 sps] R=-1788.3 C=  43 Safe=93.54% SAI=0.342 Jain=1.000 PeakMF=0.683
[Ep   500 | Step   240,000/2,000,000 | 315 sps] R=-1662.4 C=  17 Safe=96.46% SAI=0.343 Jain=1.000 PeakMF=0.682
[Ep   550 | Step   264,000/2,000,000 | 315 sps] R=-1763.1 C=  56 Safe=90.00% SAI=0.340 Jain=1.000 PeakMF=0.685
[Ep   600 | Step   288,000/2,000,000 | 315 sps] R=-1679.1 C=  27 Safe=95.00% SAI=0.343 Jain=1.000 PeakMF=0.686
[Ep   650 | Step   312,000/2,000,000 | 315 sps] R=-1509.3 C=   8 Safe=98.54% SAI=0.338 Jain=1.000 PeakMF=0.686
[Ep   700 | Step   336,000/2,000,000 | 315 sps] R=-1556.5 C=  25 Safe=95.83% SAI=0.336 Jain=1.000 PeakMF=0.688
[Ep   750 | Step   360,000/2,000,000 | 315 sps] R=-1458.2 C=   5 Safe=98.96% SAI=0.338 Jain=1.000 PeakMF=0.683
[Ep   800 | Step   384,000/2,000,000 | 315 sps] R=-1629.8 C=  49 Safe=91.25% SAI=0.335 Jain=1.000 PeakMF=0.689
[Ep   850 | Step   408,000/2,000,000 | 315 sps] R=-1807.4 C=  92 Safe=87.71% SAI=0.337 Jain=1.000 PeakMF=0.687
[Ep   900 | Step   432,000/2,000,000 | 315 sps] R=-1457.5 C=  19 Safe=96.67% SAI=0.337 Jain=1.000 PeakMF=0.690
[Ep   950 | Step   456,000/2,000,000 | 315 sps] R=-1402.7 C=   7 Safe=98.54% SAI=0.337 Jain=1.000 PeakMF=0.688
[Ep  1000 | Step   480,000/2,000,000 | 315 sps] R=-1442.6 C=  13 Safe=98.33% SAI=0.337 Jain=1.000 PeakMF=0.693
[Ep  1050 | Step   504,000/2,000,000 | 315 sps] R=-1460.4 C=  21 Safe=96.25% SAI=0.337 Jain=1.000 PeakMF=0.688
[Ep  1100 | Step   528,000/2,000,000 | 315 sps] R=-1420.1 C=  11 Safe=98.12% SAI=0.336 Jain=1.000 PeakMF=0.689
[Ep  1150 | Step   552,000/2,000,000 | 315 sps] R=-1485.5 C=  29 Safe=94.58% SAI=0.336 Jain=1.000 PeakMF=0.692
[Ep  1200 | Step   576,000/2,000,000 | 315 sps] R=-1434.9 C=  20 Safe=96.46% SAI=0.336 Jain=1.000 PeakMF=0.692
[Ep  1250 | Step   600,000/2,000,000 | 315 sps] R=-1474.7 C=  32 Safe=94.17% SAI=0.337 Jain=1.000 PeakMF=0.693
[Ep  1300 | Step   624,000/2,000,000 | 315 sps] R=-1391.2 C=  13 Safe=97.29% SAI=0.337 Jain=1.000 PeakMF=0.694
[Ep  1350 | Step   648,000/2,000,000 | 315 sps] R=-1416.3 C=  20 Safe=95.83% SAI=0.336 Jain=1.000 PeakMF=0.695
[Ep  1400 | Step   672,000/2,000,000 | 315 sps] R=-1451.8 C=  28 Safe=96.04% SAI=0.337 Jain=1.000 PeakMF=0.694
[Ep  1450 | Step   696,000/2,000,000 | 315 sps] R=-1402.5 C=  15 Safe=97.29% SAI=0.337 Jain=1.000 PeakMF=0.690
[Ep  1500 | Step   720,000/2,000,000 | 315 sps] R=-1351.7 C=   3 Safe=99.38% SAI=0.336 Jain=1.000 PeakMF=0.694
[Ep  1550 | Step   744,000/2,000,000 | 315 sps] R=-1453.2 C=  29 Safe=95.62% SAI=0.337 Jain=1.000 PeakMF=0.695
[Ep  1600 | Step   768,000/2,000,000 | 315 sps] R=-1406.1 C=  19 Safe=96.88% SAI=0.336 Jain=1.000 PeakMF=0.695
[Ep  1650 | Step   792,000/2,000,000 | 315 sps] R=-1602.6 C=  63 Safe=92.92% SAI=0.336 Jain=1.000 PeakMF=0.695
[Ep  1700 | Step   816,000/2,000,000 | 315 sps] R=-1381.6 C=  13 Safe=98.12% SAI=0.337 Jain=1.000 PeakMF=0.696
[Ep  1750 | Step   840,000/2,000,000 | 315 sps] R=-1466.1 C=  31 Safe=94.58% SAI=0.337 Jain=1.000 PeakMF=0.695
[Ep  1800 | Step   864,000/2,000,000 | 315 sps] R=-1758.1 C=  90 Safe=89.17% SAI=0.337 Jain=1.000 PeakMF=0.695
[Ep  1850 | Step   888,000/2,000,000 | 315 sps] R=-1444.5 C=  24 Safe=96.25% SAI=0.336 Jain=1.000 PeakMF=0.694
[Ep  1900 | Step   912,000/2,000,000 | 315 sps] R=-1347.3 C=   8 Safe=98.96% SAI=0.336 Jain=1.000 PeakMF=0.692
[Ep  1950 | Step   936,000/2,000,000 | 315 sps] R=-1387.8 C=  10 Safe=98.54% SAI=0.337 Jain=1.000 PeakMF=0.693
[Ep  2000 | Step   960,000/2,000,000 | 315 sps] R=-1400.0 C=  16 Safe=97.50% SAI=0.337 Jain=1.000 PeakMF=0.692
[Ep  2050 | Step   984,000/2,000,000 | 315 sps] R=-1330.8 C=   2 Safe=99.58% SAI=0.337 Jain=1.000 PeakMF=0.694
[Ep  2100 | Step 1,008,000/2,000,000 | 315 sps] R=-1428.2 C=  24 Safe=95.83% SAI=0.337 Jain=1.000 PeakMF=0.696
[Ep  2150 | Step 1,032,000/2,000,000 | 315 sps] R=-1422.9 C=  24 Safe=96.04% SAI=0.336 Jain=1.000 PeakMF=0.695
[Ep  2200 | Step 1,056,000/2,000,000 | 315 sps] R=-1385.0 C=  16 Safe=97.08% SAI=0.336 Jain=1.000 PeakMF=0.696
[Ep  2250 | Step 1,080,000/2,000,000 | 315 sps] R=-1358.9 C=   8 Safe=98.54% SAI=0.337 Jain=1.000 PeakMF=0.695
[Ep  2300 | Step 1,104,000/2,000,000 | 315 sps] R=-1375.4 C=  11 Safe=98.33% SAI=0.337 Jain=1.000 PeakMF=0.694
[Ep  2350 | Step 1,128,000/2,000,000 | 315 sps] R=-1351.9 C=   8 Safe=98.33% SAI=0.337 Jain=1.000 PeakMF=0.694
[Ep  2400 | Step 1,152,000/2,000,000 | 315 sps] R=-1359.7 C=  11 Safe=98.54% SAI=0.337 Jain=1.000 PeakMF=0.695
[Ep  2450 | Step 1,176,000/2,000,000 | 315 sps] R=-1333.0 C=   7 Safe=98.54% SAI=0.336 Jain=1.000 PeakMF=0.696
[Ep  2500 | Step 1,200,000/2,000,000 | 315 sps] R=-1358.8 C=  14 Safe=97.29% SAI=0.337 Jain=1.000 PeakMF=0.697
[Ep  2550 | Step 1,224,000/2,000,000 | 315 sps] R=-1382.1 C=  15 Safe=96.88% SAI=0.336 Jain=1.000 PeakMF=0.697
[Ep  2600 | Step 1,248,000/2,000,000 | 315 sps] R=-1367.5 C=  15 Safe=97.71% SAI=0.337 Jain=1.000 PeakMF=0.694
[Ep  2650 | Step 1,272,000/2,000,000 | 315 sps] R=-1343.0 C=  10 Safe=97.92% SAI=0.337 Jain=1.000 PeakMF=0.697
[Ep  2700 | Step 1,296,000/2,000,000 | 315 sps] R=-1380.4 C=  20 Safe=96.88% SAI=0.336 Jain=1.000 PeakMF=0.696
[Ep  2750 | Step 1,320,000/2,000,000 | 315 sps] R=-1337.3 C=   9 Safe=98.33% SAI=0.337 Jain=1.000 PeakMF=0.694
[Ep  2800 | Step 1,344,000/2,000,000 | 315 sps] R=-1337.4 C=   3 Safe=99.38% SAI=0.337 Jain=1.000 PeakMF=0.694
[Ep  2850 | Step 1,368,000/2,000,000 | 315 sps] R=-1747.7 C=  95 Safe=88.75% SAI=0.336 Jain=1.000 PeakMF=0.695
[Ep  2900 | Step 1,392,000/2,000,000 | 315 sps] R=-1384.0 C=  19 Safe=96.67% SAI=0.337 Jain=1.000 PeakMF=0.696Using device: cuda
Path G: loading pre-computed profiles from /root/hcmarl_project/config/pathg_profiles.json
Generating demonstrations from calibrated profiles (Eq 35 controller)...
  Generated 102 demonstrations from 34 workers
  HELDOUT_NLL model selection for K:
    K=1: heldout_nll=1348.3375
    K=2: heldout_nll=573130.7500
    K=3: heldout_nll=1366454.3750
    K=4: heldout_nll=141.8912
    K=5: heldout_nll=9966.7109
  Selected K=4 (lowest heldout_nll=141.8912)

--- MMICRL Type Discovery Results ---
  Demonstrations: 102
  Types discovered: 4
  Type proportions: ['0.34', '0.25', '0.32', '0.09']
  Mutual information I(tau;z): 1.2910
  Objective value: 1.2910
  Learned thresholds per type (raw):
    Type 0: {shoulder: 0.305}
    Type 1: {shoulder: 0.221}
    Type 2: {shoulder: 0.184}
    Type 3: {shoulder: 0.161}
  Results saved to logs/ablation_no_nswf/seed_2/mmicrl/mmicrl_results.json
Using MMICRL-learned thresholds for 6 workers (4 types, rescaled into [floor,1]; floors: {'shoulder': 0.7, 'ankle': 0.8, 'knee': 0.6, 'elbow': 0.45, 'trunk': 0.65, 'grip': 0.45})
  Effective per-worker theta_max: {'worker_0': {'shoulder': 0.999}, 'worker_1': {'shoulder': 0.999}, 'worker_2': {'shoulder': 0.8248462596175734}, 'worker_3': {'shoulder': 0.7475827240482962}, 'worker_4': {'shoulder': 0.7475827240482962}, 'worker_5': {'shoulder': 0.7}}
============================================================
HC-MARL Training: HC-MARL (MAPPO + ECBF + NSWF)
Seed: 2 | Device: cuda | Workers: 6
Total steps: 2,000,000 | Eval every: 50,000
Checkpoint dir: checkpoints/ablation_no_nswf/seed_2
============================================================
[Ep    50 | Step    24,000/2,000,000 | 334 sps] R=-7906.2 C= 326 Safe=71.46% SAI=0.443 Jain=0.999 PeakMF=0.787
[Ep   100 | Step    48,000/2,000,000 | 324 sps] R=-4606.3 C=  83 Safe=86.46% SAI=0.421 Jain=0.999 PeakMF=0.751
[Ep   150 | Step    72,000/2,000,000 | 321 sps] R=-5048.0 C= 171 Safe=80.42% SAI=0.381 Jain=0.999 PeakMF=0.770
[Ep   200 | Step    96,000/2,000,000 | 319 sps] R=-3793.2 C=  46 Safe=90.42% SAI=0.379 Jain=0.999 PeakMF=0.735
[Ep   250 | Step   120,000/2,000,000 | 318 sps] R=-4432.9 C= 221 Safe=66.46% SAI=0.363 Jain=0.999 PeakMF=0.755
[Ep   300 | Step   144,000/2,000,000 | 318 sps] R=-4043.8 C= 138 Safe=71.25% SAI=0.360 Jain=0.999 PeakMF=0.766
[Ep   350 | Step   168,000/2,000,000 | 317 sps] R=-3270.0 C=  12 Safe=97.50% SAI=0.362 Jain=0.999 PeakMF=0.751
[Ep   400 | Step   192,000/2,000,000 | 317 sps] R=-3335.8 C=  72 Safe=85.42% SAI=0.349 Jain=0.999 PeakMF=0.750
[Ep   450 | Step   216,000/2,000,000 | 317 sps] R=-3462.9 C=  76 Safe=86.04% SAI=0.345 Jain=1.000 PeakMF=0.760
[Ep   500 | Step   240,000/2,000,000 | 317 sps] R=-3568.1 C=  94 Safe=80.62% SAI=0.347 Jain=1.000 PeakMF=0.768
[Ep   550 | Step   264,000/2,000,000 | 317 sps] R=-3096.4 C=  18 Safe=96.67% SAI=0.346 Jain=1.000 PeakMF=0.753
[Ep   600 | Step   288,000/2,000,000 | 316 sps] R=-3112.6 C=  21 Safe=95.83% SAI=0.344 Jain=1.000 PeakMF=0.757
[Ep   650 | Step   312,000/2,000,000 | 316 sps] R=-3239.1 C=  57 Safe=89.17% SAI=0.349 Jain=1.000 PeakMF=0.750
[Ep   700 | Step   336,000/2,000,000 | 316 sps] R=-3381.3 C=  82 Safe=83.33% SAI=0.342 Jain=1.000 PeakMF=0.754
[Ep   750 | Step   360,000/2,000,000 | 316 sps] R=-2990.2 C=  16 Safe=97.08% SAI=0.346 Jain=1.000 PeakMF=0.747
[Ep   800 | Step   384,000/2,000,000 | 316 sps] R=-2910.5 C=   2 Safe=99.58% SAI=0.349 Jain=1.000 PeakMF=0.746
[Ep   850 | Step   408,000/2,000,000 | 316 sps] R=-2951.9 C=   8 Safe=98.33% SAI=0.348 Jain=1.000 PeakMF=0.750
[Ep   900 | Step   432,000/2,000,000 | 316 sps] R=-3005.0 C=  21 Safe=96.04% SAI=0.346 Jain=1.000 PeakMF=0.751
[Ep   950 | Step   456,000/2,000,000 | 316 sps] R=-3016.9 C=  15 Safe=96.88% SAI=0.346 Jain=1.000 PeakMF=0.750
[Ep  1000 | Step   480,000/2,000,000 | 316 sps] R=-2908.7 C=   7 Safe=98.75% SAI=0.347 Jain=1.000 PeakMF=0.742
[Ep  1050 | Step   504,000/2,000,000 | 316 sps] R=-3068.0 C=  43 Safe=91.46% SAI=0.346 Jain=1.000 PeakMF=0.755
[Ep  1100 | Step   528,000/2,000,000 | 316 sps] R=-3166.5 C=  55 Safe=88.75% SAI=0.346 Jain=1.000 PeakMF=0.747
[Ep  1150 | Step   552,000/2,000,000 | 316 sps] R=-3053.3 C=  32 Safe=93.96% SAI=0.347 Jain=1.000 PeakMF=0.751
[Ep  1200 | Step   576,000/2,000,000 | 316 sps] R=-2866.9 C=   5 Safe=99.17% SAI=0.348 Jain=1.000 PeakMF=0.736
[Ep  1250 | Step   600,000/2,000,000 | 316 sps] R=-2818.9 C=   2 Safe=99.58% SAI=0.347 Jain=0.999 PeakMF=0.742
[Ep  1300 | Step   624,000/2,000,000 | 316 sps] R=-2880.6 C=   8 Safe=98.33% SAI=0.348 Jain=1.000 PeakMF=0.746
[Ep  1350 | Step   648,000/2,000,000 | 316 sps] R=-2870.4 C=  10 Safe=98.12% SAI=0.347 Jain=1.000 PeakMF=0.743
[Ep  1400 | Step   672,000/2,000,000 | 316 sps] R=-3060.5 C=  47 Safe=91.25% SAI=0.346 Jain=0.999 PeakMF=0.746
[Ep  1450 | Step   696,000/2,000,000 | 316 sps] R=-3257.5 C=  91 Safe=81.25% SAI=0.346 Jain=0.999 PeakMF=0.743
[Ep  1500 | Step   720,000/2,000,000 | 316 sps] R=-2904.7 C=  11 Safe=98.54% SAI=0.346 Jain=0.999 PeakMF=0.744
[Ep  1550 | Step   744,000/2,000,000 | 316 sps] R=-2820.5 C=   5 Safe=99.38% SAI=0.346 Jain=0.999 PeakMF=0.742
[Ep  1600 | Step   768,000/2,000,000 | 316 sps] R=-2788.3 C=   7 Safe=98.54% SAI=0.347 Jain=0.999 PeakMF=0.734
[Ep  1650 | Step   792,000/2,000,000 | 316 sps] R=-2800.0 C=   0 Safe=100.00% SAI=0.346 Jain=0.999 PeakMF=0.742
[Ep  1700 | Step   816,000/2,000,000 | 316 sps] R=-2797.6 C=   7 Safe=98.75% SAI=0.346 Jain=0.999 PeakMF=0.739
[Ep  1750 | Step   840,000/2,000,000 | 316 sps] R=-2796.7 C=   3 Safe=99.58% SAI=0.346 Jain=0.999 PeakMF=0.738
[Ep  1800 | Step   864,000/2,000,000 | 315 sps] R=-2761.3 C=   7 Safe=98.54% SAI=0.346 Jain=0.999 PeakMF=0.730
[Ep  1850 | Step   888,000/2,000,000 | 315 sps] R=-2823.5 C=  20 Safe=96.04% SAI=0.346 Jain=0.999 PeakMF=0.737
[Ep  1900 | Step   912,000/2,000,000 | 315 sps] R=-2743.8 C=   6 Safe=98.96% SAI=0.346 Jain=0.999 PeakMF=0.737
[Ep  1950 | Step   936,000/2,000,000 | 315 sps] R=-2801.2 C=  10 Safe=98.33% SAI=0.347 Jain=0.999 PeakMF=0.740
[Ep  2000 | Step   960,000/2,000,000 | 315 sps] R=-2752.6 C=   3 Safe=99.38% SAI=0.346 Jain=0.999 PeakMF=0.732
[Ep  2050 | Step   984,000/2,000,000 | 315 sps] R=-2811.3 C=   3 Safe=99.38% SAI=0.345 Jain=0.999 PeakMF=0.741
[Ep  2100 | Step 1,008,000/2,000,000 | 315 sps] R=-2760.7 C=   4 Safe=99.17% SAI=0.346 Jain=0.999 PeakMF=0.735
[Ep  2150 | Step 1,032,000/2,000,000 | 315 sps] R=-2839.6 C=   8 Safe=98.96% SAI=0.346 Jain=0.999 PeakMF=0.742
[Ep  2200 | Step 1,056,000/2,000,000 | 315 sps] R=-2802.1 C=   8 Safe=98.96% SAI=0.346 Jain=0.999 PeakMF=0.736
[Ep  2250 | Step 1,080,000/2,000,000 | 315 sps] R=-2952.9 C=  30 Safe=94.38% SAI=0.346 Jain=0.999 PeakMF=0.743
[Ep  2300 | Step 1,104,000/2,000,000 | 315 sps] R=-2735.8 C=   4 Safe=99.17% SAI=0.347 Jain=0.999 PeakMF=0.738
[Ep  2350 | Step 1,128,000/2,000,000 | 315 sps] R=-3026.9 C=  51 Safe=91.25% SAI=0.346 Jain=0.999 PeakMF=0.741
[Ep  2400 | Step 1,152,000/2,000,000 | 315 sps] R=-2796.5 C=   6 Safe=98.96% SAI=0.346 Jain=0.999 PeakMF=0.741
[Ep  2450 | Step 1,176,000/2,000,000 | 315 sps] R=-2746.9 C=   1 Safe=99.79% SAI=0.347 Jain=0.999 PeakMF=0.738
[Ep  2500 | Step 1,200,000/2,000,000 | 315 sps] R=-2898.1 C=  23 Safe=95.62% SAI=0.345 Jain=0.999 PeakMF=0.742
[Ep  2550 | Step 1,224,000/2,000,000 | 315 sps] R=-2785.7 C=   7 Safe=98.54% SAI=0.346 Jain=0.999 PeakMF=0.745
[Ep  2600 | Step 1,248,000/2,000,000 | 315 sps] R=-2936.5 C=  23 Safe=95.21% SAI=0.345 Jain=0.999 PeakMF=0.741
[Ep  2650 | Step 1,272,000/2,000,000 | 315 sps] R=-2831.8 C=   3 Safe=99.38% SAI=0.345 Jain=0.999 PeakMF=0.742
[Ep  2700 | Step 1,296,000/2,000,000 | 315 sps] R=-2814.4 C=   4 Safe=99.17% SAI=0.345 Jain=0.999 PeakMF=0.742
[Ep  2750 | Step 1,320,000/2,000,000 | 315 sps] R=-2910.1 C=  16 Safe=96.67% SAI=0.346 Jain=0.999 PeakMF=0.746
[Ep  2800 | Step 1,344,000/2,000,000 | 315 sps] R=-2783.8 C=   3 Safe=99.38% SAI=0.346 Jain=0.999 PeakMF=0.744
[Ep  2850 | Step 1,368,000/2,000,000 | 315 sps] R=-2832.7 C=   6 Safe=98.75% SAI=0.346 Jain=0.999 PeakMF=0.745
[Ep  2900 | Step 1,392,000/2,000,000 | 315 sps] R=-2894.3 C=  23 Safe=95.21% SAI=0.345 Jain=0.999 PeakMF=0.748
[Ep  2950 | Step 1,416,000/2,000,000 | 315 sps] R=-2742.0 C=   4 Safe=99.38% SAI=0.346 Jain=0.999 PeakMF=0.736
[Ep  3000 | Step 1,440,000/2,000,000 | 315 sps] R=-2913.6 C=  31 Safe=94.17% SAI=0.346 Jain=0.999 PeakMF=0.745
[Ep  3050 | Step 1,464,000/2,000,000 | 315 sps] R=-2792.1 C=   5 Safe=99.17% SAI=0.346 Jain=0.999 PeakMF=0.741
[Ep  3100 | Step 1,488,000/2,000,000 | 315 sps] R=-2736.2 C=   4 Safe=99.17% SAI=0.346 Jain=0.999 PeakMF=0.738
[Ep  3150 | Step 1,512,000/2,000,000 | 315 sps] R=-2752.6 C=   1 Safe=99.79% SAI=0.347 Jain=0.999 PeakMF=0.739
[Ep  3200 | Step 1,536,000/2,000,000 | 315 sps] R=-2786.4 C=   8 Safe=98.33% SAI=0.346 Jain=0.999 PeakMF=0.739
[Ep  3250 | Step 1,560,000/2,000,000 | 315 sps] R=-2763.7 C=   1 Safe=99.79% SAI=0.346 Jain=0.999 PeakMF=0.735
[Ep  3300 | Step 1,584,000/2,000,000 | 315 sps] R=-2913.4 C=  30 Safe=93.96% SAI=0.346 Jain=0.999 PeakMF=0.737
[Ep  3350 | Step 1,608,000/2,000,000 | 315 sps] R=-2771.0 C=   4 Safe=99.17% SAI=0.346 Jain=0.999 PeakMF=0.739
[Ep  3400 | Step 1,632,000/2,000,000 | 315 sps] R=-2730.4 C=   1 Safe=99.79% SAI=0.346 Jain=0.999 PeakMF=0.733
[Ep  3450 | Step 1,656,000/2,000,000 | 315 sps] R=-2729.9 C=   3 Safe=99.38% SAI=0.346 Jain=0.999 PeakMF=0.739
[Ep  3500 | Step 1,680,000/2,000,000 | 315 sps] R=-2771.6 C=   5 Safe=98.96% SAI=0.345 Jain=0.999 PeakMF=0.740
[Ep  3550 | Step 1,704,000/2,000,000 | 315 sps] R=-2888.7 C=  24 Safe=95.83% SAI=0.345 Jain=0.999 PeakMF=0.738
[Ep  3600 | Step 1,728,000/2,000,000 | 315 sps] R=-2770.5 C=   7 Safe=98.54% SAI=0.346 Jain=0.999 PeakMF=0.744
[Ep  3650 | Step 1,752,000/2,000,000 | 315 sps] R=-2742.3 C=   6 Safe=98.75% SAI=0.345 Jain=0.999 PeakMF=0.739
[Ep  3700 | Step 1,776,000/2,000,000 | 315 sps] R=-2782.6 C=  11 Safe=97.71% SAI=0.346 Jain=0.999 PeakMF=0.734
[Ep  3750 | Step 1,800,000/2,000,000 | 315 sps] R=-2755.1 C=   7 Safe=98.54% SAI=0.347 Jain=0.999 PeakMF=0.738
[Ep  3800 | Step 1,824,000/2,000,000 | 315 sps] R=-2792.5 C=  15 Safe=96.88% SAI=0.346 Jain=0.999 PeakMF=0.731
[Ep  3850 | Step 1,848,000/2,000,000 | 315 sps] R=-2961.4 C=  40 Safe=95.42% SAI=0.345 Jain=0.999 PeakMF=0.742
[Ep  3900 | Step 1,872,000/2,000,000 | 315 sps] R=-2804.3 C=  19 Safe=96.67% SAI=0.346 Jain=0.999 PeakMF=0.733
[Ep  3950 | Step 1,896,000/2,000,000 | 315 sps] R=-2733.7 C=   2 Safe=99.58% SAI=0.346 Jain=0.999 PeakMF=0.736
[Ep  4000 | Step 1,920,000/2,000,000 | 315 sps] R=-2740.6 C=   6 Safe=98.96% SAI=0.346 Jain=0.999 PeakMF=0.738
[Ep  4050 | Step 1,944,000/2,000,000 | 315 sps] R=-2715.2 C=   5 Safe=98.96% SAI=0.347 Jain=0.999 PeakMF=0.737
[Ep  4100 | Step 1,968,000/2,000,000 | 315 sps] R=-2705.5 C=   4 Safe=99.17% SAI=0.347 Jain=0.999 PeakMF=0.733
[Ep  4150 | Step 1,992,000/2,000,000 | 315 sps] R=-2789.1 C=   8 Safe=98.75% SAI=0.346 Jain=0.999 PeakMF=0.738

============================================================
Training complete: 4167 episodes, 2,000,160 steps
Best reward: -2687.1
Wall time: 1.76 hours
Checkpoint: checkpoints/ablation_no_nswf/seed_2/checkpoint_final.pt
============================================================
2026-05-05 21:38:51 | hcmarl.utils | INFO | HIGH determinism: cudnn.deterministic=True, torch.use_deterministic_algorithms(True), matmul=highest, CUBLAS_WORKSPACE_CONFIG=:4096:8 (EXP3-Part-1-equivalent reproducibility)

[Ep  2900 | Step 1,392,000/2,000,000 | 315 sps] R=-1359.1 C=  13 Safe=97.50% SAI=0.337 Jain=1.000 PeakMF=0.691
[Ep  2950 | Step 1,416,000/2,000,000 | 315 sps] R=-1359.5 C=  13 Safe=98.33% SAI=0.336 Jain=1.000 PeakMF=0.693
[Ep  3000 | Step 1,440,000/2,000,000 | 315 sps] R=-1446.2 C=  33 Safe=93.54% SAI=0.336 Jain=1.000 PeakMF=0.696
[Ep  3050 | Step 1,464,000/2,000,000 | 315 sps] R=-1338.0 C=  11 Safe=97.71% SAI=0.336 Jain=1.000 PeakMF=0.696
[Ep  3100 | Step 1,488,000/2,000,000 | 315 sps] R=-1335.8 C=  12 Safe=97.92% SAI=0.336 Jain=1.000 PeakMF=0.696
[Ep  3150 | Step 1,512,000/2,000,000 | 315 sps] R=-1300.8 C=   3 Safe=99.38% SAI=0.337 Jain=1.000 PeakMF=0.696
[Ep  3200 | Step 1,536,000/2,000,000 | 315 sps] R=-1396.3 C=  25 Safe=95.62% SAI=0.337 Jain=1.000 PeakMF=0.695
[Ep  3250 | Step 1,560,000/2,000,000 | 315 sps] R=-1430.9 C=  30 Safe=95.62% SAI=0.336 Jain=1.000 PeakMF=0.696
[Ep  3300 | Step 1,584,000/2,000,000 | 315 sps] R=-1468.9 C=  38 Safe=92.71% SAI=0.336 Jain=1.000 PeakMF=0.697
[Ep  3350 | Step 1,608,000/2,000,000 | 315 sps] R=-1509.0 C=  48 Safe=92.29% SAI=0.336 Jain=1.000 PeakMF=0.696
[Ep  3400 | Step 1,632,000/2,000,000 | 315 sps] R=-1316.3 C=   6 Safe=98.75% SAI=0.337 Jain=1.000 PeakMF=0.693
[Ep  3450 | Step 1,656,000/2,000,000 | 315 sps] R=-1306.6 C=   3 Safe=99.58% SAI=0.337 Jain=1.000 PeakMF=0.696
[Ep  3500 | Step 1,680,000/2,000,000 | 315 sps] R=-1448.1 C=  36 Safe=95.42% SAI=0.337 Jain=1.000 PeakMF=0.695
[Ep  3550 | Step 1,704,000/2,000,000 | 315 sps] R=-1299.2 C=   5 Safe=98.96% SAI=0.337 Jain=1.000 PeakMF=0.695
[Ep  3600 | Step 1,728,000/2,000,000 | 315 sps] R=-1321.0 C=   8 Safe=98.33% SAI=0.336 Jain=1.000 PeakMF=0.695
[Ep  3650 | Step 1,752,000/2,000,000 | 315 sps] R=-1329.2 C=  12 Safe=97.50% SAI=0.336 Jain=1.000 PeakMF=0.695
[Ep  3700 | Step 1,776,000/2,000,000 | 315 sps] R=-1343.5 C=  13 Safe=97.29% SAI=0.337 Jain=1.000 PeakMF=0.695
[Ep  3750 | Step 1,800,000/2,000,000 | 315 sps] R=-1307.8 C=   7 Safe=98.75% SAI=0.337 Jain=1.000 PeakMF=0.695
[Ep  3800 | Step 1,824,000/2,000,000 | 315 sps] R=-1374.9 C=  22 Safe=96.88% SAI=0.336 Jain=1.000 PeakMF=0.695
[Ep  3850 | Step 1,848,000/2,000,000 | 315 sps] R=-1330.6 C=   7 Safe=98.96% SAI=0.337 Jain=1.000 PeakMF=0.693
[Ep  3900 | Step 1,872,000/2,000,000 | 315 sps] R=-1363.3 C=  19 Safe=96.88% SAI=0.337 Jain=1.000 PeakMF=0.695
[Ep  3950 | Step 1,896,000/2,000,000 | 315 sps] R=-1355.2 C=  18 Safe=97.08% SAI=0.336 Jain=1.000 PeakMF=0.696
[Ep  4000 | Step 1,920,000/2,000,000 | 315 sps] R=-1301.0 C=   5 Safe=98.96% SAI=0.336 Jain=1.000 PeakMF=0.695
[Ep  4050 | Step 1,944,000/2,000,000 | 315 sps] R=-1307.6 C=   6 Safe=98.96% SAI=0.337 Jain=1.000 PeakMF=0.695
[Ep  4100 | Step 1,968,000/2,000,000 | 315 sps] R=-1379.1 C=  21 Safe=96.46% SAI=0.336 Jain=1.000 PeakMF=0.694
[Ep  4150 | Step 1,992,000/2,000,000 | 315 sps] R=-1467.2 C=  38 Safe=94.17% SAI=0.337 Jain=1.000 PeakMF=0.693

============================================================
Training complete: 4167 episodes, 2,000,160 steps
Best reward: -1275.6
Wall time: 1.76 hours
Checkpoint: checkpoints/ablation_no_nswf/seed_4/checkpoint_final.pt
============================================================

[Ep  2950 | Step 1,416,000/2,000,000 | 315 sps] R=-1644.6 C=  75 Safe=89.79% SAI=0.336 Jain=1.000 PeakMF=0.695
[Ep  3000 | Step 1,440,000/2,000,000 | 315 sps] R=-1314.8 C=   4 Safe=99.17% SAI=0.337 Jain=1.000 PeakMF=0.692
[Ep  3050 | Step 1,464,000/2,000,000 | 315 sps] R=-1471.8 C=  40 Safe=93.54% SAI=0.336 Jain=1.000 PeakMF=0.694
[Ep  3100 | Step 1,488,000/2,000,000 | 315 sps] R=-1353.4 C=  14 Safe=97.08% SAI=0.337 Jain=1.000 PeakMF=0.696
[Ep  3150 | Step 1,512,000/2,000,000 | 315 sps] R=-1322.1 C=   7 Safe=98.96% SAI=0.337 Jain=1.000 PeakMF=0.692
[Ep  3200 | Step 1,536,000/2,000,000 | 315 sps] R=-1407.9 C=  28 Safe=94.79% SAI=0.336 Jain=1.000 PeakMF=0.694
[Ep  3250 | Step 1,560,000/2,000,000 | 315 sps] R=-1408.6 C=  25 Safe=95.83% SAI=0.336 Jain=1.000 PeakMF=0.696
[Ep  3300 | Step 1,584,000/2,000,000 | 315 sps] R=-1326.8 C=   6 Safe=98.96% SAI=0.337 Jain=1.000 PeakMF=0.693
[Ep  3350 | Step 1,608,000/2,000,000 | 315 sps] R=-1303.3 C=   2 Safe=99.58% SAI=0.337 Jain=1.000 PeakMF=0.693
[Ep  3400 | Step 1,632,000/2,000,000 | 315 sps] R=-1343.5 C=  10 Safe=98.54% SAI=0.337 Jain=1.000 PeakMF=0.692
[Ep  3450 | Step 1,656,000/2,000,000 | 315 sps] R=-1401.7 C=  26 Safe=95.00% SAI=0.337 Jain=1.000 PeakMF=0.697
[Ep  3500 | Step 1,680,000/2,000,000 | 315 sps] R=-1416.1 C=  26 Safe=95.83% SAI=0.337 Jain=1.000 PeakMF=0.695
[Ep  3550 | Step 1,704,000/2,000,000 | 315 sps] R=-1487.7 C=  40 Safe=95.21% SAI=0.337 Jain=1.000 PeakMF=0.694
[Ep  3600 | Step 1,728,000/2,000,000 | 315 sps] R=-1320.3 C=  10 Safe=98.54% SAI=0.336 Jain=1.000 PeakMF=0.696
[Ep  3650 | Step 1,752,000/2,000,000 | 315 sps] R=-1435.2 C=  33 Safe=94.38% SAI=0.337 Jain=1.000 PeakMF=0.692
[Ep  3700 | Step 1,776,000/2,000,000 | 315 sps] R=-1387.8 C=  22 Safe=96.04% SAI=0.337 Jain=1.000 PeakMF=0.694
[Ep  3750 | Step 1,800,000/2,000,000 | 315 sps] R=-1295.9 C=   4 Safe=99.17% SAI=0.336 Jain=1.000 PeakMF=0.694
[Ep  3800 | Step 1,824,000/2,000,000 | 315 sps] R=-1400.6 C=  24 Safe=96.25% SAI=0.337 Jain=1.000 PeakMF=0.691
[Ep  3850 | Step 1,848,000/2,000,000 | 315 sps] R=-1301.2 C=   6 Safe=98.75% SAI=0.337 Jain=1.000 PeakMF=0.695
[Ep  3900 | Step 1,872,000/2,000,000 | 315 sps] R=-1338.0 C=  12 Safe=97.71% SAI=0.337 Jain=1.000 PeakMF=0.695
[Ep  3950 | Step 1,896,000/2,000,000 | 315 sps] R=-1340.5 C=  10 Safe=98.33% SAI=0.337 Jain=1.000 PeakMF=0.695
[Ep  4000 | Step 1,920,000/2,000,000 | 315 sps] R=-1359.2 C=  16 Safe=97.50% SAI=0.337 Jain=1.000 PeakMF=0.694
[Ep  4050 | Step 1,944,000/2,000,000 | 315 sps] R=-1314.3 C=   8 Safe=98.33% SAI=0.337 Jain=1.000 PeakMF=0.694
[Ep  4100 | Step 1,968,000/2,000,000 | 315 sps] R=-1298.3 C=   4 Safe=99.17% SAI=0.337 Jain=1.000 PeakMF=0.694
[Ep  4150 | Step 1,992,000/2,000,000 | 315 sps] R=-1310.9 C=   4 Safe=99.17% SAI=0.337 Jain=1.000 PeakMF=0.694

============================================================
Training complete: 4167 episodes, 2,000,160 steps
Best reward: -1269.5
Wall time: 1.76 hours
Checkpoint: checkpoints/ablation_no_nswf/seed_5/checkpoint_final.pt
============================================================

[Ep  2900 | Step 1,392,000/2,000,000 | 315 sps] R=-1328.5 C=   7 Safe=98.75% SAI=0.336 Jain=1.000 PeakMF=0.695
[Ep  2950 | Step 1,416,000/2,000,000 | 315 sps] R=-1318.9 C=   9 Safe=98.75% SAI=0.337 Jain=1.000 PeakMF=0.694
[Ep  3000 | Step 1,440,000/2,000,000 | 315 sps] R=-1439.2 C=  34 Safe=94.58% SAI=0.336 Jain=1.000 PeakMF=0.694
[Ep  3050 | Step 1,464,000/2,000,000 | 315 sps] R=-1458.1 C=  38 Safe=93.54% SAI=0.336 Jain=1.000 PeakMF=0.695
[Ep  3100 | Step 1,488,000/2,000,000 | 315 sps] R=-1344.8 C=  12 Safe=97.92% SAI=0.336 Jain=1.000 PeakMF=0.692
[Ep  3150 | Step 1,512,000/2,000,000 | 315 sps] R=-1507.4 C=  47 Safe=93.96% SAI=0.336 Jain=1.000 PeakMF=0.694
[Ep  3200 | Step 1,536,000/2,000,000 | 315 sps] R=-1360.4 C=  18 Safe=97.29% SAI=0.337 Jain=1.000 PeakMF=0.695
[Ep  3250 | Step 1,560,000/2,000,000 | 315 sps] R=-1326.1 C=  11 Safe=98.12% SAI=0.336 Jain=1.000 PeakMF=0.694
[Ep  3300 | Step 1,584,000/2,000,000 | 315 sps] R=-1281.1 C=   1 Safe=99.79% SAI=0.336 Jain=1.000 PeakMF=0.695
[Ep  3350 | Step 1,608,000/2,000,000 | 315 sps] R=-1614.2 C=  69 Safe=89.38% SAI=0.336 Jain=1.000 PeakMF=0.696
[Ep  3400 | Step 1,632,000/2,000,000 | 315 sps] R=-1322.5 C=   5 Safe=98.96% SAI=0.337 Jain=1.000 PeakMF=0.693
[Ep  3450 | Step 1,656,000/2,000,000 | 315 sps] R=-1364.9 C=  17 Safe=97.71% SAI=0.336 Jain=1.000 PeakMF=0.694
[Ep  3500 | Step 1,680,000/2,000,000 | 315 sps] R=-1318.9 C=   7 Safe=98.54% SAI=0.337 Jain=1.000 PeakMF=0.696
[Ep  3550 | Step 1,704,000/2,000,000 | 315 sps] R=-1502.4 C=  45 Safe=92.92% SAI=0.337 Jain=1.000 PeakMF=0.691
[Ep  3600 | Step 1,728,000/2,000,000 | 315 sps] R=-1421.1 C=  29 Safe=95.21% SAI=0.337 Jain=1.000 PeakMF=0.695
[Ep  3650 | Step 1,752,000/2,000,000 | 315 sps] R=-1303.5 C=   6 Safe=98.75% SAI=0.337 Jain=1.000 PeakMF=0.695
[Ep  3700 | Step 1,776,000/2,000,000 | 315 sps] R=-1445.0 C=  35 Safe=94.38% SAI=0.336 Jain=1.000 PeakMF=0.694
[Ep  3750 | Step 1,800,000/2,000,000 | 315 sps] R=-1330.3 C=   9 Safe=98.12% SAI=0.337 Jain=1.000 PeakMF=0.694
[Ep  3800 | Step 1,824,000/2,000,000 | 315 sps] R=-1631.4 C=  75 Safe=90.42% SAI=0.336 Jain=1.000 PeakMF=0.697
[Ep  3850 | Step 1,848,000/2,000,000 | 315 sps] R=-1301.8 C=   6 Safe=98.75% SAI=0.336 Jain=1.000 PeakMF=0.696
[Ep  3900 | Step 1,872,000/2,000,000 | 315 sps] R=-1410.1 C=  29 Safe=95.42% SAI=0.336 Jain=1.000 PeakMF=0.694
[Ep  3950 | Step 1,896,000/2,000,000 | 315 sps] R=-1351.3 C=  14 Safe=97.71% SAI=0.337 Jain=1.000 PeakMF=0.695
[Ep  4000 | Step 1,920,000/2,000,000 | 315 sps] R=-1486.3 C=  44 Safe=92.08% SAI=0.336 Jain=1.000 PeakMF=0.692
[Ep  4050 | Step 1,944,000/2,000,000 | 315 sps] R=-1361.1 C=  19 Safe=96.46% SAI=0.336 Jain=1.000 PeakMF=0.694
[Ep  4100 | Step 1,968,000/2,000,000 | 315 sps] R=-1324.4 C=   9 Safe=98.33% SAI=0.337 Jain=1.000 PeakMF=0.694
[Ep  4150 | Step 1,992,000/2,000,000 | 315 sps] R=-1352.1 C=  14 Safe=97.71% SAI=0.337 Jain=1.000 PeakMF=0.693

============================================================
Training complete: 4167 episodes, 2,000,160 steps
Best reward: -1280.6
Wall time: 1.76 hours
Checkpoint: checkpoints/ablation_no_nswf/seed_3/checkpoint_final.pt
============================================================
2026-05-05 21:38:59 | hcmarl.utils | INFO | HIGH determinism: cudnn.deterministic=True, torch.use_deterministic_algorithms(True), matmul=highest, CUBLAS_WORKSPACE_CONFIG=:4096:8 (EXP3-Part-1-equivalent reproducibility)
2026-05-05 21:39:01 | hcmarl.utils | INFO | HIGH determinism: cudnn.deterministic=True, torch.use_deterministic_algorithms(True), matmul=highest, CUBLAS_WORKSPACE_CONFIG=:4096:8 (EXP3-Part-1-equivalent reproducibility)

[Ep  2950 | Step 1,416,000/2,000,000 | 315 sps] R=-1304.8 C=   3 Safe=99.38% SAI=0.337 Jain=1.000 PeakMF=0.696
[Ep  3000 | Step 1,440,000/2,000,000 | 315 sps] R=-1358.6 C=  16 Safe=97.50% SAI=0.337 Jain=1.000 PeakMF=0.695
[Ep  3050 | Step 1,464,000/2,000,000 | 315 sps] R=-1567.6 C=  60 Safe=91.88% SAI=0.337 Jain=1.000 PeakMF=0.694
[Ep  3100 | Step 1,488,000/2,000,000 | 315 sps] R=-1333.8 C=  11 Safe=97.71% SAI=0.337 Jain=1.000 PeakMF=0.694
[Ep  3150 | Step 1,512,000/2,000,000 | 315 sps] R=-1432.3 C=  33 Safe=94.58% SAI=0.337 Jain=1.000 PeakMF=0.695
[Ep  3200 | Step 1,536,000/2,000,000 | 315 sps] R=-1544.0 C=  52 Safe=93.54% SAI=0.337 Jain=1.000 PeakMF=0.694
[Ep  3250 | Step 1,560,000/2,000,000 | 315 sps] R=-1326.2 C=   9 Safe=98.12% SAI=0.337 Jain=1.000 PeakMF=0.695
[Ep  3300 | Step 1,584,000/2,000,000 | 315 sps] R=-1371.7 C=  21 Safe=96.67% SAI=0.336 Jain=1.000 PeakMF=0.694
[Ep  3350 | Step 1,608,000/2,000,000 | 315 sps] R=-1306.4 C=   5 Safe=99.17% SAI=0.337 Jain=1.000 PeakMF=0.696
[Ep  3400 | Step 1,632,000/2,000,000 | 315 sps] R=-1366.8 C=  19 Safe=96.88% SAI=0.336 Jain=1.000 PeakMF=0.696
[Ep  3450 | Step 1,656,000/2,000,000 | 315 sps] R=-1362.8 C=  19 Safe=97.08% SAI=0.337 Jain=1.000 PeakMF=0.695
[Ep  3500 | Step 1,680,000/2,000,000 | 315 sps] R=-1369.8 C=  20 Safe=96.67% SAI=0.337 Jain=1.000 PeakMF=0.694
[Ep  3550 | Step 1,704,000/2,000,000 | 315 sps] R=-1479.6 C=  43 Safe=93.54% SAI=0.336 Jain=1.000 PeakMF=0.693
[Ep  3600 | Step 1,728,000/2,000,000 | 315 sps] R=-1338.3 C=   9 Safe=98.54% SAI=0.337 Jain=1.000 PeakMF=0.694
[Ep  3650 | Step 1,752,000/2,000,000 | 315 sps] R=-1309.2 C=   5 Safe=98.96% SAI=0.337 Jain=1.000 PeakMF=0.695
[Ep  3700 | Step 1,776,000/2,000,000 | 315 sps] R=-1361.3 C=  17 Safe=97.08% SAI=0.337 Jain=1.000 PeakMF=0.696
[Ep  3750 | Step 1,800,000/2,000,000 | 315 sps] R=-1361.9 C=  19 Safe=96.04% SAI=0.336 Jain=1.000 PeakMF=0.694
[Ep  3800 | Step 1,824,000/2,000,000 | 315 sps] R=-1319.5 C=   7 Safe=98.54% SAI=0.337 Jain=1.000 PeakMF=0.695
[Ep  3850 | Step 1,848,000/2,000,000 | 315 sps] R=-1298.4 C=   2 Safe=99.58% SAI=0.337 Jain=1.000 PeakMF=0.693
[Ep  3900 | Step 1,872,000/2,000,000 | 315 sps] R=-1501.4 C=  45 Safe=91.46% SAI=0.337 Jain=1.000 PeakMF=0.694
[Ep  3950 | Step 1,896,000/2,000,000 | 315 sps] R=-1349.0 C=  13 Safe=97.71% SAI=0.337 Jain=1.000 PeakMF=0.695
[Ep  4000 | Step 1,920,000/2,000,000 | 315 sps] R=-1522.2 C=  48 Safe=92.29% SAI=0.337 Jain=1.000 PeakMF=0.692
[Ep  4050 | Step 1,944,000/2,000,000 | 315 sps] R=-1331.7 C=  10 Safe=98.33% SAI=0.337 Jain=1.000 PeakMF=0.696
[Ep  4100 | Step 1,968,000/2,000,000 | 315 sps] R=-1775.9 C= 103 Safe=88.54% SAI=0.336 Jain=1.000 PeakMF=0.695
[Ep  4150 | Step 1,992,000/2,000,000 | 315 sps] R=-1318.4 C=   4 Safe=99.38% SAI=0.337 Jain=1.000 PeakMF=0.692

============================================================
Training complete: 4167 episodes, 2,000,160 steps
Best reward: -1269.8
Wall time: 1.76 hours
Checkpoint: checkpoints/ablation_no_nswf/seed_7/checkpoint_final.pt
============================================================
2026-05-05 21:39:02 | hcmarl.utils | INFO | HIGH determinism: cudnn.deterministic=True, torch.use_deterministic_algorithms(True), matmul=highest, CUBLAS_WORKSPACE_CONFIG=:4096:8 (EXP3-Part-1-equivalent reproducibility)

[Ep  2950 | Step 1,416,000/2,000,000 | 315 sps] R=-1297.9 C=   4 Safe=99.17% SAI=0.337 Jain=1.000 PeakMF=0.696
[Ep  3000 | Step 1,440,000/2,000,000 | 315 sps] R=-1358.3 C=  17 Safe=96.46% SAI=0.336 Jain=1.000 PeakMF=0.697
[Ep  3050 | Step 1,464,000/2,000,000 | 315 sps] R=-1461.0 C=  38 Safe=93.54% SAI=0.337 Jain=1.000 PeakMF=0.695
[Ep  3100 | Step 1,488,000/2,000,000 | 315 sps] R=-1352.6 C=  14 Safe=97.50% SAI=0.337 Jain=1.000 PeakMF=0.696
[Ep  3150 | Step 1,512,000/2,000,000 | 315 sps] R=-1323.4 C=   3 Safe=99.38% SAI=0.337 Jain=1.000 PeakMF=0.692
[Ep  3200 | Step 1,536,000/2,000,000 | 315 sps] R=-1306.8 C=   3 Safe=99.38% SAI=0.337 Jain=1.000 PeakMF=0.696
[Ep  3250 | Step 1,560,000/2,000,000 | 315 sps] R=-1506.6 C=  48 Safe=93.12% SAI=0.337 Jain=1.000 PeakMF=0.696
[Ep  3300 | Step 1,584,000/2,000,000 | 315 sps] R=-1403.7 C=  27 Safe=96.88% SAI=0.337 Jain=1.000 PeakMF=0.693
[Ep  3350 | Step 1,608,000/2,000,000 | 315 sps] R=-1289.9 C=   1 Safe=99.79% SAI=0.337 Jain=1.000 PeakMF=0.695
[Ep  3400 | Step 1,632,000/2,000,000 | 315 sps] R=-1458.3 C=  37 Safe=94.38% SAI=0.337 Jain=1.000 PeakMF=0.694
[Ep  3450 | Step 1,656,000/2,000,000 | 315 sps] R=-1391.6 C=  25 Safe=95.00% SAI=0.337 Jain=1.000 PeakMF=0.696
[Ep  3500 | Step 1,680,000/2,000,000 | 315 sps] R=-1345.3 C=  16 Safe=96.88% SAI=0.337 Jain=1.000 PeakMF=0.695
[Ep  3550 | Step 1,704,000/2,000,000 | 315 sps] R=-1305.7 C=   7 Safe=98.54% SAI=0.337 Jain=1.000 PeakMF=0.695
[Ep  3600 | Step 1,728,000/2,000,000 | 315 sps] R=-1441.5 C=  35 Safe=93.75% SAI=0.336 Jain=1.000 PeakMF=0.696
[Ep  3650 | Step 1,752,000/2,000,000 | 315 sps] R=-1359.2 C=  18 Safe=97.29% SAI=0.337 Jain=1.000 PeakMF=0.696
[Ep  3700 | Step 1,776,000/2,000,000 | 315 sps] R=-1279.5 C=   0 Safe=100.00% SAI=0.337 Jain=1.000 PeakMF=0.695
[Ep  3750 | Step 1,800,000/2,000,000 | 315 sps] R=-1327.3 C=   9 Safe=98.54% SAI=0.337 Jain=1.000 PeakMF=0.694
[Ep  3800 | Step 1,824,000/2,000,000 | 315 sps] R=-1756.2 C= 100 Safe=87.29% SAI=0.336 Jain=1.000 PeakMF=0.697
[Ep  3850 | Step 1,848,000/2,000,000 | 315 sps] R=-1491.6 C=  46 Safe=93.12% SAI=0.336 Jain=1.000 PeakMF=0.697
[Ep  3900 | Step 1,872,000/2,000,000 | 315 sps] R=-1312.6 C=   7 Safe=98.54% SAI=0.336 Jain=1.000 PeakMF=0.695
[Ep  3950 | Step 1,896,000/2,000,000 | 315 sps] R=-1391.7 C=  25 Safe=95.62% SAI=0.336 Jain=1.000 PeakMF=0.694
[Ep  4000 | Step 1,920,000/2,000,000 | 315 sps] R=-1342.3 C=  14 Safe=97.92% SAI=0.337 Jain=1.000 PeakMF=0.695
[Ep  4050 | Step 1,944,000/2,000,000 | 315 sps] R=-1356.6 C=  16 Safe=97.71% SAI=0.337 Jain=1.000 PeakMF=0.694
[Ep  4100 | Step 1,968,000/2,000,000 | 315 sps] R=-1308.5 C=   8 Safe=98.75% SAI=0.337 Jain=1.000 PeakMF=0.695
[Ep  4150 | Step 1,992,000/2,000,000 | 315 sps] R=-1553.3 C=  58 Safe=92.92% SAI=0.336 Jain=1.000 PeakMF=0.695

============================================================
Training complete: 4167 episodes, 2,000,160 steps
Best reward: -1275.4
Wall time: 1.76 hours
Checkpoint: checkpoints/ablation_no_nswf/seed_6/checkpoint_final.pt
============================================================
2026-05-05 21:39:04 | hcmarl.utils | INFO | HIGH determinism: cudnn.deterministic=True, torch.use_deterministic_algorithms(True), matmul=highest, CUBLAS_WORKSPACE_CONFIG=:4096:8 (EXP3-Part-1-equivalent reproducibility)
2026-05-05 21:39:06 | hcmarl.utils | INFO | HIGH determinism: cudnn.deterministic=True, torch.use_deterministic_algorithms(True), matmul=highest, CUBLAS_WORKSPACE_CONFIG=:4096:8 (EXP3-Part-1-equivalent reproducibility)
2026-05-05 21:39:38 | hcmarl.utils | INFO | HIGH determinism: cudnn.deterministic=True, torch.use_deterministic_algorithms(True), matmul=highest, CUBLAS_WORKSPACE_CONFIG=:4096:8 (EXP3-Part-1-equivalent reproducibility)
2026-05-05 21:39:47 | hcmarl.utils | INFO | HIGH determinism: cudnn.deterministic=True, torch.use_deterministic_algorithms(True), matmul=highest, CUBLAS_WORKSPACE_CONFIG=:4096:8 (EXP3-Part-1-equivalent reproducibility)
2026-05-05 21:39:48 | hcmarl.utils | INFO | HIGH determinism: cudnn.deterministic=True, torch.use_deterministic_algorithms(True), matmul=highest, CUBLAS_WORKSPACE_CONFIG=:4096:8 (EXP3-Part-1-equivalent reproducibility)
2026-05-05 21:39:50 | hcmarl.utils | INFO | HIGH determinism: cudnn.deterministic=True, torch.use_deterministic_algorithms(True), matmul=highest, CUBLAS_WORKSPACE_CONFIG=:4096:8 (EXP3-Part-1-equivalent reproducibility)
2026-05-05 21:39:51 | hcmarl.utils | INFO | HIGH determinism: cudnn.deterministic=True, torch.use_deterministic_algorithms(True), matmul=highest, CUBLAS_WORKSPACE_CONFIG=:4096:8 (EXP3-Part-1-equivalent reproducibility)
2026-05-05 21:39:53 | hcmarl.utils | INFO | HIGH determinism: cudnn.deterministic=True, torch.use_deterministic_algorithms(True), matmul=highest, CUBLAS_WORKSPACE_CONFIG=:4096:8 (EXP3-Part-1-equivalent reproducibility)
Using device: cuda
Path G: loading pre-computed profiles from /root/hcmarl_project/config/pathg_profiles.json
Generating demonstrations from calibrated profiles (Eq 35 controller)...
  Generated 102 demonstrations from 34 workers
  HELDOUT_NLL model selection for K:
    K=1: heldout_nll=6704283.5000
    K=2: heldout_nll=284044.3125
    K=3: heldout_nll=47497.7852
    K=4: heldout_nll=6160727.5000
    K=5: heldout_nll=7474.6758
  Selected K=5 (lowest heldout_nll=7474.6758)

--- MMICRL Type Discovery Results ---
  Demonstrations: 102
  Types discovered: 5
  Type proportions: ['0.13', '0.20', '0.32', '0.05', '0.30']
  Mutual information I(tau;z): 0.0000
  Objective value: 0.0000
  Learned thresholds per type (raw):
    Type 0: {shoulder: 0.215}
    Type 1: {shoulder: 0.291}
    Type 2: {shoulder: 0.182}
    Type 3: {shoulder: 0.346}
    Type 4: {shoulder: 0.234}
  WARNING: MI (0.0000) < 0.01 -- latent types are behaviorally indistinguishable on this demo set. Effective per-worker theta will fall back to config floors (no MMICRL contribution). Consider multi-muscle demos or lambda1 tuning to restore discrimination.
  Results saved to logs/ablation_no_nswf/seed_9/mmicrl/mmicrl_results.json
Using MMICRL-learned thresholds for 6 workers (5 types, rescaled into [floor,1]; floors: {'shoulder': 0.7, 'ankle': 0.8, 'knee': 0.6, 'elbow': 0.45, 'trunk': 0.65, 'grip': 0.45})
  Effective per-worker theta_max: {'worker_0': {'shoulder': 0.7}, 'worker_1': {'shoulder': 0.7}, 'worker_2': {'shoulder': 0.7}, 'worker_3': {'shoulder': 0.7}, 'worker_4': {'shoulder': 0.7}, 'worker_5': {'shoulder': 0.7}}
============================================================
HC-MARL Training: HC-MARL (MAPPO + ECBF + NSWF)
Seed: 9 | Device: cuda | Workers: 6
Total steps: 2,000,000 | Eval every: 50,000
Checkpoint dir: checkpoints/ablation_no_nswf/seed_9
============================================================
[Ep    50 | Step    24,000/2,000,000 | 320 sps] R=-9486.0 C= 962 Safe=45.21% SAI=0.413 Jain=1.000 PeakMF=0.679
[Ep   100 | Step    48,000/2,000,000 | 317 sps] R=-3617.2 C=  92 Safe=86.67% SAI=0.424 Jain=1.000 PeakMF=0.679
[Ep   150 | Step    72,000/2,000,000 | 317 sps] R=-4284.5 C= 395 Safe=61.25% SAI=0.371 Jain=1.000 PeakMF=0.694
[Ep   200 | Step    96,000/2,000,000 | 316 sps] R=-2907.6 C=  40 Safe=91.88% SAI=0.397 Jain=1.000 PeakMF=0.682
[Ep   250 | Step   120,000/2,000,000 | 316 sps] R=-3988.0 C= 350 Safe=62.29% SAI=0.369 Jain=1.000 PeakMF=0.689
[Ep   300 | Step   144,000/2,000,000 | 316 sps] R=-3774.7 C= 303 Safe=66.88% SAI=0.377 Jain=1.000 PeakMF=0.688
[Ep   350 | Step   168,000/2,000,000 | 316 sps] R=-2344.0 C=  30 Safe=94.58% SAI=0.372 Jain=1.000 PeakMF=0.685
[Ep   400 | Step   192,000/2,000,000 | 316 sps] R=-1980.5 C=   2 Safe=99.58% SAI=0.359 Jain=1.000 PeakMF=0.681
[Ep   450 | Step   216,000/2,000,000 | 315 sps] R=-1921.6 C=  13 Safe=97.71% SAI=0.351 Jain=1.000 PeakMF=0.686
[Ep   500 | Step   240,000/2,000,000 | 315 sps] R=-1921.4 C=  39 Safe=93.33% SAI=0.348 Jain=1.000 PeakMF=0.685
[Ep   550 | Step   264,000/2,000,000 | 315 sps] R=-1811.5 C=  49 Safe=92.08% SAI=0.345 Jain=1.000 PeakMF=0.682
[Ep   600 | Step   288,000/2,000,000 | 315 sps] R=-1693.7 C=  30 Safe=95.21% SAI=0.343 Jain=1.000 PeakMF=0.684
[Ep   650 | Step   312,000/2,000,000 | 315 sps] R=-1616.5 C=  21 Safe=96.04% SAI=0.340 Jain=1.000 PeakMF=0.686
[Ep   700 | Step   336,000/2,000,000 | 315 sps] R=-1554.7 C=  20 Safe=96.46% SAI=0.339 Jain=1.000 PeakMF=0.688
[Ep   750 | Step   360,000/2,000,000 | 315 sps] R=-1691.5 C=  54 Safe=93.12% SAI=0.336 Jain=1.000 PeakMF=0.687
[Ep   800 | Step   384,000/2,000,000 | 315 sps] R=-1573.1 C=  32 Safe=95.21% SAI=0.340 Jain=1.000 PeakMF=0.690
[Ep   850 | Step   408,000/2,000,000 | 315 sps] R=-1581.1 C=  40 Safe=92.50% SAI=0.336 Jain=1.000 PeakMF=0.688
[Ep   900 | Step   432,000/2,000,000 | 315 sps] R=-1589.6 C=  37 Safe=93.96% SAI=0.339 Jain=1.000 PeakMF=0.688
[Ep   950 | Step   456,000/2,000,000 | 315 sps] R=-1448.3 C=   9 Safe=98.54% SAI=0.338 Jain=1.000 PeakMF=0.687
[Ep  1000 | Step   480,000/2,000,000 | 315 sps] R=-1482.4 C=  23 Safe=95.83% SAI=0.337 Jain=1.000 PeakMF=0.688
[Ep  1050 | Step   504,000/2,000,000 | 315 sps] R=-1408.4 C=   3 Safe=99.38% SAI=0.336 Jain=1.000 PeakMF=0.687
[Ep  1100 | Step   528,000/2,000,000 | 315 sps] R=-1377.7 C=   2 Safe=99.58% SAI=0.336 Jain=1.000 PeakMF=0.691
[Ep  1150 | Step   552,000/2,000,000 | 315 sps] R=-1368.8 C=   5 Safe=98.96% SAI=0.337 Jain=1.000 PeakMF=0.693
[Ep  1200 | Step   576,000/2,000,000 | 315 sps] R=-1578.5 C=  52 Safe=91.04% SAI=0.337 Jain=1.000 PeakMF=0.691
[Ep  1250 | Step   600,000/2,000,000 | 315 sps] R=-1358.5 C=   4 Safe=99.17% SAI=0.337 Jain=1.000 PeakMF=0.693
[Ep  1300 | Step   624,000/2,000,000 | 315 sps] R=-1458.8 C=  26 Safe=96.25% SAI=0.337 Jain=1.000 PeakMF=0.694
[Ep  1350 | Step   648,000/2,000,000 | 315 sps] R=-1377.7 C=   6 Safe=98.75% SAI=0.337 Jain=1.000 PeakMF=0.694
[Ep  1400 | Step   672,000/2,000,000 | 315 sps] R=-1522.2 C=  40 Safe=93.75% SAI=0.337 Jain=1.000 PeakMF=0.696
[Ep  1450 | Step   696,000/2,000,000 | 315 sps] R=-1392.7 C=  11 Safe=98.33% SAI=0.337 Jain=1.000 PeakMF=0.695
[Ep  1500 | Step   720,000/2,000,000 | 315 sps] R=-1618.8 C=  58 Safe=92.71% SAI=0.337 Jain=1.000 PeakMF=0.695
[Ep  1550 | Step   744,000/2,000,000 | 315 sps] R=-1577.1 C=  52 Safe=92.08% SAI=0.336 Jain=1.000 PeakMF=0.695
[Ep  1600 | Step   768,000/2,000,000 | 315 sps] R=-1652.5 C=  70 Safe=92.29% SAI=0.336 Jain=1.000 PeakMF=0.696
[Ep  1650 | Step   792,000/2,000,000 | 315 sps] R=-1372.2 C=  11 Safe=98.75% SAI=0.337 Jain=1.000 PeakMF=0.695
[Ep  1700 | Step   816,000/2,000,000 | 315 sps] R=-1390.2 C=  10 Safe=98.54% SAI=0.338 Jain=1.000 PeakMF=0.693
[Ep  1750 | Step   840,000/2,000,000 | 315 sps] R=-1412.7 C=  19 Safe=96.88% SAI=0.336 Jain=1.000 PeakMF=0.695
[Ep  1800 | Step   864,000/2,000,000 | 315 sps] R=-1359.1 C=   6 Safe=98.75% SAI=0.337 Jain=1.000 PeakMF=0.694
[Ep  1850 | Step   888,000/2,000,000 | 315 sps] R=-1388.4 C=  12 Safe=98.33% SAI=0.336 Jain=1.000 PeakMF=0.695
[Ep  1900 | Step   912,000/2,000,000 | 315 sps] R=-1432.1 C=  20 Safe=96.46% SAI=0.337 Jain=1.000 PeakMF=0.693
[Ep  1950 | Step   936,000/2,000,000 | 315 sps] R=-1768.4 C=  94 Safe=85.42% SAI=0.336 Jain=1.000 PeakMF=0.696
[Ep  2000 | Step   960,000/2,000,000 | 315 sps] R=-1442.4 C=  20 Safe=95.83% SAI=0.337 Jain=1.000 PeakMF=0.696
[Ep  2050 | Step   984,000/2,000,000 | 315 sps] R=-1413.0 C=  16 Safe=97.29% SAI=0.337 Jain=1.000 PeakMF=0.694
[Ep  2100 | Step 1,008,000/2,000,000 | 315 sps] R=-2009.1 C= 144 Safe=85.83% SAI=0.336 Jain=1.000 PeakMF=0.696
[Ep  2150 | Step 1,032,000/2,000,000 | 315 sps] R=-1481.9 C=  35 Safe=94.38% SAI=0.337 Jain=1.000 PeakMF=0.695
[Ep  2200 | Step 1,056,000/2,000,000 | 315 sps] R=-1361.7 C=  13 Safe=97.71% SAI=0.337 Jain=1.000 PeakMF=0.695
[Ep  2250 | Step 1,080,000/2,000,000 | 315 sps] R=-1454.8 C=  32 Safe=95.00% SAI=0.337 Jain=1.000 PeakMF=0.694
[Ep  2300 | Step 1,104,000/2,000,000 | 315 sps] R=-1588.0 C=  60 Safe=91.46% SAI=0.338 Jain=1.000 PeakMF=0.695
[Ep  2350 | Step 1,128,000/2,000,000 | 315 sps] R=-1773.7 C= 101 Safe=84.17% SAI=0.336 Jain=1.000 PeakMF=0.697
[Ep  2400 | Step 1,152,000/2,000,000 | 315 sps] R=-1357.1 C=  11 Safe=97.71% SAI=0.337 Jain=1.000 PeakMF=0.693
[Ep  2450 | Step 1,176,000/2,000,000 | 315 sps] R=-1336.5 C=  10 Safe=97.92% SAI=0.336 Jain=1.000 PeakMF=0.696
[Ep  2500 | Step 1,200,000/2,000,000 | 315 sps] R=-1757.6 C=  97 Safe=83.33% SAI=0.336 Jain=1.000 PeakMF=0.696
[Ep  2550 | Step 1,224,000/2,000,000 | 315 sps] R=-1338.0 C=  10 Safe=98.12% SAI=0.336 Jain=1.000 PeakMF=0.695
[Ep  2600 | Step 1,248,000/2,000,000 | 315 sps] R=-1337.9 C=  12 Safe=97.92% SAI=0.336 Jain=1.000 PeakMF=0.696
[Ep  2650 | Step 1,272,000/2,000,000 | 315 sps] R=-1792.5 C= 105 Safe=86.25% SAI=0.336 Jain=1.000 PeakMF=0.697
[Ep  2700 | Step 1,296,000/2,000,000 | 315 sps] R=-1346.1 C=  15 Safe=97.29% SAI=0.336 Jain=1.000 PeakMF=0.696
[Ep  2750 | Step 1,320,000/2,000,000 | 315 sps] R=-1426.1 C=  30 Safe=95.21% SAI=0.336 Jain=1.000 PeakMF=0.694
[Ep  2800 | Step 1,344,000/2,000,000 | 315 sps] R=-1303.0 C=   6 Safe=98.75% SAI=0.336 Jain=1.000 PeakMF=0.696
[Ep  2850 | Step 1,368,000/2,000,000 | 315 sps] R=-1337.9 C=   6 Safe=99.17% SAI=0.337 Jain=1.000 PeakMF=0.694Using device: cuda
Path G: loading pre-computed profiles from /root/hcmarl_project/config/pathg_profiles.json
Generating demonstrations from calibrated profiles (Eq 35 controller)...
  Generated 102 demonstrations from 34 workers
  HELDOUT_NLL model selection for K:
    K=1: heldout_nll=1881107.8750
    K=2: heldout_nll=40768.6328
    K=3: heldout_nll=15921.8301
    K=4: heldout_nll=7526.2051
    K=5: heldout_nll=2008208768.0000
  Selected K=4 (lowest heldout_nll=7526.2051)

--- MMICRL Type Discovery Results ---
  Demonstrations: 102
  Types discovered: 4
  Type proportions: ['0.44', '0.13', '0.08', '0.35']
  Mutual information I(tau;z): 0.0000
  Objective value: 0.0000
  Learned thresholds per type (raw):
    Type 0: {shoulder: 0.229}
    Type 1: {shoulder: 0.308}
    Type 2: {shoulder: 0.322}
    Type 3: {shoulder: 0.195}
  WARNING: MI (0.0000) < 0.01 -- latent types are behaviorally indistinguishable on this demo set. Effective per-worker theta will fall back to config floors (no MMICRL contribution). Consider multi-muscle demos or lambda1 tuning to restore discrimination.
  Results saved to logs/ablation_no_divergent/seed_1/mmicrl/mmicrl_results.json
Using MMICRL-learned thresholds for 6 workers (4 types, rescaled into [floor,1]; floors: {'shoulder': 0.7, 'ankle': 0.8, 'knee': 0.6, 'elbow': 0.45, 'trunk': 0.65, 'grip': 0.45})
  Effective per-worker theta_max: {'worker_0': {'shoulder': 0.7}, 'worker_1': {'shoulder': 0.7}, 'worker_2': {'shoulder': 0.7}, 'worker_3': {'shoulder': 0.7}, 'worker_4': {'shoulder': 0.7}, 'worker_5': {'shoulder': 0.7}}
============================================================
HC-MARL Training: HC-MARL (MAPPO + ECBF + NSWF)
Seed: 1 | Device: cuda | Workers: 6
Total steps: 2,000,000 | Eval every: 50,000
Checkpoint dir: checkpoints/ablation_no_divergent/seed_1
============================================================
[Ep    50 | Step    24,000/2,000,000 | 315 sps] R=-7707.8 C= 784 Safe=59.17% SAI=0.424 Jain=1.000 PeakMF=0.680
[Ep   100 | Step    48,000/2,000,000 | 315 sps] R=-6587.4 C= 673 Safe=48.33% SAI=0.413 Jain=1.000 PeakMF=0.694
[Ep   150 | Step    72,000/2,000,000 | 315 sps] R=-4418.2 C= 333 Safe=57.08% SAI=0.388 Jain=1.000 PeakMF=0.684
[Ep   200 | Step    96,000/2,000,000 | 315 sps] R=-3182.5 C=  30 Safe=94.17% SAI=0.408 Jain=1.000 PeakMF=0.682
[Ep   250 | Step   120,000/2,000,000 | 315 sps] R=-3177.0 C=  91 Safe=84.79% SAI=0.391 Jain=1.000 PeakMF=0.692
[Ep   300 | Step   144,000/2,000,000 | 315 sps] R=-3150.2 C=  58 Safe=93.12% SAI=0.401 Jain=1.000 PeakMF=0.682
[Ep   350 | Step   168,000/2,000,000 | 315 sps] R=-3431.4 C= 291 Safe=66.67% SAI=0.368 Jain=1.000 PeakMF=0.689
[Ep   400 | Step   192,000/2,000,000 | 315 sps] R=-2148.3 C=  44 Safe=92.50% SAI=0.356 Jain=1.000 PeakMF=0.685
[Ep   450 | Step   216,000/2,000,000 | 315 sps] R=-2456.7 C= 123 Safe=80.62% SAI=0.355 Jain=1.000 PeakMF=0.687
[Ep   500 | Step   240,000/2,000,000 | 315 sps] R=-2114.6 C=  64 Safe=88.96% SAI=0.352 Jain=1.000 PeakMF=0.689
[Ep   550 | Step   264,000/2,000,000 | 315 sps] R=-2134.0 C= 105 Safe=82.29% SAI=0.345 Jain=1.000 PeakMF=0.686
[Ep   600 | Step   288,000/2,000,000 | 315 sps] R=-1775.9 C=  47 Safe=91.67% SAI=0.343 Jain=1.000 PeakMF=0.693
[Ep   650 | Step   312,000/2,000,000 | 315 sps] R=-1756.7 C=  44 Safe=92.50% SAI=0.342 Jain=1.000 PeakMF=0.689
[Ep   700 | Step   336,000/2,000,000 | 315 sps] R=-1702.7 C=  35 Safe=93.96% SAI=0.342 Jain=1.000 PeakMF=0.690
[Ep   750 | Step   360,000/2,000,000 | 315 sps] R=-1655.7 C=  37 Safe=93.54% SAI=0.341 Jain=1.000 PeakMF=0.691
[Ep   800 | Step   384,000/2,000,000 | 315 sps] R=-1596.3 C=  32 Safe=95.42% SAI=0.338 Jain=1.000 PeakMF=0.691
[Ep   850 | Step   408,000/2,000,000 | 315 sps] R=-1495.2 C=   9 Safe=98.75% SAI=0.339 Jain=1.000 PeakMF=0.692
[Ep   900 | Step   432,000/2,000,000 | 315 sps] R=-1474.7 C=  13 Safe=97.71% SAI=0.338 Jain=1.000 PeakMF=0.693
[Ep   950 | Step   456,000/2,000,000 | 315 sps] R=-1625.6 C=  45 Safe=93.96% SAI=0.338 Jain=1.000 PeakMF=0.691
[Ep  1000 | Step   480,000/2,000,000 | 315 sps] R=-1441.3 C=  18 Safe=96.88% SAI=0.338 Jain=1.000 PeakMF=0.696
[Ep  1050 | Step   504,000/2,000,000 | 315 sps] R=-1834.8 C= 103 Safe=88.96% SAI=0.337 Jain=1.000 PeakMF=0.695
[Ep  1100 | Step   528,000/2,000,000 | 315 sps] R=-1532.0 C=  33 Safe=94.17% SAI=0.337 Jain=1.000 PeakMF=0.693
[Ep  1150 | Step   552,000/2,000,000 | 315 sps] R=-1421.0 C=   8 Safe=98.96% SAI=0.337 Jain=1.000 PeakMF=0.694
[Ep  1200 | Step   576,000/2,000,000 | 315 sps] R=-1451.6 C=  26 Safe=95.62% SAI=0.337 Jain=1.000 PeakMF=0.696
[Ep  1250 | Step   600,000/2,000,000 | 315 sps] R=-1441.6 C=  18 Safe=96.88% SAI=0.336 Jain=1.000 PeakMF=0.694
[Ep  1300 | Step   624,000/2,000,000 | 315 sps] R=-1476.9 C=  32 Safe=95.00% SAI=0.336 Jain=1.000 PeakMF=0.695
[Ep  1350 | Step   648,000/2,000,000 | 315 sps] R=-1491.6 C=  40 Safe=93.12% SAI=0.336 Jain=1.000 PeakMF=0.697
[Ep  1400 | Step   672,000/2,000,000 | 315 sps] R=-1633.8 C=  68 Safe=91.25% SAI=0.337 Jain=1.000 PeakMF=0.696
[Ep  1450 | Step   696,000/2,000,000 | 315 sps] R=-1634.6 C=  59 Safe=93.12% SAI=0.337 Jain=1.000 PeakMF=0.694
[Ep  1500 | Step   720,000/2,000,000 | 315 sps] R=-1477.1 C=  31 Safe=95.00% SAI=0.337 Jain=1.000 PeakMF=0.694
[Ep  1550 | Step   744,000/2,000,000 | 315 sps] R=-1363.5 C=  11 Safe=97.71% SAI=0.336 Jain=1.000 PeakMF=0.697
[Ep  1600 | Step   768,000/2,000,000 | 315 sps] R=-1451.4 C=  29 Safe=95.21% SAI=0.337 Jain=1.000 PeakMF=0.696
[Ep  1650 | Step   792,000/2,000,000 | 315 sps] R=-1363.4 C=   8 Safe=98.75% SAI=0.336 Jain=1.000 PeakMF=0.695
[Ep  1700 | Step   816,000/2,000,000 | 315 sps] R=-1339.3 C=   4 Safe=99.38% SAI=0.337 Jain=1.000 PeakMF=0.696
[Ep  1750 | Step   840,000/2,000,000 | 315 sps] R=-1447.1 C=  28 Safe=95.62% SAI=0.337 Jain=1.000 PeakMF=0.695
[Ep  1800 | Step   864,000/2,000,000 | 315 sps] R=-1472.9 C=  32 Safe=96.04% SAI=0.337 Jain=1.000 PeakMF=0.694
[Ep  1850 | Step   888,000/2,000,000 | 315 sps] R=-1372.2 C=  11 Safe=98.54% SAI=0.337 Jain=1.000 PeakMF=0.695
[Ep  1900 | Step   912,000/2,000,000 | 315 sps] R=-1452.5 C=  37 Safe=93.33% SAI=0.336 Jain=1.000 PeakMF=0.698
[Ep  1950 | Step   936,000/2,000,000 | 315 sps] R=-1448.6 C=  29 Safe=96.67% SAI=0.337 Jain=1.000 PeakMF=0.695
[Ep  2000 | Step   960,000/2,000,000 | 315 sps] R=-1544.1 C=  53 Safe=92.50% SAI=0.337 Jain=1.000 PeakMF=0.695
[Ep  2050 | Step   984,000/2,000,000 | 315 sps] R=-1364.1 C=  19 Safe=96.46% SAI=0.336 Jain=1.000 PeakMF=0.697
[Ep  2100 | Step 1,008,000/2,000,000 | 315 sps] R=-2119.8 C= 173 Safe=85.00% SAI=0.336 Jain=1.000 PeakMF=0.695
[Ep  2150 | Step 1,032,000/2,000,000 | 315 sps] R=-1338.6 C=  10 Safe=98.54% SAI=0.337 Jain=1.000 PeakMF=0.695
[Ep  2200 | Step 1,056,000/2,000,000 | 315 sps] R=-1432.0 C=  36 Safe=95.00% SAI=0.337 Jain=1.000 PeakMF=0.697
[Ep  2250 | Step 1,080,000/2,000,000 | 315 sps] R=-1469.1 C=  35 Safe=95.21% SAI=0.337 Jain=1.000 PeakMF=0.692
[Ep  2300 | Step 1,104,000/2,000,000 | 315 sps] R=-1591.8 C=  68 Safe=90.21% SAI=0.336 Jain=1.000 PeakMF=0.695
[Ep  2350 | Step 1,128,000/2,000,000 | 315 sps] R=-1725.4 C= 103 Safe=91.25% SAI=0.335 Jain=1.000 PeakMF=0.698
[Ep  2400 | Step 1,152,000/2,000,000 | 315 sps] R=-1449.0 C=  37 Safe=94.38% SAI=0.336 Jain=1.000 PeakMF=0.695
[Ep  2450 | Step 1,176,000/2,000,000 | 315 sps] R=-1566.5 C=  67 Safe=90.42% SAI=0.337 Jain=1.000 PeakMF=0.694
[Ep  2500 | Step 1,200,000/2,000,000 | 315 sps] R=-1330.6 C=  19 Safe=96.46% SAI=0.336 Jain=1.000 PeakMF=0.696
[Ep  2550 | Step 1,224,000/2,000,000 | 315 sps] R=-1379.2 C=  21 Safe=96.67% SAI=0.337 Jain=1.000 PeakMF=0.692
[Ep  2600 | Step 1,248,000/2,000,000 | 315 sps] R=-1306.3 C=   9 Safe=98.12% SAI=0.337 Jain=1.000 PeakMF=0.694
[Ep  2650 | Step 1,272,000/2,000,000 | 315 sps] R=-1308.5 C=   2 Safe=99.58% SAI=0.337 Jain=1.000 PeakMF=0.695
[Ep  2700 | Step 1,296,000/2,000,000 | 315 sps] R=-1258.4 C=   4 Safe=99.17% SAI=0.337 Jain=1.000 PeakMF=0.696
[Ep  2750 | Step 1,320,000/2,000,000 | 315 sps] R=-1271.4 C=   1 Safe=99.79% SAI=0.336 Jain=1.000 PeakMF=0.695
[Ep  2800 | Step 1,344,000/2,000,000 | 315 sps] R=-1484.0 C=  55 Safe=90.42% SAI=0.336 Jain=1.000 PeakMF=0.698
[Ep  2850 | Step 1,368,000/2,000,000 | 315 sps] R=-1296.4 C=   6 Safe=98.75% SAI=0.337 Jain=1.000 PeakMF=0.695Using device: cuda
Path G: loading pre-computed profiles from /root/hcmarl_project/config/pathg_profiles.json
Generating demonstrations from calibrated profiles (Eq 35 controller)...
  Generated 102 demonstrations from 34 workers
  HELDOUT_NLL model selection for K:
    K=1: heldout_nll=2941153.0000
    K=2: heldout_nll=103576.7109
    K=3: heldout_nll=31234.4648
    K=4: heldout_nll=160294521274368.0000
    K=5: heldout_nll=6630.3862
  Selected K=5 (lowest heldout_nll=6630.3862)

--- MMICRL Type Discovery Results ---
  Demonstrations: 102
  Types discovered: 5
  Type proportions: ['0.32', '0.25', '0.09', '0.09', '0.25']
  Mutual information I(tau;z): 0.0000
  Objective value: 0.0000
  Learned thresholds per type (raw):
    Type 0: {shoulder: 0.184}
    Type 1: {shoulder: 0.311}
    Type 2: {shoulder: 0.161}
    Type 3: {shoulder: 0.197}
    Type 4: {shoulder: 0.255}
  WARNING: MI (0.0000) < 0.01 -- latent types are behaviorally indistinguishable on this demo set. Effective per-worker theta will fall back to config floors (no MMICRL contribution). Consider multi-muscle demos or lambda1 tuning to restore discrimination.
  Results saved to logs/ablation_no_divergent/seed_3/mmicrl/mmicrl_results.json
Using MMICRL-learned thresholds for 6 workers (5 types, rescaled into [floor,1]; floors: {'shoulder': 0.7, 'ankle': 0.8, 'knee': 0.6, 'elbow': 0.45, 'trunk': 0.65, 'grip': 0.45})
  Effective per-worker theta_max: {'worker_0': {'shoulder': 0.7}, 'worker_1': {'shoulder': 0.7}, 'worker_2': {'shoulder': 0.7}, 'worker_3': {'shoulder': 0.7}, 'worker_4': {'shoulder': 0.7}, 'worker_5': {'shoulder': 0.7}}
============================================================
HC-MARL Training: HC-MARL (MAPPO + ECBF + NSWF)
Seed: 3 | Device: cuda | Workers: 6
Total steps: 2,000,000 | Eval every: 50,000
Checkpoint dir: checkpoints/ablation_no_divergent/seed_3
============================================================
[Ep    50 | Step    24,000/2,000,000 | 312 sps] R=-7597.6 C= 798 Safe=49.79% SAI=0.403 Jain=1.000 PeakMF=0.678
[Ep   100 | Step    48,000/2,000,000 | 313 sps] R=-5398.9 C= 293 Safe=64.58% SAI=0.443 Jain=1.000 PeakMF=0.668
[Ep   150 | Step    72,000/2,000,000 | 314 sps] R=-5414.2 C= 396 Safe=73.12% SAI=0.430 Jain=1.000 PeakMF=0.683
[Ep   200 | Step    96,000/2,000,000 | 314 sps] R=-4893.1 C= 420 Safe=58.96% SAI=0.408 Jain=1.000 PeakMF=0.687
[Ep   250 | Step   120,000/2,000,000 | 314 sps] R=-4551.5 C= 357 Safe=61.88% SAI=0.397 Jain=1.000 PeakMF=0.697
[Ep   300 | Step   144,000/2,000,000 | 314 sps] R=-3237.4 C= 112 Safe=79.17% SAI=0.392 Jain=1.000 PeakMF=0.695
[Ep   350 | Step   168,000/2,000,000 | 314 sps] R=-2830.6 C= 161 Safe=77.92% SAI=0.361 Jain=1.000 PeakMF=0.687
[Ep   400 | Step   192,000/2,000,000 | 315 sps] R=-2110.3 C=  51 Safe=90.42% SAI=0.352 Jain=1.000 PeakMF=0.686
[Ep   450 | Step   216,000/2,000,000 | 315 sps] R=-2155.7 C=  66 Safe=91.25% SAI=0.352 Jain=1.000 PeakMF=0.688
[Ep   500 | Step   240,000/2,000,000 | 315 sps] R=-2089.3 C=  85 Safe=86.46% SAI=0.347 Jain=1.000 PeakMF=0.691
[Ep   550 | Step   264,000/2,000,000 | 315 sps] R=-1922.4 C=  65 Safe=89.79% SAI=0.344 Jain=1.000 PeakMF=0.687
[Ep   600 | Step   288,000/2,000,000 | 315 sps] R=-1937.1 C=  80 Safe=86.88% SAI=0.343 Jain=1.000 PeakMF=0.687
[Ep   650 | Step   312,000/2,000,000 | 315 sps] R=-1735.8 C=  44 Safe=92.08% SAI=0.341 Jain=1.000 PeakMF=0.690
[Ep   700 | Step   336,000/2,000,000 | 315 sps] R=-1676.5 C=  25 Safe=95.42% SAI=0.342 Jain=1.000 PeakMF=0.692
[Ep   750 | Step   360,000/2,000,000 | 315 sps] R=-1616.9 C=  16 Safe=97.50% SAI=0.342 Jain=1.000 PeakMF=0.687
[Ep   800 | Step   384,000/2,000,000 | 315 sps] R=-1628.8 C=  33 Safe=94.17% SAI=0.340 Jain=1.000 PeakMF=0.691
[Ep   850 | Step   408,000/2,000,000 | 315 sps] R=-1462.2 C=   6 Safe=98.75% SAI=0.338 Jain=1.000 PeakMF=0.694
[Ep   900 | Step   432,000/2,000,000 | 315 sps] R=-1550.1 C=  34 Safe=93.96% SAI=0.337 Jain=1.000 PeakMF=0.694
[Ep   950 | Step   456,000/2,000,000 | 315 sps] R=-1597.1 C=  48 Safe=91.88% SAI=0.337 Jain=1.000 PeakMF=0.689
[Ep  1000 | Step   480,000/2,000,000 | 315 sps] R=-1527.5 C=  42 Safe=92.71% SAI=0.336 Jain=1.000 PeakMF=0.695
[Ep  1050 | Step   504,000/2,000,000 | 315 sps] R=-1518.6 C=  37 Safe=93.54% SAI=0.336 Jain=1.000 PeakMF=0.693
[Ep  1100 | Step   528,000/2,000,000 | 315 sps] R=-1375.4 C=   3 Safe=99.38% SAI=0.337 Jain=1.000 PeakMF=0.695
[Ep  1150 | Step   552,000/2,000,000 | 315 sps] R=-1452.8 C=  15 Safe=97.50% SAI=0.338 Jain=1.000 PeakMF=0.694
[Ep  1200 | Step   576,000/2,000,000 | 315 sps] R=-1403.0 C=  10 Safe=98.33% SAI=0.337 Jain=1.000 PeakMF=0.694
[Ep  1250 | Step   600,000/2,000,000 | 315 sps] R=-1430.1 C=  15 Safe=97.29% SAI=0.336 Jain=1.000 PeakMF=0.694
[Ep  1300 | Step   624,000/2,000,000 | 315 sps] R=-1456.9 C=  34 Safe=95.21% SAI=0.336 Jain=1.000 PeakMF=0.696
[Ep  1350 | Step   648,000/2,000,000 | 315 sps] R=-1389.2 C=   7 Safe=98.96% SAI=0.337 Jain=1.000 PeakMF=0.695
[Ep  1400 | Step   672,000/2,000,000 | 315 sps] R=-1366.7 C=   6 Safe=98.96% SAI=0.337 Jain=1.000 PeakMF=0.695
[Ep  1450 | Step   696,000/2,000,000 | 315 sps] R=-1374.4 C=   7 Safe=98.96% SAI=0.336 Jain=1.000 PeakMF=0.693
[Ep  1500 | Step   720,000/2,000,000 | 315 sps] R=-1380.9 C=  10 Safe=98.33% SAI=0.337 Jain=1.000 PeakMF=0.695
[Ep  1550 | Step   744,000/2,000,000 | 315 sps] R=-1413.4 C=  16 Safe=98.12% SAI=0.337 Jain=1.000 PeakMF=0.695
[Ep  1600 | Step   768,000/2,000,000 | 315 sps] R=-1406.8 C=  18 Safe=96.46% SAI=0.337 Jain=1.000 PeakMF=0.696
[Ep  1650 | Step   792,000/2,000,000 | 315 sps] R=-1325.3 C=   1 Safe=99.79% SAI=0.337 Jain=1.000 PeakMF=0.695
[Ep  1700 | Step   816,000/2,000,000 | 315 sps] R=-1358.3 C=   7 Safe=98.75% SAI=0.337 Jain=1.000 PeakMF=0.695
[Ep  1750 | Step   840,000/2,000,000 | 315 sps] R=-1611.0 C=  68 Safe=92.29% SAI=0.336 Jain=1.000 PeakMF=0.698
[Ep  1800 | Step   864,000/2,000,000 | 315 sps] R=-1403.3 C=  22 Safe=96.46% SAI=0.337 Jain=1.000 PeakMF=0.695
[Ep  1850 | Step   888,000/2,000,000 | 315 sps] R=-1573.2 C=  61 Safe=91.25% SAI=0.336 Jain=1.000 PeakMF=0.697
[Ep  1900 | Step   912,000/2,000,000 | 315 sps] R=-1471.3 C=  39 Safe=93.33% SAI=0.336 Jain=1.000 PeakMF=0.696
[Ep  1950 | Step   936,000/2,000,000 | 315 sps] R=-1631.7 C=  73 Safe=91.04% SAI=0.337 Jain=1.000 PeakMF=0.697
[Ep  2000 | Step   960,000/2,000,000 | 315 sps] R=-1347.2 C=   9 Safe=98.12% SAI=0.337 Jain=1.000 PeakMF=0.697
[Ep  2050 | Step   984,000/2,000,000 | 315 sps] R=-1511.8 C=  48 Safe=94.38% SAI=0.336 Jain=1.000 PeakMF=0.696
[Ep  2100 | Step 1,008,000/2,000,000 | 315 sps] R=-1333.1 C=   4 Safe=99.17% SAI=0.337 Jain=1.000 PeakMF=0.694
[Ep  2150 | Step 1,032,000/2,000,000 | 315 sps] R=-1527.4 C=  58 Safe=91.88% SAI=0.336 Jain=1.000 PeakMF=0.695
[Ep  2200 | Step 1,056,000/2,000,000 | 315 sps] R=-1322.3 C=   9 Safe=98.12% SAI=0.337 Jain=1.000 PeakMF=0.694
[Ep  2250 | Step 1,080,000/2,000,000 | 315 sps] R=-1423.4 C=  36 Safe=93.54% SAI=0.336 Jain=1.000 PeakMF=0.696
[Ep  2300 | Step 1,104,000/2,000,000 | 315 sps] R=-1353.8 C=  11 Safe=98.12% SAI=0.337 Jain=1.000 PeakMF=0.694
[Ep  2350 | Step 1,128,000/2,000,000 | 315 sps] R=-1278.6 C=   3 Safe=99.38% SAI=0.336 Jain=1.000 PeakMF=0.696
[Ep  2400 | Step 1,152,000/2,000,000 | 315 sps] R=-1314.8 C=   9 Safe=98.75% SAI=0.337 Jain=1.000 PeakMF=0.692
[Ep  2450 | Step 1,176,000/2,000,000 | 315 sps] R=-1487.6 C=  51 Safe=91.04% SAI=0.336 Jain=1.000 PeakMF=0.698
[Ep  2500 | Step 1,200,000/2,000,000 | 315 sps] R=-1359.7 C=  24 Safe=96.04% SAI=0.336 Jain=1.000 PeakMF=0.695
[Ep  2550 | Step 1,224,000/2,000,000 | 315 sps] R=-1409.4 C=  31 Safe=96.04% SAI=0.336 Jain=1.000 PeakMF=0.696
[Ep  2600 | Step 1,248,000/2,000,000 | 315 sps] R=-1383.7 C=  26 Safe=95.62% SAI=0.337 Jain=1.000 PeakMF=0.694
[Ep  2650 | Step 1,272,000/2,000,000 | 315 sps] R=-1486.4 C=  52 Safe=92.50% SAI=0.337 Jain=1.000 PeakMF=0.694
[Ep  2700 | Step 1,296,000/2,000,000 | 315 sps] R=-1560.4 C=  70 Safe=90.00% SAI=0.336 Jain=1.000 PeakMF=0.697
[Ep  2750 | Step 1,320,000/2,000,000 | 315 sps] R=-1297.7 C=  12 Safe=97.71% SAI=0.336 Jain=1.000 PeakMF=0.694
[Ep  2800 | Step 1,344,000/2,000,000 | 315 sps] R=-1406.2 C=  35 Safe=94.58% SAI=0.337 Jain=1.000 PeakMF=0.694
[Ep  2850 | Step 1,368,000/2,000,000 | 315 sps] R=-1295.0 C=  11 Safe=98.33% SAI=0.337 Jain=1.000 PeakMF=0.695Using device: cuda
Path G: loading pre-computed profiles from /root/hcmarl_project/config/pathg_profiles.json
Generating demonstrations from calibrated profiles (Eq 35 controller)...
  Generated 102 demonstrations from 34 workers
  HELDOUT_NLL model selection for K:
    K=1: heldout_nll=73045.4453
    K=2: heldout_nll=130.8518
    K=3: heldout_nll=969064.4375
    K=4: heldout_nll=710.4616
    K=5: heldout_nll=88205960.0000
  Selected K=2 (lowest heldout_nll=130.8518)

--- MMICRL Type Discovery Results ---
  Demonstrations: 102
  Types discovered: 2
  Type proportions: ['0.05', '0.95']
  Mutual information I(tau;z): 0.0000
  Objective value: 0.0000
  Learned thresholds per type (raw):
    Type 0: {shoulder: 0.146}
    Type 1: {shoulder: 0.245}
  WARNING: MI (0.0000) < 0.01 -- latent types are behaviorally indistinguishable on this demo set. Effective per-worker theta will fall back to config floors (no MMICRL contribution). Consider multi-muscle demos or lambda1 tuning to restore discrimination.
  Results saved to logs/ablation_no_divergent/seed_0/mmicrl/mmicrl_results.json
Using MMICRL-learned thresholds for 6 workers (2 types, rescaled into [floor,1]; floors: {'shoulder': 0.7, 'ankle': 0.8, 'knee': 0.6, 'elbow': 0.45, 'trunk': 0.65, 'grip': 0.45})
  Effective per-worker theta_max: {'worker_0': {'shoulder': 0.7}, 'worker_1': {'shoulder': 0.7}, 'worker_2': {'shoulder': 0.7}, 'worker_3': {'shoulder': 0.7}, 'worker_4': {'shoulder': 0.7}, 'worker_5': {'shoulder': 0.7}}
============================================================
HC-MARL Training: HC-MARL (MAPPO + ECBF + NSWF)
Seed: 0 | Device: cuda | Workers: 6
Total steps: 2,000,000 | Eval every: 50,000
Checkpoint dir: checkpoints/ablation_no_divergent/seed_0
============================================================
[Ep    50 | Step    24,000/2,000,000 | 318 sps] R=-7533.3 C= 800 Safe=42.71% SAI=0.408 Jain=1.000 PeakMF=0.679
[Ep   100 | Step    48,000/2,000,000 | 316 sps] R=-4514.9 C= 288 Safe=73.54% SAI=0.405 Jain=1.000 PeakMF=0.691
[Ep   150 | Step    72,000/2,000,000 | 316 sps] R=-3602.3 C=  84 Safe=88.12% SAI=0.415 Jain=1.000 PeakMF=0.695
[Ep   200 | Step    96,000/2,000,000 | 315 sps] R=-4521.3 C= 429 Safe=48.12% SAI=0.383 Jain=1.000 PeakMF=0.694
[Ep   250 | Step   120,000/2,000,000 | 315 sps] R=-3404.9 C= 153 Safe=73.96% SAI=0.391 Jain=1.000 PeakMF=0.681
[Ep   300 | Step   144,000/2,000,000 | 315 sps] R=-3480.5 C= 213 Safe=75.42% SAI=0.379 Jain=1.000 PeakMF=0.691
[Ep   350 | Step   168,000/2,000,000 | 315 sps] R=-4021.9 C= 363 Safe=69.17% SAI=0.378 Jain=1.000 PeakMF=0.688
[Ep   400 | Step   192,000/2,000,000 | 315 sps] R=-2259.4 C=   9 Safe=98.33% SAI=0.364 Jain=1.000 PeakMF=0.686
[Ep   450 | Step   216,000/2,000,000 | 315 sps] R=-2049.2 C=  57 Safe=89.79% SAI=0.349 Jain=1.000 PeakMF=0.686
[Ep   500 | Step   240,000/2,000,000 | 315 sps] R=-1958.9 C=  25 Safe=95.00% SAI=0.355 Jain=1.000 PeakMF=0.686
[Ep   550 | Step   264,000/2,000,000 | 315 sps] R=-2285.1 C= 152 Safe=82.08% SAI=0.344 Jain=1.000 PeakMF=0.690
[Ep   600 | Step   288,000/2,000,000 | 315 sps] R=-1737.9 C=  35 Safe=94.38% SAI=0.343 Jain=1.000 PeakMF=0.690
[Ep   650 | Step   312,000/2,000,000 | 315 sps] R=-1678.9 C=  40 Safe=93.33% SAI=0.341 Jain=1.000 PeakMF=0.689
[Ep   700 | Step   336,000/2,000,000 | 315 sps] R=-1716.5 C=  60 Safe=90.62% SAI=0.340 Jain=1.000 PeakMF=0.694
[Ep   750 | Step   360,000/2,000,000 | 315 sps] R=-1545.2 C=  14 Safe=97.50% SAI=0.339 Jain=1.000 PeakMF=0.687
[Ep   800 | Step   384,000/2,000,000 | 315 sps] R=-1589.8 C=  21 Safe=96.25% SAI=0.341 Jain=1.000 PeakMF=0.690
[Ep   850 | Step   408,000/2,000,000 | 315 sps] R=-1460.2 C=  18 Safe=97.29% SAI=0.337 Jain=1.000 PeakMF=0.693
[Ep   900 | Step   432,000/2,000,000 | 315 sps] R=-1497.7 C=  27 Safe=95.62% SAI=0.337 Jain=1.000 PeakMF=0.694
[Ep   950 | Step   456,000/2,000,000 | 315 sps] R=-1457.3 C=  18 Safe=96.88% SAI=0.337 Jain=1.000 PeakMF=0.694
[Ep  1000 | Step   480,000/2,000,000 | 314 sps] R=-1409.9 C=   2 Safe=99.58% SAI=0.338 Jain=1.000 PeakMF=0.694
[Ep  1050 | Step   504,000/2,000,000 | 315 sps] R=-1656.9 C=  64 Safe=89.58% SAI=0.338 Jain=1.000 PeakMF=0.696
[Ep  1100 | Step   528,000/2,000,000 | 315 sps] R=-1551.2 C=  44 Safe=93.54% SAI=0.337 Jain=1.000 PeakMF=0.695
[Ep  1150 | Step   552,000/2,000,000 | 315 sps] R=-1392.2 C=   3 Safe=99.38% SAI=0.338 Jain=1.000 PeakMF=0.694
[Ep  1200 | Step   576,000/2,000,000 | 315 sps] R=-1566.1 C=  48 Safe=90.83% SAI=0.337 Jain=1.000 PeakMF=0.695
[Ep  1250 | Step   600,000/2,000,000 | 315 sps] R=-1371.4 C=   6 Safe=98.96% SAI=0.337 Jain=1.000 PeakMF=0.695
[Ep  1300 | Step   624,000/2,000,000 | 315 sps] R=-1418.0 C=  18 Safe=97.71% SAI=0.337 Jain=1.000 PeakMF=0.695
[Ep  1350 | Step   648,000/2,000,000 | 315 sps] R=-1416.5 C=   8 Safe=99.17% SAI=0.337 Jain=1.000 PeakMF=0.695
[Ep  1400 | Step   672,000/2,000,000 | 315 sps] R=-1463.6 C=  32 Safe=94.38% SAI=0.337 Jain=1.000 PeakMF=0.696
[Ep  1450 | Step   696,000/2,000,000 | 315 sps] R=-1462.6 C=  24 Safe=96.67% SAI=0.336 Jain=1.000 PeakMF=0.691
[Ep  1500 | Step   720,000/2,000,000 | 315 sps] R=-1419.5 C=  16 Safe=97.08% SAI=0.337 Jain=1.000 PeakMF=0.694
[Ep  1550 | Step   744,000/2,000,000 | 315 sps] R=-1411.6 C=  13 Safe=98.33% SAI=0.337 Jain=1.000 PeakMF=0.691
[Ep  1600 | Step   768,000/2,000,000 | 315 sps] R=-1432.3 C=  23 Safe=96.04% SAI=0.337 Jain=1.000 PeakMF=0.696
[Ep  1650 | Step   792,000/2,000,000 | 315 sps] R=-1430.6 C=  22 Safe=95.62% SAI=0.337 Jain=1.000 PeakMF=0.696
[Ep  1700 | Step   816,000/2,000,000 | 315 sps] R=-1388.8 C=  15 Safe=97.50% SAI=0.337 Jain=1.000 PeakMF=0.695
[Ep  1750 | Step   840,000/2,000,000 | 315 sps] R=-1368.3 C=   9 Safe=98.12% SAI=0.337 Jain=1.000 PeakMF=0.695
[Ep  1800 | Step   864,000/2,000,000 | 315 sps] R=-1368.5 C=  11 Safe=97.92% SAI=0.337 Jain=1.000 PeakMF=0.696
[Ep  1850 | Step   888,000/2,000,000 | 315 sps] R=-1446.3 C=  32 Safe=95.42% SAI=0.337 Jain=1.000 PeakMF=0.696
[Ep  1900 | Step   912,000/2,000,000 | 315 sps] R=-1779.1 C= 105 Safe=89.58% SAI=0.336 Jain=1.000 PeakMF=0.697
[Ep  1950 | Step   936,000/2,000,000 | 315 sps] R=-1370.6 C=  15 Safe=97.08% SAI=0.337 Jain=1.000 PeakMF=0.695
[Ep  2000 | Step   960,000/2,000,000 | 315 sps] R=-1365.8 C=  11 Safe=98.75% SAI=0.337 Jain=1.000 PeakMF=0.695
[Ep  2050 | Step   984,000/2,000,000 | 314 sps] R=-1399.9 C=  23 Safe=96.25% SAI=0.337 Jain=1.000 PeakMF=0.696
[Ep  2100 | Step 1,008,000/2,000,000 | 314 sps] R=-1427.3 C=  24 Safe=95.83% SAI=0.337 Jain=1.000 PeakMF=0.696
[Ep  2150 | Step 1,032,000/2,000,000 | 314 sps] R=-1445.9 C=  34 Safe=95.00% SAI=0.337 Jain=1.000 PeakMF=0.694
[Ep  2200 | Step 1,056,000/2,000,000 | 314 sps] R=-1388.8 C=  20 Safe=96.88% SAI=0.337 Jain=1.000 PeakMF=0.695
[Ep  2250 | Step 1,080,000/2,000,000 | 314 sps] R=-1444.2 C=  29 Safe=96.25% SAI=0.337 Jain=1.000 PeakMF=0.695
[Ep  2300 | Step 1,104,000/2,000,000 | 314 sps] R=-1441.2 C=  37 Safe=93.96% SAI=0.336 Jain=1.000 PeakMF=0.697
[Ep  2350 | Step 1,128,000/2,000,000 | 314 sps] R=-1519.1 C=  53 Safe=92.50% SAI=0.337 Jain=1.000 PeakMF=0.697
[Ep  2400 | Step 1,152,000/2,000,000 | 314 sps] R=-1367.2 C=  11 Safe=98.12% SAI=0.337 Jain=1.000 PeakMF=0.694
[Ep  2450 | Step 1,176,000/2,000,000 | 314 sps] R=-1330.3 C=   5 Safe=99.38% SAI=0.337 Jain=1.000 PeakMF=0.695
[Ep  2500 | Step 1,200,000/2,000,000 | 314 sps] R=-1351.4 C=  11 Safe=98.33% SAI=0.337 Jain=1.000 PeakMF=0.695
[Ep  2550 | Step 1,224,000/2,000,000 | 314 sps] R=-1517.1 C=  47 Safe=95.00% SAI=0.337 Jain=1.000 PeakMF=0.693
[Ep  2600 | Step 1,248,000/2,000,000 | 314 sps] R=-1350.1 C=   8 Safe=98.96% SAI=0.337 Jain=1.000 PeakMF=0.696
[Ep  2650 | Step 1,272,000/2,000,000 | 314 sps] R=-1387.3 C=  24 Safe=96.25% SAI=0.337 Jain=1.000 PeakMF=0.695
[Ep  2700 | Step 1,296,000/2,000,000 | 314 sps] R=-1333.8 C=   9 Safe=98.75% SAI=0.337 Jain=1.000 PeakMF=0.693
[Ep  2750 | Step 1,320,000/2,000,000 | 314 sps] R=-1437.7 C=  40 Safe=94.17% SAI=0.337 Jain=1.000 PeakMF=0.696
[Ep  2800 | Step 1,344,000/2,000,000 | 314 sps] R=-1586.5 C=  71 Safe=88.75% SAI=0.337 Jain=1.000 PeakMF=0.698
[Ep  2850 | Step 1,368,000/2,000,000 | 314 sps] R=-1715.5 C=  97 Safe=87.29% SAI=0.337 Jain=1.000 PeakMF=0.696
[Ep  2900 | Step 1,392,000/2,000,000 | 314 sps] R=-1336.5 C=  21 Safe=95.62% SAI=0.336 Jain=1.000 PeakMF=0.697Using device: cuda
Path G: loading pre-computed profiles from /root/hcmarl_project/config/pathg_profiles.json
Generating demonstrations from calibrated profiles (Eq 35 controller)...
  Generated 102 demonstrations from 34 workers
  HELDOUT_NLL model selection for K:
    K=1: heldout_nll=66240.1016
    K=2: heldout_nll=119624393818112.0000
    K=3: heldout_nll=15381214.0000
    K=4: heldout_nll=1828.3118
    K=5: heldout_nll=15538764906496.0000
  Selected K=4 (lowest heldout_nll=1828.3118)

--- MMICRL Type Discovery Results ---
  Demonstrations: 102
  Types discovered: 4
  Type proportions: ['0.35', '0.31', '0.14', '0.20']
  Mutual information I(tau;z): 0.8984
  Objective value: 0.8984
  Learned thresholds per type (raw):
    Type 0: {shoulder: 0.294}
    Type 1: {shoulder: 0.235}
    Type 2: {shoulder: 0.218}
    Type 3: {shoulder: 0.154}
  Results saved to logs/ablation_no_nswf/seed_8/mmicrl/mmicrl_results.json
Using MMICRL-learned thresholds for 6 workers (4 types, rescaled into [floor,1]; floors: {'shoulder': 0.7, 'ankle': 0.8, 'knee': 0.6, 'elbow': 0.45, 'trunk': 0.65, 'grip': 0.45})
  Effective per-worker theta_max: {'worker_0': {'shoulder': 0.999}, 'worker_1': {'shoulder': 0.999}, 'worker_2': {'shoulder': 0.8726179322409156}, 'worker_3': {'shoulder': 0.8726179322409156}, 'worker_4': {'shoulder': 0.8366321754251997}, 'worker_5': {'shoulder': 0.7}}
============================================================
HC-MARL Training: HC-MARL (MAPPO + ECBF + NSWF)
Seed: 8 | Device: cuda | Workers: 6
Total steps: 2,000,000 | Eval every: 50,000
Checkpoint dir: checkpoints/ablation_no_nswf/seed_8
============================================================
[Ep    50 | Step    24,000/2,000,000 | 363 sps] R=-7640.5 C= 160 Safe=81.25% SAI=0.458 Jain=1.000 PeakMF=0.778
[Ep   100 | Step    48,000/2,000,000 | 338 sps] R=-4531.8 C=  17 Safe=96.46% SAI=0.387 Jain=0.999 PeakMF=0.766
[Ep   150 | Step    72,000/2,000,000 | 330 sps] R=-4636.3 C= 133 Safe=74.79% SAI=0.374 Jain=0.999 PeakMF=0.743
[Ep   200 | Step    96,000/2,000,000 | 326 sps] R=-5441.8 C= 209 Safe=66.04% SAI=0.370 Jain=0.999 PeakMF=0.776
[Ep   250 | Step   120,000/2,000,000 | 324 sps] R=-5307.3 C= 259 Safe=49.17% SAI=0.363 Jain=0.999 PeakMF=0.774
[Ep   300 | Step   144,000/2,000,000 | 322 sps] R=-4306.5 C=  92 Safe=81.46% SAI=0.358 Jain=0.999 PeakMF=0.761
[Ep   350 | Step   168,000/2,000,000 | 321 sps] R=-3815.1 C=  23 Safe=95.21% SAI=0.358 Jain=1.000 PeakMF=0.756
[Ep   400 | Step   192,000/2,000,000 | 321 sps] R=-3674.2 C=   3 Safe=99.38% SAI=0.352 Jain=1.000 PeakMF=0.746
[Ep   450 | Step   216,000/2,000,000 | 320 sps] R=-3674.0 C=   1 Safe=99.79% SAI=0.347 Jain=1.000 PeakMF=0.756
[Ep   500 | Step   240,000/2,000,000 | 320 sps] R=-3838.3 C=  17 Safe=96.46% SAI=0.350 Jain=1.000 PeakMF=0.757
[Ep   550 | Step   264,000/2,000,000 | 319 sps] R=-3607.8 C=   4 Safe=99.17% SAI=0.346 Jain=1.000 PeakMF=0.745
[Ep   600 | Step   288,000/2,000,000 | 319 sps] R=-3845.3 C=  55 Safe=88.54% SAI=0.347 Jain=1.000 PeakMF=0.745
[Ep   650 | Step   312,000/2,000,000 | 319 sps] R=-3757.5 C=  26 Safe=95.42% SAI=0.350 Jain=1.000 PeakMF=0.754
[Ep   700 | Step   336,000/2,000,000 | 318 sps] R=-3985.1 C=  70 Safe=87.71% SAI=0.349 Jain=1.000 PeakMF=0.750
[Ep   750 | Step   360,000/2,000,000 | 318 sps] R=-3583.7 C=   4 Safe=99.17% SAI=0.351 Jain=1.000 PeakMF=0.751
[Ep   800 | Step   384,000/2,000,000 | 318 sps] R=-3763.2 C=  44 Safe=91.46% SAI=0.349 Jain=1.000 PeakMF=0.745
[Ep   850 | Step   408,000/2,000,000 | 318 sps] R=-3533.6 C=   5 Safe=98.96% SAI=0.350 Jain=1.000 PeakMF=0.742
[Ep   900 | Step   432,000/2,000,000 | 318 sps] R=-3620.2 C=  15 Safe=97.29% SAI=0.350 Jain=1.000 PeakMF=0.743
[Ep   950 | Step   456,000/2,000,000 | 318 sps] R=-3598.6 C=  11 Safe=98.33% SAI=0.350 Jain=1.000 PeakMF=0.744
[Ep  1000 | Step   480,000/2,000,000 | 318 sps] R=-3631.7 C=  16 Safe=96.88% SAI=0.350 Jain=1.000 PeakMF=0.748
[Ep  1050 | Step   504,000/2,000,000 | 318 sps] R=-3573.1 C=  11 Safe=97.92% SAI=0.351 Jain=1.000 PeakMF=0.739
[Ep  1100 | Step   528,000/2,000,000 | 317 sps] R=-3650.1 C=  16 Safe=96.67% SAI=0.349 Jain=1.000 PeakMF=0.745
[Ep  1150 | Step   552,000/2,000,000 | 317 sps] R=-3512.3 C=   6 Safe=98.96% SAI=0.352 Jain=1.000 PeakMF=0.737
[Ep  1200 | Step   576,000/2,000,000 | 317 sps] R=-3591.7 C=  12 Safe=97.71% SAI=0.352 Jain=1.000 PeakMF=0.745
[Ep  1250 | Step   600,000/2,000,000 | 317 sps] R=-3561.0 C=   6 Safe=98.75% SAI=0.351 Jain=1.000 PeakMF=0.742
[Ep  1300 | Step   624,000/2,000,000 | 317 sps] R=-3657.1 C=  17 Safe=96.67% SAI=0.350 Jain=1.000 PeakMF=0.747
[Ep  1350 | Step   648,000/2,000,000 | 317 sps] R=-3555.9 C=  11 Safe=97.92% SAI=0.351 Jain=1.000 PeakMF=0.739
[Ep  1400 | Step   672,000/2,000,000 | 317 sps] R=-3612.1 C=  15 Safe=97.50% SAI=0.350 Jain=1.000 PeakMF=0.747
[Ep  1450 | Step   696,000/2,000,000 | 317 sps] R=-3534.1 C=  13 Safe=97.50% SAI=0.351 Jain=1.000 PeakMF=0.739
[Ep  1500 | Step   720,000/2,000,000 | 317 sps] R=-3531.4 C=   6 Safe=98.75% SAI=0.351 Jain=1.000 PeakMF=0.738
[Ep  1550 | Step   744,000/2,000,000 | 317 sps] R=-3479.4 C=   0 Safe=100.00% SAI=0.351 Jain=1.000 PeakMF=0.737
[Ep  1600 | Step   768,000/2,000,000 | 317 sps] R=-3598.9 C=  10 Safe=98.54% SAI=0.351 Jain=1.000 PeakMF=0.746
[Ep  1650 | Step   792,000/2,000,000 | 317 sps] R=-3485.9 C=   3 Safe=99.38% SAI=0.351 Jain=1.000 PeakMF=0.737
[Ep  1700 | Step   816,000/2,000,000 | 317 sps] R=-3563.5 C=   9 Safe=98.54% SAI=0.350 Jain=1.000 PeakMF=0.738
[Ep  1750 | Step   840,000/2,000,000 | 317 sps] R=-3521.8 C=   5 Safe=98.96% SAI=0.351 Jain=1.000 PeakMF=0.739
[Ep  1800 | Step   864,000/2,000,000 | 317 sps] R=-3674.1 C=  22 Safe=95.42% SAI=0.351 Jain=1.000 PeakMF=0.745
[Ep  1850 | Step   888,000/2,000,000 | 317 sps] R=-3426.4 C=   1 Safe=99.79% SAI=0.351 Jain=1.000 PeakMF=0.736
[Ep  1900 | Step   912,000/2,000,000 | 316 sps] R=-3498.9 C=   6 Safe=98.96% SAI=0.351 Jain=1.000 PeakMF=0.736
[Ep  1950 | Step   936,000/2,000,000 | 316 sps] R=-3639.8 C=  33 Safe=93.33% SAI=0.351 Jain=1.000 PeakMF=0.738
[Ep  2000 | Step   960,000/2,000,000 | 316 sps] R=-3484.2 C=   3 Safe=99.38% SAI=0.351 Jain=1.000 PeakMF=0.738
[Ep  2050 | Step   984,000/2,000,000 | 316 sps] R=-3463.8 C=  12 Safe=98.12% SAI=0.351 Jain=0.999 PeakMF=0.734
[Ep  2100 | Step 1,008,000/2,000,000 | 316 sps] R=-3524.0 C=  11 Safe=98.12% SAI=0.351 Jain=1.000 PeakMF=0.741
[Ep  2150 | Step 1,032,000/2,000,000 | 316 sps] R=-3452.3 C=   1 Safe=99.79% SAI=0.351 Jain=1.000 PeakMF=0.738
[Ep  2200 | Step 1,056,000/2,000,000 | 316 sps] R=-3470.6 C=   4 Safe=99.38% SAI=0.351 Jain=0.999 PeakMF=0.739
[Ep  2250 | Step 1,080,000/2,000,000 | 316 sps] R=-3505.1 C=   6 Safe=98.75% SAI=0.351 Jain=0.999 PeakMF=0.739
[Ep  2300 | Step 1,104,000/2,000,000 | 316 sps] R=-3456.6 C=   4 Safe=99.17% SAI=0.351 Jain=0.999 PeakMF=0.740
[Ep  2350 | Step 1,128,000/2,000,000 | 316 sps] R=-3477.1 C=   4 Safe=99.17% SAI=0.351 Jain=0.999 PeakMF=0.738
[Ep  2400 | Step 1,152,000/2,000,000 | 316 sps] R=-3567.9 C=  17 Safe=97.08% SAI=0.350 Jain=0.999 PeakMF=0.740
[Ep  2450 | Step 1,176,000/2,000,000 | 316 sps] R=-3409.2 C=   2 Safe=99.58% SAI=0.351 Jain=0.999 PeakMF=0.735
[Ep  2500 | Step 1,200,000/2,000,000 | 316 sps] R=-3507.5 C=  15 Safe=97.08% SAI=0.351 Jain=0.999 PeakMF=0.737
[Ep  2550 | Step 1,224,000/2,000,000 | 316 sps] R=-3635.2 C=  24 Safe=96.46% SAI=0.350 Jain=0.999 PeakMF=0.742
[Ep  2600 | Step 1,248,000/2,000,000 | 316 sps] R=-3317.1 C=   0 Safe=100.00% SAI=0.352 Jain=0.999 PeakMF=0.732
[Ep  2650 | Step 1,272,000/2,000,000 | 316 sps] R=-3296.7 C=   0 Safe=100.00% SAI=0.354 Jain=0.999 PeakMF=0.724
[Ep  2700 | Step 1,296,000/2,000,000 | 316 sps] R=-3447.8 C=  11 Safe=98.54% SAI=0.351 Jain=0.999 PeakMF=0.739
[Ep  2750 | Step 1,320,000/2,000,000 | 316 sps] R=-3396.7 C=   2 Safe=99.58% SAI=0.351 Jain=0.999 PeakMF=0.736
[Ep  2800 | Step 1,344,000/2,000,000 | 316 sps] R=-3579.7 C=  26 Safe=94.58% SAI=0.350 Jain=0.999 PeakMF=0.740
[Ep  2850 | Step 1,368,000/2,000,000 | 316 sps] R=-3378.4 C=   2 Safe=99.58% SAI=0.352 Jain=0.999 PeakMF=0.736
[Ep  2900 | Step 1,392,000/2,000,000 | 316 sps] R=-3417.2 C=   1 Safe=99.79% SAI=0.351 Jain=0.999 PeakMF=0.739
[Ep  2950 | Step 1,416,000/2,000,000 | 316 sps] R=-3396.1 C=   1 Safe=99.79% SAI=0.351 Jain=0.999 PeakMF=0.737Using device: cuda
Path G: loading pre-computed profiles from /root/hcmarl_project/config/pathg_profiles.json
Generating demonstrations from calibrated profiles (Eq 35 controller)...
  Generated 102 demonstrations from 34 workers
  HELDOUT_NLL model selection for K:
    K=1: heldout_nll=1348.3375
    K=2: heldout_nll=573130.7500
    K=3: heldout_nll=1366454.3750
    K=4: heldout_nll=141.8912
    K=5: heldout_nll=9966.7109
  Selected K=4 (lowest heldout_nll=141.8912)

--- MMICRL Type Discovery Results ---
  Demonstrations: 102
  Types discovered: 4
  Type proportions: ['0.34', '0.25', '0.32', '0.09']
  Mutual information I(tau;z): 1.2910
  Objective value: 1.2910
  Learned thresholds per type (raw):
    Type 0: {shoulder: 0.305}
    Type 1: {shoulder: 0.221}
    Type 2: {shoulder: 0.184}
    Type 3: {shoulder: 0.161}
  Results saved to logs/ablation_no_divergent/seed_2/mmicrl/mmicrl_results.json
Using MMICRL-learned thresholds for 6 workers (4 types, rescaled into [floor,1]; floors: {'shoulder': 0.7, 'ankle': 0.8, 'knee': 0.6, 'elbow': 0.45, 'trunk': 0.65, 'grip': 0.45})
  Effective per-worker theta_max: {'worker_0': {'shoulder': 0.999}, 'worker_1': {'shoulder': 0.999}, 'worker_2': {'shoulder': 0.8248462596175734}, 'worker_3': {'shoulder': 0.7475827240482962}, 'worker_4': {'shoulder': 0.7475827240482962}, 'worker_5': {'shoulder': 0.7}}
============================================================
HC-MARL Training: HC-MARL (MAPPO + ECBF + NSWF)
Seed: 2 | Device: cuda | Workers: 6
Total steps: 2,000,000 | Eval every: 50,000
Checkpoint dir: checkpoints/ablation_no_divergent/seed_2
============================================================
[Ep    50 | Step    24,000/2,000,000 | 313 sps] R=-9859.0 C= 916 Safe=43.96% SAI=0.426 Jain=0.999 PeakMF=0.865
[Ep   100 | Step    48,000/2,000,000 | 314 sps] R=-8457.6 C= 911 Safe=55.83% SAI=0.420 Jain=1.000 PeakMF=0.811
[Ep   150 | Step    72,000/2,000,000 | 314 sps] R=-7660.0 C= 955 Safe=23.33% SAI=0.400 Jain=1.000 PeakMF=0.869
[Ep   200 | Step    96,000/2,000,000 | 314 sps] R=-5605.2 C= 564 Safe=36.04% SAI=0.410 Jain=1.000 PeakMF=0.857
[Ep   250 | Step   120,000/2,000,000 | 314 sps] R=-3518.0 C= 162 Safe=73.33% SAI=0.404 Jain=1.000 PeakMF=0.861
[Ep   300 | Step   144,000/2,000,000 | 314 sps] R=-3975.4 C= 342 Safe=64.38% SAI=0.384 Jain=1.000 PeakMF=0.858
[Ep   350 | Step   168,000/2,000,000 | 314 sps] R=-2889.5 C=  98 Safe=82.08% SAI=0.388 Jain=1.000 PeakMF=0.843
[Ep   400 | Step   192,000/2,000,000 | 315 sps] R=-2114.4 C=   9 Safe=98.54% SAI=0.366 Jain=1.000 PeakMF=0.850
[Ep   450 | Step   216,000/2,000,000 | 315 sps] R=-2076.6 C=   9 Safe=98.12% SAI=0.369 Jain=1.000 PeakMF=0.860
[Ep   500 | Step   240,000/2,000,000 | 315 sps] R=-2081.4 C=  13 Safe=97.29% SAI=0.367 Jain=1.000 PeakMF=0.852
[Ep   550 | Step   264,000/2,000,000 | 315 sps] R=-2071.4 C=  34 Safe=93.12% SAI=0.364 Jain=1.000 PeakMF=0.870
[Ep   600 | Step   288,000/2,000,000 | 315 sps] R=-1943.6 C=  64 Safe=88.96% SAI=0.349 Jain=1.000 PeakMF=0.863
[Ep   650 | Step   312,000/2,000,000 | 315 sps] R=-1839.0 C=  58 Safe=90.00% SAI=0.350 Jain=1.000 PeakMF=0.877
[Ep   700 | Step   336,000/2,000,000 | 315 sps] R=-1855.0 C=  50 Safe=90.62% SAI=0.350 Jain=1.000 PeakMF=0.866
[Ep   750 | Step   360,000/2,000,000 | 315 sps] R=-1701.3 C=  18 Safe=96.67% SAI=0.348 Jain=1.000 PeakMF=0.871
[Ep   800 | Step   384,000/2,000,000 | 315 sps] R=-1710.9 C=  41 Safe=93.54% SAI=0.345 Jain=1.000 PeakMF=0.868
[Ep   850 | Step   408,000/2,000,000 | 315 sps] R=-1573.4 C=  19 Safe=97.29% SAI=0.345 Jain=1.000 PeakMF=0.873
[Ep   900 | Step   432,000/2,000,000 | 315 sps] R=-1609.2 C=  25 Safe=96.25% SAI=0.347 Jain=1.000 PeakMF=0.881
[Ep   950 | Step   456,000/2,000,000 | 315 sps] R=-1607.9 C=  40 Safe=92.71% SAI=0.341 Jain=1.000 PeakMF=0.881
[Ep  1000 | Step   480,000/2,000,000 | 315 sps] R=-1500.0 C=  12 Safe=97.71% SAI=0.343 Jain=1.000 PeakMF=0.879
[Ep  1050 | Step   504,000/2,000,000 | 315 sps] R=-1449.1 C=  10 Safe=97.92% SAI=0.342 Jain=1.000 PeakMF=0.879
[Ep  1100 | Step   528,000/2,000,000 | 315 sps] R=-1467.2 C=  10 Safe=97.92% SAI=0.341 Jain=1.000 PeakMF=0.886
[Ep  1150 | Step   552,000/2,000,000 | 315 sps] R=-1666.4 C=  60 Safe=88.96% SAI=0.341 Jain=1.000 PeakMF=0.882
[Ep  1200 | Step   576,000/2,000,000 | 315 sps] R=-1535.2 C=  31 Safe=95.21% SAI=0.342 Jain=1.000 PeakMF=0.886
[Ep  1250 | Step   600,000/2,000,000 | 315 sps] R=-1479.6 C=  19 Safe=97.71% SAI=0.341 Jain=1.000 PeakMF=0.887
[Ep  1300 | Step   624,000/2,000,000 | 315 sps] R=-1508.5 C=  30 Safe=93.96% SAI=0.341 Jain=1.000 PeakMF=0.882
[Ep  1350 | Step   648,000/2,000,000 | 315 sps] R=-1494.1 C=  33 Safe=94.38% SAI=0.340 Jain=1.000 PeakMF=0.887
[Ep  1400 | Step   672,000/2,000,000 | 315 sps] R=-1534.8 C=  33 Safe=96.04% SAI=0.341 Jain=1.000 PeakMF=0.879
[Ep  1450 | Step   696,000/2,000,000 | 315 sps] R=-1423.8 C=   6 Safe=98.75% SAI=0.340 Jain=1.000 PeakMF=0.882
[Ep  1500 | Step   720,000/2,000,000 | 315 sps] R=-1556.9 C=  49 Safe=93.12% SAI=0.339 Jain=1.000 PeakMF=0.886
[Ep  1550 | Step   744,000/2,000,000 | 315 sps] R=-1482.9 C=  31 Safe=96.04% SAI=0.340 Jain=1.000 PeakMF=0.889
[Ep  1600 | Step   768,000/2,000,000 | 315 sps] R=-1409.4 C=  15 Safe=97.08% SAI=0.339 Jain=1.000 PeakMF=0.889
[Ep  1650 | Step   792,000/2,000,000 | 315 sps] R=-1503.0 C=  31 Safe=94.79% SAI=0.340 Jain=1.000 PeakMF=0.885
[Ep  1700 | Step   816,000/2,000,000 | 315 sps] R=-1435.2 C=  29 Safe=94.58% SAI=0.340 Jain=1.000 PeakMF=0.892
[Ep  1750 | Step   840,000/2,000,000 | 315 sps] R=-1551.1 C=  58 Safe=90.62% SAI=0.339 Jain=1.000 PeakMF=0.890
[Ep  1800 | Step   864,000/2,000,000 | 315 sps] R=-1439.9 C=  29 Safe=94.58% SAI=0.340 Jain=1.000 PeakMF=0.890
[Ep  1850 | Step   888,000/2,000,000 | 315 sps] R=-1954.9 C= 144 Safe=81.25% SAI=0.340 Jain=1.000 PeakMF=0.886
[Ep  1900 | Step   912,000/2,000,000 | 315 sps] R=-1432.6 C=  23 Safe=95.62% SAI=0.341 Jain=1.000 PeakMF=0.881
[Ep  1950 | Step   936,000/2,000,000 | 315 sps] R=-1377.1 C=  19 Safe=96.67% SAI=0.339 Jain=1.000 PeakMF=0.883
[Ep  2000 | Step   960,000/2,000,000 | 315 sps] R=-1378.0 C=   3 Safe=99.38% SAI=0.341 Jain=1.000 PeakMF=0.878
[Ep  2050 | Step   984,000/2,000,000 | 315 sps] R=-1360.8 C=  15 Safe=97.08% SAI=0.340 Jain=1.000 PeakMF=0.884
[Ep  2100 | Step 1,008,000/2,000,000 | 315 sps] R=-1532.1 C=  49 Safe=91.25% SAI=0.340 Jain=1.000 PeakMF=0.884
[Ep  2150 | Step 1,032,000/2,000,000 | 315 sps] R=-1620.1 C=  70 Safe=88.75% SAI=0.340 Jain=1.000 PeakMF=0.884
[Ep  2200 | Step 1,056,000/2,000,000 | 315 sps] R=-1462.8 C=  33 Safe=94.17% SAI=0.340 Jain=1.000 PeakMF=0.879
[Ep  2250 | Step 1,080,000/2,000,000 | 315 sps] R=-1351.3 C=  15 Safe=97.92% SAI=0.340 Jain=1.000 PeakMF=0.894
[Ep  2300 | Step 1,104,000/2,000,000 | 315 sps] R=-1384.5 C=  29 Safe=94.79% SAI=0.339 Jain=1.000 PeakMF=0.893
[Ep  2350 | Step 1,128,000/2,000,000 | 315 sps] R=-1319.7 C=  11 Safe=97.92% SAI=0.340 Jain=1.000 PeakMF=0.889
[Ep  2400 | Step 1,152,000/2,000,000 | 315 sps] R=-1616.9 C=  77 Safe=86.04% SAI=0.339 Jain=1.000 PeakMF=0.894
[Ep  2450 | Step 1,176,000/2,000,000 | 315 sps] R=-1488.5 C=  51 Safe=92.92% SAI=0.339 Jain=1.000 PeakMF=0.897
[Ep  2500 | Step 1,200,000/2,000,000 | 315 sps] R=-1330.1 C=  12 Safe=97.71% SAI=0.340 Jain=1.000 PeakMF=0.888
[Ep  2550 | Step 1,224,000/2,000,000 | 315 sps] R=-1323.6 C=   1 Safe=99.79% SAI=0.341 Jain=1.000 PeakMF=0.889
[Ep  2600 | Step 1,248,000/2,000,000 | 315 sps] R=-1404.0 C=  34 Safe=93.75% SAI=0.339 Jain=1.000 PeakMF=0.888
[Ep  2650 | Step 1,272,000/2,000,000 | 315 sps] R=-1356.6 C=  16 Safe=97.08% SAI=0.340 Jain=1.000 PeakMF=0.884
[Ep  2700 | Step 1,296,000/2,000,000 | 315 sps] R=-1599.0 C=  67 Safe=90.62% SAI=0.340 Jain=1.000 PeakMF=0.880
[Ep  2750 | Step 1,320,000/2,000,000 | 315 sps] R=-2070.4 C= 177 Safe=73.75% SAI=0.339 Jain=1.000 PeakMF=0.895
[Ep  2800 | Step 1,344,000/2,000,000 | 315 sps] R=-1370.0 C=  18 Safe=96.88% SAI=0.340 Jain=1.000 PeakMF=0.878
[Ep  2850 | Step 1,368,000/2,000,000 | 315 sps] R=-1370.8 C=  25 Safe=95.00% SAI=0.340 Jain=1.000 PeakMF=0.884
[Ep  2900 | Step 1,392,000/2,000,000 | 315 sps] R=-1357.1 C=  15 Safe=97.50% SAI=0.340 Jain=1.000 PeakMF=0.885
[Ep  2950 | Step 1,416,000/2,000,000 | 315 sps] R=-1316.0 C=  12 Safe=98.33% SAI=0.340 Jain=1.000 PeakMF=0.890
[Ep  3000 | Step 1,440,000/2,000,000 | 316 sps] R=-3522.8 C=  18 Safe=97.08% SAI=0.350 Jain=0.999 PeakMF=0.741
[Ep  3050 | Step 1,464,000/2,000,000 | 316 sps] R=-3370.2 C=   1 Safe=99.79% SAI=0.351 Jain=0.999 PeakMF=0.734
[Ep  3100 | Step 1,488,000/2,000,000 | 316 sps] R=-3600.8 C=  41 Safe=91.46% SAI=0.351 Jain=0.999 PeakMF=0.737
[Ep  3150 | Step 1,512,000/2,000,000 | 316 sps] R=-3404.0 C=   4 Safe=99.38% SAI=0.351 Jain=0.999 PeakMF=0.737
[Ep  3200 | Step 1,536,000/2,000,000 | 316 sps] R=-3583.5 C=  25 Safe=96.04% SAI=0.351 Jain=0.999 PeakMF=0.738
[Ep  3250 | Step 1,560,000/2,000,000 | 316 sps] R=-3370.7 C=   1 Safe=99.79% SAI=0.352 Jain=0.999 PeakMF=0.732
[Ep  3300 | Step 1,584,000/2,000,000 | 316 sps] R=-3500.2 C=  21 Safe=95.62% SAI=0.351 Jain=0.999 PeakMF=0.737
[Ep  3350 | Step 1,608,000/2,000,000 | 316 sps] R=-3382.6 C=   2 Safe=99.58% SAI=0.351 Jain=0.999 PeakMF=0.733
[Ep  3400 | Step 1,632,000/2,000,000 | 316 sps] R=-3501.4 C=  21 Safe=95.83% SAI=0.351 Jain=0.999 PeakMF=0.735
[Ep  3450 | Step 1,656,000/2,000,000 | 316 sps] R=-3370.3 C=   1 Safe=99.79% SAI=0.352 Jain=0.999 PeakMF=0.734
[Ep  3500 | Step 1,680,000/2,000,000 | 316 sps] R=-3383.6 C=   5 Safe=99.17% SAI=0.351 Jain=0.999 PeakMF=0.733
[Ep  3550 | Step 1,704,000/2,000,000 | 316 sps] R=-3589.3 C=  30 Safe=93.75% SAI=0.350 Jain=0.999 PeakMF=0.736
[Ep  3600 | Step 1,728,000/2,000,000 | 316 sps] R=-3398.8 C=   3 Safe=99.38% SAI=0.351 Jain=0.999 PeakMF=0.735
[Ep  3650 | Step 1,752,000/2,000,000 | 316 sps] R=-3360.2 C=   2 Safe=99.58% SAI=0.352 Jain=0.999 PeakMF=0.735
[Ep  3700 | Step 1,776,000/2,000,000 | 316 sps] R=-3442.5 C=  11 Safe=98.33% SAI=0.351 Jain=0.999 PeakMF=0.732
[Ep  3750 | Step 1,800,000/2,000,000 | 316 sps] R=-3516.9 C=  25 Safe=94.79% SAI=0.351 Jain=0.999 PeakMF=0.735
[Ep  3800 | Step 1,824,000/2,000,000 | 316 sps] R=-3420.8 C=   8 Safe=98.33% SAI=0.351 Jain=0.999 PeakMF=0.734
[Ep  3850 | Step 1,848,000/2,000,000 | 316 sps] R=-3396.1 C=   1 Safe=99.79% SAI=0.351 Jain=0.999 PeakMF=0.736
[Ep  3900 | Step 1,872,000/2,000,000 | 316 sps] R=-3467.7 C=  18 Safe=97.29% SAI=0.352 Jain=0.999 PeakMF=0.736
[Ep  3950 | Step 1,896,000/2,000,000 | 316 sps] R=-3493.8 C=  13 Safe=97.50% SAI=0.351 Jain=0.999 PeakMF=0.738
[Ep  4000 | Step 1,920,000/2,000,000 | 315 sps] R=-3398.7 C=   4 Safe=99.17% SAI=0.351 Jain=0.999 PeakMF=0.736
[Ep  4050 | Step 1,944,000/2,000,000 | 315 sps] R=-3416.6 C=   5 Safe=98.96% SAI=0.351 Jain=0.999 PeakMF=0.733
[Ep  4100 | Step 1,968,000/2,000,000 | 315 sps] R=-3340.0 C=   0 Safe=100.00% SAI=0.352 Jain=0.999 PeakMF=0.735
[Ep  4150 | Step 1,992,000/2,000,000 | 315 sps] R=-3382.1 C=   5 Safe=98.96% SAI=0.351 Jain=0.999 PeakMF=0.729

============================================================
Training complete: 4167 episodes, 2,000,160 steps
Best reward: -3280.6
Wall time: 1.76 hours
Checkpoint: checkpoints/ablation_no_nswf/seed_8/checkpoint_final.pt
============================================================
2026-05-05 23:25:21 | hcmarl.utils | INFO | HIGH determinism: cudnn.deterministic=True, torch.use_deterministic_algorithms(True), matmul=highest, CUBLAS_WORKSPACE_CONFIG=:4096:8 (EXP3-Part-1-equivalent reproducibility)

[Ep  2900 | Step 1,392,000/2,000,000 | 315 sps] R=-1432.6 C=  34 Safe=93.75% SAI=0.336 Jain=1.000 PeakMF=0.697
[Ep  2950 | Step 1,416,000/2,000,000 | 315 sps] R=-1381.6 C=  22 Safe=97.08% SAI=0.337 Jain=1.000 PeakMF=0.695
[Ep  3000 | Step 1,440,000/2,000,000 | 315 sps] R=-1537.7 C=  54 Safe=91.67% SAI=0.337 Jain=1.000 PeakMF=0.695
[Ep  3050 | Step 1,464,000/2,000,000 | 315 sps] R=-1662.3 C=  79 Safe=89.17% SAI=0.336 Jain=1.000 PeakMF=0.693
[Ep  3100 | Step 1,488,000/2,000,000 | 315 sps] R=-1388.5 C=  20 Safe=96.46% SAI=0.337 Jain=1.000 PeakMF=0.693
[Ep  3150 | Step 1,512,000/2,000,000 | 315 sps] R=-1391.3 C=  21 Safe=96.88% SAI=0.337 Jain=1.000 PeakMF=0.695
[Ep  3200 | Step 1,536,000/2,000,000 | 315 sps] R=-1411.6 C=  28 Safe=95.21% SAI=0.336 Jain=1.000 PeakMF=0.694
[Ep  3250 | Step 1,560,000/2,000,000 | 315 sps] R=-1493.1 C=  46 Safe=91.67% SAI=0.336 Jain=1.000 PeakMF=0.697
[Ep  3300 | Step 1,584,000/2,000,000 | 315 sps] R=-1345.5 C=  11 Safe=98.12% SAI=0.337 Jain=1.000 PeakMF=0.696
[Ep  3350 | Step 1,608,000/2,000,000 | 315 sps] R=-1343.0 C=  16 Safe=96.88% SAI=0.336 Jain=1.000 PeakMF=0.695
[Ep  3400 | Step 1,632,000/2,000,000 | 315 sps] R=-1392.2 C=  26 Safe=95.42% SAI=0.337 Jain=1.000 PeakMF=0.696
[Ep  3450 | Step 1,656,000/2,000,000 | 315 sps] R=-1312.5 C=   6 Safe=99.17% SAI=0.337 Jain=1.000 PeakMF=0.694
[Ep  3500 | Step 1,680,000/2,000,000 | 315 sps] R=-1390.1 C=  24 Safe=96.25% SAI=0.337 Jain=1.000 PeakMF=0.694
[Ep  3550 | Step 1,704,000/2,000,000 | 315 sps] R=-1417.6 C=  27 Safe=95.62% SAI=0.337 Jain=1.000 PeakMF=0.692
[Ep  3600 | Step 1,728,000/2,000,000 | 315 sps] R=-1335.5 C=  12 Safe=98.33% SAI=0.337 Jain=1.000 PeakMF=0.695
[Ep  3650 | Step 1,752,000/2,000,000 | 315 sps] R=-1544.4 C=  56 Safe=90.21% SAI=0.337 Jain=1.000 PeakMF=0.697
[Ep  3700 | Step 1,776,000/2,000,000 | 315 sps] R=-1311.8 C=   7 Safe=98.54% SAI=0.336 Jain=1.000 PeakMF=0.693
[Ep  3750 | Step 1,800,000/2,000,000 | 315 sps] R=-1305.2 C=   5 Safe=99.17% SAI=0.337 Jain=1.000 PeakMF=0.696
[Ep  3800 | Step 1,824,000/2,000,000 | 315 sps] R=-1364.4 C=  16 Safe=97.08% SAI=0.337 Jain=1.000 PeakMF=0.694
[Ep  3850 | Step 1,848,000/2,000,000 | 315 sps] R=-1323.5 C=   7 Safe=98.54% SAI=0.337 Jain=1.000 PeakMF=0.694
[Ep  3900 | Step 1,872,000/2,000,000 | 315 sps] R=-1388.6 C=  23 Safe=95.83% SAI=0.337 Jain=1.000 PeakMF=0.696
[Ep  3950 | Step 1,896,000/2,000,000 | 315 sps] R=-1402.9 C=  28 Safe=94.58% SAI=0.336 Jain=1.000 PeakMF=0.696
[Ep  4000 | Step 1,920,000/2,000,000 | 315 sps] R=-1442.4 C=  36 Safe=94.17% SAI=0.337 Jain=1.000 PeakMF=0.697
[Ep  4050 | Step 1,944,000/2,000,000 | 315 sps] R=-1348.4 C=  16 Safe=97.71% SAI=0.336 Jain=1.000 PeakMF=0.696
[Ep  4100 | Step 1,968,000/2,000,000 | 315 sps] R=-1341.2 C=  13 Safe=97.50% SAI=0.337 Jain=1.000 PeakMF=0.696
[Ep  4150 | Step 1,992,000/2,000,000 | 315 sps] R=-1388.1 C=  25 Safe=95.21% SAI=0.337 Jain=1.000 PeakMF=0.697

============================================================
Training complete: 4167 episodes, 2,000,160 steps
Best reward: -1276.6
Wall time: 1.76 hours
Checkpoint: checkpoints/ablation_no_nswf/seed_9/checkpoint_final.pt
============================================================

[Ep  3000 | Step 1,440,000/2,000,000 | 315 sps] R=-1501.3 C=  52 Safe=92.71% SAI=0.339 Jain=1.000 PeakMF=0.883
[Ep  3050 | Step 1,464,000/2,000,000 | 315 sps] R=-1343.6 C=  21 Safe=96.88% SAI=0.340 Jain=1.000 PeakMF=0.885
[Ep  3100 | Step 1,488,000/2,000,000 | 315 sps] R=-1406.9 C=  38 Safe=93.54% SAI=0.340 Jain=1.000 PeakMF=0.889
[Ep  3150 | Step 1,512,000/2,000,000 | 315 sps] R=-1378.6 C=  28 Safe=94.58% SAI=0.340 Jain=1.000 PeakMF=0.883
[Ep  3200 | Step 1,536,000/2,000,000 | 315 sps] R=-1420.5 C=  38 Safe=92.71% SAI=0.340 Jain=1.000 PeakMF=0.884
[Ep  3250 | Step 1,560,000/2,000,000 | 315 sps] R=-1421.2 C=  41 Safe=92.08% SAI=0.340 Jain=1.000 PeakMF=0.895
[Ep  3300 | Step 1,584,000/2,000,000 | 315 sps] R=-1533.3 C=  62 Safe=91.46% SAI=0.340 Jain=1.000 PeakMF=0.884
[Ep  3350 | Step 1,608,000/2,000,000 | 315 sps] R=-1295.5 C=  13 Safe=97.92% SAI=0.340 Jain=1.000 PeakMF=0.890
[Ep  3400 | Step 1,632,000/2,000,000 | 315 sps] R=-1325.5 C=  19 Safe=97.08% SAI=0.340 Jain=1.000 PeakMF=0.887
[Ep  3450 | Step 1,656,000/2,000,000 | 315 sps] R=-1351.2 C=  21 Safe=96.67% SAI=0.340 Jain=1.000 PeakMF=0.886
[Ep  3500 | Step 1,680,000/2,000,000 | 315 sps] R=-2036.0 C= 171 Safe=78.12% SAI=0.339 Jain=1.000 PeakMF=0.890
[Ep  3550 | Step 1,704,000/2,000,000 | 315 sps] R=-1521.2 C=  61 Safe=90.42% SAI=0.340 Jain=1.000 PeakMF=0.890
[Ep  3600 | Step 1,728,000/2,000,000 | 315 sps] R=-1284.0 C=  12 Safe=97.71% SAI=0.340 Jain=1.000 PeakMF=0.890
[Ep  3650 | Step 1,752,000/2,000,000 | 315 sps] R=-1333.3 C=  22 Safe=96.04% SAI=0.340 Jain=1.000 PeakMF=0.890
[Ep  3700 | Step 1,776,000/2,000,000 | 315 sps] R=-1613.6 C=  65 Safe=92.08% SAI=0.340 Jain=1.000 PeakMF=0.876
[Ep  3750 | Step 1,800,000/2,000,000 | 315 sps] R=-1267.7 C=   3 Safe=99.38% SAI=0.340 Jain=1.000 PeakMF=0.890
[Ep  3800 | Step 1,824,000/2,000,000 | 315 sps] R=-1304.0 C=  16 Safe=96.67% SAI=0.340 Jain=1.000 PeakMF=0.887
[Ep  3850 | Step 1,848,000/2,000,000 | 315 sps] R=-1381.2 C=  30 Safe=95.21% SAI=0.339 Jain=1.000 PeakMF=0.893
[Ep  3900 | Step 1,872,000/2,000,000 | 315 sps] R=-1366.9 C=  27 Safe=95.21% SAI=0.340 Jain=1.000 PeakMF=0.887
[Ep  3950 | Step 1,896,000/2,000,000 | 315 sps] R=-1451.9 C=  48 Safe=92.08% SAI=0.340 Jain=1.000 PeakMF=0.893
[Ep  4000 | Step 1,920,000/2,000,000 | 315 sps] R=-1412.1 C=  39 Safe=93.96% SAI=0.340 Jain=1.000 PeakMF=0.891
[Ep  4050 | Step 1,944,000/2,000,000 | 315 sps] R=-1721.2 C= 101 Safe=85.00% SAI=0.339 Jain=1.000 PeakMF=0.884
[Ep  4100 | Step 1,968,000/2,000,000 | 315 sps] R=-1517.7 C=  56 Safe=91.46% SAI=0.340 Jain=1.000 PeakMF=0.883
[Ep  4150 | Step 1,992,000/2,000,000 | 315 sps] R=-1264.9 C=   4 Safe=99.17% SAI=0.340 Jain=1.000 PeakMF=0.889

============================================================
Training complete: 4167 episodes, 2,000,160 steps
Best reward: -1242.7
Wall time: 1.76 hours
Checkpoint: checkpoints/ablation_no_divergent/seed_2/checkpoint_final.pt
============================================================
2026-05-05 23:25:43 | hcmarl.utils | INFO | HIGH determinism: cudnn.deterministic=True, torch.use_deterministic_algorithms(True), matmul=highest, CUBLAS_WORKSPACE_CONFIG=:4096:8 (EXP3-Part-1-equivalent reproducibility)
2026-05-05 23:25:45 | hcmarl.utils | INFO | HIGH determinism: cudnn.deterministic=True, torch.use_deterministic_algorithms(True), matmul=highest, CUBLAS_WORKSPACE_CONFIG=:4096:8 (EXP3-Part-1-equivalent reproducibility)

[Ep  2900 | Step 1,392,000/2,000,000 | 315 sps] R=-1472.6 C=  48 Safe=92.71% SAI=0.336 Jain=1.000 PeakMF=0.696
[Ep  2950 | Step 1,416,000/2,000,000 | 314 sps] R=-1259.1 C=   4 Safe=99.17% SAI=0.336 Jain=1.000 PeakMF=0.696
[Ep  3000 | Step 1,440,000/2,000,000 | 315 sps] R=-1342.7 C=  18 Safe=97.29% SAI=0.337 Jain=1.000 PeakMF=0.694
[Ep  3050 | Step 1,464,000/2,000,000 | 315 sps] R=-1313.4 C=  15 Safe=97.50% SAI=0.337 Jain=1.000 PeakMF=0.695
[Ep  3100 | Step 1,488,000/2,000,000 | 315 sps] R=-1289.2 C=   3 Safe=99.38% SAI=0.337 Jain=1.000 PeakMF=0.695
[Ep  3150 | Step 1,512,000/2,000,000 | 315 sps] R=-1281.3 C=  11 Safe=97.71% SAI=0.336 Jain=1.000 PeakMF=0.695
[Ep  3200 | Step 1,536,000/2,000,000 | 315 sps] R=-1394.7 C=  34 Safe=94.79% SAI=0.336 Jain=1.000 PeakMF=0.695
[Ep  3250 | Step 1,560,000/2,000,000 | 315 sps] R=-1469.6 C=  53 Safe=90.42% SAI=0.336 Jain=1.000 PeakMF=0.697
[Ep  3300 | Step 1,584,000/2,000,000 | 315 sps] R=-1349.7 C=  25 Safe=96.04% SAI=0.336 Jain=1.000 PeakMF=0.694
[Ep  3350 | Step 1,608,000/2,000,000 | 314 sps] R=-1519.9 C=  55 Safe=92.92% SAI=0.336 Jain=1.000 PeakMF=0.693
[Ep  3400 | Step 1,632,000/2,000,000 | 314 sps] R=-1446.2 C=  46 Safe=92.29% SAI=0.336 Jain=1.000 PeakMF=0.697
[Ep  3450 | Step 1,656,000/2,000,000 | 315 sps] R=-1291.4 C=   5 Safe=98.96% SAI=0.337 Jain=1.000 PeakMF=0.695
[Ep  3500 | Step 1,680,000/2,000,000 | 315 sps] R=-1272.1 C=   5 Safe=98.96% SAI=0.337 Jain=1.000 PeakMF=0.695
[Ep  3550 | Step 1,704,000/2,000,000 | 314 sps] R=-1290.3 C=  13 Safe=98.33% SAI=0.337 Jain=1.000 PeakMF=0.694
[Ep  3600 | Step 1,728,000/2,000,000 | 314 sps] R=-1346.4 C=  25 Safe=95.00% SAI=0.336 Jain=1.000 PeakMF=0.698
[Ep  3650 | Step 1,752,000/2,000,000 | 314 sps] R=-1407.7 C=  34 Safe=94.38% SAI=0.336 Jain=1.000 PeakMF=0.695
[Ep  3700 | Step 1,776,000/2,000,000 | 314 sps] R=-1258.3 C=   7 Safe=98.75% SAI=0.336 Jain=1.000 PeakMF=0.694
[Ep  3750 | Step 1,800,000/2,000,000 | 314 sps] R=-1377.2 C=  15 Safe=98.12% SAI=0.337 Jain=1.000 PeakMF=0.690
[Ep  3800 | Step 1,824,000/2,000,000 | 314 sps] R=-1303.3 C=  16 Safe=97.50% SAI=0.336 Jain=1.000 PeakMF=0.695
[Ep  3850 | Step 1,848,000/2,000,000 | 314 sps] R=-1246.5 C=   3 Safe=99.38% SAI=0.336 Jain=1.000 PeakMF=0.696
[Ep  3900 | Step 1,872,000/2,000,000 | 314 sps] R=-1255.5 C=   2 Safe=99.58% SAI=0.336 Jain=1.000 PeakMF=0.696
[Ep  3950 | Step 1,896,000/2,000,000 | 314 sps] R=-1451.5 C=  44 Safe=93.96% SAI=0.337 Jain=1.000 PeakMF=0.694
[Ep  4000 | Step 1,920,000/2,000,000 | 314 sps] R=-1296.8 C=  13 Safe=97.71% SAI=0.337 Jain=1.000 PeakMF=0.694
[Ep  4050 | Step 1,944,000/2,000,000 | 314 sps] R=-1352.4 C=  24 Safe=95.83% SAI=0.337 Jain=1.000 PeakMF=0.695
[Ep  4100 | Step 1,968,000/2,000,000 | 314 sps] R=-1252.7 C=   3 Safe=99.38% SAI=0.336 Jain=1.000 PeakMF=0.696
[Ep  4150 | Step 1,992,000/2,000,000 | 315 sps] R=-1454.8 C=  43 Safe=92.71% SAI=0.336 Jain=1.000 PeakMF=0.693

============================================================
Training complete: 4167 episodes, 2,000,160 steps
Best reward: -1233.3
Wall time: 1.77 hours
Checkpoint: checkpoints/ablation_no_divergent/seed_1/checkpoint_final.pt
============================================================

[Ep  2900 | Step 1,392,000/2,000,000 | 315 sps] R=-1550.4 C=  65 Safe=91.46% SAI=0.336 Jain=1.000 PeakMF=0.695
[Ep  2950 | Step 1,416,000/2,000,000 | 315 sps] R=-1317.5 C=  17 Safe=97.08% SAI=0.336 Jain=1.000 PeakMF=0.694
[Ep  3000 | Step 1,440,000/2,000,000 | 315 sps] R=-1311.5 C=  13 Safe=97.71% SAI=0.336 Jain=1.000 PeakMF=0.694
[Ep  3050 | Step 1,464,000/2,000,000 | 315 sps] R=-1272.4 C=   8 Safe=98.54% SAI=0.336 Jain=1.000 PeakMF=0.695
[Ep  3100 | Step 1,488,000/2,000,000 | 315 sps] R=-1404.0 C=  36 Safe=94.58% SAI=0.336 Jain=1.000 PeakMF=0.696
[Ep  3150 | Step 1,512,000/2,000,000 | 315 sps] R=-1349.7 C=  22 Safe=96.04% SAI=0.337 Jain=1.000 PeakMF=0.695
[Ep  3200 | Step 1,536,000/2,000,000 | 315 sps] R=-1327.0 C=  15 Safe=97.50% SAI=0.337 Jain=1.000 PeakMF=0.695
[Ep  3250 | Step 1,560,000/2,000,000 | 315 sps] R=-1281.8 C=  10 Safe=98.33% SAI=0.336 Jain=1.000 PeakMF=0.695
[Ep  3300 | Step 1,584,000/2,000,000 | 315 sps] R=-1298.3 C=  15 Safe=97.08% SAI=0.336 Jain=1.000 PeakMF=0.695
[Ep  3350 | Step 1,608,000/2,000,000 | 315 sps] R=-1305.5 C=  15 Safe=97.50% SAI=0.336 Jain=1.000 PeakMF=0.694
[Ep  3400 | Step 1,632,000/2,000,000 | 315 sps] R=-1368.3 C=  29 Safe=95.42% SAI=0.337 Jain=1.000 PeakMF=0.693
[Ep  3450 | Step 1,656,000/2,000,000 | 315 sps] R=-1300.5 C=  14 Safe=97.92% SAI=0.337 Jain=1.000 PeakMF=0.696
[Ep  3500 | Step 1,680,000/2,000,000 | 315 sps] R=-1284.0 C=  12 Safe=97.50% SAI=0.336 Jain=1.000 PeakMF=0.695
[Ep  3550 | Step 1,704,000/2,000,000 | 315 sps] R=-1867.3 C= 137 Safe=83.54% SAI=0.336 Jain=1.000 PeakMF=0.696
[Ep  3600 | Step 1,728,000/2,000,000 | 315 sps] R=-1582.5 C=  73 Safe=89.79% SAI=0.337 Jain=1.000 PeakMF=0.694
[Ep  3650 | Step 1,752,000/2,000,000 | 315 sps] R=-1270.6 C=   6 Safe=98.75% SAI=0.337 Jain=1.000 PeakMF=0.695
[Ep  3700 | Step 1,776,000/2,000,000 | 315 sps] R=-1244.7 C=   4 Safe=99.17% SAI=0.336 Jain=1.000 PeakMF=0.694
[Ep  3750 | Step 1,800,000/2,000,000 | 315 sps] R=-1280.6 C=  11 Safe=98.12% SAI=0.337 Jain=1.000 PeakMF=0.694
[Ep  3800 | Step 1,824,000/2,000,000 | 315 sps] R=-1412.7 C=  35 Safe=94.79% SAI=0.337 Jain=1.000 PeakMF=0.694
[Ep  3850 | Step 1,848,000/2,000,000 | 315 sps] R=-1256.2 C=   5 Safe=98.96% SAI=0.336 Jain=1.000 PeakMF=0.696
[Ep  3900 | Step 1,872,000/2,000,000 | 315 sps] R=-1351.6 C=  22 Safe=96.04% SAI=0.337 Jain=1.000 PeakMF=0.695
[Ep  3950 | Step 1,896,000/2,000,000 | 315 sps] R=-1532.5 C=  69 Safe=87.92% SAI=0.336 Jain=1.000 PeakMF=0.697
[Ep  4000 | Step 1,920,000/2,000,000 | 315 sps] R=-1290.5 C=  12 Safe=97.71% SAI=0.336 Jain=1.000 PeakMF=0.695
[Ep  4050 | Step 1,944,000/2,000,000 | 315 sps] R=-1359.0 C=  30 Safe=94.79% SAI=0.336 Jain=1.000 PeakMF=0.696
[Ep  4100 | Step 1,968,000/2,000,000 | 315 sps] R=-1280.5 C=  10 Safe=98.12% SAI=0.336 Jain=1.000 PeakMF=0.695
[Ep  4150 | Step 1,992,000/2,000,000 | 315 sps] R=-1314.9 C=  11 Safe=98.12% SAI=0.337 Jain=1.000 PeakMF=0.694

============================================================
Training complete: 4167 episodes, 2,000,160 steps
Best reward: -1233.3
Wall time: 1.77 hours
Checkpoint: checkpoints/ablation_no_divergent/seed_3/checkpoint_final.pt
============================================================
2026-05-05 23:25:49 | hcmarl.utils | INFO | HIGH determinism: cudnn.deterministic=True, torch.use_deterministic_algorithms(True), matmul=highest, CUBLAS_WORKSPACE_CONFIG=:4096:8 (EXP3-Part-1-equivalent reproducibility)

[Ep  2950 | Step 1,416,000/2,000,000 | 314 sps] R=-1297.0 C=   9 Safe=98.12% SAI=0.337 Jain=1.000 PeakMF=0.696
[Ep  3000 | Step 1,440,000/2,000,000 | 314 sps] R=-1325.7 C=  20 Safe=96.88% SAI=0.337 Jain=1.000 PeakMF=0.696
[Ep  3050 | Step 1,464,000/2,000,000 | 314 sps] R=-1424.1 C=  34 Safe=95.42% SAI=0.336 Jain=1.000 PeakMF=0.695
[Ep  3100 | Step 1,488,000/2,000,000 | 314 sps] R=-1315.6 C=  11 Safe=98.54% SAI=0.337 Jain=1.000 PeakMF=0.696
[Ep  3150 | Step 1,512,000/2,000,000 | 314 sps] R=-1274.1 C=   7 Safe=98.96% SAI=0.336 Jain=1.000 PeakMF=0.696
[Ep  3200 | Step 1,536,000/2,000,000 | 314 sps] R=-1396.2 C=  33 Safe=95.62% SAI=0.336 Jain=1.000 PeakMF=0.695
[Ep  3250 | Step 1,560,000/2,000,000 | 314 sps] R=-1354.5 C=   7 Safe=99.17% SAI=0.337 Jain=1.000 PeakMF=0.692
[Ep  3300 | Step 1,584,000/2,000,000 | 314 sps] R=-1396.2 C=  33 Safe=94.17% SAI=0.336 Jain=1.000 PeakMF=0.693
[Ep  3350 | Step 1,608,000/2,000,000 | 314 sps] R=-1355.5 C=  22 Safe=96.46% SAI=0.336 Jain=1.000 PeakMF=0.695
[Ep  3400 | Step 1,632,000/2,000,000 | 314 sps] R=-1408.0 C=  31 Safe=95.42% SAI=0.337 Jain=1.000 PeakMF=0.694
[Ep  3450 | Step 1,656,000/2,000,000 | 314 sps] R=-1329.0 C=  21 Safe=96.46% SAI=0.336 Jain=1.000 PeakMF=0.696
[Ep  3500 | Step 1,680,000/2,000,000 | 314 sps] R=-1403.3 C=  36 Safe=93.54% SAI=0.336 Jain=1.000 PeakMF=0.692
[Ep  3550 | Step 1,704,000/2,000,000 | 314 sps] R=-1285.7 C=   1 Safe=99.79% SAI=0.337 Jain=1.000 PeakMF=0.695
[Ep  3600 | Step 1,728,000/2,000,000 | 314 sps] R=-1803.3 C= 116 Safe=87.50% SAI=0.336 Jain=1.000 PeakMF=0.695
[Ep  3650 | Step 1,752,000/2,000,000 | 314 sps] R=-1273.5 C=   0 Safe=100.00% SAI=0.337 Jain=1.000 PeakMF=0.694
[Ep  3700 | Step 1,776,000/2,000,000 | 314 sps] R=-1299.9 C=  11 Safe=97.71% SAI=0.337 Jain=1.000 PeakMF=0.695
[Ep  3750 | Step 1,800,000/2,000,000 | 314 sps] R=-1284.2 C=   2 Safe=99.58% SAI=0.337 Jain=1.000 PeakMF=0.693
[Ep  3800 | Step 1,824,000/2,000,000 | 314 sps] R=-1328.4 C=  18 Safe=97.29% SAI=0.337 Jain=1.000 PeakMF=0.695
[Ep  3850 | Step 1,848,000/2,000,000 | 314 sps] R=-1391.2 C=  35 Safe=93.75% SAI=0.336 Jain=1.000 PeakMF=0.697
[Ep  3900 | Step 1,872,000/2,000,000 | 314 sps] R=-1341.4 C=  12 Safe=98.33% SAI=0.337 Jain=1.000 PeakMF=0.690
[Ep  3950 | Step 1,896,000/2,000,000 | 314 sps] R=-1290.0 C=   0 Safe=100.00% SAI=0.337 Jain=1.000 PeakMF=0.692
[Ep  4000 | Step 1,920,000/2,000,000 | 314 sps] R=-1279.2 C=   6 Safe=98.75% SAI=0.337 Jain=1.000 PeakMF=0.696
[Ep  4050 | Step 1,944,000/2,000,000 | 314 sps] R=-1273.4 C=   4 Safe=99.17% SAI=0.337 Jain=1.000 PeakMF=0.695
[Ep  4100 | Step 1,968,000/2,000,000 | 314 sps] R=-1444.1 C=  41 Safe=95.62% SAI=0.336 Jain=1.000 PeakMF=0.693
[Ep  4150 | Step 1,992,000/2,000,000 | 314 sps] R=-1295.6 C=  11 Safe=98.33% SAI=0.336 Jain=1.000 PeakMF=0.696

============================================================
Training complete: 4167 episodes, 2,000,160 steps
Best reward: -1233.3
Wall time: 1.77 hours
Checkpoint: checkpoints/ablation_no_divergent/seed_0/checkpoint_final.pt
============================================================
2026-05-05 23:25:50 | hcmarl.utils | INFO | HIGH determinism: cudnn.deterministic=True, torch.use_deterministic_algorithms(True), matmul=highest, CUBLAS_WORKSPACE_CONFIG=:4096:8 (EXP3-Part-1-equivalent reproducibility)
2026-05-05 23:25:53 | hcmarl.utils | INFO | HIGH determinism: cudnn.deterministic=True, torch.use_deterministic_algorithms(True), matmul=highest, CUBLAS_WORKSPACE_CONFIG=:4096:8 (EXP3-Part-1-equivalent reproducibility)
2026-05-05 23:26:08 | hcmarl.utils | INFO | HIGH determinism: cudnn.deterministic=True, torch.use_deterministic_algorithms(True), matmul=highest, CUBLAS_WORKSPACE_CONFIG=:4096:8 (EXP3-Part-1-equivalent reproducibility)
2026-05-05 23:26:28 | hcmarl.utils | INFO | HIGH determinism: cudnn.deterministic=True, torch.use_deterministic_algorithms(True), matmul=highest, CUBLAS_WORKSPACE_CONFIG=:4096:8 (EXP3-Part-1-equivalent reproducibility)
2026-05-05 23:26:33 | hcmarl.utils | INFO | HIGH determinism: cudnn.deterministic=True, torch.use_deterministic_algorithms(True), matmul=highest, CUBLAS_WORKSPACE_CONFIG=:4096:8 (EXP3-Part-1-equivalent reproducibility)
2026-05-05 23:26:34 | hcmarl.utils | INFO | HIGH determinism: cudnn.deterministic=True, torch.use_deterministic_algorithms(True), matmul=highest, CUBLAS_WORKSPACE_CONFIG=:4096:8 (EXP3-Part-1-equivalent reproducibility)
2026-05-05 23:26:38 | hcmarl.utils | INFO | HIGH determinism: cudnn.deterministic=True, torch.use_deterministic_algorithms(True), matmul=highest, CUBLAS_WORKSPACE_CONFIG=:4096:8 (EXP3-Part-1-equivalent reproducibility)
2026-05-05 23:26:41 | hcmarl.utils | INFO | HIGH determinism: cudnn.deterministic=True, torch.use_deterministic_algorithms(True), matmul=highest, CUBLAS_WORKSPACE_CONFIG=:4096:8 (EXP3-Part-1-equivalent reproducibility)
Using device: cuda
Path G: loading pre-computed profiles from /root/hcmarl_project/config/pathg_profiles.json
Generating demonstrations from calibrated profiles (Eq 35 controller)...
  Generated 102 demonstrations from 34 workers
  HELDOUT_NLL model selection for K:
    K=1: heldout_nll=1368.5785
    K=2: heldout_nll=-23.0500
    K=3: heldout_nll=8638.0996
    K=4: heldout_nll=176041.8125
    K=5: heldout_nll=-25.8494
  Selected K=5 (lowest heldout_nll=-25.8494)

--- MMICRL Type Discovery Results ---
  Demonstrations: 102
  Types discovered: 5
  Type proportions: ['0.32', '0.25', '0.09', '0.09', '0.25']
  Mutual information I(tau;z): 0.0000
  Objective value: 0.0000
  Learned thresholds per type (raw):
    Type 0: {shoulder: 0.184}
    Type 1: {shoulder: 0.311}
    Type 2: {shoulder: 0.161}
    Type 3: {shoulder: 0.197}
    Type 4: {shoulder: 0.255}
  WARNING: MI (0.0000) < 0.01 -- latent types are behaviorally indistinguishable on this demo set. Effective per-worker theta will fall back to config floors (no MMICRL contribution). Consider multi-muscle demos or lambda1 tuning to restore discrimination.
  Results saved to logs/ablation_no_divergent/seed_4/mmicrl/mmicrl_results.json
Using MMICRL-learned thresholds for 6 workers (5 types, rescaled into [floor,1]; floors: {'shoulder': 0.7, 'ankle': 0.8, 'knee': 0.6, 'elbow': 0.45, 'trunk': 0.65, 'grip': 0.45})
  Effective per-worker theta_max: {'worker_0': {'shoulder': 0.7}, 'worker_1': {'shoulder': 0.7}, 'worker_2': {'shoulder': 0.7}, 'worker_3': {'shoulder': 0.7}, 'worker_4': {'shoulder': 0.7}, 'worker_5': {'shoulder': 0.7}}
============================================================
HC-MARL Training: HC-MARL (MAPPO + ECBF + NSWF)
Seed: 4 | Device: cuda | Workers: 6
Total steps: 2,000,000 | Eval every: 50,000
Checkpoint dir: checkpoints/ablation_no_divergent/seed_4
============================================================
[Ep    50 | Step    24,000/2,000,000 | 448 sps] R=-5769.7 C= 283 Safe=61.88% SAI=0.442 Jain=1.000 PeakMF=0.668
[Ep   100 | Step    48,000/2,000,000 | 370 sps] R=-6416.4 C= 554 Safe=59.79% SAI=0.422 Jain=1.000 PeakMF=0.680
[Ep   150 | Step    72,000/2,000,000 | 350 sps] R=-7056.9 C= 880 Safe=39.38% SAI=0.400 Jain=1.000 PeakMF=0.693
[Ep   200 | Step    96,000/2,000,000 | 341 sps] R=-3057.4 C=  28 Safe=94.17% SAI=0.398 Jain=1.000 PeakMF=0.691
[Ep   250 | Step   120,000/2,000,000 | 335 sps] R=-2968.8 C=  80 Safe=84.38% SAI=0.391 Jain=1.000 PeakMF=0.684
[Ep   300 | Step   144,000/2,000,000 | 332 sps] R=-3606.4 C= 300 Safe=62.92% SAI=0.366 Jain=1.000 PeakMF=0.686
[Ep   350 | Step   168,000/2,000,000 | 330 sps] R=-2660.3 C= 140 Safe=78.12% SAI=0.360 Jain=1.000 PeakMF=0.688
[Ep   400 | Step   192,000/2,000,000 | 328 sps] R=-3106.8 C= 278 Safe=65.21% SAI=0.350 Jain=1.000 PeakMF=0.692
[Ep   450 | Step   216,000/2,000,000 | 326 sps] R=-1988.6 C=  13 Safe=97.29% SAI=0.354 Jain=1.000 PeakMF=0.681
[Ep   500 | Step   240,000/2,000,000 | 325 sps] R=-1800.6 C=  28 Safe=94.17% SAI=0.344 Jain=1.000 PeakMF=0.688
[Ep   550 | Step   264,000/2,000,000 | 324 sps] R=-2077.6 C=  92 Safe=85.62% SAI=0.348 Jain=1.000 PeakMF=0.689
[Ep   600 | Step   288,000/2,000,000 | 323 sps] R=-1782.6 C=  42 Safe=93.33% SAI=0.343 Jain=1.000 PeakMF=0.690
[Ep   650 | Step   312,000/2,000,000 | 323 sps] R=-1679.1 C=  25 Safe=94.79% SAI=0.343 Jain=1.000 PeakMF=0.687
[Ep   700 | Step   336,000/2,000,000 | 322 sps] R=-1628.7 C=  29 Safe=95.00% SAI=0.340 Jain=1.000 PeakMF=0.691
[Ep   750 | Step   360,000/2,000,000 | 322 sps] R=-1867.3 C=  89 Safe=87.08% SAI=0.339 Jain=1.000 PeakMF=0.692
[Ep   800 | Step   384,000/2,000,000 | 321 sps] R=-1545.9 C=  18 Safe=97.29% SAI=0.339 Jain=1.000 PeakMF=0.688
[Ep   850 | Step   408,000/2,000,000 | 321 sps] R=-1481.8 C=   6 Safe=98.96% SAI=0.339 Jain=1.000 PeakMF=0.691
[Ep   900 | Step   432,000/2,000,000 | 321 sps] R=-1538.5 C=  16 Safe=97.50% SAI=0.339 Jain=1.000 PeakMF=0.690
[Ep   950 | Step   456,000/2,000,000 | 320 sps] R=-1505.9 C=  18 Safe=96.88% SAI=0.338 Jain=1.000 PeakMF=0.689
[Ep  1000 | Step   480,000/2,000,000 | 320 sps] R=-1441.9 C=   2 Safe=99.79% SAI=0.337 Jain=1.000 PeakMF=0.691
[Ep  1050 | Step   504,000/2,000,000 | 320 sps] R=-1733.5 C=  75 Safe=89.79% SAI=0.337 Jain=1.000 PeakMF=0.693
[Ep  1100 | Step   528,000/2,000,000 | 320 sps] R=-1598.6 C=  43 Safe=92.50% SAI=0.337 Jain=1.000 PeakMF=0.690
[Ep  1150 | Step   552,000/2,000,000 | 319 sps] R=-1401.1 C=   5 Safe=98.96% SAI=0.338 Jain=1.000 PeakMF=0.692
[Ep  1200 | Step   576,000/2,000,000 | 319 sps] R=-1354.4 C=   2 Safe=99.58% SAI=0.337 Jain=1.000 PeakMF=0.695
[Ep  1250 | Step   600,000/2,000,000 | 319 sps] R=-1376.4 C=   2 Safe=99.58% SAI=0.337 Jain=1.000 PeakMF=0.692
[Ep  1300 | Step   624,000/2,000,000 | 319 sps] R=-1669.2 C=  70 Safe=89.17% SAI=0.337 Jain=1.000 PeakMF=0.694
[Ep  1350 | Step   648,000/2,000,000 | 319 sps] R=-1403.7 C=   9 Safe=98.75% SAI=0.337 Jain=1.000 PeakMF=0.694
[Ep  1400 | Step   672,000/2,000,000 | 319 sps] R=-1417.7 C=  19 Safe=97.29% SAI=0.336 Jain=1.000 PeakMF=0.694
[Ep  1450 | Step   696,000/2,000,000 | 318 sps] R=-1531.5 C=  43 Safe=94.17% SAI=0.337 Jain=1.000 PeakMF=0.696
[Ep  1500 | Step   720,000/2,000,000 | 318 sps] R=-1375.6 C=   7 Safe=98.54% SAI=0.337 Jain=1.000 PeakMF=0.695
[Ep  1550 | Step   744,000/2,000,000 | 318 sps] R=-1418.3 C=  17 Safe=98.12% SAI=0.337 Jain=1.000 PeakMF=0.695
[Ep  1600 | Step   768,000/2,000,000 | 318 sps] R=-1476.5 C=  33 Safe=94.79% SAI=0.336 Jain=1.000 PeakMF=0.695
[Ep  1650 | Step   792,000/2,000,000 | 318 sps] R=-1449.8 C=  23 Safe=96.88% SAI=0.337 Jain=1.000 PeakMF=0.695
[Ep  1700 | Step   816,000/2,000,000 | 318 sps] R=-1421.1 C=  11 Safe=98.33% SAI=0.337 Jain=1.000 PeakMF=0.693
[Ep  1750 | Step   840,000/2,000,000 | 318 sps] R=-1338.9 C=   2 Safe=99.58% SAI=0.337 Jain=1.000 PeakMF=0.695
[Ep  1800 | Step   864,000/2,000,000 | 318 sps] R=-1629.0 C=  70 Safe=91.67% SAI=0.336 Jain=1.000 PeakMF=0.696
[Ep  1850 | Step   888,000/2,000,000 | 318 sps] R=-1380.5 C=   5 Safe=99.17% SAI=0.338 Jain=1.000 PeakMF=0.694
[Ep  1900 | Step   912,000/2,000,000 | 318 sps] R=-1391.8 C=  13 Safe=98.33% SAI=0.337 Jain=1.000 PeakMF=0.695
[Ep  1950 | Step   936,000/2,000,000 | 318 sps] R=-1400.2 C=  16 Safe=97.71% SAI=0.337 Jain=1.000 PeakMF=0.694
[Ep  2000 | Step   960,000/2,000,000 | 318 sps] R=-1371.4 C=  10 Safe=98.12% SAI=0.337 Jain=1.000 PeakMF=0.695
[Ep  2050 | Step   984,000/2,000,000 | 318 sps] R=-1434.3 C=  24 Safe=95.83% SAI=0.336 Jain=1.000 PeakMF=0.696
[Ep  2100 | Step 1,008,000/2,000,000 | 318 sps] R=-1416.2 C=  22 Safe=96.04% SAI=0.337 Jain=1.000 PeakMF=0.697
[Ep  2150 | Step 1,032,000/2,000,000 | 317 sps] R=-1555.3 C=  50 Safe=93.33% SAI=0.337 Jain=1.000 PeakMF=0.697
[Ep  2200 | Step 1,056,000/2,000,000 | 317 sps] R=-1449.2 C=  28 Safe=95.62% SAI=0.337 Jain=1.000 PeakMF=0.696
[Ep  2250 | Step 1,080,000/2,000,000 | 317 sps] R=-1452.5 C=  27 Safe=94.79% SAI=0.337 Jain=1.000 PeakMF=0.696
[Ep  2300 | Step 1,104,000/2,000,000 | 317 sps] R=-2212.7 C= 193 Safe=81.25% SAI=0.336 Jain=1.000 PeakMF=0.697
[Ep  2350 | Step 1,128,000/2,000,000 | 317 sps] R=-1579.8 C=  60 Safe=89.79% SAI=0.337 Jain=1.000 PeakMF=0.697
[Ep  2400 | Step 1,152,000/2,000,000 | 317 sps] R=-1435.6 C=  22 Safe=95.83% SAI=0.337 Jain=1.000 PeakMF=0.696
[Ep  2450 | Step 1,176,000/2,000,000 | 317 sps] R=-1371.4 C=  11 Safe=98.54% SAI=0.337 Jain=1.000 PeakMF=0.694
[Ep  2500 | Step 1,200,000/2,000,000 | 317 sps] R=-1564.9 C=  61 Safe=91.46% SAI=0.336 Jain=1.000 PeakMF=0.697
[Ep  2550 | Step 1,224,000/2,000,000 | 317 sps] R=-1445.2 C=  33 Safe=94.17% SAI=0.336 Jain=1.000 PeakMF=0.696
[Ep  2600 | Step 1,248,000/2,000,000 | 317 sps] R=-1406.7 C=  29 Safe=95.42% SAI=0.336 Jain=1.000 PeakMF=0.697
[Ep  2650 | Step 1,272,000/2,000,000 | 317 sps] R=-1389.7 C=  25 Safe=96.04% SAI=0.336 Jain=1.000 PeakMF=0.695
[Ep  2700 | Step 1,296,000/2,000,000 | 317 sps] R=-1370.7 C=  24 Safe=96.25% SAI=0.337 Jain=1.000 PeakMF=0.695
[Ep  2750 | Step 1,320,000/2,000,000 | 317 sps] R=-1828.5 C= 120 Safe=83.96% SAI=0.336 Jain=1.000 PeakMF=0.695
[Ep  2800 | Step 1,344,000/2,000,000 | 317 sps] R=-1322.0 C=   9 Safe=98.75% SAI=0.336 Jain=1.000 PeakMF=0.690
[Ep  2850 | Step 1,368,000/2,000,000 | 317 sps] R=-1456.1 C=  46 Safe=94.17% SAI=0.336 Jain=1.000 PeakMF=0.694Using device: cuda
Path G: loading pre-computed profiles from /root/hcmarl_project/config/pathg_profiles.json
Generating demonstrations from calibrated profiles (Eq 35 controller)...
  Generated 102 demonstrations from 34 workers
  HELDOUT_NLL model selection for K:
    K=1: heldout_nll=617.5885
    K=2: heldout_nll=601.5789
    K=3: heldout_nll=2524068.7500
    K=4: heldout_nll=241.7762
    K=5: heldout_nll=7382.7100
  Selected K=4 (lowest heldout_nll=241.7762)

--- MMICRL Type Discovery Results ---
  Demonstrations: 102
  Types discovered: 4
  Type proportions: ['0.39', '0.07', '0.49', '0.05']
  Mutual information I(tau;z): 0.0000
  Objective value: 0.0000
  Learned thresholds per type (raw):
    Type 0: {shoulder: 0.286}
    Type 1: {shoulder: 0.212}
    Type 2: {shoulder: 0.195}
    Type 3: {shoulder: 0.235}
  WARNING: MI (0.0000) < 0.01 -- latent types are behaviorally indistinguishable on this demo set. Effective per-worker theta will fall back to config floors (no MMICRL contribution). Consider multi-muscle demos or lambda1 tuning to restore discrimination.
  Results saved to logs/ablation_no_divergent/seed_7/mmicrl/mmicrl_results.json
Using MMICRL-learned thresholds for 6 workers (4 types, rescaled into [floor,1]; floors: {'shoulder': 0.7, 'ankle': 0.8, 'knee': 0.6, 'elbow': 0.45, 'trunk': 0.65, 'grip': 0.45})
  Effective per-worker theta_max: {'worker_0': {'shoulder': 0.7}, 'worker_1': {'shoulder': 0.7}, 'worker_2': {'shoulder': 0.7}, 'worker_3': {'shoulder': 0.7}, 'worker_4': {'shoulder': 0.7}, 'worker_5': {'shoulder': 0.7}}
============================================================
HC-MARL Training: HC-MARL (MAPPO + ECBF + NSWF)
Seed: 7 | Device: cuda | Workers: 6
Total steps: 2,000,000 | Eval every: 50,000
Checkpoint dir: checkpoints/ablation_no_divergent/seed_7
============================================================
[Ep    50 | Step    24,000/2,000,000 | 318 sps] R=-13986.7 C=1558 Safe=33.12% SAI=0.412 Jain=1.000 PeakMF=0.689
[Ep   100 | Step    48,000/2,000,000 | 317 sps] R=-6678.2 C= 616 Safe=61.04% SAI=0.424 Jain=1.000 PeakMF=0.687
[Ep   150 | Step    72,000/2,000,000 | 316 sps] R=-5224.4 C= 527 Safe=43.12% SAI=0.385 Jain=1.000 PeakMF=0.690
[Ep   200 | Step    96,000/2,000,000 | 316 sps] R=-4172.0 C= 257 Safe=62.50% SAI=0.401 Jain=1.000 PeakMF=0.696
[Ep   250 | Step   120,000/2,000,000 | 316 sps] R=-4741.0 C= 455 Safe=56.67% SAI=0.382 Jain=1.000 PeakMF=0.695
[Ep   300 | Step   144,000/2,000,000 | 316 sps] R=-2788.5 C=  42 Safe=91.25% SAI=0.387 Jain=1.000 PeakMF=0.683
[Ep   350 | Step   168,000/2,000,000 | 316 sps] R=-3060.6 C= 211 Safe=72.08% SAI=0.360 Jain=1.000 PeakMF=0.692
[Ep   400 | Step   192,000/2,000,000 | 316 sps] R=-2540.1 C= 132 Safe=78.54% SAI=0.357 Jain=1.000 PeakMF=0.689
[Ep   450 | Step   216,000/2,000,000 | 316 sps] R=-2170.3 C=  96 Safe=86.04% SAI=0.350 Jain=1.000 PeakMF=0.686
[Ep   500 | Step   240,000/2,000,000 | 316 sps] R=-1883.1 C=  34 Safe=92.92% SAI=0.347 Jain=1.000 PeakMF=0.684
[Ep   550 | Step   264,000/2,000,000 | 316 sps] R=-1737.4 C=  16 Safe=96.67% SAI=0.345 Jain=1.000 PeakMF=0.684
[Ep   600 | Step   288,000/2,000,000 | 316 sps] R=-1940.2 C=  74 Safe=86.04% SAI=0.343 Jain=1.000 PeakMF=0.688
[Ep   650 | Step   312,000/2,000,000 | 316 sps] R=-1729.2 C=  36 Safe=93.75% SAI=0.342 Jain=1.000 PeakMF=0.688
[Ep   700 | Step   336,000/2,000,000 | 316 sps] R=-1667.8 C=  31 Safe=94.17% SAI=0.342 Jain=1.000 PeakMF=0.692
[Ep   750 | Step   360,000/2,000,000 | 316 sps] R=-1675.2 C=  47 Safe=91.67% SAI=0.340 Jain=1.000 PeakMF=0.689
[Ep   800 | Step   384,000/2,000,000 | 316 sps] R=-1615.6 C=  33 Safe=95.00% SAI=0.339 Jain=1.000 PeakMF=0.692
[Ep   850 | Step   408,000/2,000,000 | 316 sps] R=-1572.0 C=  34 Safe=94.17% SAI=0.338 Jain=1.000 PeakMF=0.692
[Ep   900 | Step   432,000/2,000,000 | 316 sps] R=-1531.6 C=  15 Safe=97.50% SAI=0.339 Jain=1.000 PeakMF=0.692
[Ep   950 | Step   456,000/2,000,000 | 316 sps] R=-1541.6 C=  27 Safe=95.83% SAI=0.338 Jain=1.000 PeakMF=0.691
[Ep  1000 | Step   480,000/2,000,000 | 316 sps] R=-1414.2 C=   3 Safe=99.38% SAI=0.338 Jain=1.000 PeakMF=0.691
[Ep  1050 | Step   504,000/2,000,000 | 316 sps] R=-1604.5 C=  44 Safe=93.96% SAI=0.339 Jain=1.000 PeakMF=0.689
[Ep  1100 | Step   528,000/2,000,000 | 316 sps] R=-1510.2 C=  28 Safe=96.04% SAI=0.337 Jain=1.000 PeakMF=0.694
[Ep  1150 | Step   552,000/2,000,000 | 316 sps] R=-1402.0 C=  12 Safe=98.12% SAI=0.337 Jain=1.000 PeakMF=0.694
[Ep  1200 | Step   576,000/2,000,000 | 316 sps] R=-1568.3 C=  47 Safe=94.38% SAI=0.336 Jain=1.000 PeakMF=0.694
[Ep  1250 | Step   600,000/2,000,000 | 316 sps] R=-1386.7 C=  10 Safe=98.12% SAI=0.337 Jain=1.000 PeakMF=0.694
[Ep  1300 | Step   624,000/2,000,000 | 316 sps] R=-1604.7 C=  55 Safe=92.08% SAI=0.337 Jain=1.000 PeakMF=0.692
[Ep  1350 | Step   648,000/2,000,000 | 316 sps] R=-1468.5 C=  28 Safe=95.62% SAI=0.337 Jain=1.000 PeakMF=0.694
[Ep  1400 | Step   672,000/2,000,000 | 316 sps] R=-1599.4 C=  56 Safe=92.71% SAI=0.337 Jain=1.000 PeakMF=0.695
[Ep  1450 | Step   696,000/2,000,000 | 316 sps] R=-1402.6 C=  14 Safe=97.29% SAI=0.337 Jain=1.000 PeakMF=0.695
[Ep  1500 | Step   720,000/2,000,000 | 316 sps] R=-1399.2 C=  15 Safe=97.29% SAI=0.337 Jain=1.000 PeakMF=0.695
[Ep  1550 | Step   744,000/2,000,000 | 316 sps] R=-1492.1 C=  31 Safe=94.17% SAI=0.337 Jain=1.000 PeakMF=0.694
[Ep  1600 | Step   768,000/2,000,000 | 316 sps] R=-1417.4 C=  21 Safe=97.71% SAI=0.337 Jain=1.000 PeakMF=0.695
[Ep  1650 | Step   792,000/2,000,000 | 316 sps] R=-1389.6 C=  14 Safe=97.71% SAI=0.337 Jain=1.000 PeakMF=0.695
[Ep  1700 | Step   816,000/2,000,000 | 316 sps] R=-1528.8 C=  43 Safe=95.42% SAI=0.337 Jain=1.000 PeakMF=0.693
[Ep  1750 | Step   840,000/2,000,000 | 316 sps] R=-1497.7 C=  36 Safe=95.00% SAI=0.337 Jain=1.000 PeakMF=0.693
[Ep  1800 | Step   864,000/2,000,000 | 316 sps] R=-1402.6 C=  20 Safe=96.25% SAI=0.336 Jain=1.000 PeakMF=0.696
[Ep  1850 | Step   888,000/2,000,000 | 316 sps] R=-1434.3 C=  18 Safe=97.50% SAI=0.337 Jain=1.000 PeakMF=0.695
[Ep  1900 | Step   912,000/2,000,000 | 316 sps] R=-1428.5 C=  29 Safe=95.83% SAI=0.336 Jain=1.000 PeakMF=0.697
[Ep  1950 | Step   936,000/2,000,000 | 316 sps] R=-1390.9 C=  17 Safe=96.67% SAI=0.336 Jain=1.000 PeakMF=0.696
[Ep  2000 | Step   960,000/2,000,000 | 316 sps] R=-1374.4 C=   8 Safe=98.96% SAI=0.337 Jain=1.000 PeakMF=0.694
[Ep  2050 | Step   984,000/2,000,000 | 316 sps] R=-1543.3 C=  50 Safe=93.75% SAI=0.336 Jain=1.000 PeakMF=0.695
[Ep  2100 | Step 1,008,000/2,000,000 | 316 sps] R=-1329.0 C=  12 Safe=97.92% SAI=0.337 Jain=1.000 PeakMF=0.695
[Ep  2150 | Step 1,032,000/2,000,000 | 316 sps] R=-1431.2 C=  30 Safe=96.04% SAI=0.336 Jain=1.000 PeakMF=0.696
[Ep  2200 | Step 1,056,000/2,000,000 | 316 sps] R=-1380.9 C=  21 Safe=96.25% SAI=0.337 Jain=1.000 PeakMF=0.696
[Ep  2250 | Step 1,080,000/2,000,000 | 316 sps] R=-1340.1 C=   9 Safe=98.33% SAI=0.337 Jain=1.000 PeakMF=0.695
[Ep  2300 | Step 1,104,000/2,000,000 | 316 sps] R=-1398.5 C=  23 Safe=97.08% SAI=0.337 Jain=1.000 PeakMF=0.695
[Ep  2350 | Step 1,128,000/2,000,000 | 316 sps] R=-1321.3 C=   6 Safe=98.96% SAI=0.337 Jain=1.000 PeakMF=0.695
[Ep  2400 | Step 1,152,000/2,000,000 | 316 sps] R=-1415.7 C=  27 Safe=94.38% SAI=0.336 Jain=1.000 PeakMF=0.698
[Ep  2450 | Step 1,176,000/2,000,000 | 316 sps] R=-1368.4 C=  20 Safe=96.25% SAI=0.336 Jain=1.000 PeakMF=0.696
[Ep  2500 | Step 1,200,000/2,000,000 | 316 sps] R=-1320.1 C=   8 Safe=98.54% SAI=0.337 Jain=1.000 PeakMF=0.694
[Ep  2550 | Step 1,224,000/2,000,000 | 316 sps] R=-1325.5 C=  14 Safe=97.71% SAI=0.336 Jain=1.000 PeakMF=0.695
[Ep  2600 | Step 1,248,000/2,000,000 | 316 sps] R=-1316.2 C=  12 Safe=97.92% SAI=0.336 Jain=1.000 PeakMF=0.696
[Ep  2650 | Step 1,272,000/2,000,000 | 316 sps] R=-1300.5 C=  11 Safe=97.71% SAI=0.336 Jain=1.000 PeakMF=0.696
[Ep  2700 | Step 1,296,000/2,000,000 | 316 sps] R=-1304.9 C=   9 Safe=98.33% SAI=0.336 Jain=1.000 PeakMF=0.696
[Ep  2750 | Step 1,320,000/2,000,000 | 316 sps] R=-1344.2 C=  17 Safe=96.67% SAI=0.337 Jain=1.000 PeakMF=0.696
[Ep  2800 | Step 1,344,000/2,000,000 | 316 sps] R=-1410.7 C=  34 Safe=94.17% SAI=0.336 Jain=1.000 PeakMF=0.695
[Ep  2850 | Step 1,368,000/2,000,000 | 316 sps] R=-1339.8 C=  20 Safe=97.29% SAI=0.337 Jain=1.000 PeakMF=0.694Using device: cuda
Path G: loading pre-computed profiles from /root/hcmarl_project/config/pathg_profiles.json
Generating demonstrations from calibrated profiles (Eq 35 controller)...
  Generated 102 demonstrations from 34 workers
  HELDOUT_NLL model selection for K:
    K=1: heldout_nll=6704283.5000
    K=2: heldout_nll=284044.3125
    K=3: heldout_nll=47497.7852
    K=4: heldout_nll=6160727.5000
    K=5: heldout_nll=7474.6758
  Selected K=5 (lowest heldout_nll=7474.6758)

--- MMICRL Type Discovery Results ---
  Demonstrations: 102
  Types discovered: 5
  Type proportions: ['0.13', '0.20', '0.32', '0.05', '0.30']
  Mutual information I(tau;z): 0.0000
  Objective value: 0.0000
  Learned thresholds per type (raw):
    Type 0: {shoulder: 0.215}
    Type 1: {shoulder: 0.291}
    Type 2: {shoulder: 0.182}
    Type 3: {shoulder: 0.346}
    Type 4: {shoulder: 0.234}
  WARNING: MI (0.0000) < 0.01 -- latent types are behaviorally indistinguishable on this demo set. Effective per-worker theta will fall back to config floors (no MMICRL contribution). Consider multi-muscle demos or lambda1 tuning to restore discrimination.
  Results saved to logs/ablation_no_divergent/seed_9/mmicrl/mmicrl_results.json
Using MMICRL-learned thresholds for 6 workers (5 types, rescaled into [floor,1]; floors: {'shoulder': 0.7, 'ankle': 0.8, 'knee': 0.6, 'elbow': 0.45, 'trunk': 0.65, 'grip': 0.45})
  Effective per-worker theta_max: {'worker_0': {'shoulder': 0.7}, 'worker_1': {'shoulder': 0.7}, 'worker_2': {'shoulder': 0.7}, 'worker_3': {'shoulder': 0.7}, 'worker_4': {'shoulder': 0.7}, 'worker_5': {'shoulder': 0.7}}
============================================================
HC-MARL Training: HC-MARL (MAPPO + ECBF + NSWF)
Seed: 9 | Device: cuda | Workers: 6
Total steps: 2,000,000 | Eval every: 50,000
Checkpoint dir: checkpoints/ablation_no_divergent/seed_9
============================================================
[Ep    50 | Step    24,000/2,000,000 | 314 sps] R=-8928.2 C= 892 Safe=44.17% SAI=0.408 Jain=1.000 PeakMF=0.677
[Ep   100 | Step    48,000/2,000,000 | 315 sps] R=-5458.7 C= 465 Safe=64.79% SAI=0.413 Jain=1.000 PeakMF=0.680
[Ep   150 | Step    72,000/2,000,000 | 315 sps] R=-4722.9 C= 376 Safe=64.58% SAI=0.401 Jain=1.000 PeakMF=0.694
[Ep   200 | Step    96,000/2,000,000 | 316 sps] R=-3740.5 C= 144 Safe=75.00% SAI=0.400 Jain=1.000 PeakMF=0.688
[Ep   250 | Step   120,000/2,000,000 | 316 sps] R=-2752.4 C=  66 Safe=87.71% SAI=0.374 Jain=1.000 PeakMF=0.682
[Ep   300 | Step   144,000/2,000,000 | 316 sps] R=-3725.9 C= 305 Safe=70.62% SAI=0.373 Jain=1.000 PeakMF=0.692
[Ep   350 | Step   168,000/2,000,000 | 316 sps] R=-2111.3 C=  27 Safe=95.00% SAI=0.355 Jain=1.000 PeakMF=0.687
[Ep   400 | Step   192,000/2,000,000 | 316 sps] R=-2127.1 C=  68 Safe=86.88% SAI=0.350 Jain=1.000 PeakMF=0.690
[Ep   450 | Step   216,000/2,000,000 | 316 sps] R=-2099.8 C=  43 Safe=92.29% SAI=0.353 Jain=1.000 PeakMF=0.691
[Ep   500 | Step   240,000/2,000,000 | 316 sps] R=-1892.6 C=  35 Safe=93.75% SAI=0.347 Jain=1.000 PeakMF=0.689
[Ep   550 | Step   264,000/2,000,000 | 316 sps] R=-1773.7 C=  35 Safe=94.58% SAI=0.344 Jain=1.000 PeakMF=0.687
[Ep   600 | Step   288,000/2,000,000 | 316 sps] R=-1776.5 C=  27 Safe=95.21% SAI=0.343 Jain=1.000 PeakMF=0.687
[Ep   650 | Step   312,000/2,000,000 | 316 sps] R=-1593.2 C=   5 Safe=99.38% SAI=0.342 Jain=1.000 PeakMF=0.688
[Ep   700 | Step   336,000/2,000,000 | 316 sps] R=-1547.7 C=   8 Safe=98.96% SAI=0.340 Jain=1.000 PeakMF=0.686
[Ep   750 | Step   360,000/2,000,000 | 316 sps] R=-1588.4 C=  29 Safe=94.58% SAI=0.337 Jain=1.000 PeakMF=0.690
[Ep   800 | Step   384,000/2,000,000 | 316 sps] R=-1649.7 C=  43 Safe=93.12% SAI=0.339 Jain=1.000 PeakMF=0.692
[Ep   850 | Step   408,000/2,000,000 | 316 sps] R=-1529.1 C=  15 Safe=97.29% SAI=0.338 Jain=1.000 PeakMF=0.690
[Ep   900 | Step   432,000/2,000,000 | 316 sps] R=-2306.3 C= 191 Safe=77.71% SAI=0.337 Jain=1.000 PeakMF=0.693
[Ep   950 | Step   456,000/2,000,000 | 316 sps] R=-1494.6 C=  11 Safe=98.54% SAI=0.338 Jain=1.000 PeakMF=0.690
[Ep  1000 | Step   480,000/2,000,000 | 316 sps] R=-1418.0 C=   4 Safe=99.17% SAI=0.338 Jain=1.000 PeakMF=0.694
[Ep  1050 | Step   504,000/2,000,000 | 316 sps] R=-1425.7 C=   1 Safe=99.79% SAI=0.338 Jain=1.000 PeakMF=0.692
[Ep  1100 | Step   528,000/2,000,000 | 316 sps] R=-1410.9 C=   3 Safe=99.38% SAI=0.338 Jain=1.000 PeakMF=0.693
[Ep  1150 | Step   552,000/2,000,000 | 316 sps] R=-1529.4 C=  45 Safe=93.12% SAI=0.336 Jain=1.000 PeakMF=0.696
[Ep  1200 | Step   576,000/2,000,000 | 316 sps] R=-1602.3 C=  57 Safe=92.08% SAI=0.336 Jain=1.000 PeakMF=0.693
[Ep  1250 | Step   600,000/2,000,000 | 316 sps] R=-1384.8 C=  10 Safe=98.33% SAI=0.337 Jain=1.000 PeakMF=0.695
[Ep  1300 | Step   624,000/2,000,000 | 316 sps] R=-1460.2 C=  21 Safe=97.29% SAI=0.338 Jain=1.000 PeakMF=0.694
[Ep  1350 | Step   648,000/2,000,000 | 316 sps] R=-1552.3 C=  43 Safe=93.54% SAI=0.337 Jain=1.000 PeakMF=0.693
[Ep  1400 | Step   672,000/2,000,000 | 316 sps] R=-1502.1 C=  37 Safe=93.33% SAI=0.337 Jain=1.000 PeakMF=0.697
[Ep  1450 | Step   696,000/2,000,000 | 316 sps] R=-1348.1 C=   7 Safe=98.54% SAI=0.337 Jain=1.000 PeakMF=0.695
[Ep  1500 | Step   720,000/2,000,000 | 316 sps] R=-1472.8 C=  25 Safe=96.46% SAI=0.337 Jain=1.000 PeakMF=0.694
[Ep  1550 | Step   744,000/2,000,000 | 316 sps] R=-1502.8 C=  41 Safe=93.54% SAI=0.336 Jain=1.000 PeakMF=0.695
[Ep  1600 | Step   768,000/2,000,000 | 316 sps] R=-1414.2 C=  14 Safe=97.50% SAI=0.337 Jain=1.000 PeakMF=0.696
[Ep  1650 | Step   792,000/2,000,000 | 316 sps] R=-1374.5 C=  12 Safe=98.12% SAI=0.337 Jain=1.000 PeakMF=0.695
[Ep  1700 | Step   816,000/2,000,000 | 316 sps] R=-1383.2 C=  12 Safe=97.71% SAI=0.336 Jain=1.000 PeakMF=0.694
[Ep  1750 | Step   840,000/2,000,000 | 316 sps] R=-1520.0 C=  42 Safe=94.58% SAI=0.337 Jain=1.000 PeakMF=0.696
[Ep  1800 | Step   864,000/2,000,000 | 316 sps] R=-1539.3 C=  50 Safe=92.92% SAI=0.337 Jain=1.000 PeakMF=0.697
[Ep  1850 | Step   888,000/2,000,000 | 316 sps] R=-1320.7 C=   2 Safe=99.58% SAI=0.337 Jain=1.000 PeakMF=0.695
[Ep  1900 | Step   912,000/2,000,000 | 316 sps] R=-1381.6 C=  10 Safe=98.33% SAI=0.337 Jain=1.000 PeakMF=0.691
[Ep  1950 | Step   936,000/2,000,000 | 316 sps] R=-1396.7 C=  17 Safe=96.88% SAI=0.337 Jain=1.000 PeakMF=0.696
[Ep  2000 | Step   960,000/2,000,000 | 316 sps] R=-1475.0 C=  36 Safe=94.79% SAI=0.337 Jain=1.000 PeakMF=0.697
[Ep  2050 | Step   984,000/2,000,000 | 316 sps] R=-1400.7 C=  21 Safe=96.46% SAI=0.337 Jain=1.000 PeakMF=0.695
[Ep  2100 | Step 1,008,000/2,000,000 | 316 sps] R=-1514.1 C=  46 Safe=92.71% SAI=0.337 Jain=1.000 PeakMF=0.696
[Ep  2150 | Step 1,032,000/2,000,000 | 316 sps] R=-1429.2 C=  31 Safe=95.21% SAI=0.337 Jain=1.000 PeakMF=0.695
[Ep  2200 | Step 1,056,000/2,000,000 | 316 sps] R=-1365.8 C=  11 Safe=97.92% SAI=0.337 Jain=1.000 PeakMF=0.695
[Ep  2250 | Step 1,080,000/2,000,000 | 316 sps] R=-1400.1 C=  23 Safe=96.88% SAI=0.337 Jain=1.000 PeakMF=0.695
[Ep  2300 | Step 1,104,000/2,000,000 | 316 sps] R=-1354.3 C=  13 Safe=97.50% SAI=0.337 Jain=1.000 PeakMF=0.696
[Ep  2350 | Step 1,128,000/2,000,000 | 316 sps] R=-1355.1 C=   9 Safe=98.33% SAI=0.337 Jain=1.000 PeakMF=0.695
[Ep  2400 | Step 1,152,000/2,000,000 | 316 sps] R=-1574.2 C=  63 Safe=90.62% SAI=0.337 Jain=1.000 PeakMF=0.697
[Ep  2450 | Step 1,176,000/2,000,000 | 316 sps] R=-1480.6 C=  44 Safe=92.92% SAI=0.337 Jain=1.000 PeakMF=0.697
[Ep  2500 | Step 1,200,000/2,000,000 | 316 sps] R=-1434.1 C=  32 Safe=95.21% SAI=0.337 Jain=1.000 PeakMF=0.697
[Ep  2550 | Step 1,224,000/2,000,000 | 316 sps] R=-1342.0 C=  16 Safe=96.88% SAI=0.336 Jain=1.000 PeakMF=0.696
[Ep  2600 | Step 1,248,000/2,000,000 | 316 sps] R=-1422.2 C=  32 Safe=94.38% SAI=0.336 Jain=1.000 PeakMF=0.696
[Ep  2650 | Step 1,272,000/2,000,000 | 316 sps] R=-1671.2 C=  88 Safe=90.42% SAI=0.336 Jain=1.000 PeakMF=0.696
[Ep  2700 | Step 1,296,000/2,000,000 | 316 sps] R=-1359.2 C=  17 Safe=97.92% SAI=0.337 Jain=1.000 PeakMF=0.695
[Ep  2750 | Step 1,320,000/2,000,000 | 316 sps] R=-1324.9 C=  10 Safe=97.92% SAI=0.337 Jain=1.000 PeakMF=0.697
[Ep  2800 | Step 1,344,000/2,000,000 | 316 sps] R=-1371.2 C=  25 Safe=94.79% SAI=0.337 Jain=1.000 PeakMF=0.697
[Ep  2850 | Step 1,368,000/2,000,000 | 316 sps] R=-1328.0 C=   9 Safe=98.75% SAI=0.337 Jain=1.000 PeakMF=0.693Using device: cuda
Path G: loading pre-computed profiles from /root/hcmarl_project/config/pathg_profiles.json
Generating demonstrations from calibrated profiles (Eq 35 controller)...
  Generated 102 demonstrations from 34 workers
  HELDOUT_NLL model selection for K:
    K=1: heldout_nll=62283.0234
    K=2: heldout_nll=1966.1019
    K=3: heldout_nll=25227.7559
    K=4: heldout_nll=67905.9062
    K=5: heldout_nll=159467.4844
  Selected K=2 (lowest heldout_nll=1966.1019)

--- MMICRL Type Discovery Results ---
  Demonstrations: 102
  Types discovered: 2
  Type proportions: ['0.58', '0.42']
  Mutual information I(tau;z): 0.0000
  Objective value: 0.0000
  Learned thresholds per type (raw):
    Type 0: {shoulder: 0.247}
    Type 1: {shoulder: 0.228}
  WARNING: MI (0.0000) < 0.01 -- latent types are behaviorally indistinguishable on this demo set. Effective per-worker theta will fall back to config floors (no MMICRL contribution). Consider multi-muscle demos or lambda1 tuning to restore discrimination.
  Results saved to logs/ablation_no_divergent/seed_5/mmicrl/mmicrl_results.json
Using MMICRL-learned thresholds for 6 workers (2 types, rescaled into [floor,1]; floors: {'shoulder': 0.7, 'ankle': 0.8, 'knee': 0.6, 'elbow': 0.45, 'trunk': 0.65, 'grip': 0.45})
  Effective per-worker theta_max: {'worker_0': {'shoulder': 0.7}, 'worker_1': {'shoulder': 0.7}, 'worker_2': {'shoulder': 0.7}, 'worker_3': {'shoulder': 0.7}, 'worker_4': {'shoulder': 0.7}, 'worker_5': {'shoulder': 0.7}}
============================================================
HC-MARL Training: HC-MARL (MAPPO + ECBF + NSWF)
Seed: 5 | Device: cuda | Workers: 6
Total steps: 2,000,000 | Eval every: 50,000
Checkpoint dir: checkpoints/ablation_no_divergent/seed_5
============================================================
[Ep    50 | Step    24,000/2,000,000 | 332 sps] R=-9584.7 C=1055 Safe=33.96% SAI=0.419 Jain=1.000 PeakMF=0.688
[Ep   100 | Step    48,000/2,000,000 | 324 sps] R=-5558.5 C= 396 Safe=75.83% SAI=0.435 Jain=1.000 PeakMF=0.684
[Ep   150 | Step    72,000/2,000,000 | 321 sps] R=-6386.1 C= 635 Safe=45.21% SAI=0.408 Jain=1.000 PeakMF=0.698
[Ep   200 | Step    96,000/2,000,000 | 320 sps] R=-4573.2 C= 420 Safe=51.67% SAI=0.386 Jain=1.000 PeakMF=0.697
[Ep   250 | Step   120,000/2,000,000 | 319 sps] R=-5030.4 C= 570 Safe=44.79% SAI=0.373 Jain=1.000 PeakMF=0.690
[Ep   300 | Step   144,000/2,000,000 | 318 sps] R=-2389.4 C=   8 Safe=98.33% SAI=0.371 Jain=1.000 PeakMF=0.681
[Ep   350 | Step   168,000/2,000,000 | 318 sps] R=-2681.2 C= 162 Safe=74.38% SAI=0.359 Jain=1.000 PeakMF=0.691
[Ep   400 | Step   192,000/2,000,000 | 318 sps] R=-1982.0 C=  17 Safe=97.08% SAI=0.356 Jain=1.000 PeakMF=0.687
[Ep   450 | Step   216,000/2,000,000 | 317 sps] R=-2001.9 C=  64 Safe=88.33% SAI=0.349 Jain=1.000 PeakMF=0.690
[Ep   500 | Step   240,000/2,000,000 | 317 sps] R=-1733.9 C=   8 Safe=98.33% SAI=0.345 Jain=1.000 PeakMF=0.685
[Ep   550 | Step   264,000/2,000,000 | 317 sps] R=-1835.4 C=  55 Safe=92.08% SAI=0.344 Jain=1.000 PeakMF=0.688
[Ep   600 | Step   288,000/2,000,000 | 317 sps] R=-1592.1 C=   7 Safe=98.54% SAI=0.341 Jain=1.000 PeakMF=0.689
[Ep   650 | Step   312,000/2,000,000 | 317 sps] R=-1592.0 C=  16 Safe=97.29% SAI=0.340 Jain=1.000 PeakMF=0.691
[Ep   700 | Step   336,000/2,000,000 | 317 sps] R=-1593.3 C=  20 Safe=96.67% SAI=0.341 Jain=1.000 PeakMF=0.687
[Ep   750 | Step   360,000/2,000,000 | 316 sps] R=-1595.6 C=  36 Safe=93.54% SAI=0.337 Jain=1.000 PeakMF=0.691
[Ep   800 | Step   384,000/2,000,000 | 316 sps] R=-2169.8 C= 168 Safe=81.46% SAI=0.336 Jain=1.000 PeakMF=0.695
[Ep   850 | Step   408,000/2,000,000 | 316 sps] R=-1513.6 C=  24 Safe=95.83% SAI=0.338 Jain=1.000 PeakMF=0.692
[Ep   900 | Step   432,000/2,000,000 | 316 sps] R=-1754.4 C=  81 Safe=90.83% SAI=0.338 Jain=1.000 PeakMF=0.693
[Ep   950 | Step   456,000/2,000,000 | 316 sps] R=-1394.7 C=   4 Safe=99.17% SAI=0.337 Jain=1.000 PeakMF=0.693
[Ep  1000 | Step   480,000/2,000,000 | 316 sps] R=-1392.7 C=  12 Safe=98.12% SAI=0.337 Jain=1.000 PeakMF=0.696
[Ep  1050 | Step   504,000/2,000,000 | 316 sps] R=-1498.8 C=  34 Safe=93.75% SAI=0.337 Jain=1.000 PeakMF=0.695
[Ep  1100 | Step   528,000/2,000,000 | 316 sps] R=-1362.8 C=   1 Safe=99.79% SAI=0.337 Jain=1.000 PeakMF=0.694
[Ep  1150 | Step   552,000/2,000,000 | 316 sps] R=-1644.0 C=  66 Safe=91.46% SAI=0.337 Jain=1.000 PeakMF=0.695
[Ep  1200 | Step   576,000/2,000,000 | 316 sps] R=-1432.1 C=  22 Safe=96.46% SAI=0.337 Jain=1.000 PeakMF=0.696
[Ep  1250 | Step   600,000/2,000,000 | 316 sps] R=-1420.7 C=  20 Safe=96.46% SAI=0.336 Jain=1.000 PeakMF=0.693
[Ep  1300 | Step   624,000/2,000,000 | 316 sps] R=-1443.9 C=  26 Safe=95.62% SAI=0.337 Jain=1.000 PeakMF=0.696
[Ep  1350 | Step   648,000/2,000,000 | 316 sps] R=-1407.7 C=   9 Safe=98.54% SAI=0.337 Jain=1.000 PeakMF=0.695
[Ep  1400 | Step   672,000/2,000,000 | 316 sps] R=-1530.6 C=  41 Safe=93.96% SAI=0.336 Jain=1.000 PeakMF=0.692
[Ep  1450 | Step   696,000/2,000,000 | 316 sps] R=-1389.4 C=   3 Safe=99.58% SAI=0.337 Jain=1.000 PeakMF=0.693
[Ep  1500 | Step   720,000/2,000,000 | 316 sps] R=-1402.4 C=   0 Safe=100.00% SAI=0.338 Jain=1.000 PeakMF=0.691
[Ep  1550 | Step   744,000/2,000,000 | 316 sps] R=-1346.9 C=   6 Safe=98.96% SAI=0.337 Jain=1.000 PeakMF=0.695
[Ep  1600 | Step   768,000/2,000,000 | 316 sps] R=-1385.0 C=   5 Safe=99.38% SAI=0.337 Jain=1.000 PeakMF=0.694
[Ep  1650 | Step   792,000/2,000,000 | 316 sps] R=-1467.7 C=  33 Safe=93.96% SAI=0.336 Jain=1.000 PeakMF=0.696
[Ep  1700 | Step   816,000/2,000,000 | 316 sps] R=-1599.0 C=  62 Safe=91.67% SAI=0.336 Jain=1.000 PeakMF=0.697
[Ep  1750 | Step   840,000/2,000,000 | 316 sps] R=-1442.8 C=  27 Safe=95.83% SAI=0.337 Jain=1.000 PeakMF=0.695
[Ep  1800 | Step   864,000/2,000,000 | 316 sps] R=-1390.7 C=  12 Safe=97.92% SAI=0.336 Jain=1.000 PeakMF=0.696
[Ep  1850 | Step   888,000/2,000,000 | 316 sps] R=-1404.0 C=  16 Safe=98.33% SAI=0.337 Jain=1.000 PeakMF=0.693
[Ep  1900 | Step   912,000/2,000,000 | 316 sps] R=-1384.0 C=   4 Safe=99.17% SAI=0.336 Jain=1.000 PeakMF=0.696
[Ep  1950 | Step   936,000/2,000,000 | 316 sps] R=-1380.4 C=   9 Safe=98.33% SAI=0.336 Jain=1.000 PeakMF=0.695
[Ep  2000 | Step   960,000/2,000,000 | 316 sps] R=-1413.3 C=  24 Safe=96.04% SAI=0.337 Jain=1.000 PeakMF=0.696
[Ep  2050 | Step   984,000/2,000,000 | 316 sps] R=-1350.6 C=  13 Safe=98.12% SAI=0.337 Jain=1.000 PeakMF=0.696
[Ep  2100 | Step 1,008,000/2,000,000 | 316 sps] R=-1613.3 C=  65 Safe=92.92% SAI=0.336 Jain=1.000 PeakMF=0.695
[Ep  2150 | Step 1,032,000/2,000,000 | 316 sps] R=-1331.6 C=   7 Safe=98.54% SAI=0.338 Jain=1.000 PeakMF=0.695
[Ep  2200 | Step 1,056,000/2,000,000 | 316 sps] R=-1384.0 C=  19 Safe=97.08% SAI=0.336 Jain=1.000 PeakMF=0.697
[Ep  2250 | Step 1,080,000/2,000,000 | 316 sps] R=-1430.1 C=  18 Safe=97.50% SAI=0.337 Jain=1.000 PeakMF=0.691
[Ep  2300 | Step 1,104,000/2,000,000 | 316 sps] R=-1384.1 C=  21 Safe=96.88% SAI=0.336 Jain=1.000 PeakMF=0.696
[Ep  2350 | Step 1,128,000/2,000,000 | 316 sps] R=-1381.9 C=  19 Safe=96.46% SAI=0.337 Jain=1.000 PeakMF=0.695
[Ep  2400 | Step 1,152,000/2,000,000 | 316 sps] R=-1361.5 C=  18 Safe=97.08% SAI=0.336 Jain=1.000 PeakMF=0.696
[Ep  2450 | Step 1,176,000/2,000,000 | 316 sps] R=-1307.4 C=   5 Safe=98.96% SAI=0.336 Jain=1.000 PeakMF=0.695
[Ep  2500 | Step 1,200,000/2,000,000 | 316 sps] R=-1304.0 C=   6 Safe=99.38% SAI=0.336 Jain=1.000 PeakMF=0.696
[Ep  2550 | Step 1,224,000/2,000,000 | 316 sps] R=-1441.1 C=  41 Safe=95.00% SAI=0.336 Jain=1.000 PeakMF=0.697
[Ep  2600 | Step 1,248,000/2,000,000 | 316 sps] R=-1317.8 C=   2 Safe=99.58% SAI=0.337 Jain=1.000 PeakMF=0.694
[Ep  2650 | Step 1,272,000/2,000,000 | 316 sps] R=-1282.7 C=   4 Safe=99.38% SAI=0.336 Jain=1.000 PeakMF=0.696
[Ep  2700 | Step 1,296,000/2,000,000 | 316 sps] R=-1297.0 C=   7 Safe=98.75% SAI=0.337 Jain=1.000 PeakMF=0.696
[Ep  2750 | Step 1,320,000/2,000,000 | 316 sps] R=-1721.2 C= 101 Safe=88.75% SAI=0.336 Jain=1.000 PeakMF=0.697
[Ep  2800 | Step 1,344,000/2,000,000 | 316 sps] R=-1341.1 C=  20 Safe=96.46% SAI=0.336 Jain=1.000 PeakMF=0.695
[Ep  2850 | Step 1,368,000/2,000,000 | 316 sps] R=-1316.9 C=  17 Safe=97.50% SAI=0.336 Jain=1.000 PeakMF=0.696
[Ep  2900 | Step 1,392,000/2,000,000 | 316 sps] R=-1354.1 C=  23 Safe=96.46% SAI=0.336 Jain=1.000 PeakMF=0.694Using device: cuda
Path G: loading pre-computed profiles from /root/hcmarl_project/config/pathg_profiles.json
Generating demonstrations from calibrated profiles (Eq 35 controller)...
  Generated 102 demonstrations from 34 workers
  HELDOUT_NLL model selection for K:
    K=1: heldout_nll=3435.6345
    K=2: heldout_nll=116535.0938
    K=3: heldout_nll=-11.9318
    K=4: heldout_nll=14426030.0000
    K=5: heldout_nll=17284.2617
  Selected K=3 (lowest heldout_nll=-11.9318)

--- MMICRL Type Discovery Results ---
  Demonstrations: 102
  Types discovered: 3
  Type proportions: ['0.32', '0.33', '0.34']
  Mutual information I(tau;z): 0.0000
  Objective value: 0.0000
  Learned thresholds per type (raw):
    Type 0: {shoulder: 0.184}
    Type 1: {shoulder: 0.293}
    Type 2: {shoulder: 0.241}
  WARNING: MI (0.0000) < 0.01 -- latent types are behaviorally indistinguishable on this demo set. Effective per-worker theta will fall back to config floors (no MMICRL contribution). Consider multi-muscle demos or lambda1 tuning to restore discrimination.
  Results saved to logs/ablation_no_divergent/seed_6/mmicrl/mmicrl_results.json
Using MMICRL-learned thresholds for 6 workers (3 types, rescaled into [floor,1]; floors: {'shoulder': 0.7, 'ankle': 0.8, 'knee': 0.6, 'elbow': 0.45, 'trunk': 0.65, 'grip': 0.45})
  Effective per-worker theta_max: {'worker_0': {'shoulder': 0.7}, 'worker_1': {'shoulder': 0.7}, 'worker_2': {'shoulder': 0.7}, 'worker_3': {'shoulder': 0.7}, 'worker_4': {'shoulder': 0.7}, 'worker_5': {'shoulder': 0.7}}
============================================================
HC-MARL Training: HC-MARL (MAPPO + ECBF + NSWF)
Seed: 6 | Device: cuda | Workers: 6
Total steps: 2,000,000 | Eval every: 50,000
Checkpoint dir: checkpoints/ablation_no_divergent/seed_6
============================================================
[Ep    50 | Step    24,000/2,000,000 | 321 sps] R=-4870.1 C= 115 Safe=82.50% SAI=0.449 Jain=1.000 PeakMF=0.668
[Ep   100 | Step    48,000/2,000,000 | 318 sps] R=-8222.2 C= 888 Safe=49.58% SAI=0.408 Jain=1.000 PeakMF=0.686
[Ep   150 | Step    72,000/2,000,000 | 317 sps] R=-6313.8 C= 668 Safe=41.46% SAI=0.402 Jain=1.000 PeakMF=0.697
[Ep   200 | Step    96,000/2,000,000 | 317 sps] R=-4069.8 C= 238 Safe=71.04% SAI=0.402 Jain=1.000 PeakMF=0.689
[Ep   250 | Step   120,000/2,000,000 | 316 sps] R=-6000.8 C= 660 Safe=40.21% SAI=0.383 Jain=1.000 PeakMF=0.699
[Ep   300 | Step   144,000/2,000,000 | 316 sps] R=-2829.0 C=  53 Safe=92.50% SAI=0.386 Jain=1.000 PeakMF=0.680
[Ep   350 | Step   168,000/2,000,000 | 316 sps] R=-2260.7 C=  24 Safe=95.21% SAI=0.366 Jain=1.000 PeakMF=0.684
[Ep   400 | Step   192,000/2,000,000 | 316 sps] R=-2132.6 C=  16 Safe=96.67% SAI=0.359 Jain=1.000 PeakMF=0.691
[Ep   450 | Step   216,000/2,000,000 | 316 sps] R=-1926.8 C=  37 Safe=93.54% SAI=0.349 Jain=1.000 PeakMF=0.692
[Ep   500 | Step   240,000/2,000,000 | 316 sps] R=-1815.4 C=  22 Safe=96.25% SAI=0.346 Jain=1.000 PeakMF=0.685
[Ep   550 | Step   264,000/2,000,000 | 316 sps] R=-1767.0 C=  19 Safe=96.67% SAI=0.343 Jain=1.000 PeakMF=0.685
[Ep   600 | Step   288,000/2,000,000 | 316 sps] R=-2006.2 C=  82 Safe=87.71% SAI=0.346 Jain=1.000 PeakMF=0.689
[Ep   650 | Step   312,000/2,000,000 | 316 sps] R=-1696.8 C=  20 Safe=96.67% SAI=0.342 Jain=1.000 PeakMF=0.682
[Ep   700 | Step   336,000/2,000,000 | 316 sps] R=-1626.1 C=  32 Safe=95.00% SAI=0.339 Jain=1.000 PeakMF=0.691
[Ep   750 | Step   360,000/2,000,000 | 316 sps] R=-1585.8 C=  25 Safe=96.25% SAI=0.339 Jain=1.000 PeakMF=0.691
[Ep   800 | Step   384,000/2,000,000 | 315 sps] R=-1593.9 C=  35 Safe=95.00% SAI=0.338 Jain=1.000 PeakMF=0.692
[Ep   850 | Step   408,000/2,000,000 | 315 sps] R=-1491.2 C=  14 Safe=97.08% SAI=0.339 Jain=1.000 PeakMF=0.694
[Ep   900 | Step   432,000/2,000,000 | 315 sps] R=-1450.6 C=   6 Safe=98.96% SAI=0.338 Jain=1.000 PeakMF=0.691
[Ep   950 | Step   456,000/2,000,000 | 315 sps] R=-1517.6 C=  32 Safe=93.75% SAI=0.337 Jain=1.000 PeakMF=0.695
[Ep  1000 | Step   480,000/2,000,000 | 315 sps] R=-1433.7 C=   6 Safe=99.17% SAI=0.337 Jain=1.000 PeakMF=0.694
[Ep  1050 | Step   504,000/2,000,000 | 315 sps] R=-1521.1 C=  36 Safe=94.58% SAI=0.337 Jain=1.000 PeakMF=0.694
[Ep  1100 | Step   528,000/2,000,000 | 315 sps] R=-1554.7 C=  46 Safe=94.38% SAI=0.337 Jain=1.000 PeakMF=0.693
[Ep  1150 | Step   552,000/2,000,000 | 315 sps] R=-1405.9 C=   6 Safe=98.96% SAI=0.338 Jain=1.000 PeakMF=0.693
[Ep  1200 | Step   576,000/2,000,000 | 315 sps] R=-1418.5 C=  16 Safe=97.71% SAI=0.336 Jain=1.000 PeakMF=0.693
[Ep  1250 | Step   600,000/2,000,000 | 315 sps] R=-1417.4 C=  12 Safe=97.71% SAI=0.337 Jain=1.000 PeakMF=0.693
[Ep  1300 | Step   624,000/2,000,000 | 315 sps] R=-1600.5 C=  60 Safe=91.25% SAI=0.336 Jain=1.000 PeakMF=0.697
[Ep  1350 | Step   648,000/2,000,000 | 315 sps] R=-1448.6 C=  24 Safe=95.83% SAI=0.336 Jain=1.000 PeakMF=0.693
[Ep  1400 | Step   672,000/2,000,000 | 315 sps] R=-1770.6 C=  98 Safe=90.83% SAI=0.337 Jain=1.000 PeakMF=0.694
[Ep  1450 | Step   696,000/2,000,000 | 315 sps] R=-1383.9 C=  14 Safe=97.71% SAI=0.337 Jain=1.000 PeakMF=0.695
[Ep  1500 | Step   720,000/2,000,000 | 315 sps] R=-1351.5 C=   6 Safe=98.96% SAI=0.337 Jain=1.000 PeakMF=0.695
[Ep  1550 | Step   744,000/2,000,000 | 315 sps] R=-1410.9 C=  14 Safe=98.54% SAI=0.337 Jain=1.000 PeakMF=0.693
[Ep  1600 | Step   768,000/2,000,000 | 315 sps] R=-1351.8 C=   8 Safe=98.54% SAI=0.337 Jain=1.000 PeakMF=0.696
[Ep  1650 | Step   792,000/2,000,000 | 315 sps] R=-1603.8 C=  66 Safe=90.83% SAI=0.336 Jain=1.000 PeakMF=0.696
[Ep  1700 | Step   816,000/2,000,000 | 315 sps] R=-1411.5 C=  20 Safe=98.12% SAI=0.336 Jain=1.000 PeakMF=0.695
[Ep  1750 | Step   840,000/2,000,000 | 315 sps] R=-1441.5 C=  26 Safe=95.42% SAI=0.337 Jain=1.000 PeakMF=0.694
[Ep  1800 | Step   864,000/2,000,000 | 315 sps] R=-1463.8 C=  33 Safe=95.83% SAI=0.337 Jain=1.000 PeakMF=0.696
[Ep  1850 | Step   888,000/2,000,000 | 315 sps] R=-1363.8 C=   7 Safe=99.38% SAI=0.337 Jain=1.000 PeakMF=0.694
[Ep  1900 | Step   912,000/2,000,000 | 315 sps] R=-1353.6 C=  10 Safe=98.54% SAI=0.336 Jain=1.000 PeakMF=0.696
[Ep  1950 | Step   936,000/2,000,000 | 315 sps] R=-1805.3 C= 105 Safe=88.75% SAI=0.337 Jain=1.000 PeakMF=0.695
[Ep  2000 | Step   960,000/2,000,000 | 315 sps] R=-1384.7 C=  13 Safe=98.33% SAI=0.337 Jain=1.000 PeakMF=0.696
[Ep  2050 | Step   984,000/2,000,000 | 315 sps] R=-1466.7 C=  39 Safe=93.96% SAI=0.336 Jain=1.000 PeakMF=0.696
[Ep  2100 | Step 1,008,000/2,000,000 | 315 sps] R=-1371.3 C=  16 Safe=97.71% SAI=0.337 Jain=1.000 PeakMF=0.696
[Ep  2150 | Step 1,032,000/2,000,000 | 315 sps] R=-1615.5 C=  68 Safe=93.75% SAI=0.337 Jain=1.000 PeakMF=0.695
[Ep  2200 | Step 1,056,000/2,000,000 | 315 sps] R=-1353.8 C=   8 Safe=98.75% SAI=0.337 Jain=1.000 PeakMF=0.694
[Ep  2250 | Step 1,080,000/2,000,000 | 315 sps] R=-1367.5 C=   8 Safe=98.75% SAI=0.338 Jain=1.000 PeakMF=0.695
[Ep  2300 | Step 1,104,000/2,000,000 | 315 sps] R=-1358.5 C=  10 Safe=98.33% SAI=0.337 Jain=1.000 PeakMF=0.695
[Ep  2350 | Step 1,128,000/2,000,000 | 315 sps] R=-1440.0 C=  27 Safe=96.67% SAI=0.337 Jain=1.000 PeakMF=0.697
[Ep  2400 | Step 1,152,000/2,000,000 | 315 sps] R=-1414.6 C=  24 Safe=95.83% SAI=0.337 Jain=1.000 PeakMF=0.695
[Ep  2450 | Step 1,176,000/2,000,000 | 315 sps] R=-1824.7 C= 115 Safe=85.83% SAI=0.336 Jain=1.000 PeakMF=0.696
[Ep  2500 | Step 1,200,000/2,000,000 | 315 sps] R=-1525.0 C=  60 Safe=90.62% SAI=0.336 Jain=1.000 PeakMF=0.696
[Ep  2550 | Step 1,224,000/2,000,000 | 315 sps] R=-1365.8 C=  11 Safe=98.12% SAI=0.337 Jain=1.000 PeakMF=0.694
[Ep  2600 | Step 1,248,000/2,000,000 | 315 sps] R=-1304.2 C=   3 Safe=99.38% SAI=0.337 Jain=1.000 PeakMF=0.696
[Ep  2650 | Step 1,272,000/2,000,000 | 315 sps] R=-1837.7 C= 120 Safe=88.54% SAI=0.336 Jain=1.000 PeakMF=0.695
[Ep  2700 | Step 1,296,000/2,000,000 | 315 sps] R=-1350.7 C=  22 Safe=96.25% SAI=0.337 Jain=1.000 PeakMF=0.697
[Ep  2750 | Step 1,320,000/2,000,000 | 315 sps] R=-1330.7 C=  10 Safe=98.12% SAI=0.337 Jain=1.000 PeakMF=0.693
[Ep  2800 | Step 1,344,000/2,000,000 | 315 sps] R=-1375.9 C=  28 Safe=94.38% SAI=0.336 Jain=1.000 PeakMF=0.698
[Ep  2850 | Step 1,368,000/2,000,000 | 315 sps] R=-1452.8 C=  44 Safe=93.75% SAI=0.337 Jain=1.000 PeakMF=0.697
[Ep  2900 | Step 1,392,000/2,000,000 | 315 sps] R=-1333.0 C=  10 Safe=98.12% SAI=0.337 Jain=1.000 PeakMF=0.694Using device: cuda
Path G: loading pre-computed profiles from /root/hcmarl_project/config/pathg_profiles.json
Generating demonstrations from calibrated profiles (Eq 35 controller)...
  Generated 102 demonstrations from 34 workers
  HELDOUT_NLL model selection for K:
    K=1: heldout_nll=66240.1016
    K=2: heldout_nll=119624393818112.0000
    K=3: heldout_nll=15381214.0000
    K=4: heldout_nll=1828.3118
    K=5: heldout_nll=15538764906496.0000
  Selected K=4 (lowest heldout_nll=1828.3118)

--- MMICRL Type Discovery Results ---
  Demonstrations: 102
  Types discovered: 4
  Type proportions: ['0.35', '0.31', '0.14', '0.20']
  Mutual information I(tau;z): 0.8984
  Objective value: 0.8984
  Learned thresholds per type (raw):
    Type 0: {shoulder: 0.294}
    Type 1: {shoulder: 0.235}
    Type 2: {shoulder: 0.218}
    Type 3: {shoulder: 0.154}
  Results saved to logs/ablation_no_divergent/seed_8/mmicrl/mmicrl_results.json
Using MMICRL-learned thresholds for 6 workers (4 types, rescaled into [floor,1]; floors: {'shoulder': 0.7, 'ankle': 0.8, 'knee': 0.6, 'elbow': 0.45, 'trunk': 0.65, 'grip': 0.45})
  Effective per-worker theta_max: {'worker_0': {'shoulder': 0.999}, 'worker_1': {'shoulder': 0.999}, 'worker_2': {'shoulder': 0.8726179322409156}, 'worker_3': {'shoulder': 0.8726179322409156}, 'worker_4': {'shoulder': 0.8366321754251997}, 'worker_5': {'shoulder': 0.7}}
============================================================
HC-MARL Training: HC-MARL (MAPPO + ECBF + NSWF)
Seed: 8 | Device: cuda | Workers: 6
Total steps: 2,000,000 | Eval every: 50,000
Checkpoint dir: checkpoints/ablation_no_divergent/seed_8
============================================================
[Ep    50 | Step    24,000/2,000,000 | 313 sps] R=-8029.0 C= 829 Safe=44.58% SAI=0.431 Jain=1.000 PeakMF=0.842
[Ep   100 | Step    48,000/2,000,000 | 313 sps] R=-9290.2 C=1134 Safe=39.17% SAI=0.404 Jain=1.000 PeakMF=0.868
[Ep   150 | Step    72,000/2,000,000 | 314 sps] R=-4565.8 C= 350 Safe=61.25% SAI=0.411 Jain=1.000 PeakMF=0.884
[Ep   200 | Step    96,000/2,000,000 | 314 sps] R=-3788.9 C=  90 Safe=81.25% SAI=0.428 Jain=1.000 PeakMF=0.875
[Ep   250 | Step   120,000/2,000,000 | 314 sps] R=-4406.2 C= 325 Safe=66.46% SAI=0.429 Jain=1.000 PeakMF=0.862
[Ep   300 | Step   144,000/2,000,000 | 315 sps] R=-3087.9 C=  48 Safe=91.88% SAI=0.424 Jain=1.000 PeakMF=0.879
[Ep   350 | Step   168,000/2,000,000 | 315 sps] R=-2984.7 C=  39 Safe=93.12% SAI=0.406 Jain=1.000 PeakMF=0.853
[Ep   400 | Step   192,000/2,000,000 | 315 sps] R=-2370.6 C=   4 Safe=99.17% SAI=0.377 Jain=1.000 PeakMF=0.840
[Ep   450 | Step   216,000/2,000,000 | 315 sps] R=-2184.0 C=  53 Safe=91.04% SAI=0.363 Jain=1.000 PeakMF=0.855
[Ep   500 | Step   240,000/2,000,000 | 315 sps] R=-2531.4 C= 122 Safe=79.58% SAI=0.365 Jain=1.000 PeakMF=0.867
[Ep   550 | Step   264,000/2,000,000 | 315 sps] R=-2279.3 C=  49 Safe=91.67% SAI=0.375 Jain=1.000 PeakMF=0.865
[Ep   600 | Step   288,000/2,000,000 | 315 sps] R=-1974.7 C=  13 Safe=97.71% SAI=0.360 Jain=1.000 PeakMF=0.860
[Ep   650 | Step   312,000/2,000,000 | 315 sps] R=-2029.1 C=  86 Safe=84.58% SAI=0.349 Jain=1.000 PeakMF=0.870
[Ep   700 | Step   336,000/2,000,000 | 315 sps] R=-1801.2 C=  33 Safe=94.17% SAI=0.348 Jain=1.000 PeakMF=0.860
[Ep   750 | Step   360,000/2,000,000 | 315 sps] R=-1754.2 C=  46 Safe=91.88% SAI=0.348 Jain=1.000 PeakMF=0.869
[Ep   800 | Step   384,000/2,000,000 | 315 sps] R=-1611.8 C=  16 Safe=97.08% SAI=0.346 Jain=1.000 PeakMF=0.867
[Ep   850 | Step   408,000/2,000,000 | 315 sps] R=-1616.0 C=  15 Safe=97.71% SAI=0.346 Jain=1.000 PeakMF=0.870
[Ep   900 | Step   432,000/2,000,000 | 315 sps] R=-1628.0 C=  27 Safe=94.79% SAI=0.345 Jain=1.000 PeakMF=0.869
[Ep   950 | Step   456,000/2,000,000 | 315 sps] R=-1550.6 C=  11 Safe=97.92% SAI=0.345 Jain=1.000 PeakMF=0.878
[Ep  1000 | Step   480,000/2,000,000 | 314 sps] R=-1589.2 C=  37 Safe=93.96% SAI=0.342 Jain=1.000 PeakMF=0.878
[Ep  1050 | Step   504,000/2,000,000 | 314 sps] R=-1454.6 C=  10 Safe=97.92% SAI=0.342 Jain=1.000 PeakMF=0.877
[Ep  1100 | Step   528,000/2,000,000 | 314 sps] R=-1605.5 C=  43 Safe=93.54% SAI=0.341 Jain=1.000 PeakMF=0.877
[Ep  1150 | Step   552,000/2,000,000 | 314 sps] R=-1593.0 C=  46 Safe=91.04% SAI=0.341 Jain=1.000 PeakMF=0.887
[Ep  1200 | Step   576,000/2,000,000 | 314 sps] R=-1422.7 C=   8 Safe=98.33% SAI=0.341 Jain=1.000 PeakMF=0.885
[Ep  1250 | Step   600,000/2,000,000 | 314 sps] R=-1734.3 C=  78 Safe=88.96% SAI=0.340 Jain=1.000 PeakMF=0.878
[Ep  1300 | Step   624,000/2,000,000 | 314 sps] R=-1734.7 C=  87 Safe=85.62% SAI=0.340 Jain=1.000 PeakMF=0.889
[Ep  1350 | Step   648,000/2,000,000 | 314 sps] R=-1598.1 C=  53 Safe=89.79% SAI=0.341 Jain=1.000 PeakMF=0.881
[Ep  1400 | Step   672,000/2,000,000 | 314 sps] R=-1526.1 C=  29 Safe=95.00% SAI=0.340 Jain=1.000 PeakMF=0.882
[Ep  1450 | Step   696,000/2,000,000 | 314 sps] R=-1465.4 C=  20 Safe=97.08% SAI=0.342 Jain=1.000 PeakMF=0.886
[Ep  1500 | Step   720,000/2,000,000 | 314 sps] R=-1406.2 C=  12 Safe=97.92% SAI=0.340 Jain=1.000 PeakMF=0.882
[Ep  1550 | Step   744,000/2,000,000 | 314 sps] R=-1379.7 C=  14 Safe=97.29% SAI=0.341 Jain=1.000 PeakMF=0.887
[Ep  1600 | Step   768,000/2,000,000 | 314 sps] R=-1406.1 C=  13 Safe=97.92% SAI=0.341 Jain=1.000 PeakMF=0.891
[Ep  1650 | Step   792,000/2,000,000 | 314 sps] R=-1576.0 C=  55 Safe=92.50% SAI=0.341 Jain=1.000 PeakMF=0.882
[Ep  1700 | Step   816,000/2,000,000 | 314 sps] R=-2035.9 C= 153 Safe=81.25% SAI=0.341 Jain=1.000 PeakMF=0.892
[Ep  1750 | Step   840,000/2,000,000 | 314 sps] R=-1522.0 C=  41 Safe=93.75% SAI=0.341 Jain=1.000 PeakMF=0.884
[Ep  1800 | Step   864,000/2,000,000 | 314 sps] R=-1387.4 C=  12 Safe=97.71% SAI=0.341 Jain=1.000 PeakMF=0.885
[Ep  1850 | Step   888,000/2,000,000 | 314 sps] R=-1489.6 C=  33 Safe=94.38% SAI=0.341 Jain=1.000 PeakMF=0.886
[Ep  1900 | Step   912,000/2,000,000 | 314 sps] R=-1620.6 C=  64 Safe=90.21% SAI=0.340 Jain=1.000 PeakMF=0.890
[Ep  1950 | Step   936,000/2,000,000 | 314 sps] R=-1582.9 C=  59 Safe=90.42% SAI=0.340 Jain=1.000 PeakMF=0.883
[Ep  2000 | Step   960,000/2,000,000 | 314 sps] R=-1561.0 C=  55 Safe=90.42% SAI=0.340 Jain=1.000 PeakMF=0.893
[Ep  2050 | Step   984,000/2,000,000 | 314 sps] R=-1476.8 C=  34 Safe=95.21% SAI=0.340 Jain=1.000 PeakMF=0.889
[Ep  2100 | Step 1,008,000/2,000,000 | 314 sps] R=-1423.8 C=  23 Safe=95.83% SAI=0.340 Jain=1.000 PeakMF=0.891
[Ep  2150 | Step 1,032,000/2,000,000 | 314 sps] R=-1554.0 C=  57 Safe=91.25% SAI=0.341 Jain=1.000 PeakMF=0.894
[Ep  2200 | Step 1,056,000/2,000,000 | 314 sps] R=-1553.7 C=  56 Safe=91.04% SAI=0.340 Jain=1.000 PeakMF=0.893
[Ep  2250 | Step 1,080,000/2,000,000 | 314 sps] R=-1350.0 C=  12 Safe=97.50% SAI=0.341 Jain=1.000 PeakMF=0.884
[Ep  2300 | Step 1,104,000/2,000,000 | 314 sps] R=-1437.8 C=  28 Safe=94.79% SAI=0.341 Jain=1.000 PeakMF=0.888
[Ep  2350 | Step 1,128,000/2,000,000 | 314 sps] R=-1390.2 C=  17 Safe=97.71% SAI=0.341 Jain=1.000 PeakMF=0.884
[Ep  2400 | Step 1,152,000/2,000,000 | 314 sps] R=-1421.7 C=  20 Safe=97.08% SAI=0.341 Jain=1.000 PeakMF=0.884
[Ep  2450 | Step 1,176,000/2,000,000 | 314 sps] R=-1495.8 C=  39 Safe=94.58% SAI=0.341 Jain=1.000 PeakMF=0.883
[Ep  2500 | Step 1,200,000/2,000,000 | 314 sps] R=-1313.8 C=  13 Safe=97.92% SAI=0.341 Jain=1.000 PeakMF=0.892
[Ep  2550 | Step 1,224,000/2,000,000 | 314 sps] R=-1333.1 C=  12 Safe=97.71% SAI=0.340 Jain=1.000 PeakMF=0.894
[Ep  2600 | Step 1,248,000/2,000,000 | 314 sps] R=-1490.0 C=  49 Safe=91.67% SAI=0.340 Jain=1.000 PeakMF=0.888
[Ep  2650 | Step 1,272,000/2,000,000 | 314 sps] R=-1523.8 C=  58 Safe=89.17% SAI=0.340 Jain=1.000 PeakMF=0.885
[Ep  2700 | Step 1,296,000/2,000,000 | 314 sps] R=-1380.9 C=  18 Safe=96.67% SAI=0.341 Jain=1.000 PeakMF=0.885
[Ep  2750 | Step 1,320,000/2,000,000 | 314 sps] R=-1993.6 C= 160 Safe=79.79% SAI=0.340 Jain=1.000 PeakMF=0.896
[Ep  2800 | Step 1,344,000/2,000,000 | 314 sps] R=-1387.1 C=  28 Safe=95.62% SAI=0.340 Jain=1.000 PeakMF=0.887
[Ep  2850 | Step 1,368,000/2,000,000 | 314 sps] R=-1361.9 C=  27 Safe=95.00% SAI=0.340 Jain=1.000 PeakMF=0.891
[Ep  2900 | Step 1,392,000/2,000,000 | 314 sps] R=-1359.9 C=  19 Safe=96.88% SAI=0.341 Jain=1.000 PeakMF=0.889
[Ep  2950 | Step 1,416,000/2,000,000 | 314 sps] R=-1397.7 C=  32 Safe=94.58% SAI=0.340 Jain=1.000 PeakMF=0.885
[Ep  2900 | Step 1,392,000/2,000,000 | 317 sps] R=-1290.6 C=   0 Safe=100.00% SAI=0.337 Jain=1.000 PeakMF=0.694
[Ep  2950 | Step 1,416,000/2,000,000 | 317 sps] R=-1913.9 C= 140 Safe=83.54% SAI=0.336 Jain=1.000 PeakMF=0.696
[Ep  3000 | Step 1,440,000/2,000,000 | 317 sps] R=-1354.1 C=  23 Safe=95.42% SAI=0.336 Jain=1.000 PeakMF=0.696
[Ep  3050 | Step 1,464,000/2,000,000 | 317 sps] R=-1426.2 C=  42 Safe=93.75% SAI=0.336 Jain=1.000 PeakMF=0.697
[Ep  3100 | Step 1,488,000/2,000,000 | 317 sps] R=-1316.2 C=  17 Safe=97.29% SAI=0.336 Jain=1.000 PeakMF=0.696
[Ep  3150 | Step 1,512,000/2,000,000 | 317 sps] R=-1381.1 C=  31 Safe=93.54% SAI=0.336 Jain=1.000 PeakMF=0.698
[Ep  3200 | Step 1,536,000/2,000,000 | 317 sps] R=-1999.0 C= 155 Safe=85.42% SAI=0.336 Jain=1.000 PeakMF=0.694
[Ep  3250 | Step 1,560,000/2,000,000 | 317 sps] R=-1387.7 C=  24 Safe=96.67% SAI=0.337 Jain=1.000 PeakMF=0.696
[Ep  3300 | Step 1,584,000/2,000,000 | 317 sps] R=-1322.7 C=  14 Safe=98.33% SAI=0.336 Jain=1.000 PeakMF=0.695
[Ep  3350 | Step 1,608,000/2,000,000 | 317 sps] R=-1283.5 C=  10 Safe=98.75% SAI=0.336 Jain=1.000 PeakMF=0.696
[Ep  3400 | Step 1,632,000/2,000,000 | 317 sps] R=-1359.2 C=  17 Safe=97.71% SAI=0.337 Jain=1.000 PeakMF=0.693
[Ep  3450 | Step 1,656,000/2,000,000 | 317 sps] R=-1272.1 C=   1 Safe=99.79% SAI=0.337 Jain=1.000 PeakMF=0.696
[Ep  3500 | Step 1,680,000/2,000,000 | 317 sps] R=-1531.7 C=  67 Safe=89.17% SAI=0.336 Jain=1.000 PeakMF=0.697
[Ep  3550 | Step 1,704,000/2,000,000 | 317 sps] R=-1324.7 C=  20 Safe=96.25% SAI=0.337 Jain=1.000 PeakMF=0.697
[Ep  3600 | Step 1,728,000/2,000,000 | 317 sps] R=-1347.0 C=  19 Safe=97.08% SAI=0.337 Jain=1.000 PeakMF=0.695
[Ep  3650 | Step 1,752,000/2,000,000 | 317 sps] R=-1320.4 C=  19 Safe=96.25% SAI=0.336 Jain=1.000 PeakMF=0.694
[Ep  3700 | Step 1,776,000/2,000,000 | 317 sps] R=-1301.2 C=  11 Safe=97.92% SAI=0.337 Jain=1.000 PeakMF=0.695
[Ep  3750 | Step 1,800,000/2,000,000 | 316 sps] R=-1299.0 C=   6 Safe=98.96% SAI=0.337 Jain=1.000 PeakMF=0.689
[Ep  3800 | Step 1,824,000/2,000,000 | 316 sps] R=-1259.1 C=   4 Safe=99.17% SAI=0.337 Jain=1.000 PeakMF=0.694
[Ep  3850 | Step 1,848,000/2,000,000 | 316 sps] R=-1341.0 C=  23 Safe=96.46% SAI=0.336 Jain=1.000 PeakMF=0.693
[Ep  3900 | Step 1,872,000/2,000,000 | 316 sps] R=-1280.5 C=  10 Safe=98.12% SAI=0.337 Jain=1.000 PeakMF=0.695
[Ep  3950 | Step 1,896,000/2,000,000 | 316 sps] R=-1294.0 C=  14 Safe=97.29% SAI=0.336 Jain=1.000 PeakMF=0.694
[Ep  4000 | Step 1,920,000/2,000,000 | 316 sps] R=-1282.7 C=   9 Safe=98.33% SAI=0.337 Jain=1.000 PeakMF=0.695
[Ep  4050 | Step 1,944,000/2,000,000 | 316 sps] R=-1284.8 C=   9 Safe=98.33% SAI=0.337 Jain=1.000 PeakMF=0.695
[Ep  4100 | Step 1,968,000/2,000,000 | 316 sps] R=-1338.4 C=  17 Safe=97.29% SAI=0.336 Jain=1.000 PeakMF=0.693
[Ep  4150 | Step 1,992,000/2,000,000 | 316 sps] R=-1336.4 C=  14 Safe=97.50% SAI=0.337 Jain=1.000 PeakMF=0.695

============================================================
Training complete: 4167 episodes, 2,000,160 steps
Best reward: -1231.2
Wall time: 1.76 hours
Checkpoint: checkpoints/ablation_no_divergent/seed_4/checkpoint_final.pt
============================================================
2026-05-06 01:11:33 | hcmarl.utils | INFO | HIGH determinism: cudnn.deterministic=True, torch.use_deterministic_algorithms(True), matmul=highest, CUBLAS_WORKSPACE_CONFIG=:4096:8 (EXP3-Part-1-equivalent reproducibility)

[Ep  2950 | Step 1,416,000/2,000,000 | 316 sps] R=-1291.9 C=   9 Safe=98.33% SAI=0.336 Jain=1.000 PeakMF=0.697
[Ep  3000 | Step 1,440,000/2,000,000 | 316 sps] R=-1292.8 C=   5 Safe=99.17% SAI=0.337 Jain=1.000 PeakMF=0.695
[Ep  3050 | Step 1,464,000/2,000,000 | 316 sps] R=-1314.7 C=  13 Safe=97.92% SAI=0.336 Jain=1.000 PeakMF=0.695
[Ep  3100 | Step 1,488,000/2,000,000 | 316 sps] R=-1321.9 C=  18 Safe=96.88% SAI=0.336 Jain=1.000 PeakMF=0.695
[Ep  3150 | Step 1,512,000/2,000,000 | 316 sps] R=-1312.1 C=  17 Safe=96.67% SAI=0.336 Jain=1.000 PeakMF=0.697
[Ep  3200 | Step 1,536,000/2,000,000 | 316 sps] R=-1286.4 C=   4 Safe=99.17% SAI=0.336 Jain=1.000 PeakMF=0.696
[Ep  3250 | Step 1,560,000/2,000,000 | 316 sps] R=-1606.2 C=  72 Safe=91.67% SAI=0.336 Jain=1.000 PeakMF=0.695
[Ep  3300 | Step 1,584,000/2,000,000 | 316 sps] R=-1259.1 C=   1 Safe=99.79% SAI=0.337 Jain=1.000 PeakMF=0.696
[Ep  3350 | Step 1,608,000/2,000,000 | 316 sps] R=-1351.2 C=  24 Safe=97.08% SAI=0.336 Jain=1.000 PeakMF=0.696
[Ep  3400 | Step 1,632,000/2,000,000 | 316 sps] R=-1306.4 C=   8 Safe=98.96% SAI=0.337 Jain=1.000 PeakMF=0.695
[Ep  3450 | Step 1,656,000/2,000,000 | 316 sps] R=-1389.0 C=  33 Safe=94.58% SAI=0.336 Jain=1.000 PeakMF=0.696
[Ep  3500 | Step 1,680,000/2,000,000 | 316 sps] R=-1328.5 C=  11 Safe=98.54% SAI=0.337 Jain=1.000 PeakMF=0.696
[Ep  3550 | Step 1,704,000/2,000,000 | 316 sps] R=-1401.2 C=  34 Safe=95.62% SAI=0.336 Jain=1.000 PeakMF=0.694
[Ep  3600 | Step 1,728,000/2,000,000 | 316 sps] R=-1346.4 C=  16 Safe=98.12% SAI=0.337 Jain=1.000 PeakMF=0.693
[Ep  3650 | Step 1,752,000/2,000,000 | 316 sps] R=-1404.7 C=  39 Safe=94.38% SAI=0.337 Jain=1.000 PeakMF=0.696
[Ep  3700 | Step 1,776,000/2,000,000 | 316 sps] R=-1267.7 C=   3 Safe=99.58% SAI=0.337 Jain=1.000 PeakMF=0.694
[Ep  3750 | Step 1,800,000/2,000,000 | 316 sps] R=-1229.0 C=   1 Safe=99.79% SAI=0.336 Jain=1.000 PeakMF=0.696
[Ep  3800 | Step 1,824,000/2,000,000 | 315 sps] R=-1289.7 C=  13 Safe=97.29% SAI=0.336 Jain=1.000 PeakMF=0.697
[Ep  3850 | Step 1,848,000/2,000,000 | 315 sps] R=-1341.2 C=  25 Safe=95.83% SAI=0.336 Jain=1.000 PeakMF=0.697
[Ep  3900 | Step 1,872,000/2,000,000 | 316 sps] R=-1383.3 C=  32 Safe=94.79% SAI=0.336 Jain=1.000 PeakMF=0.696
[Ep  3950 | Step 1,896,000/2,000,000 | 316 sps] R=-1282.3 C=   3 Safe=99.38% SAI=0.337 Jain=1.000 PeakMF=0.695
[Ep  4000 | Step 1,920,000/2,000,000 | 316 sps] R=-1515.5 C=  57 Safe=92.92% SAI=0.337 Jain=1.000 PeakMF=0.695
[Ep  4050 | Step 1,944,000/2,000,000 | 316 sps] R=-1267.7 C=   6 Safe=98.75% SAI=0.337 Jain=1.000 PeakMF=0.694
[Ep  4100 | Step 1,968,000/2,000,000 | 316 sps] R=-1371.0 C=  32 Safe=94.38% SAI=0.336 Jain=1.000 PeakMF=0.697
[Ep  4150 | Step 1,992,000/2,000,000 | 316 sps] R=-1399.7 C=  38 Safe=92.50% SAI=0.336 Jain=1.000 PeakMF=0.697

============================================================
Training complete: 4167 episodes, 2,000,160 steps
Best reward: -1228.3
Wall time: 1.76 hours
Checkpoint: checkpoints/ablation_no_divergent/seed_5/checkpoint_final.pt
============================================================

[Ep  2900 | Step 1,392,000/2,000,000 | 316 sps] R=-1606.1 C=  73 Safe=90.21% SAI=0.336 Jain=1.000 PeakMF=0.695
[Ep  2950 | Step 1,416,000/2,000,000 | 316 sps] R=-1310.5 C=  13 Safe=97.50% SAI=0.337 Jain=1.000 PeakMF=0.695
[Ep  3000 | Step 1,440,000/2,000,000 | 316 sps] R=-1403.5 C=  34 Safe=95.42% SAI=0.336 Jain=1.000 PeakMF=0.694
[Ep  3050 | Step 1,464,000/2,000,000 | 316 sps] R=-1401.5 C=  34 Safe=94.38% SAI=0.336 Jain=1.000 PeakMF=0.695
[Ep  3100 | Step 1,488,000/2,000,000 | 316 sps] R=-1303.5 C=  11 Safe=97.71% SAI=0.337 Jain=1.000 PeakMF=0.695
[Ep  3150 | Step 1,512,000/2,000,000 | 316 sps] R=-1280.2 C=   9 Safe=98.12% SAI=0.336 Jain=1.000 PeakMF=0.695
[Ep  3200 | Step 1,536,000/2,000,000 | 316 sps] R=-1267.7 C=   6 Safe=98.96% SAI=0.337 Jain=1.000 PeakMF=0.696
[Ep  3250 | Step 1,560,000/2,000,000 | 316 sps] R=-1275.7 C=   4 Safe=99.17% SAI=0.337 Jain=1.000 PeakMF=0.697
[Ep  3300 | Step 1,584,000/2,000,000 | 316 sps] R=-1279.0 C=   8 Safe=98.54% SAI=0.336 Jain=1.000 PeakMF=0.696
[Ep  3350 | Step 1,608,000/2,000,000 | 316 sps] R=-1260.5 C=   6 Safe=99.17% SAI=0.336 Jain=1.000 PeakMF=0.696
[Ep  3400 | Step 1,632,000/2,000,000 | 316 sps] R=-1293.7 C=   5 Safe=98.96% SAI=0.337 Jain=1.000 PeakMF=0.695
[Ep  3450 | Step 1,656,000/2,000,000 | 316 sps] R=-1312.9 C=   5 Safe=99.17% SAI=0.337 Jain=1.000 PeakMF=0.692
[Ep  3500 | Step 1,680,000/2,000,000 | 316 sps] R=-1296.6 C=  11 Safe=98.12% SAI=0.336 Jain=1.000 PeakMF=0.695
[Ep  3550 | Step 1,704,000/2,000,000 | 316 sps] R=-1332.5 C=  17 Safe=96.46% SAI=0.337 Jain=1.000 PeakMF=0.696
[Ep  3600 | Step 1,728,000/2,000,000 | 316 sps] R=-1418.6 C=  36 Safe=95.00% SAI=0.336 Jain=1.000 PeakMF=0.693
[Ep  3650 | Step 1,752,000/2,000,000 | 316 sps] R=-1274.9 C=   6 Safe=98.96% SAI=0.337 Jain=1.000 PeakMF=0.695
[Ep  3700 | Step 1,776,000/2,000,000 | 316 sps] R=-1368.7 C=  23 Safe=96.88% SAI=0.337 Jain=1.000 PeakMF=0.694
[Ep  3750 | Step 1,800,000/2,000,000 | 316 sps] R=-1305.7 C=   2 Safe=99.58% SAI=0.337 Jain=1.000 PeakMF=0.690
[Ep  3800 | Step 1,824,000/2,000,000 | 316 sps] R=-1315.0 C=  18 Safe=97.08% SAI=0.336 Jain=1.000 PeakMF=0.694
[Ep  3850 | Step 1,848,000/2,000,000 | 316 sps] R=-1323.3 C=  20 Safe=97.08% SAI=0.336 Jain=1.000 PeakMF=0.695
[Ep  3900 | Step 1,872,000/2,000,000 | 316 sps] R=-1251.9 C=   4 Safe=99.58% SAI=0.336 Jain=1.000 PeakMF=0.696
[Ep  3950 | Step 1,896,000/2,000,000 | 316 sps] R=-1329.9 C=  17 Safe=97.29% SAI=0.337 Jain=1.000 PeakMF=0.695
[Ep  4000 | Step 1,920,000/2,000,000 | 316 sps] R=-1295.7 C=   3 Safe=99.38% SAI=0.337 Jain=1.000 PeakMF=0.693
[Ep  4050 | Step 1,944,000/2,000,000 | 316 sps] R=-1339.7 C=  26 Safe=96.25% SAI=0.337 Jain=1.000 PeakMF=0.696
[Ep  4100 | Step 1,968,000/2,000,000 | 316 sps] R=-1263.6 C=   5 Safe=98.96% SAI=0.337 Jain=1.000 PeakMF=0.693
[Ep  4150 | Step 1,992,000/2,000,000 | 316 sps] R=-1449.7 C=  51 Safe=90.83% SAI=0.336 Jain=1.000 PeakMF=0.697

============================================================
Training complete: 4167 episodes, 2,000,160 steps
Best reward: -1224.3
Wall time: 1.76 hours
Checkpoint: checkpoints/ablation_no_divergent/seed_7/checkpoint_final.pt
============================================================
2026-05-06 01:12:07 | hcmarl.utils | INFO | HIGH determinism: cudnn.deterministic=True, torch.use_deterministic_algorithms(True), matmul=highest, CUBLAS_WORKSPACE_CONFIG=:4096:8 (EXP3-Part-1-equivalent reproducibility)
2026-05-06 01:12:10 | hcmarl.utils | INFO | HIGH determinism: cudnn.deterministic=True, torch.use_deterministic_algorithms(True), matmul=highest, CUBLAS_WORKSPACE_CONFIG=:4096:8 (EXP3-Part-1-equivalent reproducibility)

[Ep  2900 | Step 1,392,000/2,000,000 | 316 sps] R=-1309.3 C=   4 Safe=99.17% SAI=0.337 Jain=1.000 PeakMF=0.695
[Ep  2950 | Step 1,416,000/2,000,000 | 316 sps] R=-1318.5 C=   9 Safe=98.33% SAI=0.337 Jain=1.000 PeakMF=0.696
[Ep  3000 | Step 1,440,000/2,000,000 | 316 sps] R=-1287.2 C=   5 Safe=98.96% SAI=0.337 Jain=1.000 PeakMF=0.696
[Ep  3050 | Step 1,464,000/2,000,000 | 316 sps] R=-1429.0 C=  41 Safe=95.83% SAI=0.336 Jain=1.000 PeakMF=0.694
[Ep  3100 | Step 1,488,000/2,000,000 | 316 sps] R=-1321.9 C=  18 Safe=96.46% SAI=0.336 Jain=1.000 PeakMF=0.695
[Ep  3150 | Step 1,512,000/2,000,000 | 316 sps] R=-1359.9 C=  23 Safe=96.46% SAI=0.337 Jain=1.000 PeakMF=0.696
[Ep  3200 | Step 1,536,000/2,000,000 | 316 sps] R=-1400.5 C=  31 Safe=95.62% SAI=0.337 Jain=1.000 PeakMF=0.695
[Ep  3250 | Step 1,560,000/2,000,000 | 316 sps] R=-1294.2 C=   7 Safe=98.96% SAI=0.337 Jain=1.000 PeakMF=0.695
[Ep  3300 | Step 1,584,000/2,000,000 | 316 sps] R=-1276.4 C=   7 Safe=98.75% SAI=0.336 Jain=1.000 PeakMF=0.695
[Ep  3350 | Step 1,608,000/2,000,000 | 316 sps] R=-1281.3 C=   4 Safe=99.17% SAI=0.336 Jain=1.000 PeakMF=0.695
[Ep  3400 | Step 1,632,000/2,000,000 | 316 sps] R=-1298.4 C=  12 Safe=98.12% SAI=0.337 Jain=1.000 PeakMF=0.695
[Ep  3450 | Step 1,656,000/2,000,000 | 316 sps] R=-1454.0 C=  49 Safe=92.29% SAI=0.336 Jain=1.000 PeakMF=0.697
[Ep  3500 | Step 1,680,000/2,000,000 | 316 sps] R=-1508.3 C=  57 Safe=93.54% SAI=0.336 Jain=1.000 PeakMF=0.693
[Ep  3550 | Step 1,704,000/2,000,000 | 316 sps] R=-1243.3 C=   4 Safe=99.17% SAI=0.336 Jain=1.000 PeakMF=0.697
[Ep  3600 | Step 1,728,000/2,000,000 | 316 sps] R=-1549.0 C=  68 Safe=87.50% SAI=0.336 Jain=1.000 PeakMF=0.697
[Ep  3650 | Step 1,752,000/2,000,000 | 316 sps] R=-1354.9 C=  22 Safe=96.04% SAI=0.337 Jain=1.000 PeakMF=0.693
[Ep  3700 | Step 1,776,000/2,000,000 | 316 sps] R=-1380.5 C=  30 Safe=96.04% SAI=0.336 Jain=1.000 PeakMF=0.692
[Ep  3750 | Step 1,800,000/2,000,000 | 316 sps] R=-1308.3 C=  17 Safe=97.29% SAI=0.337 Jain=1.000 PeakMF=0.695
[Ep  3800 | Step 1,824,000/2,000,000 | 316 sps] R=-1422.7 C=  37 Safe=94.79% SAI=0.336 Jain=1.000 PeakMF=0.694
[Ep  3850 | Step 1,848,000/2,000,000 | 316 sps] R=-1281.9 C=   7 Safe=98.54% SAI=0.336 Jain=1.000 PeakMF=0.694
[Ep  3900 | Step 1,872,000/2,000,000 | 316 sps] R=-1634.7 C=  88 Safe=87.08% SAI=0.336 Jain=1.000 PeakMF=0.696
[Ep  3950 | Step 1,896,000/2,000,000 | 316 sps] R=-1646.9 C=  83 Safe=89.58% SAI=0.336 Jain=1.000 PeakMF=0.693
[Ep  4000 | Step 1,920,000/2,000,000 | 316 sps] R=-1514.7 C=  58 Safe=92.71% SAI=0.336 Jain=1.000 PeakMF=0.695
[Ep  4050 | Step 1,944,000/2,000,000 | 316 sps] R=-1361.2 C=  29 Safe=95.62% SAI=0.336 Jain=1.000 PeakMF=0.697
[Ep  4100 | Step 1,968,000/2,000,000 | 316 sps] R=-1300.5 C=   9 Safe=98.33% SAI=0.337 Jain=1.000 PeakMF=0.693
[Ep  4150 | Step 1,992,000/2,000,000 | 316 sps] R=-1708.2 C= 101 Safe=83.54% SAI=0.336 Jain=1.000 PeakMF=0.697

============================================================
Training complete: 4167 episodes, 2,000,160 steps
Best reward: -1228.3
Wall time: 1.76 hours
Checkpoint: checkpoints/ablation_no_divergent/seed_9/checkpoint_final.pt
============================================================

[Ep  2950 | Step 1,416,000/2,000,000 | 315 sps] R=-1520.0 C=  62 Safe=87.71% SAI=0.336 Jain=1.000 PeakMF=0.697
[Ep  3000 | Step 1,440,000/2,000,000 | 315 sps] R=-1369.3 C=  29 Safe=96.25% SAI=0.336 Jain=1.000 PeakMF=0.697
[Ep  3050 | Step 1,464,000/2,000,000 | 315 sps] R=-1303.4 C=   7 Safe=98.96% SAI=0.337 Jain=1.000 PeakMF=0.695
[Ep  3100 | Step 1,488,000/2,000,000 | 315 sps] R=-1278.9 C=   5 Safe=98.96% SAI=0.337 Jain=1.000 PeakMF=0.696
[Ep  3150 | Step 1,512,000/2,000,000 | 315 sps] R=-1289.9 C=   9 Safe=98.12% SAI=0.336 Jain=1.000 PeakMF=0.696
[Ep  3200 | Step 1,536,000/2,000,000 | 315 sps] R=-1333.5 C=  12 Safe=97.92% SAI=0.337 Jain=1.000 PeakMF=0.695
[Ep  3250 | Step 1,560,000/2,000,000 | 315 sps] R=-1277.0 C=   5 Safe=98.96% SAI=0.337 Jain=1.000 PeakMF=0.696
[Ep  3300 | Step 1,584,000/2,000,000 | 315 sps] R=-1887.5 C= 140 Safe=80.42% SAI=0.336 Jain=1.000 PeakMF=0.697
[Ep  3350 | Step 1,608,000/2,000,000 | 315 sps] R=-1272.0 C=   4 Safe=99.17% SAI=0.337 Jain=1.000 PeakMF=0.695
[Ep  3400 | Step 1,632,000/2,000,000 | 315 sps] R=-1795.3 C= 123 Safe=87.29% SAI=0.336 Jain=1.000 PeakMF=0.696
[Ep  3450 | Step 1,656,000/2,000,000 | 315 sps] R=-1336.2 C=  24 Safe=95.00% SAI=0.337 Jain=1.000 PeakMF=0.698
[Ep  3500 | Step 1,680,000/2,000,000 | 315 sps] R=-1310.4 C=  23 Safe=95.42% SAI=0.336 Jain=1.000 PeakMF=0.697
[Ep  3550 | Step 1,704,000/2,000,000 | 315 sps] R=-1467.1 C=  50 Safe=91.04% SAI=0.336 Jain=1.000 PeakMF=0.697
[Ep  3600 | Step 1,728,000/2,000,000 | 315 sps] R=-1293.6 C=  11 Safe=98.12% SAI=0.337 Jain=1.000 PeakMF=0.696
[Ep  3650 | Step 1,752,000/2,000,000 | 315 sps] R=-1971.0 C= 155 Safe=79.17% SAI=0.336 Jain=1.000 PeakMF=0.697
[Ep  3700 | Step 1,776,000/2,000,000 | 315 sps] R=-1260.5 C=   6 Safe=98.75% SAI=0.336 Jain=1.000 PeakMF=0.696
[Ep  3750 | Step 1,800,000/2,000,000 | 315 sps] R=-1416.8 C=  43 Safe=93.12% SAI=0.336 Jain=1.000 PeakMF=0.697
[Ep  3800 | Step 1,824,000/2,000,000 | 315 sps] R=-1260.5 C=   6 Safe=98.96% SAI=0.336 Jain=1.000 PeakMF=0.694
[Ep  3850 | Step 1,848,000/2,000,000 | 315 sps] R=-1330.5 C=  20 Safe=96.67% SAI=0.337 Jain=1.000 PeakMF=0.694
[Ep  3900 | Step 1,872,000/2,000,000 | 315 sps] R=-1279.8 C=   1 Safe=99.79% SAI=0.337 Jain=1.000 PeakMF=0.695
[Ep  3950 | Step 1,896,000/2,000,000 | 315 sps] R=-1482.3 C=  57 Safe=91.25% SAI=0.336 Jain=1.000 PeakMF=0.697
[Ep  4000 | Step 1,920,000/2,000,000 | 315 sps] R=-1323.3 C=  20 Safe=96.25% SAI=0.337 Jain=1.000 PeakMF=0.694
[Ep  4050 | Step 1,944,000/2,000,000 | 315 sps] R=-1664.0 C=  91 Safe=88.33% SAI=0.336 Jain=1.000 PeakMF=0.695
[Ep  4100 | Step 1,968,000/2,000,000 | 315 sps] R=-1344.0 C=  27 Safe=95.00% SAI=0.336 Jain=1.000 PeakMF=0.696
[Ep  4150 | Step 1,992,000/2,000,000 | 315 sps] R=-1279.9 C=   7 Safe=98.96% SAI=0.337 Jain=1.000 PeakMF=0.694

============================================================
Training complete: 4167 episodes, 2,000,160 steps
Best reward: -1223.3
Wall time: 1.76 hours
Checkpoint: checkpoints/ablation_no_divergent/seed_6/checkpoint_final.pt
============================================================
2026-05-06 01:12:15 | hcmarl.utils | INFO | HIGH determinism: cudnn.deterministic=True, torch.use_deterministic_algorithms(True), matmul=highest, CUBLAS_WORKSPACE_CONFIG=:4096:8 (EXP3-Part-1-equivalent reproducibility)
2026-05-06 01:12:16 | hcmarl.utils | INFO | HIGH determinism: cudnn.deterministic=True, torch.use_deterministic_algorithms(True), matmul=highest, CUBLAS_WORKSPACE_CONFIG=:4096:8 (EXP3-Part-1-equivalent reproducibility)
2026-05-06 01:12:19 | hcmarl.utils | INFO | HIGH determinism: cudnn.deterministic=True, torch.use_deterministic_algorithms(True), matmul=highest, CUBLAS_WORKSPACE_CONFIG=:4096:8 (EXP3-Part-1-equivalent reproducibility)

[Ep  3000 | Step 1,440,000/2,000,000 | 314 sps] R=-1283.2 C=   4 Safe=99.17% SAI=0.340 Jain=1.000 PeakMF=0.889
[Ep  3050 | Step 1,464,000/2,000,000 | 314 sps] R=-1275.8 C=   3 Safe=99.38% SAI=0.340 Jain=1.000 PeakMF=0.893
[Ep  3100 | Step 1,488,000/2,000,000 | 314 sps] R=-1345.5 C=  20 Safe=96.25% SAI=0.340 Jain=1.000 PeakMF=0.893
[Ep  3150 | Step 1,512,000/2,000,000 | 314 sps] R=-1286.2 C=  11 Safe=97.71% SAI=0.340 Jain=1.000 PeakMF=0.886
[Ep  3200 | Step 1,536,000/2,000,000 | 314 sps] R=-1302.2 C=  11 Safe=98.12% SAI=0.340 Jain=1.000 PeakMF=0.885
[Ep  3250 | Step 1,560,000/2,000,000 | 314 sps] R=-1274.0 C=  10 Safe=98.54% SAI=0.340 Jain=1.000 PeakMF=0.894
[Ep  3300 | Step 1,584,000/2,000,000 | 314 sps] R=-1328.5 C=  11 Safe=97.92% SAI=0.341 Jain=1.000 PeakMF=0.885
[Ep  3350 | Step 1,608,000/2,000,000 | 314 sps] R=-1309.2 C=  10 Safe=98.12% SAI=0.340 Jain=1.000 PeakMF=0.889
[Ep  3400 | Step 1,632,000/2,000,000 | 314 sps] R=-1595.0 C=  77 Safe=85.62% SAI=0.340 Jain=1.000 PeakMF=0.890
[Ep  3450 | Step 1,656,000/2,000,000 | 314 sps] R=-1319.9 C=  15 Safe=96.88% SAI=0.340 Jain=1.000 PeakMF=0.886
[Ep  3500 | Step 1,680,000/2,000,000 | 314 sps] R=-1313.0 C=   9 Safe=98.33% SAI=0.340 Jain=1.000 PeakMF=0.881
[Ep  3550 | Step 1,704,000/2,000,000 | 314 sps] R=-1264.9 C=   4 Safe=99.17% SAI=0.340 Jain=1.000 PeakMF=0.891
[Ep  3600 | Step 1,728,000/2,000,000 | 314 sps] R=-1599.0 C=  78 Safe=85.83% SAI=0.340 Jain=1.000 PeakMF=0.894
[Ep  3650 | Step 1,752,000/2,000,000 | 314 sps] R=-1288.9 C=   7 Safe=98.75% SAI=0.340 Jain=1.000 PeakMF=0.888
[Ep  3700 | Step 1,776,000/2,000,000 | 314 sps] R=-1269.9 C=   5 Safe=98.96% SAI=0.340 Jain=1.000 PeakMF=0.890
[Ep  3750 | Step 1,800,000/2,000,000 | 315 sps] R=-1322.0 C=  14 Safe=97.71% SAI=0.341 Jain=1.000 PeakMF=0.882
[Ep  3800 | Step 1,824,000/2,000,000 | 315 sps] R=-1280.5 C=  10 Safe=97.92% SAI=0.340 Jain=1.000 PeakMF=0.882
[Ep  3850 | Step 1,848,000/2,000,000 | 315 sps] R=-1580.0 C=  74 Safe=89.58% SAI=0.340 Jain=1.000 PeakMF=0.891
[Ep  3900 | Step 1,872,000/2,000,000 | 315 sps] R=-1373.3 C=  30 Safe=95.21% SAI=0.340 Jain=1.000 PeakMF=0.887
[Ep  3950 | Step 1,896,000/2,000,000 | 315 sps] R=-1681.2 C=  93 Safe=87.92% SAI=0.340 Jain=1.000 PeakMF=0.889
[Ep  4000 | Step 1,920,000/2,000,000 | 315 sps] R=-1343.3 C=  24 Safe=95.83% SAI=0.340 Jain=1.000 PeakMF=0.884
[Ep  4050 | Step 1,944,000/2,000,000 | 315 sps] R=-1357.0 C=  21 Safe=96.88% SAI=0.340 Jain=1.000 PeakMF=0.887
[Ep  4100 | Step 1,968,000/2,000,000 | 315 sps] R=-1358.1 C=  28 Safe=95.21% SAI=0.340 Jain=1.000 PeakMF=0.893
[Ep  4150 | Step 1,992,000/2,000,000 | 315 sps] R=-1255.5 C=   5 Safe=99.17% SAI=0.340 Jain=1.000 PeakMF=0.888

============================================================
Training complete: 4167 episodes, 2,000,160 steps
Best reward: -1241.2
Wall time: 1.76 hours
Checkpoint: checkpoints/ablation_no_divergent/seed_8/checkpoint_final.pt
============================================================
2026-05-06 01:12:25 | hcmarl.utils | INFO | HIGH determinism: cudnn.deterministic=True, torch.use_deterministic_algorithms(True), matmul=highest, CUBLAS_WORKSPACE_CONFIG=:4096:8 (EXP3-Part-1-equivalent reproducibility)
2026-05-06 01:12:54 | hcmarl.utils | INFO | HIGH determinism: cudnn.deterministic=True, torch.use_deterministic_algorithms(True), matmul=highest, CUBLAS_WORKSPACE_CONFIG=:4096:8 (EXP3-Part-1-equivalent reproducibility)
2026-05-06 01:12:57 | hcmarl.utils | INFO | HIGH determinism: cudnn.deterministic=True, torch.use_deterministic_algorithms(True), matmul=highest, CUBLAS_WORKSPACE_CONFIG=:4096:8 (EXP3-Part-1-equivalent reproducibility)
2026-05-06 01:13:02 | hcmarl.utils | INFO | HIGH determinism: cudnn.deterministic=True, torch.use_deterministic_algorithms(True), matmul=highest, CUBLAS_WORKSPACE_CONFIG=:4096:8 (EXP3-Part-1-equivalent reproducibility)
2026-05-06 01:13:03 | hcmarl.utils | INFO | HIGH determinism: cudnn.deterministic=True, torch.use_deterministic_algorithms(True), matmul=highest, CUBLAS_WORKSPACE_CONFIG=:4096:8 (EXP3-Part-1-equivalent reproducibility)
2026-05-06 01:13:12 | hcmarl.utils | INFO | HIGH determinism: cudnn.deterministic=True, torch.use_deterministic_algorithms(True), matmul=highest, CUBLAS_WORKSPACE_CONFIG=:4096:8 (EXP3-Part-1-equivalent reproducibility)
Using device: cuda
Path G: loading pre-computed profiles from /root/hcmarl_project/config/pathg_profiles.json
Generating demonstrations from calibrated profiles (Eq 35 controller)...
  Generated 102 demonstrations from 34 workers
  HELDOUT_NLL model selection for K:
    K=1: heldout_nll=2941153.0000
    K=2: heldout_nll=103576.7109
    K=3: heldout_nll=31234.4648
    K=4: heldout_nll=160294521274368.0000
    K=5: heldout_nll=6630.3862
  Selected K=5 (lowest heldout_nll=6630.3862)

--- MMICRL Type Discovery Results ---
  Demonstrations: 102
  Types discovered: 5
  Type proportions: ['0.32', '0.25', '0.09', '0.09', '0.25']
  Mutual information I(tau;z): 0.0000
  Objective value: 0.0000
  Learned thresholds per type (raw):
    Type 0: {shoulder: 0.184}
    Type 1: {shoulder: 0.311}
    Type 2: {shoulder: 0.161}
    Type 3: {shoulder: 0.197}
    Type 4: {shoulder: 0.255}
  WARNING: MI (0.0000) < 0.01 -- latent types are behaviorally indistinguishable on this demo set. Effective per-worker theta will fall back to config floors (no MMICRL contribution). Consider multi-muscle demos or lambda1 tuning to restore discrimination.
  Results saved to logs/ablation_no_reperfusion/seed_3/mmicrl/mmicrl_results.json
Using MMICRL-learned thresholds for 6 workers (5 types, rescaled into [floor,1]; floors: {'shoulder': 0.7, 'ankle': 0.8, 'knee': 0.6, 'elbow': 0.45, 'trunk': 0.65, 'grip': 0.45})
  Effective per-worker theta_max: {'worker_0': {'shoulder': 0.7}, 'worker_1': {'shoulder': 0.7}, 'worker_2': {'shoulder': 0.7}, 'worker_3': {'shoulder': 0.7}, 'worker_4': {'shoulder': 0.7}, 'worker_5': {'shoulder': 0.7}}
============================================================
HC-MARL Training: HC-MARL (MAPPO + ECBF + NSWF)
Seed: 3 | Device: cuda | Workers: 6
Total steps: 2,000,000 | Eval every: 50,000
Checkpoint dir: checkpoints/ablation_no_reperfusion/seed_3
============================================================
[Ep    50 | Step    24,000/2,000,000 | 316 sps] R=-43355.0 C=2211 Safe=22.29% SAI=0.411 Jain=1.000 PeakMF=0.774
[Ep   100 | Step    48,000/2,000,000 | 315 sps] R=-46145.8 C=2238 Safe=21.88% SAI=0.398 Jain=1.000 PeakMF=0.777
[Ep   150 | Step    72,000/2,000,000 | 315 sps] R=-46651.9 C=2241 Safe=21.88% SAI=0.411 Jain=1.000 PeakMF=0.776
[Ep   200 | Step    96,000/2,000,000 | 315 sps] R=-42886.9 C=2169 Safe=23.96% SAI=0.413 Jain=1.000 PeakMF=0.772
[Ep   250 | Step   120,000/2,000,000 | 315 sps] R=-44890.8 C=2181 Safe=22.08% SAI=0.415 Jain=0.999 PeakMF=0.766
[Ep   300 | Step   144,000/2,000,000 | 314 sps] R=-44910.8 C=2179 Safe=23.12% SAI=0.398 Jain=1.000 PeakMF=0.776
[Ep   350 | Step   168,000/2,000,000 | 314 sps] R=-45836.4 C=2233 Safe=22.29% SAI=0.400 Jain=1.000 PeakMF=0.780
[Ep   400 | Step   192,000/2,000,000 | 314 sps] R=-46849.3 C=2222 Safe=22.29% SAI=0.400 Jain=1.000 PeakMF=0.781
[Ep   450 | Step   216,000/2,000,000 | 314 sps] R=-45909.2 C=2236 Safe=21.88% SAI=0.424 Jain=1.000 PeakMF=0.773
[Ep   500 | Step   240,000/2,000,000 | 314 sps] R=-43795.7 C=2212 Safe=22.50% SAI=0.408 Jain=1.000 PeakMF=0.782
[Ep   550 | Step   264,000/2,000,000 | 314 sps] R=-44950.3 C=2213 Safe=21.67% SAI=0.409 Jain=1.000 PeakMF=0.769
[Ep   600 | Step   288,000/2,000,000 | 314 sps] R=-44386.7 C=2217 Safe=22.29% SAI=0.405 Jain=1.000 PeakMF=0.775
[Ep   650 | Step   312,000/2,000,000 | 314 sps] R=-46554.4 C=2241 Safe=21.67% SAI=0.398 Jain=1.000 PeakMF=0.777
[Ep   700 | Step   336,000/2,000,000 | 314 sps] R=-46103.3 C=2226 Safe=22.08% SAI=0.393 Jain=1.000 PeakMF=0.778
[Ep   750 | Step   360,000/2,000,000 | 314 sps] R=-47557.1 C=2235 Safe=21.88% SAI=0.400 Jain=1.000 PeakMF=0.777
[Ep   800 | Step   384,000/2,000,000 | 314 sps] R=-44977.9 C=2235 Safe=21.67% SAI=0.411 Jain=1.000 PeakMF=0.771
[Ep   850 | Step   408,000/2,000,000 | 314 sps] R=-48591.4 C=2249 Safe=21.46% SAI=0.417 Jain=1.000 PeakMF=0.784
[Ep   900 | Step   432,000/2,000,000 | 314 sps] R=-42905.0 C=2174 Safe=22.92% SAI=0.416 Jain=1.000 PeakMF=0.783
[Ep   950 | Step   456,000/2,000,000 | 314 sps] R=-48320.4 C=2227 Safe=22.08% SAI=0.382 Jain=1.000 PeakMF=0.787
[Ep  1000 | Step   480,000/2,000,000 | 314 sps] R=-45339.8 C=2242 Safe=21.67% SAI=0.400 Jain=1.000 PeakMF=0.788
[Ep  1050 | Step   504,000/2,000,000 | 314 sps] R=-44432.1 C=2187 Safe=22.29% SAI=0.405 Jain=1.000 PeakMF=0.785
[Ep  1100 | Step   528,000/2,000,000 | 314 sps] R=-46524.2 C=2156 Safe=24.17% SAI=0.416 Jain=1.000 PeakMF=0.786
[Ep  1150 | Step   552,000/2,000,000 | 314 sps] R=-47725.9 C=2223 Safe=22.29% SAI=0.382 Jain=1.000 PeakMF=0.790
[Ep  1200 | Step   576,000/2,000,000 | 314 sps] R=-45184.8 C=2169 Safe=23.96% SAI=0.403 Jain=1.000 PeakMF=0.788
[Ep  1250 | Step   600,000/2,000,000 | 314 sps] R=-44917.9 C=2212 Safe=22.29% SAI=0.398 Jain=1.000 PeakMF=0.790
[Ep  1300 | Step   624,000/2,000,000 | 314 sps] R=-44350.6 C=2171 Safe=23.54% SAI=0.416 Jain=1.000 PeakMF=0.789
[Ep  1350 | Step   648,000/2,000,000 | 314 sps] R=-44804.9 C=2189 Safe=22.71% SAI=0.380 Jain=1.000 PeakMF=0.791
[Ep  1400 | Step   672,000/2,000,000 | 314 sps] R=-42717.9 C=2188 Safe=23.12% SAI=0.370 Jain=1.000 PeakMF=0.792
[Ep  1450 | Step   696,000/2,000,000 | 314 sps] R=-40632.8 C=2150 Safe=24.58% SAI=0.392 Jain=1.000 PeakMF=0.791
[Ep  1500 | Step   720,000/2,000,000 | 314 sps] R=-43910.1 C=2136 Safe=25.21% SAI=0.382 Jain=1.000 PeakMF=0.792
[Ep  1550 | Step   744,000/2,000,000 | 314 sps] R=-45148.2 C=2135 Safe=25.42% SAI=0.380 Jain=1.000 PeakMF=0.792
[Ep  1600 | Step   768,000/2,000,000 | 314 sps] R=-46412.1 C=2181 Safe=23.54% SAI=0.372 Jain=1.000 PeakMF=0.792
[Ep  1650 | Step   792,000/2,000,000 | 314 sps] R=-46518.8 C=2256 Safe=21.25% SAI=0.361 Jain=1.000 PeakMF=0.792
[Ep  1700 | Step   816,000/2,000,000 | 314 sps] R=-46040.0 C=2230 Safe=21.88% SAI=0.370 Jain=1.000 PeakMF=0.792
[Ep  1750 | Step   840,000/2,000,000 | 314 sps] R=-45523.5 C=2202 Safe=22.29% SAI=0.370 Jain=1.000 PeakMF=0.792
[Ep  1800 | Step   864,000/2,000,000 | 314 sps] R=-46928.0 C=2243 Safe=21.88% SAI=0.358 Jain=0.999 PeakMF=0.792
[Ep  1850 | Step   888,000/2,000,000 | 314 sps] R=-45559.5 C=2234 Safe=21.88% SAI=0.377 Jain=1.000 PeakMF=0.792
[Ep  1900 | Step   912,000/2,000,000 | 314 sps] R=-45548.0 C=2202 Safe=22.08% SAI=0.367 Jain=1.000 PeakMF=0.792
[Ep  1950 | Step   936,000/2,000,000 | 314 sps] R=-42464.0 C=2176 Safe=23.54% SAI=0.381 Jain=1.000 PeakMF=0.792
[Ep  2000 | Step   960,000/2,000,000 | 314 sps] R=-45684.1 C=2249 Safe=21.88% SAI=0.362 Jain=1.000 PeakMF=0.792
[Ep  2050 | Step   984,000/2,000,000 | 314 sps] R=-45071.2 C=2237 Safe=21.67% SAI=0.359 Jain=1.000 PeakMF=0.792
[Ep  2100 | Step 1,008,000/2,000,000 | 314 sps] R=-44375.0 C=2237 Safe=21.88% SAI=0.353 Jain=1.000 PeakMF=0.792
[Ep  2150 | Step 1,032,000/2,000,000 | 314 sps] R=-44111.0 C=2195 Safe=22.29% SAI=0.366 Jain=1.000 PeakMF=0.792
[Ep  2200 | Step 1,056,000/2,000,000 | 314 sps] R=-43761.3 C=2159 Safe=24.58% SAI=0.372 Jain=1.000 PeakMF=0.792
[Ep  2250 | Step 1,080,000/2,000,000 | 314 sps] R=-46008.2 C=2241 Safe=21.67% SAI=0.360 Jain=1.000 PeakMF=0.792
[Ep  2300 | Step 1,104,000/2,000,000 | 314 sps] R=-43139.4 C=2165 Safe=23.75% SAI=0.402 Jain=1.000 PeakMF=0.792
[Ep  2350 | Step 1,128,000/2,000,000 | 314 sps] R=-41597.9 C=2146 Safe=25.00% SAI=0.404 Jain=1.000 PeakMF=0.792
[Ep  2400 | Step 1,152,000/2,000,000 | 314 sps] R=-38468.2 C=2161 Safe=24.79% SAI=0.409 Jain=1.000 PeakMF=0.792
[Ep  2450 | Step 1,176,000/2,000,000 | 314 sps] R=-39717.3 C=2153 Safe=25.00% SAI=0.393 Jain=1.000 PeakMF=0.792
[Ep  2500 | Step 1,200,000/2,000,000 | 314 sps] R=-40942.0 C=2157 Safe=24.79% SAI=0.377 Jain=1.000 PeakMF=0.792
[Ep  2550 | Step 1,224,000/2,000,000 | 314 sps] R=-43331.6 C=2185 Safe=23.33% SAI=0.373 Jain=1.000 PeakMF=0.792
[Ep  2600 | Step 1,248,000/2,000,000 | 314 sps] R=-40307.9 C=2158 Safe=24.58% SAI=0.391 Jain=1.000 PeakMF=0.792
[Ep  2650 | Step 1,272,000/2,000,000 | 314 sps] R=-42240.1 C=2160 Safe=24.58% SAI=0.371 Jain=1.000 PeakMF=0.792
[Ep  2700 | Step 1,296,000/2,000,000 | 314 sps] R=-35870.0 C=2151 Safe=25.00% SAI=0.430 Jain=1.000 PeakMF=0.792
[Ep  2750 | Step 1,320,000/2,000,000 | 314 sps] R=-40489.3 C=2158 Safe=25.00% SAI=0.402 Jain=1.000 PeakMF=0.792
[Ep  2800 | Step 1,344,000/2,000,000 | 314 sps] R=-36221.6 C=2159 Safe=24.79% SAI=0.429 Jain=1.000 PeakMF=0.792Using device: cuda
Path G: loading pre-computed profiles from /root/hcmarl_project/config/pathg_profiles.json
Generating demonstrations from calibrated profiles (Eq 35 controller)...
  Generated 102 demonstrations from 34 workers
  HELDOUT_NLL model selection for K:
    K=1: heldout_nll=1881107.8750
    K=2: heldout_nll=40768.6328
    K=3: heldout_nll=15921.8301
    K=4: heldout_nll=7526.2051
    K=5: heldout_nll=2008208768.0000
  Selected K=4 (lowest heldout_nll=7526.2051)

--- MMICRL Type Discovery Results ---
  Demonstrations: 102
  Types discovered: 4
  Type proportions: ['0.44', '0.13', '0.08', '0.35']
  Mutual information I(tau;z): 0.0000
  Objective value: 0.0000
  Learned thresholds per type (raw):
    Type 0: {shoulder: 0.229}
    Type 1: {shoulder: 0.308}
    Type 2: {shoulder: 0.322}
    Type 3: {shoulder: 0.195}
  WARNING: MI (0.0000) < 0.01 -- latent types are behaviorally indistinguishable on this demo set. Effective per-worker theta will fall back to config floors (no MMICRL contribution). Consider multi-muscle demos or lambda1 tuning to restore discrimination.
  Results saved to logs/ablation_no_reperfusion/seed_1/mmicrl/mmicrl_results.json
Using MMICRL-learned thresholds for 6 workers (4 types, rescaled into [floor,1]; floors: {'shoulder': 0.7, 'ankle': 0.8, 'knee': 0.6, 'elbow': 0.45, 'trunk': 0.65, 'grip': 0.45})
  Effective per-worker theta_max: {'worker_0': {'shoulder': 0.7}, 'worker_1': {'shoulder': 0.7}, 'worker_2': {'shoulder': 0.7}, 'worker_3': {'shoulder': 0.7}, 'worker_4': {'shoulder': 0.7}, 'worker_5': {'shoulder': 0.7}}
============================================================
HC-MARL Training: HC-MARL (MAPPO + ECBF + NSWF)
Seed: 1 | Device: cuda | Workers: 6
Total steps: 2,000,000 | Eval every: 50,000
Checkpoint dir: checkpoints/ablation_no_reperfusion/seed_1
============================================================
[Ep    50 | Step    24,000/2,000,000 | 332 sps] R=-45117.7 C=2208 Safe=22.29% SAI=0.411 Jain=1.000 PeakMF=0.773
[Ep   100 | Step    48,000/2,000,000 | 322 sps] R=-42678.6 C=2181 Safe=22.29% SAI=0.420 Jain=0.999 PeakMF=0.770
[Ep   150 | Step    72,000/2,000,000 | 319 sps] R=-44378.3 C=2203 Safe=21.88% SAI=0.396 Jain=1.000 PeakMF=0.776
[Ep   200 | Step    96,000/2,000,000 | 318 sps] R=-45362.8 C=2222 Safe=21.88% SAI=0.393 Jain=1.000 PeakMF=0.772
[Ep   250 | Step   120,000/2,000,000 | 317 sps] R=-46323.5 C=2227 Safe=22.29% SAI=0.392 Jain=1.000 PeakMF=0.775
[Ep   300 | Step   144,000/2,000,000 | 316 sps] R=-47105.0 C=2223 Safe=21.46% SAI=0.409 Jain=1.000 PeakMF=0.777
[Ep   350 | Step   168,000/2,000,000 | 316 sps] R=-46723.8 C=2252 Safe=21.25% SAI=0.409 Jain=1.000 PeakMF=0.770
[Ep   400 | Step   192,000/2,000,000 | 316 sps] R=-45517.9 C=2224 Safe=21.88% SAI=0.402 Jain=1.000 PeakMF=0.775
[Ep   450 | Step   216,000/2,000,000 | 316 sps] R=-42369.1 C=2170 Safe=22.71% SAI=0.415 Jain=1.000 PeakMF=0.780
[Ep   500 | Step   240,000/2,000,000 | 316 sps] R=-42907.7 C=2203 Safe=22.29% SAI=0.412 Jain=1.000 PeakMF=0.770
[Ep   550 | Step   264,000/2,000,000 | 316 sps] R=-44389.5 C=2208 Safe=22.71% SAI=0.409 Jain=1.000 PeakMF=0.777
[Ep   600 | Step   288,000/2,000,000 | 316 sps] R=-45997.0 C=2227 Safe=21.88% SAI=0.400 Jain=1.000 PeakMF=0.773
[Ep   650 | Step   312,000/2,000,000 | 315 sps] R=-45483.1 C=2186 Safe=22.92% SAI=0.403 Jain=1.000 PeakMF=0.777
[Ep   700 | Step   336,000/2,000,000 | 315 sps] R=-45845.3 C=2219 Safe=21.88% SAI=0.400 Jain=0.999 PeakMF=0.783
[Ep   750 | Step   360,000/2,000,000 | 315 sps] R=-45290.7 C=2205 Safe=22.50% SAI=0.394 Jain=1.000 PeakMF=0.779
[Ep   800 | Step   384,000/2,000,000 | 315 sps] R=-43934.6 C=2178 Safe=22.50% SAI=0.413 Jain=1.000 PeakMF=0.785
[Ep   850 | Step   408,000/2,000,000 | 315 sps] R=-45406.7 C=2203 Safe=22.08% SAI=0.402 Jain=1.000 PeakMF=0.782
[Ep   900 | Step   432,000/2,000,000 | 315 sps] R=-42611.6 C=2171 Safe=23.75% SAI=0.412 Jain=1.000 PeakMF=0.780
[Ep   950 | Step   456,000/2,000,000 | 315 sps] R=-42842.2 C=2174 Safe=23.33% SAI=0.400 Jain=1.000 PeakMF=0.780
[Ep  1000 | Step   480,000/2,000,000 | 315 sps] R=-41780.2 C=2157 Safe=23.96% SAI=0.415 Jain=1.000 PeakMF=0.780
[Ep  1050 | Step   504,000/2,000,000 | 315 sps] R=-40261.1 C=2113 Safe=25.62% SAI=0.435 Jain=1.000 PeakMF=0.779
[Ep  1100 | Step   528,000/2,000,000 | 315 sps] R=-45218.6 C=2189 Safe=22.50% SAI=0.397 Jain=1.000 PeakMF=0.787
[Ep  1150 | Step   552,000/2,000,000 | 315 sps] R=-46505.4 C=2205 Safe=21.88% SAI=0.378 Jain=1.000 PeakMF=0.789
[Ep  1200 | Step   576,000/2,000,000 | 315 sps] R=-45990.0 C=2250 Safe=21.67% SAI=0.389 Jain=1.000 PeakMF=0.791
[Ep  1250 | Step   600,000/2,000,000 | 315 sps] R=-43830.6 C=2167 Safe=22.71% SAI=0.396 Jain=1.000 PeakMF=0.788
[Ep  1300 | Step   624,000/2,000,000 | 315 sps] R=-44045.6 C=2174 Safe=22.92% SAI=0.383 Jain=1.000 PeakMF=0.790
[Ep  1350 | Step   648,000/2,000,000 | 315 sps] R=-38423.3 C=2140 Safe=25.42% SAI=0.427 Jain=1.000 PeakMF=0.792
[Ep  1400 | Step   672,000/2,000,000 | 315 sps] R=-42458.6 C=2143 Safe=24.58% SAI=0.409 Jain=1.000 PeakMF=0.791
[Ep  1450 | Step   696,000/2,000,000 | 315 sps] R=-40393.3 C=2158 Safe=24.17% SAI=0.394 Jain=1.000 PeakMF=0.791
[Ep  1500 | Step   720,000/2,000,000 | 315 sps] R=-43055.1 C=2200 Safe=22.71% SAI=0.386 Jain=1.000 PeakMF=0.791
[Ep  1550 | Step   744,000/2,000,000 | 315 sps] R=-45627.1 C=2228 Safe=22.08% SAI=0.386 Jain=1.000 PeakMF=0.792
[Ep  1600 | Step   768,000/2,000,000 | 315 sps] R=-40336.2 C=2163 Safe=24.17% SAI=0.375 Jain=1.000 PeakMF=0.792
[Ep  1650 | Step   792,000/2,000,000 | 315 sps] R=-42516.9 C=2160 Safe=24.79% SAI=0.388 Jain=1.000 PeakMF=0.792
[Ep  1700 | Step   816,000/2,000,000 | 315 sps] R=-39898.6 C=2146 Safe=24.79% SAI=0.383 Jain=1.000 PeakMF=0.792
[Ep  1750 | Step   840,000/2,000,000 | 315 sps] R=-45473.2 C=2225 Safe=22.08% SAI=0.366 Jain=1.000 PeakMF=0.792
[Ep  1800 | Step   864,000/2,000,000 | 315 sps] R=-44191.1 C=2201 Safe=21.88% SAI=0.376 Jain=1.000 PeakMF=0.792
[Ep  1850 | Step   888,000/2,000,000 | 315 sps] R=-41524.2 C=2164 Safe=24.58% SAI=0.372 Jain=1.000 PeakMF=0.792
[Ep  1900 | Step   912,000/2,000,000 | 315 sps] R=-43832.3 C=2174 Safe=23.75% SAI=0.364 Jain=1.000 PeakMF=0.792
[Ep  1950 | Step   936,000/2,000,000 | 315 sps] R=-44447.2 C=2187 Safe=22.92% SAI=0.365 Jain=1.000 PeakMF=0.792
[Ep  2000 | Step   960,000/2,000,000 | 315 sps] R=-46108.6 C=2238 Safe=21.88% SAI=0.368 Jain=1.000 PeakMF=0.792
[Ep  2050 | Step   984,000/2,000,000 | 315 sps] R=-43030.7 C=2201 Safe=22.50% SAI=0.372 Jain=1.000 PeakMF=0.792
[Ep  2100 | Step 1,008,000/2,000,000 | 315 sps] R=-45379.3 C=2213 Safe=21.67% SAI=0.363 Jain=1.000 PeakMF=0.792
[Ep  2150 | Step 1,032,000/2,000,000 | 315 sps] R=-39346.1 C=2156 Safe=24.58% SAI=0.400 Jain=1.000 PeakMF=0.792
[Ep  2200 | Step 1,056,000/2,000,000 | 315 sps] R=-36618.5 C=2164 Safe=24.79% SAI=0.416 Jain=1.000 PeakMF=0.792
[Ep  2250 | Step 1,080,000/2,000,000 | 315 sps] R=-36872.8 C=2155 Safe=25.00% SAI=0.433 Jain=1.000 PeakMF=0.792
[Ep  2300 | Step 1,104,000/2,000,000 | 315 sps] R=-39638.9 C=2150 Safe=24.79% SAI=0.394 Jain=1.000 PeakMF=0.792
[Ep  2350 | Step 1,128,000/2,000,000 | 315 sps] R=-40398.5 C=2146 Safe=25.21% SAI=0.382 Jain=1.000 PeakMF=0.792
[Ep  2400 | Step 1,152,000/2,000,000 | 315 sps] R=-37883.3 C=2152 Safe=25.21% SAI=0.407 Jain=1.000 PeakMF=0.792
[Ep  2450 | Step 1,176,000/2,000,000 | 315 sps] R=-37147.9 C=2154 Safe=25.00% SAI=0.423 Jain=1.000 PeakMF=0.792
[Ep  2500 | Step 1,200,000/2,000,000 | 315 sps] R=-44987.8 C=2188 Safe=22.92% SAI=0.359 Jain=1.000 PeakMF=0.792
[Ep  2550 | Step 1,224,000/2,000,000 | 314 sps] R=-38609.0 C=2150 Safe=25.00% SAI=0.403 Jain=1.000 PeakMF=0.792
[Ep  2600 | Step 1,248,000/2,000,000 | 314 sps] R=-38758.5 C=2139 Safe=25.62% SAI=0.389 Jain=1.000 PeakMF=0.792
[Ep  2650 | Step 1,272,000/2,000,000 | 314 sps] R=-38270.4 C=2155 Safe=25.00% SAI=0.405 Jain=1.000 PeakMF=0.792
[Ep  2700 | Step 1,296,000/2,000,000 | 314 sps] R=-39008.1 C=2161 Safe=24.58% SAI=0.388 Jain=1.000 PeakMF=0.792
[Ep  2750 | Step 1,320,000/2,000,000 | 314 sps] R=-35420.9 C=2149 Safe=25.21% SAI=0.438 Jain=1.000 PeakMF=0.792
[Ep  2800 | Step 1,344,000/2,000,000 | 314 sps] R=-44374.3 C=2160 Safe=24.38% SAI=0.361 Jain=1.000 PeakMF=0.792
[Ep  2850 | Step 1,368,000/2,000,000 | 314 sps] R=-36909.9 C=2160 Safe=24.79% SAI=0.418 Jain=1.000 PeakMF=0.792Using device: cuda
Path G: loading pre-computed profiles from /root/hcmarl_project/config/pathg_profiles.json
Generating demonstrations from calibrated profiles (Eq 35 controller)...
  Generated 102 demonstrations from 34 workers
  HELDOUT_NLL model selection for K:
    K=1: heldout_nll=1368.5785
    K=2: heldout_nll=-23.0500
    K=3: heldout_nll=8638.0996
    K=4: heldout_nll=176041.8125
    K=5: heldout_nll=-25.8494
  Selected K=5 (lowest heldout_nll=-25.8494)

--- MMICRL Type Discovery Results ---
  Demonstrations: 102
  Types discovered: 5
  Type proportions: ['0.32', '0.25', '0.09', '0.09', '0.25']
  Mutual information I(tau;z): 0.0000
  Objective value: 0.0000
  Learned thresholds per type (raw):
    Type 0: {shoulder: 0.184}
    Type 1: {shoulder: 0.311}
    Type 2: {shoulder: 0.161}
    Type 3: {shoulder: 0.197}
    Type 4: {shoulder: 0.255}
  WARNING: MI (0.0000) < 0.01 -- latent types are behaviorally indistinguishable on this demo set. Effective per-worker theta will fall back to config floors (no MMICRL contribution). Consider multi-muscle demos or lambda1 tuning to restore discrimination.
  Results saved to logs/ablation_no_reperfusion/seed_4/mmicrl/mmicrl_results.json
Using MMICRL-learned thresholds for 6 workers (5 types, rescaled into [floor,1]; floors: {'shoulder': 0.7, 'ankle': 0.8, 'knee': 0.6, 'elbow': 0.45, 'trunk': 0.65, 'grip': 0.45})
  Effective per-worker theta_max: {'worker_0': {'shoulder': 0.7}, 'worker_1': {'shoulder': 0.7}, 'worker_2': {'shoulder': 0.7}, 'worker_3': {'shoulder': 0.7}, 'worker_4': {'shoulder': 0.7}, 'worker_5': {'shoulder': 0.7}}
============================================================
HC-MARL Training: HC-MARL (MAPPO + ECBF + NSWF)
Seed: 4 | Device: cuda | Workers: 6
Total steps: 2,000,000 | Eval every: 50,000
Checkpoint dir: checkpoints/ablation_no_reperfusion/seed_4
============================================================
[Ep    50 | Step    24,000/2,000,000 | 318 sps] R=-41935.5 C=2191 Safe=21.88% SAI=0.417 Jain=1.000 PeakMF=0.767
[Ep   100 | Step    48,000/2,000,000 | 316 sps] R=-43767.5 C=2216 Safe=22.08% SAI=0.411 Jain=1.000 PeakMF=0.777
[Ep   150 | Step    72,000/2,000,000 | 316 sps] R=-40761.3 C=2183 Safe=22.92% SAI=0.424 Jain=1.000 PeakMF=0.774
[Ep   200 | Step    96,000/2,000,000 | 315 sps] R=-43501.2 C=2189 Safe=22.71% SAI=0.416 Jain=1.000 PeakMF=0.767
[Ep   250 | Step   120,000/2,000,000 | 315 sps] R=-41875.5 C=2166 Safe=23.75% SAI=0.406 Jain=1.000 PeakMF=0.777
[Ep   300 | Step   144,000/2,000,000 | 315 sps] R=-42220.9 C=2178 Safe=23.12% SAI=0.425 Jain=1.000 PeakMF=0.766
[Ep   350 | Step   168,000/2,000,000 | 315 sps] R=-44890.0 C=2202 Safe=22.71% SAI=0.405 Jain=1.000 PeakMF=0.775
[Ep   400 | Step   192,000/2,000,000 | 315 sps] R=-44166.7 C=2182 Safe=23.12% SAI=0.410 Jain=1.000 PeakMF=0.772
[Ep   450 | Step   216,000/2,000,000 | 315 sps] R=-43950.7 C=2209 Safe=22.50% SAI=0.410 Jain=1.000 PeakMF=0.770
[Ep   500 | Step   240,000/2,000,000 | 315 sps] R=-44817.3 C=2223 Safe=21.88% SAI=0.416 Jain=0.999 PeakMF=0.777
[Ep   550 | Step   264,000/2,000,000 | 315 sps] R=-49474.0 C=2270 Safe=21.04% SAI=0.403 Jain=1.000 PeakMF=0.782
[Ep   600 | Step   288,000/2,000,000 | 315 sps] R=-50029.1 C=2266 Safe=21.04% SAI=0.391 Jain=1.000 PeakMF=0.784
[Ep   650 | Step   312,000/2,000,000 | 315 sps] R=-48564.2 C=2253 Safe=21.46% SAI=0.406 Jain=1.000 PeakMF=0.781
[Ep   700 | Step   336,000/2,000,000 | 315 sps] R=-48845.3 C=2237 Safe=21.88% SAI=0.392 Jain=1.000 PeakMF=0.781
[Ep   750 | Step   360,000/2,000,000 | 315 sps] R=-46862.4 C=2239 Safe=21.88% SAI=0.404 Jain=1.000 PeakMF=0.781
[Ep   800 | Step   384,000/2,000,000 | 315 sps] R=-46604.6 C=2195 Safe=23.12% SAI=0.405 Jain=1.000 PeakMF=0.786
[Ep   850 | Step   408,000/2,000,000 | 315 sps] R=-42419.0 C=2137 Safe=25.42% SAI=0.434 Jain=1.000 PeakMF=0.778
[Ep   900 | Step   432,000/2,000,000 | 315 sps] R=-44352.0 C=2156 Safe=23.75% SAI=0.419 Jain=1.000 PeakMF=0.781
[Ep   950 | Step   456,000/2,000,000 | 315 sps] R=-46135.4 C=2233 Safe=22.29% SAI=0.402 Jain=1.000 PeakMF=0.781
[Ep  1000 | Step   480,000/2,000,000 | 315 sps] R=-47555.8 C=2223 Safe=21.88% SAI=0.388 Jain=0.999 PeakMF=0.789
[Ep  1050 | Step   504,000/2,000,000 | 315 sps] R=-47616.8 C=2233 Safe=21.88% SAI=0.408 Jain=1.000 PeakMF=0.785
[Ep  1100 | Step   528,000/2,000,000 | 315 sps] R=-45610.7 C=2214 Safe=22.08% SAI=0.397 Jain=0.999 PeakMF=0.784
[Ep  1150 | Step   552,000/2,000,000 | 315 sps] R=-44557.3 C=2217 Safe=22.08% SAI=0.405 Jain=1.000 PeakMF=0.786
[Ep  1200 | Step   576,000/2,000,000 | 315 sps] R=-41297.7 C=2125 Safe=25.83% SAI=0.411 Jain=1.000 PeakMF=0.791
[Ep  1250 | Step   600,000/2,000,000 | 315 sps] R=-43542.5 C=2149 Safe=24.58% SAI=0.396 Jain=1.000 PeakMF=0.791
[Ep  1300 | Step   624,000/2,000,000 | 315 sps] R=-43886.9 C=2167 Safe=23.54% SAI=0.385 Jain=1.000 PeakMF=0.791
[Ep  1350 | Step   648,000/2,000,000 | 315 sps] R=-47940.8 C=2261 Safe=21.25% SAI=0.378 Jain=1.000 PeakMF=0.791
[Ep  1400 | Step   672,000/2,000,000 | 315 sps] R=-42315.5 C=2181 Safe=22.92% SAI=0.389 Jain=1.000 PeakMF=0.789
[Ep  1450 | Step   696,000/2,000,000 | 315 sps] R=-47419.7 C=2233 Safe=22.08% SAI=0.366 Jain=1.000 PeakMF=0.791
[Ep  1500 | Step   720,000/2,000,000 | 315 sps] R=-46533.6 C=2228 Safe=21.46% SAI=0.365 Jain=1.000 PeakMF=0.791
[Ep  1550 | Step   744,000/2,000,000 | 315 sps] R=-45591.1 C=2220 Safe=21.46% SAI=0.371 Jain=1.000 PeakMF=0.792
[Ep  1600 | Step   768,000/2,000,000 | 315 sps] R=-42331.6 C=2155 Safe=24.58% SAI=0.381 Jain=1.000 PeakMF=0.792
[Ep  1650 | Step   792,000/2,000,000 | 315 sps] R=-41483.6 C=2175 Safe=23.75% SAI=0.382 Jain=1.000 PeakMF=0.792
[Ep  1700 | Step   816,000/2,000,000 | 315 sps] R=-40245.7 C=2138 Safe=25.21% SAI=0.393 Jain=1.000 PeakMF=0.792
[Ep  1750 | Step   840,000/2,000,000 | 315 sps] R=-46105.8 C=2214 Safe=21.88% SAI=0.368 Jain=1.000 PeakMF=0.792
[Ep  1800 | Step   864,000/2,000,000 | 315 sps] R=-43360.3 C=2163 Safe=23.33% SAI=0.363 Jain=1.000 PeakMF=0.792
[Ep  1850 | Step   888,000/2,000,000 | 315 sps] R=-45357.7 C=2193 Safe=22.92% SAI=0.366 Jain=1.000 PeakMF=0.792
[Ep  1900 | Step   912,000/2,000,000 | 315 sps] R=-42728.2 C=2162 Safe=24.17% SAI=0.382 Jain=1.000 PeakMF=0.792
[Ep  1950 | Step   936,000/2,000,000 | 315 sps] R=-45100.3 C=2190 Safe=22.92% SAI=0.382 Jain=1.000 PeakMF=0.792
[Ep  2000 | Step   960,000/2,000,000 | 315 sps] R=-44030.2 C=2187 Safe=22.29% SAI=0.370 Jain=1.000 PeakMF=0.792
[Ep  2050 | Step   984,000/2,000,000 | 314 sps] R=-37859.7 C=2161 Safe=24.79% SAI=0.411 Jain=1.000 PeakMF=0.792
[Ep  2100 | Step 1,008,000/2,000,000 | 314 sps] R=-39517.5 C=2155 Safe=24.79% SAI=0.388 Jain=1.000 PeakMF=0.792
[Ep  2150 | Step 1,032,000/2,000,000 | 314 sps] R=-40412.4 C=2154 Safe=24.79% SAI=0.394 Jain=1.000 PeakMF=0.792
[Ep  2200 | Step 1,056,000/2,000,000 | 314 sps] R=-35585.5 C=2152 Safe=25.21% SAI=0.442 Jain=1.000 PeakMF=0.792
[Ep  2250 | Step 1,080,000/2,000,000 | 314 sps] R=-39121.2 C=2152 Safe=25.21% SAI=0.410 Jain=1.000 PeakMF=0.792
[Ep  2300 | Step 1,104,000/2,000,000 | 314 sps] R=-42213.9 C=2150 Safe=24.79% SAI=0.383 Jain=1.000 PeakMF=0.792
[Ep  2350 | Step 1,128,000/2,000,000 | 314 sps] R=-38453.8 C=2150 Safe=25.21% SAI=0.401 Jain=1.000 PeakMF=0.792
[Ep  2400 | Step 1,152,000/2,000,000 | 314 sps] R=-39876.0 C=2140 Safe=25.42% SAI=0.390 Jain=1.000 PeakMF=0.792
[Ep  2450 | Step 1,176,000/2,000,000 | 314 sps] R=-37013.2 C=2160 Safe=24.79% SAI=0.419 Jain=1.000 PeakMF=0.792
[Ep  2500 | Step 1,200,000/2,000,000 | 314 sps] R=-43348.1 C=2168 Safe=24.17% SAI=0.380 Jain=1.000 PeakMF=0.792
[Ep  2550 | Step 1,224,000/2,000,000 | 314 sps] R=-45240.9 C=2160 Safe=24.58% SAI=0.377 Jain=1.000 PeakMF=0.792
[Ep  2600 | Step 1,248,000/2,000,000 | 314 sps] R=-39559.8 C=2151 Safe=24.79% SAI=0.392 Jain=1.000 PeakMF=0.792
[Ep  2650 | Step 1,272,000/2,000,000 | 314 sps] R=-42651.1 C=2171 Safe=23.54% SAI=0.369 Jain=1.000 PeakMF=0.792
[Ep  2700 | Step 1,296,000/2,000,000 | 314 sps] R=-39250.1 C=2158 Safe=25.00% SAI=0.392 Jain=1.000 PeakMF=0.792
[Ep  2750 | Step 1,320,000/2,000,000 | 314 sps] R=-43271.4 C=2166 Safe=24.17% SAI=0.366 Jain=1.000 PeakMF=0.792
[Ep  2800 | Step 1,344,000/2,000,000 | 314 sps] R=-37212.4 C=2140 Safe=25.42% SAI=0.427 Jain=1.000 PeakMF=0.792
[Ep  2850 | Step 1,368,000/2,000,000 | 314 sps] R=-38246.2 C=2146 Safe=25.21% SAI=0.406 Jain=1.000 PeakMF=0.792Using device: cuda
Path G: loading pre-computed profiles from /root/hcmarl_project/config/pathg_profiles.json
Generating demonstrations from calibrated profiles (Eq 35 controller)...
  Generated 102 demonstrations from 34 workers
  HELDOUT_NLL model selection for K:
    K=1: heldout_nll=73045.4453
    K=2: heldout_nll=130.8518
    K=3: heldout_nll=969064.4375
    K=4: heldout_nll=710.4616
    K=5: heldout_nll=88205960.0000
  Selected K=2 (lowest heldout_nll=130.8518)

--- MMICRL Type Discovery Results ---
  Demonstrations: 102
  Types discovered: 2
  Type proportions: ['0.05', '0.95']
  Mutual information I(tau;z): 0.0000
  Objective value: 0.0000
  Learned thresholds per type (raw):
    Type 0: {shoulder: 0.146}
    Type 1: {shoulder: 0.245}
  WARNING: MI (0.0000) < 0.01 -- latent types are behaviorally indistinguishable on this demo set. Effective per-worker theta will fall back to config floors (no MMICRL contribution). Consider multi-muscle demos or lambda1 tuning to restore discrimination.
  Results saved to logs/ablation_no_reperfusion/seed_0/mmicrl/mmicrl_results.json
Using MMICRL-learned thresholds for 6 workers (2 types, rescaled into [floor,1]; floors: {'shoulder': 0.7, 'ankle': 0.8, 'knee': 0.6, 'elbow': 0.45, 'trunk': 0.65, 'grip': 0.45})
  Effective per-worker theta_max: {'worker_0': {'shoulder': 0.7}, 'worker_1': {'shoulder': 0.7}, 'worker_2': {'shoulder': 0.7}, 'worker_3': {'shoulder': 0.7}, 'worker_4': {'shoulder': 0.7}, 'worker_5': {'shoulder': 0.7}}
============================================================
HC-MARL Training: HC-MARL (MAPPO + ECBF + NSWF)
Seed: 0 | Device: cuda | Workers: 6
Total steps: 2,000,000 | Eval every: 50,000
Checkpoint dir: checkpoints/ablation_no_reperfusion/seed_0
============================================================
[Ep    50 | Step    24,000/2,000,000 | 578 sps] R=-45615.0 C=2235 Safe=21.88% SAI=0.390 Jain=1.000 PeakMF=0.775
[Ep   100 | Step    48,000/2,000,000 | 413 sps] R=-45861.9 C=2224 Safe=21.88% SAI=0.395 Jain=1.000 PeakMF=0.775
[Ep   150 | Step    72,000/2,000,000 | 374 sps] R=-44995.3 C=2181 Safe=23.12% SAI=0.412 Jain=1.000 PeakMF=0.769
[Ep   200 | Step    96,000/2,000,000 | 357 sps] R=-45231.9 C=2185 Safe=22.50% SAI=0.403 Jain=1.000 PeakMF=0.776
[Ep   250 | Step   120,000/2,000,000 | 347 sps] R=-46260.9 C=2247 Safe=21.46% SAI=0.408 Jain=1.000 PeakMF=0.782
[Ep   300 | Step   144,000/2,000,000 | 341 sps] R=-43732.9 C=2214 Safe=22.29% SAI=0.419 Jain=1.000 PeakMF=0.774
[Ep   350 | Step   168,000/2,000,000 | 337 sps] R=-45072.7 C=2158 Safe=24.38% SAI=0.425 Jain=1.000 PeakMF=0.774
[Ep   400 | Step   192,000/2,000,000 | 334 sps] R=-46785.0 C=2184 Safe=23.33% SAI=0.411 Jain=1.000 PeakMF=0.774
[Ep   450 | Step   216,000/2,000,000 | 332 sps] R=-42806.8 C=2172 Safe=22.92% SAI=0.405 Jain=1.000 PeakMF=0.771
[Ep   500 | Step   240,000/2,000,000 | 330 sps] R=-45931.3 C=2231 Safe=21.67% SAI=0.395 Jain=0.999 PeakMF=0.779
[Ep   550 | Step   264,000/2,000,000 | 328 sps] R=-46574.8 C=2198 Safe=22.71% SAI=0.405 Jain=1.000 PeakMF=0.779
[Ep   600 | Step   288,000/2,000,000 | 327 sps] R=-45770.5 C=2246 Safe=21.46% SAI=0.403 Jain=1.000 PeakMF=0.781
[Ep   650 | Step   312,000/2,000,000 | 326 sps] R=-42528.6 C=2177 Safe=23.12% SAI=0.411 Jain=1.000 PeakMF=0.774
[Ep   700 | Step   336,000/2,000,000 | 325 sps] R=-43689.8 C=2142 Safe=24.58% SAI=0.418 Jain=1.000 PeakMF=0.781
[Ep   750 | Step   360,000/2,000,000 | 325 sps] R=-46834.6 C=2233 Safe=21.67% SAI=0.382 Jain=1.000 PeakMF=0.782
[Ep   800 | Step   384,000/2,000,000 | 324 sps] R=-42754.1 C=2152 Safe=24.38% SAI=0.429 Jain=1.000 PeakMF=0.778
[Ep   850 | Step   408,000/2,000,000 | 323 sps] R=-44723.7 C=2161 Safe=23.96% SAI=0.411 Jain=1.000 PeakMF=0.779
[Ep   900 | Step   432,000/2,000,000 | 323 sps] R=-46030.0 C=2132 Safe=24.38% SAI=0.410 Jain=1.000 PeakMF=0.788
[Ep   950 | Step   456,000/2,000,000 | 323 sps] R=-46055.7 C=2153 Safe=24.58% SAI=0.421 Jain=1.000 PeakMF=0.787
[Ep  1000 | Step   480,000/2,000,000 | 322 sps] R=-47393.4 C=2201 Safe=22.08% SAI=0.401 Jain=1.000 PeakMF=0.786
[Ep  1050 | Step   504,000/2,000,000 | 322 sps] R=-44347.4 C=2174 Safe=23.54% SAI=0.394 Jain=1.000 PeakMF=0.783
[Ep  1100 | Step   528,000/2,000,000 | 321 sps] R=-44432.1 C=2148 Safe=24.38% SAI=0.411 Jain=1.000 PeakMF=0.789
[Ep  1150 | Step   552,000/2,000,000 | 321 sps] R=-42373.3 C=2148 Safe=25.21% SAI=0.393 Jain=1.000 PeakMF=0.791
[Ep  1200 | Step   576,000/2,000,000 | 321 sps] R=-43681.6 C=2213 Safe=22.71% SAI=0.411 Jain=1.000 PeakMF=0.787
[Ep  1250 | Step   600,000/2,000,000 | 321 sps] R=-47049.0 C=2242 Safe=21.46% SAI=0.389 Jain=1.000 PeakMF=0.788
[Ep  1300 | Step   624,000/2,000,000 | 320 sps] R=-47281.1 C=2209 Safe=22.71% SAI=0.395 Jain=1.000 PeakMF=0.789
[Ep  1350 | Step   648,000/2,000,000 | 320 sps] R=-48021.9 C=2245 Safe=21.25% SAI=0.371 Jain=1.000 PeakMF=0.791
[Ep  1400 | Step   672,000/2,000,000 | 320 sps] R=-44314.1 C=2167 Safe=23.12% SAI=0.402 Jain=1.000 PeakMF=0.791
[Ep  1450 | Step   696,000/2,000,000 | 320 sps] R=-48672.8 C=2271 Safe=21.04% SAI=0.358 Jain=1.000 PeakMF=0.791
[Ep  1500 | Step   720,000/2,000,000 | 319 sps] R=-45764.6 C=2206 Safe=22.29% SAI=0.370 Jain=1.000 PeakMF=0.792
[Ep  1550 | Step   744,000/2,000,000 | 319 sps] R=-45560.1 C=2204 Safe=22.08% SAI=0.384 Jain=1.000 PeakMF=0.791
[Ep  1600 | Step   768,000/2,000,000 | 319 sps] R=-46806.1 C=2234 Safe=21.67% SAI=0.354 Jain=1.000 PeakMF=0.792
[Ep  1650 | Step   792,000/2,000,000 | 319 sps] R=-44563.7 C=2189 Safe=22.92% SAI=0.371 Jain=1.000 PeakMF=0.792
[Ep  1700 | Step   816,000/2,000,000 | 319 sps] R=-45754.3 C=2169 Safe=24.17% SAI=0.370 Jain=1.000 PeakMF=0.792
[Ep  1750 | Step   840,000/2,000,000 | 319 sps] R=-42211.4 C=2178 Safe=22.50% SAI=0.372 Jain=1.000 PeakMF=0.792
[Ep  1800 | Step   864,000/2,000,000 | 318 sps] R=-40410.8 C=2159 Safe=24.79% SAI=0.395 Jain=1.000 PeakMF=0.792
[Ep  1850 | Step   888,000/2,000,000 | 318 sps] R=-42194.6 C=2157 Safe=24.38% SAI=0.386 Jain=1.000 PeakMF=0.792
[Ep  1900 | Step   912,000/2,000,000 | 318 sps] R=-43654.5 C=2159 Safe=24.17% SAI=0.381 Jain=1.000 PeakMF=0.792
[Ep  1950 | Step   936,000/2,000,000 | 318 sps] R=-46055.2 C=2235 Safe=22.08% SAI=0.359 Jain=1.000 PeakMF=0.792
[Ep  2000 | Step   960,000/2,000,000 | 318 sps] R=-43599.9 C=2185 Safe=22.50% SAI=0.362 Jain=1.000 PeakMF=0.792
[Ep  2050 | Step   984,000/2,000,000 | 318 sps] R=-46574.0 C=2233 Safe=21.67% SAI=0.344 Jain=1.000 PeakMF=0.792
[Ep  2100 | Step 1,008,000/2,000,000 | 318 sps] R=-44021.7 C=2204 Safe=22.50% SAI=0.370 Jain=1.000 PeakMF=0.792
[Ep  2150 | Step 1,032,000/2,000,000 | 318 sps] R=-46827.4 C=2250 Safe=21.25% SAI=0.347 Jain=1.000 PeakMF=0.792
[Ep  2200 | Step 1,056,000/2,000,000 | 318 sps] R=-44474.5 C=2188 Safe=23.12% SAI=0.361 Jain=1.000 PeakMF=0.792
[Ep  2250 | Step 1,080,000/2,000,000 | 318 sps] R=-45585.3 C=2215 Safe=22.50% SAI=0.363 Jain=1.000 PeakMF=0.792
[Ep  2300 | Step 1,104,000/2,000,000 | 317 sps] R=-46794.0 C=2246 Safe=21.67% SAI=0.350 Jain=1.000 PeakMF=0.792
[Ep  2350 | Step 1,128,000/2,000,000 | 317 sps] R=-46933.8 C=2279 Safe=20.83% SAI=0.365 Jain=0.999 PeakMF=0.792
[Ep  2400 | Step 1,152,000/2,000,000 | 317 sps] R=-47086.4 C=2280 Safe=20.83% SAI=0.364 Jain=1.000 PeakMF=0.792
[Ep  2450 | Step 1,176,000/2,000,000 | 317 sps] R=-46996.8 C=2280 Safe=20.83% SAI=0.375 Jain=1.000 PeakMF=0.792
[Ep  2500 | Step 1,200,000/2,000,000 | 317 sps] R=-46921.3 C=2280 Safe=20.83% SAI=0.361 Jain=1.000 PeakMF=0.792
[Ep  2550 | Step 1,224,000/2,000,000 | 317 sps] R=-46843.4 C=2280 Safe=20.83% SAI=0.379 Jain=0.999 PeakMF=0.792
[Ep  2600 | Step 1,248,000/2,000,000 | 317 sps] R=-46877.8 C=2280 Safe=20.83% SAI=0.371 Jain=0.999 PeakMF=0.792
[Ep  2650 | Step 1,272,000/2,000,000 | 317 sps] R=-47022.4 C=2280 Safe=20.83% SAI=0.362 Jain=0.999 PeakMF=0.792
[Ep  2700 | Step 1,296,000/2,000,000 | 317 sps] R=-46912.6 C=2280 Safe=20.83% SAI=0.370 Jain=1.000 PeakMF=0.792
[Ep  2750 | Step 1,320,000/2,000,000 | 317 sps] R=-46896.7 C=2280 Safe=20.83% SAI=0.357 Jain=1.000 PeakMF=0.792
[Ep  2800 | Step 1,344,000/2,000,000 | 317 sps] R=-46936.2 C=2280 Safe=20.83% SAI=0.359 Jain=0.999 PeakMF=0.792
[Ep  2850 | Step 1,368,000/2,000,000 | 317 sps] R=-46884.8 C=2280 Safe=20.83% SAI=0.365 Jain=1.000 PeakMF=0.792
[Ep  2900 | Step 1,392,000/2,000,000 | 317 sps] R=-46870.3 C=2280 Safe=20.83% SAI=0.360 Jain=1.000 PeakMF=0.792Using device: cuda
Path G: loading pre-computed profiles from /root/hcmarl_project/config/pathg_profiles.json
Generating demonstrations from calibrated profiles (Eq 35 controller)...
  Generated 102 demonstrations from 34 workers
  HELDOUT_NLL model selection for K:
    K=1: heldout_nll=62283.0234
    K=2: heldout_nll=1966.1019
    K=3: heldout_nll=25227.7559
    K=4: heldout_nll=67905.9062
    K=5: heldout_nll=159467.4844
  Selected K=2 (lowest heldout_nll=1966.1019)

--- MMICRL Type Discovery Results ---
  Demonstrations: 102
  Types discovered: 2
  Type proportions: ['0.58', '0.42']
  Mutual information I(tau;z): 0.0000
  Objective value: 0.0000
  Learned thresholds per type (raw):
    Type 0: {shoulder: 0.247}
    Type 1: {shoulder: 0.228}
  WARNING: MI (0.0000) < 0.01 -- latent types are behaviorally indistinguishable on this demo set. Effective per-worker theta will fall back to config floors (no MMICRL contribution). Consider multi-muscle demos or lambda1 tuning to restore discrimination.
  Results saved to logs/ablation_no_reperfusion/seed_5/mmicrl/mmicrl_results.json
Using MMICRL-learned thresholds for 6 workers (2 types, rescaled into [floor,1]; floors: {'shoulder': 0.7, 'ankle': 0.8, 'knee': 0.6, 'elbow': 0.45, 'trunk': 0.65, 'grip': 0.45})
  Effective per-worker theta_max: {'worker_0': {'shoulder': 0.7}, 'worker_1': {'shoulder': 0.7}, 'worker_2': {'shoulder': 0.7}, 'worker_3': {'shoulder': 0.7}, 'worker_4': {'shoulder': 0.7}, 'worker_5': {'shoulder': 0.7}}
============================================================
HC-MARL Training: HC-MARL (MAPPO + ECBF + NSWF)
Seed: 5 | Device: cuda | Workers: 6
Total steps: 2,000,000 | Eval every: 50,000
Checkpoint dir: checkpoints/ablation_no_reperfusion/seed_5
============================================================
[Ep    50 | Step    24,000/2,000,000 | 312 sps] R=-42957.8 C=2209 Safe=22.50% SAI=0.408 Jain=1.000 PeakMF=0.771
[Ep   100 | Step    48,000/2,000,000 | 313 sps] R=-43193.7 C=2218 Safe=21.67% SAI=0.409 Jain=1.000 PeakMF=0.774
[Ep   150 | Step    72,000/2,000,000 | 313 sps] R=-43329.7 C=2199 Safe=22.08% SAI=0.416 Jain=1.000 PeakMF=0.768
[Ep   200 | Step    96,000/2,000,000 | 314 sps] R=-48807.9 C=2241 Safe=21.46% SAI=0.406 Jain=1.000 PeakMF=0.779
[Ep   250 | Step   120,000/2,000,000 | 314 sps] R=-44455.5 C=2216 Safe=22.08% SAI=0.398 Jain=1.000 PeakMF=0.778
[Ep   300 | Step   144,000/2,000,000 | 314 sps] R=-44588.4 C=2199 Safe=22.29% SAI=0.408 Jain=1.000 PeakMF=0.775
[Ep   350 | Step   168,000/2,000,000 | 314 sps] R=-42878.0 C=2192 Safe=22.71% SAI=0.411 Jain=1.000 PeakMF=0.778
[Ep   400 | Step   192,000/2,000,000 | 314 sps] R=-42703.3 C=2173 Safe=22.71% SAI=0.404 Jain=1.000 PeakMF=0.777
[Ep   450 | Step   216,000/2,000,000 | 314 sps] R=-45520.0 C=2210 Safe=22.50% SAI=0.411 Jain=1.000 PeakMF=0.778
[Ep   500 | Step   240,000/2,000,000 | 314 sps] R=-46782.3 C=2194 Safe=22.71% SAI=0.410 Jain=1.000 PeakMF=0.775
[Ep   550 | Step   264,000/2,000,000 | 314 sps] R=-46814.2 C=2219 Safe=22.08% SAI=0.406 Jain=1.000 PeakMF=0.778
[Ep   600 | Step   288,000/2,000,000 | 314 sps] R=-48157.9 C=2215 Safe=22.08% SAI=0.413 Jain=1.000 PeakMF=0.774
[Ep   650 | Step   312,000/2,000,000 | 314 sps] R=-46898.0 C=2215 Safe=22.08% SAI=0.413 Jain=0.999 PeakMF=0.783
[Ep   700 | Step   336,000/2,000,000 | 314 sps] R=-46017.3 C=2212 Safe=22.29% SAI=0.395 Jain=1.000 PeakMF=0.785
[Ep   750 | Step   360,000/2,000,000 | 314 sps] R=-41930.3 C=2162 Safe=24.17% SAI=0.420 Jain=1.000 PeakMF=0.777
[Ep   800 | Step   384,000/2,000,000 | 314 sps] R=-46977.5 C=2174 Safe=22.92% SAI=0.401 Jain=1.000 PeakMF=0.784
[Ep   850 | Step   408,000/2,000,000 | 314 sps] R=-44657.5 C=2169 Safe=23.75% SAI=0.403 Jain=1.000 PeakMF=0.786
[Ep   900 | Step   432,000/2,000,000 | 315 sps] R=-46038.5 C=2230 Safe=21.67% SAI=0.380 Jain=1.000 PeakMF=0.787
[Ep   950 | Step   456,000/2,000,000 | 315 sps] R=-45543.5 C=2225 Safe=21.88% SAI=0.412 Jain=1.000 PeakMF=0.780
[Ep  1000 | Step   480,000/2,000,000 | 315 sps] R=-45401.4 C=2204 Safe=22.92% SAI=0.387 Jain=1.000 PeakMF=0.787
[Ep  1050 | Step   504,000/2,000,000 | 315 sps] R=-47941.6 C=2245 Safe=21.46% SAI=0.400 Jain=1.000 PeakMF=0.786
[Ep  1100 | Step   528,000/2,000,000 | 315 sps] R=-48020.8 C=2223 Safe=22.29% SAI=0.394 Jain=1.000 PeakMF=0.785
[Ep  1150 | Step   552,000/2,000,000 | 315 sps] R=-44716.6 C=2171 Safe=23.33% SAI=0.387 Jain=1.000 PeakMF=0.790
[Ep  1200 | Step   576,000/2,000,000 | 315 sps] R=-44154.5 C=2150 Safe=24.38% SAI=0.388 Jain=1.000 PeakMF=0.790
[Ep  1250 | Step   600,000/2,000,000 | 315 sps] R=-42231.9 C=2158 Safe=24.38% SAI=0.390 Jain=1.000 PeakMF=0.790
[Ep  1300 | Step   624,000/2,000,000 | 315 sps] R=-45744.5 C=2174 Safe=23.33% SAI=0.376 Jain=1.000 PeakMF=0.792
[Ep  1350 | Step   648,000/2,000,000 | 315 sps] R=-41319.7 C=2168 Safe=23.96% SAI=0.386 Jain=1.000 PeakMF=0.791
[Ep  1400 | Step   672,000/2,000,000 | 315 sps] R=-42299.1 C=2151 Safe=25.00% SAI=0.391 Jain=1.000 PeakMF=0.791
[Ep  1450 | Step   696,000/2,000,000 | 315 sps] R=-44211.7 C=2138 Safe=25.42% SAI=0.391 Jain=1.000 PeakMF=0.792
[Ep  1500 | Step   720,000/2,000,000 | 315 sps] R=-43735.8 C=2138 Safe=25.42% SAI=0.407 Jain=1.000 PeakMF=0.792
[Ep  1550 | Step   744,000/2,000,000 | 315 sps] R=-43398.6 C=2146 Safe=24.79% SAI=0.381 Jain=1.000 PeakMF=0.792
[Ep  1600 | Step   768,000/2,000,000 | 315 sps] R=-45185.2 C=2152 Safe=24.79% SAI=0.372 Jain=1.000 PeakMF=0.792
[Ep  1650 | Step   792,000/2,000,000 | 314 sps] R=-44618.1 C=2162 Safe=23.75% SAI=0.380 Jain=1.000 PeakMF=0.792
[Ep  1700 | Step   816,000/2,000,000 | 314 sps] R=-41513.7 C=2147 Safe=25.21% SAI=0.380 Jain=1.000 PeakMF=0.792
[Ep  1750 | Step   840,000/2,000,000 | 314 sps] R=-45864.8 C=2163 Safe=23.33% SAI=0.361 Jain=1.000 PeakMF=0.792
[Ep  1800 | Step   864,000/2,000,000 | 314 sps] R=-44850.1 C=2184 Safe=22.29% SAI=0.354 Jain=1.000 PeakMF=0.792
[Ep  1850 | Step   888,000/2,000,000 | 314 sps] R=-42757.9 C=2171 Safe=22.71% SAI=0.385 Jain=1.000 PeakMF=0.792
[Ep  1900 | Step   912,000/2,000,000 | 314 sps] R=-43156.3 C=2190 Safe=22.71% SAI=0.365 Jain=1.000 PeakMF=0.792
[Ep  1950 | Step   936,000/2,000,000 | 314 sps] R=-44969.3 C=2217 Safe=22.08% SAI=0.358 Jain=1.000 PeakMF=0.792
[Ep  2000 | Step   960,000/2,000,000 | 314 sps] R=-45337.3 C=2210 Safe=22.50% SAI=0.364 Jain=1.000 PeakMF=0.792
[Ep  2050 | Step   984,000/2,000,000 | 314 sps] R=-43959.7 C=2193 Safe=22.50% SAI=0.358 Jain=1.000 PeakMF=0.792
[Ep  2100 | Step 1,008,000/2,000,000 | 314 sps] R=-43877.1 C=2169 Safe=24.38% SAI=0.361 Jain=1.000 PeakMF=0.792
[Ep  2150 | Step 1,032,000/2,000,000 | 314 sps] R=-43912.7 C=2179 Safe=23.33% SAI=0.363 Jain=1.000 PeakMF=0.792
[Ep  2200 | Step 1,056,000/2,000,000 | 314 sps] R=-43470.2 C=2166 Safe=23.54% SAI=0.374 Jain=1.000 PeakMF=0.792
[Ep  2250 | Step 1,080,000/2,000,000 | 314 sps] R=-38174.5 C=2152 Safe=25.00% SAI=0.419 Jain=1.000 PeakMF=0.792
[Ep  2300 | Step 1,104,000/2,000,000 | 314 sps] R=-38635.5 C=2156 Safe=24.79% SAI=0.410 Jain=1.000 PeakMF=0.792
[Ep  2350 | Step 1,128,000/2,000,000 | 314 sps] R=-38954.9 C=2160 Safe=24.58% SAI=0.403 Jain=1.000 PeakMF=0.792
[Ep  2400 | Step 1,152,000/2,000,000 | 314 sps] R=-41543.8 C=2144 Safe=25.00% SAI=0.392 Jain=1.000 PeakMF=0.792
[Ep  2450 | Step 1,176,000/2,000,000 | 314 sps] R=-46346.6 C=2208 Safe=22.08% SAI=0.365 Jain=1.000 PeakMF=0.792
[Ep  2500 | Step 1,200,000/2,000,000 | 314 sps] R=-42565.0 C=2138 Safe=25.21% SAI=0.401 Jain=1.000 PeakMF=0.792
[Ep  2550 | Step 1,224,000/2,000,000 | 314 sps] R=-40221.8 C=2158 Safe=24.38% SAI=0.390 Jain=1.000 PeakMF=0.792
[Ep  2600 | Step 1,248,000/2,000,000 | 314 sps] R=-43224.2 C=2173 Safe=23.12% SAI=0.368 Jain=1.000 PeakMF=0.792
[Ep  2650 | Step 1,272,000/2,000,000 | 314 sps] R=-46122.6 C=2186 Safe=23.12% SAI=0.349 Jain=1.000 PeakMF=0.792
[Ep  2700 | Step 1,296,000/2,000,000 | 314 sps] R=-43860.2 C=2177 Safe=23.33% SAI=0.367 Jain=1.000 PeakMF=0.792
[Ep  2750 | Step 1,320,000/2,000,000 | 314 sps] R=-41571.7 C=2166 Safe=23.75% SAI=0.376 Jain=1.000 PeakMF=0.792
[Ep  2800 | Step 1,344,000/2,000,000 | 314 sps] R=-43126.4 C=2165 Safe=23.96% SAI=0.377 Jain=1.000 PeakMF=0.792
[Ep  2850 | Step 1,368,000/2,000,000 | 314 sps] R=-43547.5 C=2165 Safe=23.75% SAI=0.392 Jain=1.000 PeakMF=0.792
[Ep  2900 | Step 1,392,000/2,000,000 | 314 sps] R=-43863.6 C=2161 Safe=24.58% SAI=0.377 Jain=1.000 PeakMF=0.792Using device: cuda
Path G: loading pre-computed profiles from /root/hcmarl_project/config/pathg_profiles.json
Generating demonstrations from calibrated profiles (Eq 35 controller)...
  Generated 102 demonstrations from 34 workers
  HELDOUT_NLL model selection for K:
    K=1: heldout_nll=1348.3375
    K=2: heldout_nll=573130.7500
    K=3: heldout_nll=1366454.3750
    K=4: heldout_nll=141.8912
    K=5: heldout_nll=9966.7109
  Selected K=4 (lowest heldout_nll=141.8912)

--- MMICRL Type Discovery Results ---
  Demonstrations: 102
  Types discovered: 4
  Type proportions: ['0.34', '0.25', '0.32', '0.09']
  Mutual information I(tau;z): 1.2910
  Objective value: 1.2910
  Learned thresholds per type (raw):
    Type 0: {shoulder: 0.305}
    Type 1: {shoulder: 0.221}
    Type 2: {shoulder: 0.184}
    Type 3: {shoulder: 0.161}
  Results saved to logs/ablation_no_reperfusion/seed_2/mmicrl/mmicrl_results.json
Using MMICRL-learned thresholds for 6 workers (4 types, rescaled into [floor,1]; floors: {'shoulder': 0.7, 'ankle': 0.8, 'knee': 0.6, 'elbow': 0.45, 'trunk': 0.65, 'grip': 0.45})
  Effective per-worker theta_max: {'worker_0': {'shoulder': 0.999}, 'worker_1': {'shoulder': 0.999}, 'worker_2': {'shoulder': 0.8248462596175734}, 'worker_3': {'shoulder': 0.7475827240482962}, 'worker_4': {'shoulder': 0.7475827240482962}, 'worker_5': {'shoulder': 0.7}}
============================================================
HC-MARL Training: HC-MARL (MAPPO + ECBF + NSWF)
Seed: 2 | Device: cuda | Workers: 6
Total steps: 2,000,000 | Eval every: 50,000
Checkpoint dir: checkpoints/ablation_no_reperfusion/seed_2
============================================================
[Ep    50 | Step    24,000/2,000,000 | 325 sps] R=-43768.7 C=2178 Safe=22.71% SAI=0.415 Jain=0.999 PeakMF=0.914
[Ep   100 | Step    48,000/2,000,000 | 319 sps] R=-44736.3 C=2223 Safe=22.08% SAI=0.430 Jain=1.000 PeakMF=0.912
[Ep   150 | Step    72,000/2,000,000 | 318 sps] R=-46714.8 C=2226 Safe=22.29% SAI=0.424 Jain=0.999 PeakMF=0.912
[Ep   200 | Step    96,000/2,000,000 | 317 sps] R=-44208.1 C=2176 Safe=22.50% SAI=0.426 Jain=1.000 PeakMF=0.913
[Ep   250 | Step   120,000/2,000,000 | 316 sps] R=-43788.5 C=2199 Safe=22.92% SAI=0.428 Jain=1.000 PeakMF=0.912
[Ep   300 | Step   144,000/2,000,000 | 316 sps] R=-46931.2 C=2220 Safe=22.08% SAI=0.418 Jain=1.000 PeakMF=0.913
[Ep   350 | Step   168,000/2,000,000 | 315 sps] R=-47526.3 C=2247 Safe=21.25% SAI=0.429 Jain=1.000 PeakMF=0.911
[Ep   400 | Step   192,000/2,000,000 | 315 sps] R=-48030.9 C=2246 Safe=21.46% SAI=0.424 Jain=1.000 PeakMF=0.913
[Ep   450 | Step   216,000/2,000,000 | 315 sps] R=-44098.5 C=2200 Safe=22.29% SAI=0.428 Jain=1.000 PeakMF=0.912
[Ep   500 | Step   240,000/2,000,000 | 315 sps] R=-44052.3 C=2178 Safe=22.71% SAI=0.437 Jain=0.999 PeakMF=0.913
[Ep   550 | Step   264,000/2,000,000 | 315 sps] R=-45506.1 C=2219 Safe=22.08% SAI=0.422 Jain=0.999 PeakMF=0.914
[Ep   600 | Step   288,000/2,000,000 | 315 sps] R=-46678.7 C=2208 Safe=22.50% SAI=0.397 Jain=1.000 PeakMF=0.914
[Ep   650 | Step   312,000/2,000,000 | 315 sps] R=-43427.3 C=2181 Safe=22.71% SAI=0.421 Jain=1.000 PeakMF=0.913
[Ep   700 | Step   336,000/2,000,000 | 315 sps] R=-48020.0 C=2239 Safe=21.67% SAI=0.406 Jain=1.000 PeakMF=0.914
[Ep   750 | Step   360,000/2,000,000 | 315 sps] R=-46525.8 C=2236 Safe=21.88% SAI=0.443 Jain=1.000 PeakMF=0.912
[Ep   800 | Step   384,000/2,000,000 | 315 sps] R=-45881.7 C=2231 Safe=21.88% SAI=0.419 Jain=0.999 PeakMF=0.912
[Ep   850 | Step   408,000/2,000,000 | 315 sps] R=-46295.3 C=2214 Safe=21.88% SAI=0.425 Jain=1.000 PeakMF=0.912
[Ep   900 | Step   432,000/2,000,000 | 315 sps] R=-44138.2 C=2171 Safe=22.50% SAI=0.420 Jain=1.000 PeakMF=0.913
[Ep   950 | Step   456,000/2,000,000 | 315 sps] R=-46198.4 C=2169 Safe=23.33% SAI=0.419 Jain=1.000 PeakMF=0.913
[Ep  1000 | Step   480,000/2,000,000 | 315 sps] R=-47172.7 C=2224 Safe=21.88% SAI=0.406 Jain=1.000 PeakMF=0.913
[Ep  1050 | Step   504,000/2,000,000 | 315 sps] R=-46858.8 C=2233 Safe=21.67% SAI=0.407 Jain=1.000 PeakMF=0.913
[Ep  1100 | Step   528,000/2,000,000 | 315 sps] R=-46453.7 C=2204 Safe=22.71% SAI=0.420 Jain=1.000 PeakMF=0.914
[Ep  1150 | Step   552,000/2,000,000 | 315 sps] R=-47547.6 C=2243 Safe=21.46% SAI=0.422 Jain=1.000 PeakMF=0.913
[Ep  1200 | Step   576,000/2,000,000 | 315 sps] R=-41480.8 C=2163 Safe=24.17% SAI=0.462 Jain=1.000 PeakMF=0.910
[Ep  1250 | Step   600,000/2,000,000 | 315 sps] R=-45830.2 C=2223 Safe=21.67% SAI=0.423 Jain=1.000 PeakMF=0.913
[Ep  1300 | Step   624,000/2,000,000 | 315 sps] R=-46401.1 C=2216 Safe=22.50% SAI=0.416 Jain=1.000 PeakMF=0.912
[Ep  1350 | Step   648,000/2,000,000 | 315 sps] R=-44009.8 C=2167 Safe=23.33% SAI=0.426 Jain=1.000 PeakMF=0.913
[Ep  1400 | Step   672,000/2,000,000 | 315 sps] R=-45344.2 C=2181 Safe=22.71% SAI=0.409 Jain=1.000 PeakMF=0.912
[Ep  1450 | Step   696,000/2,000,000 | 315 sps] R=-45604.0 C=2196 Safe=22.71% SAI=0.420 Jain=1.000 PeakMF=0.912
[Ep  1500 | Step   720,000/2,000,000 | 315 sps] R=-43086.7 C=2163 Safe=23.54% SAI=0.427 Jain=1.000 PeakMF=0.914
[Ep  1550 | Step   744,000/2,000,000 | 315 sps] R=-47512.8 C=2217 Safe=21.88% SAI=0.374 Jain=1.000 PeakMF=0.914
[Ep  1600 | Step   768,000/2,000,000 | 315 sps] R=-45830.3 C=2197 Safe=21.88% SAI=0.400 Jain=1.000 PeakMF=0.913
[Ep  1650 | Step   792,000/2,000,000 | 315 sps] R=-43677.6 C=2165 Safe=23.75% SAI=0.399 Jain=1.000 PeakMF=0.914
[Ep  1700 | Step   816,000/2,000,000 | 315 sps] R=-44693.8 C=2164 Safe=23.33% SAI=0.410 Jain=1.000 PeakMF=0.915
[Ep  1750 | Step   840,000/2,000,000 | 315 sps] R=-44544.4 C=2168 Safe=23.54% SAI=0.392 Jain=1.000 PeakMF=0.914
[Ep  1800 | Step   864,000/2,000,000 | 315 sps] R=-46555.2 C=2189 Safe=22.50% SAI=0.395 Jain=1.000 PeakMF=0.915
[Ep  1850 | Step   888,000/2,000,000 | 315 sps] R=-47727.4 C=2240 Safe=21.67% SAI=0.392 Jain=0.999 PeakMF=0.912
[Ep  1900 | Step   912,000/2,000,000 | 315 sps] R=-47316.8 C=2234 Safe=21.46% SAI=0.392 Jain=0.999 PeakMF=0.912
[Ep  1950 | Step   936,000/2,000,000 | 315 sps] R=-47256.7 C=2214 Safe=21.88% SAI=0.384 Jain=1.000 PeakMF=0.915
[Ep  2000 | Step   960,000/2,000,000 | 315 sps] R=-45022.8 C=2180 Safe=22.92% SAI=0.410 Jain=1.000 PeakMF=0.912
[Ep  2050 | Step   984,000/2,000,000 | 315 sps] R=-45835.1 C=2213 Safe=22.50% SAI=0.387 Jain=1.000 PeakMF=0.913
[Ep  2100 | Step 1,008,000/2,000,000 | 315 sps] R=-47552.3 C=2259 Safe=21.25% SAI=0.390 Jain=1.000 PeakMF=0.914
[Ep  2150 | Step 1,032,000/2,000,000 | 315 sps] R=-44773.9 C=2168 Safe=23.75% SAI=0.402 Jain=0.998 PeakMF=0.912
[Ep  2200 | Step 1,056,000/2,000,000 | 315 sps] R=-46744.5 C=2168 Safe=23.96% SAI=0.383 Jain=0.997 PeakMF=0.912
[Ep  2250 | Step 1,080,000/2,000,000 | 315 sps] R=-44194.2 C=2175 Safe=23.33% SAI=0.408 Jain=0.994 PeakMF=0.910
[Ep  2300 | Step 1,104,000/2,000,000 | 315 sps] R=-38796.0 C=2154 Safe=25.00% SAI=0.451 Jain=0.998 PeakMF=0.912
[Ep  2350 | Step 1,128,000/2,000,000 | 315 sps] R=-40555.3 C=2158 Safe=25.00% SAI=0.432 Jain=0.998 PeakMF=0.913
[Ep  2400 | Step 1,152,000/2,000,000 | 315 sps] R=-42142.9 C=2143 Safe=25.21% SAI=0.433 Jain=0.995 PeakMF=0.909
[Ep  2450 | Step 1,176,000/2,000,000 | 315 sps] R=-44939.3 C=2155 Safe=24.58% SAI=0.399 Jain=0.998 PeakMF=0.914
[Ep  2500 | Step 1,200,000/2,000,000 | 315 sps] R=-40951.9 C=2153 Safe=25.00% SAI=0.437 Jain=0.999 PeakMF=0.913
[Ep  2550 | Step 1,224,000/2,000,000 | 315 sps] R=-40408.1 C=2159 Safe=24.79% SAI=0.435 Jain=0.997 PeakMF=0.912
[Ep  2600 | Step 1,248,000/2,000,000 | 315 sps] R=-40547.9 C=2159 Safe=25.00% SAI=0.439 Jain=0.997 PeakMF=0.912
[Ep  2650 | Step 1,272,000/2,000,000 | 315 sps] R=-43286.7 C=2154 Safe=24.79% SAI=0.401 Jain=0.999 PeakMF=0.913
[Ep  2700 | Step 1,296,000/2,000,000 | 315 sps] R=-42636.8 C=2151 Safe=25.21% SAI=0.415 Jain=0.998 PeakMF=0.911
[Ep  2750 | Step 1,320,000/2,000,000 | 315 sps] R=-39190.7 C=2147 Safe=25.21% SAI=0.451 Jain=0.999 PeakMF=0.913
[Ep  2800 | Step 1,344,000/2,000,000 | 315 sps] R=-39554.1 C=2155 Safe=24.79% SAI=0.436 Jain=1.000 PeakMF=0.914
[Ep  2850 | Step 1,368,000/2,000,000 | 315 sps] R=-39563.2 C=2152 Safe=25.00% SAI=0.467 Jain=0.995 PeakMF=0.909
[Ep  2900 | Step 1,392,000/2,000,000 | 315 sps] R=-39430.0 C=2159 Safe=25.00% SAI=0.467 Jain=0.999 PeakMF=0.913
[Ep  2950 | Step 1,416,000/2,000,000 | 315 sps] R=-37450.6 C=2157 Safe=25.00% SAI=0.478 Jain=0.997 PeakMF=0.911
[Ep  2950 | Step 1,416,000/2,000,000 | 317 sps] R=-46892.8 C=2280 Safe=20.83% SAI=0.360 Jain=1.000 PeakMF=0.792
[Ep  3000 | Step 1,440,000/2,000,000 | 317 sps] R=-46857.6 C=2280 Safe=20.83% SAI=0.366 Jain=1.000 PeakMF=0.792
[Ep  3050 | Step 1,464,000/2,000,000 | 317 sps] R=-46887.7 C=2280 Safe=20.83% SAI=0.370 Jain=1.000 PeakMF=0.792
[Ep  3100 | Step 1,488,000/2,000,000 | 317 sps] R=-46912.7 C=2280 Safe=20.83% SAI=0.355 Jain=1.000 PeakMF=0.792
[Ep  3150 | Step 1,512,000/2,000,000 | 317 sps] R=-46993.4 C=2280 Safe=20.83% SAI=0.362 Jain=1.000 PeakMF=0.792
[Ep  3200 | Step 1,536,000/2,000,000 | 317 sps] R=-46900.2 C=2280 Safe=20.83% SAI=0.363 Jain=1.000 PeakMF=0.792
[Ep  3250 | Step 1,560,000/2,000,000 | 316 sps] R=-46907.6 C=2280 Safe=20.83% SAI=0.365 Jain=1.000 PeakMF=0.792
[Ep  3300 | Step 1,584,000/2,000,000 | 316 sps] R=-46912.1 C=2280 Safe=20.83% SAI=0.358 Jain=1.000 PeakMF=0.792
[Ep  3350 | Step 1,608,000/2,000,000 | 316 sps] R=-46905.5 C=2280 Safe=20.83% SAI=0.368 Jain=1.000 PeakMF=0.792
[Ep  3400 | Step 1,632,000/2,000,000 | 316 sps] R=-46912.1 C=2280 Safe=20.83% SAI=0.349 Jain=1.000 PeakMF=0.792
[Ep  3450 | Step 1,656,000/2,000,000 | 316 sps] R=-46877.3 C=2280 Safe=20.83% SAI=0.360 Jain=1.000 PeakMF=0.792
[Ep  3500 | Step 1,680,000/2,000,000 | 316 sps] R=-46917.4 C=2280 Safe=20.83% SAI=0.356 Jain=0.999 PeakMF=0.792
[Ep  3550 | Step 1,704,000/2,000,000 | 316 sps] R=-47038.1 C=2280 Safe=20.83% SAI=0.358 Jain=1.000 PeakMF=0.792
[Ep  3600 | Step 1,728,000/2,000,000 | 316 sps] R=-46962.1 C=2280 Safe=20.83% SAI=0.363 Jain=1.000 PeakMF=0.792
[Ep  3650 | Step 1,752,000/2,000,000 | 316 sps] R=-46913.6 C=2280 Safe=20.83% SAI=0.362 Jain=1.000 PeakMF=0.792
[Ep  3700 | Step 1,776,000/2,000,000 | 316 sps] R=-47253.1 C=2280 Safe=20.83% SAI=0.347 Jain=1.000 PeakMF=0.792
[Ep  3750 | Step 1,800,000/2,000,000 | 316 sps] R=-46891.3 C=2280 Safe=20.83% SAI=0.356 Jain=1.000 PeakMF=0.792
[Ep  3800 | Step 1,824,000/2,000,000 | 316 sps] R=-46877.6 C=2280 Safe=20.83% SAI=0.360 Jain=1.000 PeakMF=0.792
[Ep  3850 | Step 1,848,000/2,000,000 | 316 sps] R=-46908.0 C=2280 Safe=20.83% SAI=0.358 Jain=1.000 PeakMF=0.792
[Ep  3900 | Step 1,872,000/2,000,000 | 316 sps] R=-46861.5 C=2280 Safe=20.83% SAI=0.362 Jain=1.000 PeakMF=0.792
[Ep  3950 | Step 1,896,000/2,000,000 | 316 sps] R=-46884.2 C=2280 Safe=20.83% SAI=0.364 Jain=1.000 PeakMF=0.792
[Ep  4000 | Step 1,920,000/2,000,000 | 316 sps] R=-46877.8 C=2280 Safe=20.83% SAI=0.342 Jain=1.000 PeakMF=0.792
[Ep  4050 | Step 1,944,000/2,000,000 | 316 sps] R=-46930.6 C=2280 Safe=20.83% SAI=0.354 Jain=1.000 PeakMF=0.792
[Ep  4100 | Step 1,968,000/2,000,000 | 316 sps] R=-46903.6 C=2280 Safe=20.83% SAI=0.351 Jain=1.000 PeakMF=0.792
[Ep  4150 | Step 1,992,000/2,000,000 | 316 sps] R=-46955.1 C=2280 Safe=20.83% SAI=0.346 Jain=1.000 PeakMF=0.792

============================================================
Training complete: 4167 episodes, 2,000,160 steps
Best reward: -39538.9
Wall time: 1.76 hours
Checkpoint: checkpoints/ablation_no_reperfusion/seed_0/checkpoint_final.pt
============================================================
2026-05-06 02:57:52 | hcmarl.utils | INFO | HIGH determinism: cudnn.deterministic=True, torch.use_deterministic_algorithms(True), matmul=highest, CUBLAS_WORKSPACE_CONFIG=:4096:8 (EXP3-Part-1-equivalent reproducibility)
2026-05-06 02:58:39 | hcmarl.utils | INFO | HIGH determinism: cudnn.deterministic=True, torch.use_deterministic_algorithms(True), matmul=highest, CUBLAS_WORKSPACE_CONFIG=:4096:8 (EXP3-Part-1-equivalent reproducibility)

[Ep  2900 | Step 1,392,000/2,000,000 | 314 sps] R=-36522.4 C=2162 Safe=24.79% SAI=0.418 Jain=1.000 PeakMF=0.792
[Ep  2950 | Step 1,416,000/2,000,000 | 314 sps] R=-44771.5 C=2196 Safe=23.33% SAI=0.374 Jain=1.000 PeakMF=0.792
[Ep  3000 | Step 1,440,000/2,000,000 | 314 sps] R=-44373.3 C=2162 Safe=23.75% SAI=0.363 Jain=1.000 PeakMF=0.792
[Ep  3050 | Step 1,464,000/2,000,000 | 314 sps] R=-35280.6 C=2158 Safe=24.79% SAI=0.426 Jain=1.000 PeakMF=0.792
[Ep  3100 | Step 1,488,000/2,000,000 | 314 sps] R=-38098.0 C=2157 Safe=25.00% SAI=0.419 Jain=1.000 PeakMF=0.792
[Ep  3150 | Step 1,512,000/2,000,000 | 314 sps] R=-39282.6 C=2156 Safe=25.00% SAI=0.409 Jain=1.000 PeakMF=0.792
[Ep  3200 | Step 1,536,000/2,000,000 | 314 sps] R=-37396.1 C=2156 Safe=25.00% SAI=0.403 Jain=1.000 PeakMF=0.792
[Ep  3250 | Step 1,560,000/2,000,000 | 314 sps] R=-38001.5 C=2152 Safe=25.00% SAI=0.412 Jain=1.000 PeakMF=0.792
[Ep  3300 | Step 1,584,000/2,000,000 | 314 sps] R=-40485.7 C=2157 Safe=24.79% SAI=0.412 Jain=1.000 PeakMF=0.792
[Ep  3350 | Step 1,608,000/2,000,000 | 314 sps] R=-40715.1 C=2149 Safe=25.00% SAI=0.389 Jain=1.000 PeakMF=0.792
[Ep  3400 | Step 1,632,000/2,000,000 | 314 sps] R=-43047.6 C=2150 Safe=24.79% SAI=0.379 Jain=1.000 PeakMF=0.792
[Ep  3450 | Step 1,656,000/2,000,000 | 314 sps] R=-40120.5 C=2151 Safe=25.00% SAI=0.401 Jain=1.000 PeakMF=0.792
[Ep  3500 | Step 1,680,000/2,000,000 | 314 sps] R=-41327.6 C=2150 Safe=25.21% SAI=0.398 Jain=1.000 PeakMF=0.792
[Ep  3550 | Step 1,704,000/2,000,000 | 314 sps] R=-41048.7 C=2154 Safe=24.79% SAI=0.404 Jain=1.000 PeakMF=0.792
[Ep  3600 | Step 1,728,000/2,000,000 | 314 sps] R=-40308.4 C=2157 Safe=25.00% SAI=0.402 Jain=1.000 PeakMF=0.792
[Ep  3650 | Step 1,752,000/2,000,000 | 314 sps] R=-39979.8 C=2149 Safe=25.21% SAI=0.406 Jain=1.000 PeakMF=0.792
[Ep  3700 | Step 1,776,000/2,000,000 | 314 sps] R=-39367.8 C=2156 Safe=25.00% SAI=0.416 Jain=1.000 PeakMF=0.792
[Ep  3750 | Step 1,800,000/2,000,000 | 314 sps] R=-40656.5 C=2160 Safe=24.79% SAI=0.401 Jain=1.000 PeakMF=0.792
[Ep  3800 | Step 1,824,000/2,000,000 | 314 sps] R=-40110.4 C=2159 Safe=25.00% SAI=0.419 Jain=1.000 PeakMF=0.792
[Ep  3850 | Step 1,848,000/2,000,000 | 314 sps] R=-39208.1 C=2158 Safe=24.79% SAI=0.403 Jain=1.000 PeakMF=0.792
[Ep  3900 | Step 1,872,000/2,000,000 | 314 sps] R=-36704.4 C=2160 Safe=24.79% SAI=0.413 Jain=1.000 PeakMF=0.792
[Ep  3950 | Step 1,896,000/2,000,000 | 314 sps] R=-42717.4 C=2150 Safe=25.00% SAI=0.388 Jain=1.000 PeakMF=0.792
[Ep  4000 | Step 1,920,000/2,000,000 | 314 sps] R=-40295.5 C=2163 Safe=24.79% SAI=0.421 Jain=1.000 PeakMF=0.792
[Ep  4050 | Step 1,944,000/2,000,000 | 314 sps] R=-40110.7 C=2154 Safe=25.00% SAI=0.398 Jain=1.000 PeakMF=0.792
[Ep  4100 | Step 1,968,000/2,000,000 | 314 sps] R=-40199.8 C=2155 Safe=24.79% SAI=0.413 Jain=1.000 PeakMF=0.792
[Ep  4150 | Step 1,992,000/2,000,000 | 315 sps] R=-41688.8 C=2158 Safe=25.00% SAI=0.400 Jain=1.000 PeakMF=0.792

============================================================
Training complete: 4167 episodes, 2,000,160 steps
Best reward: -34174.1
Wall time: 1.77 hours
Checkpoint: checkpoints/ablation_no_reperfusion/seed_1/checkpoint_final.pt
============================================================

[Ep  3000 | Step 1,440,000/2,000,000 | 314 sps] R=-40138.3 C=2164 Safe=24.79% SAI=0.440 Jain=0.998 PeakMF=0.913
[Ep  3050 | Step 1,464,000/2,000,000 | 314 sps] R=-42051.8 C=2164 Safe=24.58% SAI=0.425 Jain=0.998 PeakMF=0.913
[Ep  3100 | Step 1,488,000/2,000,000 | 314 sps] R=-43164.6 C=2174 Safe=23.75% SAI=0.404 Jain=0.998 PeakMF=0.912
[Ep  3150 | Step 1,512,000/2,000,000 | 314 sps] R=-41006.8 C=2159 Safe=24.79% SAI=0.444 Jain=0.998 PeakMF=0.910
[Ep  3200 | Step 1,536,000/2,000,000 | 314 sps] R=-37458.3 C=2159 Safe=24.58% SAI=0.456 Jain=1.000 PeakMF=0.914
[Ep  3250 | Step 1,560,000/2,000,000 | 314 sps] R=-36811.5 C=2153 Safe=24.79% SAI=0.471 Jain=0.999 PeakMF=0.913
[Ep  3300 | Step 1,584,000/2,000,000 | 314 sps] R=-37776.2 C=2159 Safe=24.79% SAI=0.489 Jain=0.996 PeakMF=0.909
[Ep  3350 | Step 1,608,000/2,000,000 | 314 sps] R=-42257.6 C=2162 Safe=24.79% SAI=0.454 Jain=0.991 PeakMF=0.907
[Ep  3400 | Step 1,632,000/2,000,000 | 314 sps] R=-41231.5 C=2155 Safe=25.00% SAI=0.425 Jain=0.998 PeakMF=0.912
[Ep  3450 | Step 1,656,000/2,000,000 | 314 sps] R=-37094.8 C=2162 Safe=24.79% SAI=0.487 Jain=0.999 PeakMF=0.913
[Ep  3500 | Step 1,680,000/2,000,000 | 314 sps] R=-37355.4 C=2163 Safe=24.79% SAI=0.489 Jain=0.999 PeakMF=0.913
[Ep  3550 | Step 1,704,000/2,000,000 | 314 sps] R=-36512.7 C=2162 Safe=24.79% SAI=0.490 Jain=0.999 PeakMF=0.912
[Ep  3600 | Step 1,728,000/2,000,000 | 314 sps] R=-37026.4 C=2162 Safe=24.79% SAI=0.492 Jain=0.995 PeakMF=0.910
[Ep  3650 | Step 1,752,000/2,000,000 | 314 sps] R=-37596.8 C=2166 Safe=24.79% SAI=0.492 Jain=0.993 PeakMF=0.909
[Ep  3700 | Step 1,776,000/2,000,000 | 314 sps] R=-36353.7 C=2164 Safe=24.79% SAI=0.522 Jain=0.987 PeakMF=0.908
[Ep  3750 | Step 1,800,000/2,000,000 | 314 sps] R=-41016.7 C=2161 Safe=24.58% SAI=0.466 Jain=0.991 PeakMF=0.908
[Ep  3800 | Step 1,824,000/2,000,000 | 314 sps] R=-36695.5 C=2163 Safe=24.79% SAI=0.507 Jain=0.995 PeakMF=0.910
[Ep  3850 | Step 1,848,000/2,000,000 | 314 sps] R=-38400.3 C=2163 Safe=24.79% SAI=0.471 Jain=0.988 PeakMF=0.909
[Ep  3900 | Step 1,872,000/2,000,000 | 314 sps] R=-36490.3 C=2163 Safe=24.79% SAI=0.518 Jain=0.990 PeakMF=0.906
[Ep  3950 | Step 1,896,000/2,000,000 | 314 sps] R=-36972.5 C=2167 Safe=24.58% SAI=0.484 Jain=0.994 PeakMF=0.911
[Ep  4000 | Step 1,920,000/2,000,000 | 314 sps] R=-37381.2 C=2166 Safe=24.58% SAI=0.486 Jain=0.995 PeakMF=0.911
[Ep  4050 | Step 1,944,000/2,000,000 | 314 sps] R=-38407.0 C=2167 Safe=24.58% SAI=0.481 Jain=0.982 PeakMF=0.902
[Ep  4100 | Step 1,968,000/2,000,000 | 314 sps] R=-37239.2 C=2166 Safe=24.79% SAI=0.485 Jain=0.996 PeakMF=0.912
[Ep  4150 | Step 1,992,000/2,000,000 | 315 sps] R=-35962.1 C=2166 Safe=24.79% SAI=0.506 Jain=0.991 PeakMF=0.909

============================================================
Training complete: 4167 episodes, 2,000,160 steps
Best reward: -35708.8
Wall time: 1.77 hours
Checkpoint: checkpoints/ablation_no_reperfusion/seed_2/checkpoint_final.pt
============================================================
2026-05-06 02:58:54 | hcmarl.utils | INFO | HIGH determinism: cudnn.deterministic=True, torch.use_deterministic_algorithms(True), matmul=highest, CUBLAS_WORKSPACE_CONFIG=:4096:8 (EXP3-Part-1-equivalent reproducibility)
2026-05-06 02:58:56 | hcmarl.utils | INFO | HIGH determinism: cudnn.deterministic=True, torch.use_deterministic_algorithms(True), matmul=highest, CUBLAS_WORKSPACE_CONFIG=:4096:8 (EXP3-Part-1-equivalent reproducibility)

[Ep  2900 | Step 1,392,000/2,000,000 | 314 sps] R=-37043.3 C=2158 Safe=25.00% SAI=0.422 Jain=1.000 PeakMF=0.792
[Ep  2950 | Step 1,416,000/2,000,000 | 314 sps] R=-40076.1 C=2163 Safe=24.79% SAI=0.399 Jain=1.000 PeakMF=0.792
[Ep  3000 | Step 1,440,000/2,000,000 | 314 sps] R=-37374.6 C=2144 Safe=25.21% SAI=0.423 Jain=1.000 PeakMF=0.792
[Ep  3050 | Step 1,464,000/2,000,000 | 314 sps] R=-39105.0 C=2146 Safe=25.21% SAI=0.400 Jain=1.000 PeakMF=0.792
[Ep  3100 | Step 1,488,000/2,000,000 | 314 sps] R=-42539.7 C=2156 Safe=24.79% SAI=0.386 Jain=1.000 PeakMF=0.792
[Ep  3150 | Step 1,512,000/2,000,000 | 314 sps] R=-36296.6 C=2155 Safe=25.00% SAI=0.430 Jain=1.000 PeakMF=0.792
[Ep  3200 | Step 1,536,000/2,000,000 | 314 sps] R=-36868.1 C=2155 Safe=25.00% SAI=0.428 Jain=1.000 PeakMF=0.792
[Ep  3250 | Step 1,560,000/2,000,000 | 314 sps] R=-34864.2 C=2156 Safe=25.00% SAI=0.462 Jain=1.000 PeakMF=0.792
[Ep  3300 | Step 1,584,000/2,000,000 | 314 sps] R=-37497.5 C=2161 Safe=24.79% SAI=0.429 Jain=1.000 PeakMF=0.792
[Ep  3350 | Step 1,608,000/2,000,000 | 314 sps] R=-36408.6 C=2157 Safe=25.00% SAI=0.428 Jain=1.000 PeakMF=0.792
[Ep  3400 | Step 1,632,000/2,000,000 | 314 sps] R=-36011.7 C=2157 Safe=25.00% SAI=0.436 Jain=1.000 PeakMF=0.792
[Ep  3450 | Step 1,656,000/2,000,000 | 314 sps] R=-37689.1 C=2157 Safe=24.79% SAI=0.430 Jain=1.000 PeakMF=0.792
[Ep  3500 | Step 1,680,000/2,000,000 | 314 sps] R=-39366.4 C=2161 Safe=24.79% SAI=0.420 Jain=1.000 PeakMF=0.792
[Ep  3550 | Step 1,704,000/2,000,000 | 314 sps] R=-41899.6 C=2160 Safe=24.79% SAI=0.419 Jain=1.000 PeakMF=0.792
[Ep  3600 | Step 1,728,000/2,000,000 | 314 sps] R=-35995.6 C=2154 Safe=25.00% SAI=0.428 Jain=1.000 PeakMF=0.792
[Ep  3650 | Step 1,752,000/2,000,000 | 314 sps] R=-37210.7 C=2159 Safe=25.00% SAI=0.431 Jain=1.000 PeakMF=0.792
[Ep  3700 | Step 1,776,000/2,000,000 | 314 sps] R=-37837.1 C=2159 Safe=25.00% SAI=0.419 Jain=1.000 PeakMF=0.792
[Ep  3750 | Step 1,800,000/2,000,000 | 314 sps] R=-41304.5 C=2155 Safe=25.00% SAI=0.402 Jain=1.000 PeakMF=0.792
[Ep  3800 | Step 1,824,000/2,000,000 | 314 sps] R=-39410.3 C=2162 Safe=24.79% SAI=0.408 Jain=1.000 PeakMF=0.792
[Ep  3850 | Step 1,848,000/2,000,000 | 314 sps] R=-38453.5 C=2160 Safe=24.79% SAI=0.407 Jain=1.000 PeakMF=0.792
[Ep  3900 | Step 1,872,000/2,000,000 | 314 sps] R=-39414.8 C=2155 Safe=25.00% SAI=0.421 Jain=1.000 PeakMF=0.792
[Ep  3950 | Step 1,896,000/2,000,000 | 314 sps] R=-38679.2 C=2153 Safe=25.00% SAI=0.432 Jain=1.000 PeakMF=0.792
[Ep  4000 | Step 1,920,000/2,000,000 | 314 sps] R=-37120.0 C=2159 Safe=24.79% SAI=0.423 Jain=1.000 PeakMF=0.792
[Ep  4050 | Step 1,944,000/2,000,000 | 314 sps] R=-34958.7 C=2138 Safe=25.42% SAI=0.445 Jain=1.000 PeakMF=0.792
[Ep  4100 | Step 1,968,000/2,000,000 | 314 sps] R=-37899.9 C=2158 Safe=25.00% SAI=0.421 Jain=1.000 PeakMF=0.792
[Ep  4150 | Step 1,992,000/2,000,000 | 315 sps] R=-36308.9 C=2151 Safe=25.21% SAI=0.433 Jain=1.000 PeakMF=0.792

============================================================
Training complete: 4167 episodes, 2,000,160 steps
Best reward: -34234.2
Wall time: 1.77 hours
Checkpoint: checkpoints/ablation_no_reperfusion/seed_4/checkpoint_final.pt
============================================================

[Ep  2850 | Step 1,368,000/2,000,000 | 314 sps] R=-37955.7 C=2144 Safe=25.21% SAI=0.411 Jain=1.000 PeakMF=0.792
[Ep  2900 | Step 1,392,000/2,000,000 | 314 sps] R=-37457.5 C=2159 Safe=24.79% SAI=0.414 Jain=1.000 PeakMF=0.792
[Ep  2950 | Step 1,416,000/2,000,000 | 314 sps] R=-36804.9 C=2156 Safe=25.00% SAI=0.428 Jain=1.000 PeakMF=0.792
[Ep  3000 | Step 1,440,000/2,000,000 | 314 sps] R=-39863.3 C=2145 Safe=25.21% SAI=0.398 Jain=1.000 PeakMF=0.792
[Ep  3050 | Step 1,464,000/2,000,000 | 314 sps] R=-37242.6 C=2156 Safe=24.58% SAI=0.419 Jain=1.000 PeakMF=0.792
[Ep  3100 | Step 1,488,000/2,000,000 | 314 sps] R=-36411.4 C=2161 Safe=24.79% SAI=0.419 Jain=1.000 PeakMF=0.792
[Ep  3150 | Step 1,512,000/2,000,000 | 314 sps] R=-40737.9 C=2156 Safe=24.79% SAI=0.401 Jain=1.000 PeakMF=0.792
[Ep  3200 | Step 1,536,000/2,000,000 | 314 sps] R=-40836.4 C=2147 Safe=25.21% SAI=0.388 Jain=1.000 PeakMF=0.792
[Ep  3250 | Step 1,560,000/2,000,000 | 314 sps] R=-41111.0 C=2161 Safe=24.38% SAI=0.403 Jain=1.000 PeakMF=0.792
[Ep  3300 | Step 1,584,000/2,000,000 | 314 sps] R=-39438.2 C=2157 Safe=24.79% SAI=0.412 Jain=1.000 PeakMF=0.792
[Ep  3350 | Step 1,608,000/2,000,000 | 314 sps] R=-40616.5 C=2155 Safe=25.00% SAI=0.396 Jain=1.000 PeakMF=0.792
[Ep  3400 | Step 1,632,000/2,000,000 | 314 sps] R=-38469.5 C=2160 Safe=24.79% SAI=0.411 Jain=1.000 PeakMF=0.792
[Ep  3450 | Step 1,656,000/2,000,000 | 314 sps] R=-35710.4 C=2155 Safe=25.00% SAI=0.434 Jain=1.000 PeakMF=0.792
[Ep  3500 | Step 1,680,000/2,000,000 | 314 sps] R=-40833.5 C=2153 Safe=25.00% SAI=0.415 Jain=1.000 PeakMF=0.792
[Ep  3550 | Step 1,704,000/2,000,000 | 314 sps] R=-41792.1 C=2156 Safe=25.00% SAI=0.415 Jain=1.000 PeakMF=0.792
[Ep  3600 | Step 1,728,000/2,000,000 | 314 sps] R=-37766.6 C=2149 Safe=25.21% SAI=0.406 Jain=1.000 PeakMF=0.792
[Ep  3650 | Step 1,752,000/2,000,000 | 314 sps] R=-39528.0 C=2161 Safe=24.79% SAI=0.414 Jain=1.000 PeakMF=0.792
[Ep  3700 | Step 1,776,000/2,000,000 | 314 sps] R=-35702.6 C=2162 Safe=24.79% SAI=0.435 Jain=1.000 PeakMF=0.792
[Ep  3750 | Step 1,800,000/2,000,000 | 314 sps] R=-39764.9 C=2156 Safe=25.00% SAI=0.423 Jain=1.000 PeakMF=0.792
[Ep  3800 | Step 1,824,000/2,000,000 | 314 sps] R=-35395.6 C=2151 Safe=25.00% SAI=0.427 Jain=1.000 PeakMF=0.792
[Ep  3850 | Step 1,848,000/2,000,000 | 314 sps] R=-38723.6 C=2156 Safe=25.00% SAI=0.435 Jain=1.000 PeakMF=0.792
[Ep  3900 | Step 1,872,000/2,000,000 | 314 sps] R=-40390.3 C=2157 Safe=25.00% SAI=0.417 Jain=1.000 PeakMF=0.792
[Ep  3950 | Step 1,896,000/2,000,000 | 314 sps] R=-37442.1 C=2158 Safe=24.79% SAI=0.424 Jain=1.000 PeakMF=0.792
[Ep  4000 | Step 1,920,000/2,000,000 | 314 sps] R=-40397.7 C=2151 Safe=25.00% SAI=0.412 Jain=1.000 PeakMF=0.792
[Ep  4050 | Step 1,944,000/2,000,000 | 314 sps] R=-39089.4 C=2125 Safe=25.62% SAI=0.428 Jain=1.000 PeakMF=0.792
[Ep  4100 | Step 1,968,000/2,000,000 | 314 sps] R=-37840.9 C=2148 Safe=25.21% SAI=0.427 Jain=1.000 PeakMF=0.792
[Ep  4150 | Step 1,992,000/2,000,000 | 315 sps] R=-35338.5 C=2158 Safe=24.79% SAI=0.457 Jain=1.000 PeakMF=0.792

============================================================
Training complete: 4167 episodes, 2,000,160 steps
Best reward: -33200.2
Wall time: 1.77 hours
Checkpoint: checkpoints/ablation_no_reperfusion/seed_3/checkpoint_final.pt
============================================================
2026-05-06 02:59:00 | hcmarl.utils | INFO | HIGH determinism: cudnn.deterministic=True, torch.use_deterministic_algorithms(True), matmul=highest, CUBLAS_WORKSPACE_CONFIG=:4096:8 (EXP3-Part-1-equivalent reproducibility)
2026-05-06 02:59:02 | hcmarl.utils | INFO | HIGH determinism: cudnn.deterministic=True, torch.use_deterministic_algorithms(True), matmul=highest, CUBLAS_WORKSPACE_CONFIG=:4096:8 (EXP3-Part-1-equivalent reproducibility)
2026-05-06 02:59:02 | hcmarl.utils | INFO | HIGH determinism: cudnn.deterministic=True, torch.use_deterministic_algorithms(True), matmul=highest, CUBLAS_WORKSPACE_CONFIG=:4096:8 (EXP3-Part-1-equivalent reproducibility)

[Ep  2950 | Step 1,416,000/2,000,000 | 314 sps] R=-40705.2 C=2146 Safe=25.21% SAI=0.384 Jain=1.000 PeakMF=0.792
[Ep  3000 | Step 1,440,000/2,000,000 | 314 sps] R=-43683.3 C=2170 Safe=23.96% SAI=0.389 Jain=1.000 PeakMF=0.792
[Ep  3050 | Step 1,464,000/2,000,000 | 314 sps] R=-37039.2 C=2145 Safe=25.21% SAI=0.406 Jain=1.000 PeakMF=0.792
[Ep  3100 | Step 1,488,000/2,000,000 | 314 sps] R=-42228.8 C=2153 Safe=25.00% SAI=0.387 Jain=1.000 PeakMF=0.792
[Ep  3150 | Step 1,512,000/2,000,000 | 314 sps] R=-37787.5 C=2145 Safe=25.21% SAI=0.403 Jain=1.000 PeakMF=0.792
[Ep  3200 | Step 1,536,000/2,000,000 | 314 sps] R=-35336.3 C=2159 Safe=24.79% SAI=0.431 Jain=1.000 PeakMF=0.792
[Ep  3250 | Step 1,560,000/2,000,000 | 314 sps] R=-41909.7 C=2156 Safe=25.00% SAI=0.386 Jain=1.000 PeakMF=0.792
[Ep  3300 | Step 1,584,000/2,000,000 | 314 sps] R=-39180.9 C=2151 Safe=25.00% SAI=0.411 Jain=1.000 PeakMF=0.792
[Ep  3350 | Step 1,608,000/2,000,000 | 314 sps] R=-37859.1 C=2141 Safe=25.00% SAI=0.428 Jain=1.000 PeakMF=0.792
[Ep  3400 | Step 1,632,000/2,000,000 | 314 sps] R=-39543.6 C=2153 Safe=25.00% SAI=0.402 Jain=1.000 PeakMF=0.792
[Ep  3450 | Step 1,656,000/2,000,000 | 314 sps] R=-37511.9 C=2156 Safe=25.00% SAI=0.432 Jain=1.000 PeakMF=0.792
[Ep  3500 | Step 1,680,000/2,000,000 | 314 sps] R=-40450.7 C=2154 Safe=25.00% SAI=0.408 Jain=1.000 PeakMF=0.792
[Ep  3550 | Step 1,704,000/2,000,000 | 314 sps] R=-39459.8 C=2159 Safe=25.00% SAI=0.424 Jain=1.000 PeakMF=0.792
[Ep  3600 | Step 1,728,000/2,000,000 | 314 sps] R=-37216.0 C=2156 Safe=25.00% SAI=0.423 Jain=1.000 PeakMF=0.792
[Ep  3650 | Step 1,752,000/2,000,000 | 314 sps] R=-40400.9 C=2154 Safe=25.00% SAI=0.398 Jain=1.000 PeakMF=0.792
[Ep  3700 | Step 1,776,000/2,000,000 | 314 sps] R=-36832.1 C=2164 Safe=24.58% SAI=0.424 Jain=1.000 PeakMF=0.792
[Ep  3750 | Step 1,800,000/2,000,000 | 314 sps] R=-35840.1 C=2157 Safe=25.00% SAI=0.448 Jain=1.000 PeakMF=0.792
[Ep  3800 | Step 1,824,000/2,000,000 | 314 sps] R=-40139.8 C=2157 Safe=24.79% SAI=0.413 Jain=1.000 PeakMF=0.792
[Ep  3850 | Step 1,848,000/2,000,000 | 314 sps] R=-37564.0 C=2159 Safe=25.00% SAI=0.426 Jain=1.000 PeakMF=0.792
[Ep  3900 | Step 1,872,000/2,000,000 | 314 sps] R=-37266.4 C=2157 Safe=24.79% SAI=0.426 Jain=1.000 PeakMF=0.792
[Ep  3950 | Step 1,896,000/2,000,000 | 314 sps] R=-39908.6 C=2160 Safe=24.79% SAI=0.407 Jain=1.000 PeakMF=0.792
[Ep  4000 | Step 1,920,000/2,000,000 | 314 sps] R=-37692.2 C=2163 Safe=24.79% SAI=0.423 Jain=1.000 PeakMF=0.792
[Ep  4050 | Step 1,944,000/2,000,000 | 314 sps] R=-36917.3 C=2154 Safe=25.00% SAI=0.422 Jain=1.000 PeakMF=0.792
[Ep  4100 | Step 1,968,000/2,000,000 | 314 sps] R=-42142.5 C=2150 Safe=25.00% SAI=0.403 Jain=1.000 PeakMF=0.792
[Ep  4150 | Step 1,992,000/2,000,000 | 315 sps] R=-37324.9 C=2156 Safe=25.00% SAI=0.432 Jain=1.000 PeakMF=0.792

============================================================
Training complete: 4167 episodes, 2,000,160 steps
Best reward: -34439.1
Wall time: 1.76 hours
Checkpoint: checkpoints/ablation_no_reperfusion/seed_5/checkpoint_final.pt
============================================================
2026-05-06 02:59:07 | hcmarl.utils | INFO | HIGH determinism: cudnn.deterministic=True, torch.use_deterministic_algorithms(True), matmul=highest, CUBLAS_WORKSPACE_CONFIG=:4096:8 (EXP3-Part-1-equivalent reproducibility)
2026-05-06 02:59:07 | hcmarl.utils | INFO | HIGH determinism: cudnn.deterministic=True, torch.use_deterministic_algorithms(True), matmul=highest, CUBLAS_WORKSPACE_CONFIG=:4096:8 (EXP3-Part-1-equivalent reproducibility)
2026-05-06 02:59:41 | hcmarl.utils | INFO | HIGH determinism: cudnn.deterministic=True, torch.use_deterministic_algorithms(True), matmul=highest, CUBLAS_WORKSPACE_CONFIG=:4096:8 (EXP3-Part-1-equivalent reproducibility)
2026-05-06 02:59:44 | hcmarl.utils | INFO | HIGH determinism: cudnn.deterministic=True, torch.use_deterministic_algorithms(True), matmul=highest, CUBLAS_WORKSPACE_CONFIG=:4096:8 (EXP3-Part-1-equivalent reproducibility)
2026-05-06 02:59:48 | hcmarl.utils | INFO | HIGH determinism: cudnn.deterministic=True, torch.use_deterministic_algorithms(True), matmul=highest, CUBLAS_WORKSPACE_CONFIG=:4096:8 (EXP3-Part-1-equivalent reproducibility)
Using device: cuda
Path G: loading pre-computed profiles from /root/hcmarl_project/config/pathg_profiles.json
Generating demonstrations from calibrated profiles (Eq 35 controller)...
  Generated 102 demonstrations from 34 workers
  HELDOUT_NLL model selection for K:
    K=1: heldout_nll=3435.6345
    K=2: heldout_nll=116535.0938
    K=3: heldout_nll=-11.9318
    K=4: heldout_nll=14426030.0000
    K=5: heldout_nll=17284.2617
  Selected K=3 (lowest heldout_nll=-11.9318)

--- MMICRL Type Discovery Results ---
  Demonstrations: 102
  Types discovered: 3
  Type proportions: ['0.32', '0.33', '0.34']
  Mutual information I(tau;z): 0.0000
  Objective value: 0.0000
  Learned thresholds per type (raw):
    Type 0: {shoulder: 0.184}
    Type 1: {shoulder: 0.293}
    Type 2: {shoulder: 0.241}
  WARNING: MI (0.0000) < 0.01 -- latent types are behaviorally indistinguishable on this demo set. Effective per-worker theta will fall back to config floors (no MMICRL contribution). Consider multi-muscle demos or lambda1 tuning to restore discrimination.
  Results saved to logs/ablation_no_reperfusion/seed_6/mmicrl/mmicrl_results.json
Using MMICRL-learned thresholds for 6 workers (3 types, rescaled into [floor,1]; floors: {'shoulder': 0.7, 'ankle': 0.8, 'knee': 0.6, 'elbow': 0.45, 'trunk': 0.65, 'grip': 0.45})
  Effective per-worker theta_max: {'worker_0': {'shoulder': 0.7}, 'worker_1': {'shoulder': 0.7}, 'worker_2': {'shoulder': 0.7}, 'worker_3': {'shoulder': 0.7}, 'worker_4': {'shoulder': 0.7}, 'worker_5': {'shoulder': 0.7}}
============================================================
HC-MARL Training: HC-MARL (MAPPO + ECBF + NSWF)
Seed: 6 | Device: cuda | Workers: 6
Total steps: 2,000,000 | Eval every: 50,000
Checkpoint dir: checkpoints/ablation_no_reperfusion/seed_6
============================================================
[Ep    50 | Step    24,000/2,000,000 | 410 sps] R=-43003.3 C=2215 Safe=22.08% SAI=0.418 Jain=1.000 PeakMF=0.767
[Ep   100 | Step    48,000/2,000,000 | 363 sps] R=-39229.0 C=2145 Safe=24.79% SAI=0.417 Jain=1.000 PeakMF=0.761
[Ep   150 | Step    72,000/2,000,000 | 346 sps] R=-41455.5 C=2135 Safe=24.79% SAI=0.427 Jain=1.000 PeakMF=0.773
[Ep   200 | Step    96,000/2,000,000 | 338 sps] R=-42996.3 C=2192 Safe=23.33% SAI=0.426 Jain=1.000 PeakMF=0.767
[Ep   250 | Step   120,000/2,000,000 | 333 sps] R=-47550.4 C=2229 Safe=22.08% SAI=0.397 Jain=1.000 PeakMF=0.777
[Ep   300 | Step   144,000/2,000,000 | 330 sps] R=-49553.8 C=2253 Safe=21.46% SAI=0.395 Jain=1.000 PeakMF=0.779
[Ep   350 | Step   168,000/2,000,000 | 328 sps] R=-47143.3 C=2230 Safe=21.88% SAI=0.418 Jain=1.000 PeakMF=0.772
[Ep   400 | Step   192,000/2,000,000 | 326 sps] R=-45811.6 C=2235 Safe=21.88% SAI=0.411 Jain=0.999 PeakMF=0.777
[Ep   450 | Step   216,000/2,000,000 | 325 sps] R=-44325.2 C=2194 Safe=22.71% SAI=0.426 Jain=1.000 PeakMF=0.758
[Ep   500 | Step   240,000/2,000,000 | 324 sps] R=-42443.9 C=2184 Safe=23.12% SAI=0.407 Jain=0.999 PeakMF=0.779
[Ep   550 | Step   264,000/2,000,000 | 324 sps] R=-47321.2 C=2218 Safe=22.29% SAI=0.403 Jain=1.000 PeakMF=0.778
[Ep   600 | Step   288,000/2,000,000 | 323 sps] R=-43984.2 C=2197 Safe=22.71% SAI=0.421 Jain=1.000 PeakMF=0.778
[Ep   650 | Step   312,000/2,000,000 | 322 sps] R=-46358.5 C=2214 Safe=22.71% SAI=0.403 Jain=1.000 PeakMF=0.781
[Ep   700 | Step   336,000/2,000,000 | 322 sps] R=-43290.8 C=2177 Safe=23.33% SAI=0.423 Jain=1.000 PeakMF=0.779
[Ep   750 | Step   360,000/2,000,000 | 322 sps] R=-42455.7 C=2210 Safe=22.50% SAI=0.416 Jain=1.000 PeakMF=0.781
[Ep   800 | Step   384,000/2,000,000 | 321 sps] R=-44477.7 C=2219 Safe=22.08% SAI=0.389 Jain=1.000 PeakMF=0.786
[Ep   850 | Step   408,000/2,000,000 | 321 sps] R=-46441.7 C=2204 Safe=22.71% SAI=0.390 Jain=1.000 PeakMF=0.782
[Ep   900 | Step   432,000/2,000,000 | 321 sps] R=-43535.6 C=2214 Safe=22.08% SAI=0.413 Jain=1.000 PeakMF=0.784
[Ep   950 | Step   456,000/2,000,000 | 320 sps] R=-43784.1 C=2164 Safe=23.96% SAI=0.387 Jain=1.000 PeakMF=0.788
[Ep  1000 | Step   480,000/2,000,000 | 320 sps] R=-42299.9 C=2181 Safe=22.71% SAI=0.414 Jain=1.000 PeakMF=0.780
[Ep  1050 | Step   504,000/2,000,000 | 320 sps] R=-43366.8 C=2124 Safe=25.21% SAI=0.406 Jain=1.000 PeakMF=0.788
[Ep  1100 | Step   528,000/2,000,000 | 320 sps] R=-47238.8 C=2240 Safe=21.88% SAI=0.364 Jain=1.000 PeakMF=0.791
[Ep  1150 | Step   552,000/2,000,000 | 320 sps] R=-45414.8 C=2191 Safe=23.12% SAI=0.386 Jain=1.000 PeakMF=0.790
[Ep  1200 | Step   576,000/2,000,000 | 320 sps] R=-47231.4 C=2233 Safe=22.08% SAI=0.388 Jain=1.000 PeakMF=0.790
[Ep  1250 | Step   600,000/2,000,000 | 319 sps] R=-45320.4 C=2228 Safe=21.88% SAI=0.396 Jain=1.000 PeakMF=0.790
[Ep  1300 | Step   624,000/2,000,000 | 319 sps] R=-47625.0 C=2246 Safe=21.67% SAI=0.387 Jain=1.000 PeakMF=0.789
[Ep  1350 | Step   648,000/2,000,000 | 319 sps] R=-45700.2 C=2150 Safe=24.79% SAI=0.375 Jain=1.000 PeakMF=0.792
[Ep  1400 | Step   672,000/2,000,000 | 319 sps] R=-45918.7 C=2144 Safe=25.21% SAI=0.394 Jain=1.000 PeakMF=0.792
[Ep  1450 | Step   696,000/2,000,000 | 319 sps] R=-47307.4 C=2206 Safe=22.50% SAI=0.352 Jain=1.000 PeakMF=0.792
[Ep  1500 | Step   720,000/2,000,000 | 319 sps] R=-46807.8 C=2231 Safe=21.88% SAI=0.376 Jain=1.000 PeakMF=0.792
[Ep  1550 | Step   744,000/2,000,000 | 319 sps] R=-46237.4 C=2194 Safe=22.29% SAI=0.358 Jain=1.000 PeakMF=0.792
[Ep  1600 | Step   768,000/2,000,000 | 319 sps] R=-44946.7 C=2139 Safe=25.62% SAI=0.376 Jain=1.000 PeakMF=0.792
[Ep  1650 | Step   792,000/2,000,000 | 318 sps] R=-45013.4 C=2175 Safe=22.08% SAI=0.379 Jain=1.000 PeakMF=0.792
[Ep  1700 | Step   816,000/2,000,000 | 318 sps] R=-44039.5 C=2148 Safe=25.00% SAI=0.379 Jain=1.000 PeakMF=0.792
[Ep  1750 | Step   840,000/2,000,000 | 318 sps] R=-46288.8 C=2231 Safe=21.88% SAI=0.366 Jain=1.000 PeakMF=0.792
[Ep  1800 | Step   864,000/2,000,000 | 318 sps] R=-42278.7 C=2152 Safe=24.79% SAI=0.379 Jain=1.000 PeakMF=0.792
[Ep  1850 | Step   888,000/2,000,000 | 318 sps] R=-46277.4 C=2170 Safe=23.33% SAI=0.357 Jain=1.000 PeakMF=0.792
[Ep  1900 | Step   912,000/2,000,000 | 318 sps] R=-46350.6 C=2186 Safe=22.50% SAI=0.357 Jain=1.000 PeakMF=0.792
[Ep  1950 | Step   936,000/2,000,000 | 318 sps] R=-44371.0 C=2154 Safe=24.79% SAI=0.371 Jain=1.000 PeakMF=0.792
[Ep  2000 | Step   960,000/2,000,000 | 318 sps] R=-42767.3 C=2173 Safe=23.54% SAI=0.381 Jain=1.000 PeakMF=0.792
[Ep  2050 | Step   984,000/2,000,000 | 318 sps] R=-42339.4 C=2177 Safe=23.33% SAI=0.380 Jain=1.000 PeakMF=0.792
[Ep  2100 | Step 1,008,000/2,000,000 | 318 sps] R=-46423.4 C=2257 Safe=21.25% SAI=0.364 Jain=1.000 PeakMF=0.792
[Ep  2150 | Step 1,032,000/2,000,000 | 318 sps] R=-46553.1 C=2234 Safe=21.67% SAI=0.357 Jain=1.000 PeakMF=0.792
[Ep  2200 | Step 1,056,000/2,000,000 | 318 sps] R=-43883.8 C=2175 Safe=22.50% SAI=0.376 Jain=1.000 PeakMF=0.792
[Ep  2250 | Step 1,080,000/2,000,000 | 318 sps] R=-43112.6 C=2168 Safe=23.96% SAI=0.372 Jain=1.000 PeakMF=0.792
[Ep  2300 | Step 1,104,000/2,000,000 | 318 sps] R=-38628.6 C=2152 Safe=25.00% SAI=0.404 Jain=1.000 PeakMF=0.792
[Ep  2350 | Step 1,128,000/2,000,000 | 318 sps] R=-36848.0 C=2155 Safe=25.00% SAI=0.424 Jain=1.000 PeakMF=0.792
[Ep  2400 | Step 1,152,000/2,000,000 | 318 sps] R=-41288.6 C=2154 Safe=24.79% SAI=0.380 Jain=1.000 PeakMF=0.792
[Ep  2450 | Step 1,176,000/2,000,000 | 318 sps] R=-43898.7 C=2169 Safe=23.96% SAI=0.377 Jain=1.000 PeakMF=0.792
[Ep  2500 | Step 1,200,000/2,000,000 | 318 sps] R=-39901.2 C=2136 Safe=25.21% SAI=0.385 Jain=1.000 PeakMF=0.792
[Ep  2550 | Step 1,224,000/2,000,000 | 318 sps] R=-43249.4 C=2157 Safe=24.38% SAI=0.367 Jain=1.000 PeakMF=0.792
[Ep  2600 | Step 1,248,000/2,000,000 | 318 sps] R=-42368.5 C=2157 Safe=24.38% SAI=0.379 Jain=1.000 PeakMF=0.792
[Ep  2650 | Step 1,272,000/2,000,000 | 318 sps] R=-44758.0 C=2166 Safe=23.96% SAI=0.365 Jain=1.000 PeakMF=0.792
[Ep  2700 | Step 1,296,000/2,000,000 | 318 sps] R=-45396.7 C=2213 Safe=22.08% SAI=0.366 Jain=1.000 PeakMF=0.792
[Ep  2750 | Step 1,320,000/2,000,000 | 318 sps] R=-40834.3 C=2153 Safe=25.00% SAI=0.403 Jain=1.000 PeakMF=0.792
[Ep  2800 | Step 1,344,000/2,000,000 | 318 sps] R=-38474.8 C=2147 Safe=25.21% SAI=0.400 Jain=1.000 PeakMF=0.792
[Ep  2850 | Step 1,368,000/2,000,000 | 317 sps] R=-38878.7 C=2151 Safe=25.00% SAI=0.401 Jain=1.000 PeakMF=0.792Using device: cuda
Path G: loading pre-computed profiles from /root/hcmarl_project/config/pathg_profiles.json
Generating demonstrations from calibrated profiles (Eq 35 controller)...
  Generated 102 demonstrations from 34 workers
  HELDOUT_NLL model selection for K:
    K=1: heldout_nll=6704283.5000
    K=2: heldout_nll=284044.3125
    K=3: heldout_nll=47497.7852
    K=4: heldout_nll=6160727.5000
    K=5: heldout_nll=7474.6758
  Selected K=5 (lowest heldout_nll=7474.6758)

--- MMICRL Type Discovery Results ---
  Demonstrations: 102
  Types discovered: 5
  Type proportions: ['0.13', '0.20', '0.32', '0.05', '0.30']
  Mutual information I(tau;z): 0.0000
  Objective value: 0.0000
  Learned thresholds per type (raw):
    Type 0: {shoulder: 0.215}
    Type 1: {shoulder: 0.291}
    Type 2: {shoulder: 0.182}
    Type 3: {shoulder: 0.346}
    Type 4: {shoulder: 0.234}
  WARNING: MI (0.0000) < 0.01 -- latent types are behaviorally indistinguishable on this demo set. Effective per-worker theta will fall back to config floors (no MMICRL contribution). Consider multi-muscle demos or lambda1 tuning to restore discrimination.
  Results saved to logs/ablation_no_reperfusion/seed_9/mmicrl/mmicrl_results.json
Using MMICRL-learned thresholds for 6 workers (5 types, rescaled into [floor,1]; floors: {'shoulder': 0.7, 'ankle': 0.8, 'knee': 0.6, 'elbow': 0.45, 'trunk': 0.65, 'grip': 0.45})
  Effective per-worker theta_max: {'worker_0': {'shoulder': 0.7}, 'worker_1': {'shoulder': 0.7}, 'worker_2': {'shoulder': 0.7}, 'worker_3': {'shoulder': 0.7}, 'worker_4': {'shoulder': 0.7}, 'worker_5': {'shoulder': 0.7}}
============================================================
HC-MARL Training: HC-MARL (MAPPO + ECBF + NSWF)
Seed: 9 | Device: cuda | Workers: 6
Total steps: 2,000,000 | Eval every: 50,000
Checkpoint dir: checkpoints/ablation_no_reperfusion/seed_9
============================================================
[Ep    50 | Step    24,000/2,000,000 | 315 sps] R=-43880.6 C=2199 Safe=22.92% SAI=0.406 Jain=1.000 PeakMF=0.777
[Ep   100 | Step    48,000/2,000,000 | 316 sps] R=-46578.7 C=2222 Safe=21.88% SAI=0.412 Jain=1.000 PeakMF=0.775
[Ep   150 | Step    72,000/2,000,000 | 316 sps] R=-43078.8 C=2184 Safe=23.12% SAI=0.431 Jain=1.000 PeakMF=0.765
[Ep   200 | Step    96,000/2,000,000 | 316 sps] R=-44622.9 C=2220 Safe=22.08% SAI=0.409 Jain=1.000 PeakMF=0.769
[Ep   250 | Step   120,000/2,000,000 | 316 sps] R=-48798.2 C=2242 Safe=21.46% SAI=0.398 Jain=1.000 PeakMF=0.777
[Ep   300 | Step   144,000/2,000,000 | 317 sps] R=-45523.2 C=2229 Safe=21.88% SAI=0.418 Jain=0.999 PeakMF=0.779
[Ep   350 | Step   168,000/2,000,000 | 317 sps] R=-45338.1 C=2217 Safe=22.08% SAI=0.398 Jain=1.000 PeakMF=0.775
[Ep   400 | Step   192,000/2,000,000 | 317 sps] R=-46201.2 C=2219 Safe=21.46% SAI=0.399 Jain=1.000 PeakMF=0.778
[Ep   450 | Step   216,000/2,000,000 | 317 sps] R=-45373.3 C=2198 Safe=22.71% SAI=0.432 Jain=1.000 PeakMF=0.773
[Ep   500 | Step   240,000/2,000,000 | 317 sps] R=-43239.0 C=2179 Safe=22.71% SAI=0.410 Jain=1.000 PeakMF=0.783
[Ep   550 | Step   264,000/2,000,000 | 317 sps] R=-45483.3 C=2211 Safe=22.08% SAI=0.414 Jain=1.000 PeakMF=0.775
[Ep   600 | Step   288,000/2,000,000 | 317 sps] R=-44487.7 C=2209 Safe=22.29% SAI=0.412 Jain=1.000 PeakMF=0.780
[Ep   650 | Step   312,000/2,000,000 | 317 sps] R=-45913.5 C=2173 Safe=23.33% SAI=0.413 Jain=1.000 PeakMF=0.779
[Ep   700 | Step   336,000/2,000,000 | 317 sps] R=-46837.1 C=2223 Safe=21.88% SAI=0.381 Jain=0.999 PeakMF=0.786
[Ep   750 | Step   360,000/2,000,000 | 317 sps] R=-44726.8 C=2198 Safe=22.29% SAI=0.406 Jain=0.999 PeakMF=0.781
[Ep   800 | Step   384,000/2,000,000 | 317 sps] R=-47463.1 C=2240 Safe=21.88% SAI=0.392 Jain=0.999 PeakMF=0.790
[Ep   850 | Step   408,000/2,000,000 | 316 sps] R=-47579.6 C=2232 Safe=22.29% SAI=0.386 Jain=1.000 PeakMF=0.786
[Ep   900 | Step   432,000/2,000,000 | 316 sps] R=-47552.5 C=2229 Safe=22.08% SAI=0.418 Jain=0.999 PeakMF=0.781
[Ep   950 | Step   456,000/2,000,000 | 317 sps] R=-46995.6 C=2231 Safe=21.67% SAI=0.392 Jain=1.000 PeakMF=0.781
[Ep  1000 | Step   480,000/2,000,000 | 316 sps] R=-44509.0 C=2189 Safe=22.50% SAI=0.411 Jain=1.000 PeakMF=0.784
[Ep  1050 | Step   504,000/2,000,000 | 316 sps] R=-42186.6 C=2156 Safe=24.79% SAI=0.407 Jain=1.000 PeakMF=0.789
[Ep  1100 | Step   528,000/2,000,000 | 317 sps] R=-43645.6 C=2143 Safe=24.79% SAI=0.409 Jain=1.000 PeakMF=0.787
[Ep  1150 | Step   552,000/2,000,000 | 316 sps] R=-43056.1 C=2153 Safe=24.79% SAI=0.397 Jain=1.000 PeakMF=0.788
[Ep  1200 | Step   576,000/2,000,000 | 316 sps] R=-47053.8 C=2186 Safe=23.54% SAI=0.385 Jain=1.000 PeakMF=0.789
[Ep  1250 | Step   600,000/2,000,000 | 316 sps] R=-40660.6 C=2151 Safe=25.00% SAI=0.417 Jain=1.000 PeakMF=0.788
[Ep  1300 | Step   624,000/2,000,000 | 316 sps] R=-42458.6 C=2141 Safe=25.21% SAI=0.385 Jain=1.000 PeakMF=0.791
[Ep  1350 | Step   648,000/2,000,000 | 316 sps] R=-41695.4 C=2137 Safe=25.42% SAI=0.411 Jain=1.000 PeakMF=0.790
[Ep  1400 | Step   672,000/2,000,000 | 316 sps] R=-45047.3 C=2133 Safe=24.79% SAI=0.382 Jain=1.000 PeakMF=0.792
[Ep  1450 | Step   696,000/2,000,000 | 316 sps] R=-39344.5 C=2144 Safe=25.42% SAI=0.419 Jain=1.000 PeakMF=0.791
[Ep  1500 | Step   720,000/2,000,000 | 316 sps] R=-40700.0 C=2152 Safe=25.00% SAI=0.381 Jain=1.000 PeakMF=0.792
[Ep  1550 | Step   744,000/2,000,000 | 316 sps] R=-40047.5 C=2146 Safe=25.21% SAI=0.381 Jain=1.000 PeakMF=0.792
[Ep  1600 | Step   768,000/2,000,000 | 316 sps] R=-43387.9 C=2159 Safe=24.38% SAI=0.367 Jain=1.000 PeakMF=0.792
[Ep  1650 | Step   792,000/2,000,000 | 316 sps] R=-41966.5 C=2138 Safe=25.21% SAI=0.375 Jain=1.000 PeakMF=0.792
[Ep  1700 | Step   816,000/2,000,000 | 316 sps] R=-42185.7 C=2148 Safe=24.79% SAI=0.393 Jain=1.000 PeakMF=0.792
[Ep  1750 | Step   840,000/2,000,000 | 316 sps] R=-43297.0 C=2127 Safe=25.83% SAI=0.374 Jain=1.000 PeakMF=0.792
[Ep  1800 | Step   864,000/2,000,000 | 316 sps] R=-47010.8 C=2246 Safe=21.25% SAI=0.365 Jain=1.000 PeakMF=0.792
[Ep  1850 | Step   888,000/2,000,000 | 316 sps] R=-45525.4 C=2204 Safe=22.08% SAI=0.369 Jain=1.000 PeakMF=0.792
[Ep  1900 | Step   912,000/2,000,000 | 316 sps] R=-44043.6 C=2187 Safe=23.12% SAI=0.354 Jain=1.000 PeakMF=0.792
[Ep  1950 | Step   936,000/2,000,000 | 316 sps] R=-45878.0 C=2215 Safe=21.67% SAI=0.352 Jain=1.000 PeakMF=0.792
[Ep  2000 | Step   960,000/2,000,000 | 316 sps] R=-42996.1 C=2153 Safe=25.21% SAI=0.381 Jain=1.000 PeakMF=0.792
[Ep  2050 | Step   984,000/2,000,000 | 316 sps] R=-45041.4 C=2187 Safe=22.50% SAI=0.374 Jain=1.000 PeakMF=0.792
[Ep  2100 | Step 1,008,000/2,000,000 | 316 sps] R=-44393.7 C=2159 Safe=23.96% SAI=0.371 Jain=1.000 PeakMF=0.792
[Ep  2150 | Step 1,032,000/2,000,000 | 316 sps] R=-44054.7 C=2163 Safe=24.38% SAI=0.374 Jain=1.000 PeakMF=0.792
[Ep  2200 | Step 1,056,000/2,000,000 | 316 sps] R=-45699.6 C=2194 Safe=21.46% SAI=0.361 Jain=1.000 PeakMF=0.792
[Ep  2250 | Step 1,080,000/2,000,000 | 317 sps] R=-41081.4 C=2164 Safe=24.17% SAI=0.364 Jain=1.000 PeakMF=0.792
[Ep  2300 | Step 1,104,000/2,000,000 | 317 sps] R=-37561.7 C=2159 Safe=24.79% SAI=0.416 Jain=1.000 PeakMF=0.792
[Ep  2350 | Step 1,128,000/2,000,000 | 317 sps] R=-37894.5 C=2157 Safe=25.00% SAI=0.413 Jain=1.000 PeakMF=0.792
[Ep  2400 | Step 1,152,000/2,000,000 | 317 sps] R=-39253.9 C=2147 Safe=25.21% SAI=0.409 Jain=1.000 PeakMF=0.792
[Ep  2450 | Step 1,176,000/2,000,000 | 316 sps] R=-36970.9 C=2150 Safe=25.00% SAI=0.415 Jain=1.000 PeakMF=0.792
[Ep  2500 | Step 1,200,000/2,000,000 | 317 sps] R=-38505.6 C=2153 Safe=25.00% SAI=0.399 Jain=1.000 PeakMF=0.792
[Ep  2550 | Step 1,224,000/2,000,000 | 317 sps] R=-35762.0 C=2152 Safe=25.00% SAI=0.431 Jain=1.000 PeakMF=0.792
[Ep  2600 | Step 1,248,000/2,000,000 | 317 sps] R=-37569.0 C=2153 Safe=24.79% SAI=0.412 Jain=1.000 PeakMF=0.792
[Ep  2650 | Step 1,272,000/2,000,000 | 317 sps] R=-36938.8 C=2156 Safe=25.00% SAI=0.416 Jain=1.000 PeakMF=0.792
[Ep  2700 | Step 1,296,000/2,000,000 | 317 sps] R=-41183.3 C=2163 Safe=24.79% SAI=0.386 Jain=1.000 PeakMF=0.792
[Ep  2750 | Step 1,320,000/2,000,000 | 317 sps] R=-41847.7 C=2148 Safe=24.58% SAI=0.384 Jain=1.000 PeakMF=0.792
[Ep  2800 | Step 1,344,000/2,000,000 | 317 sps] R=-42965.2 C=2178 Safe=22.92% SAI=0.362 Jain=1.000 PeakMF=0.792
Using device: cuda
Path G: loading pre-computed profiles from /root/hcmarl_project/config/pathg_profiles.json
Generating demonstrations from calibrated profiles (Eq 35 controller)...
  Generated 102 demonstrations from 34 workers
  HELDOUT_NLL model selection for K:
    K=1: heldout_nll=617.5885
    K=2: heldout_nll=601.5789
    K=3: heldout_nll=2524068.7500
    K=4: heldout_nll=241.7762
    K=5: heldout_nll=7382.7100
  Selected K=4 (lowest heldout_nll=241.7762)

--- MMICRL Type Discovery Results ---
  Demonstrations: 102
  Types discovered: 4
  Type proportions: ['0.39', '0.07', '0.49', '0.05']
  Mutual information I(tau;z): 0.0000
  Objective value: 0.0000
  Learned thresholds per type (raw):
    Type 0: {shoulder: 0.286}
    Type 1: {shoulder: 0.212}
    Type 2: {shoulder: 0.195}
    Type 3: {shoulder: 0.235}
  WARNING: MI (0.0000) < 0.01 -- latent types are behaviorally indistinguishable on this demo set. Effective per-worker theta will fall back to config floors (no MMICRL contribution). Consider multi-muscle demos or lambda1 tuning to restore discrimination.
  Results saved to logs/ablation_no_reperfusion/seed_7/mmicrl/mmicrl_results.json
Using MMICRL-learned thresholds for 6 workers (4 types, rescaled into [floor,1]; floors: {'shoulder': 0.7, 'ankle': 0.8, 'knee': 0.6, 'elbow': 0.45, 'trunk': 0.65, 'grip': 0.45})
  Effective per-worker theta_max: {'worker_0': {'shoulder': 0.7}, 'worker_1': {'shoulder': 0.7}, 'worker_2': {'shoulder': 0.7}, 'worker_3': {'shoulder': 0.7}, 'worker_4': {'shoulder': 0.7}, 'worker_5': {'shoulder': 0.7}}
============================================================
HC-MARL Training: HC-MARL (MAPPO + ECBF + NSWF)
Seed: 7 | Device: cuda | Workers: 6
Total steps: 2,000,000 | Eval every: 50,000
Checkpoint dir: checkpoints/ablation_no_reperfusion/seed_7
============================================================
[Ep    50 | Step    24,000/2,000,000 | 319 sps] R=-45780.0 C=2240 Safe=21.67% SAI=0.415 Jain=1.000 PeakMF=0.771
[Ep   100 | Step    48,000/2,000,000 | 318 sps] R=-43105.8 C=2194 Safe=22.71% SAI=0.404 Jain=1.000 PeakMF=0.775
[Ep   150 | Step    72,000/2,000,000 | 317 sps] R=-40867.8 C=2177 Safe=23.54% SAI=0.410 Jain=0.999 PeakMF=0.751
[Ep   200 | Step    96,000/2,000,000 | 317 sps] R=-44390.4 C=2195 Safe=22.50% SAI=0.407 Jain=1.000 PeakMF=0.777
[Ep   250 | Step   120,000/2,000,000 | 317 sps] R=-43456.0 C=2193 Safe=23.12% SAI=0.411 Jain=1.000 PeakMF=0.770
[Ep   300 | Step   144,000/2,000,000 | 316 sps] R=-44992.7 C=2240 Safe=21.88% SAI=0.399 Jain=1.000 PeakMF=0.767
[Ep   350 | Step   168,000/2,000,000 | 316 sps] R=-41702.3 C=2193 Safe=23.12% SAI=0.427 Jain=1.000 PeakMF=0.756
[Ep   400 | Step   192,000/2,000,000 | 316 sps] R=-41903.5 C=2190 Safe=22.92% SAI=0.426 Jain=1.000 PeakMF=0.770
[Ep   450 | Step   216,000/2,000,000 | 316 sps] R=-44627.6 C=2206 Safe=22.08% SAI=0.414 Jain=1.000 PeakMF=0.770
[Ep   500 | Step   240,000/2,000,000 | 316 sps] R=-45154.3 C=2227 Safe=21.67% SAI=0.397 Jain=1.000 PeakMF=0.778
[Ep   550 | Step   264,000/2,000,000 | 316 sps] R=-43206.7 C=2179 Safe=22.71% SAI=0.417 Jain=1.000 PeakMF=0.770
[Ep   600 | Step   288,000/2,000,000 | 316 sps] R=-41064.7 C=2183 Safe=22.92% SAI=0.432 Jain=1.000 PeakMF=0.773
[Ep   650 | Step   312,000/2,000,000 | 316 sps] R=-44613.1 C=2223 Safe=21.67% SAI=0.403 Jain=1.000 PeakMF=0.776
[Ep   700 | Step   336,000/2,000,000 | 316 sps] R=-45197.9 C=2187 Safe=21.88% SAI=0.406 Jain=1.000 PeakMF=0.780
[Ep   750 | Step   360,000/2,000,000 | 316 sps] R=-41826.3 C=2162 Safe=23.75% SAI=0.434 Jain=1.000 PeakMF=0.779
[Ep   800 | Step   384,000/2,000,000 | 316 sps] R=-44746.1 C=2184 Safe=23.54% SAI=0.397 Jain=1.000 PeakMF=0.784
[Ep   850 | Step   408,000/2,000,000 | 316 sps] R=-42561.5 C=2179 Safe=22.50% SAI=0.424 Jain=1.000 PeakMF=0.777
[Ep   900 | Step   432,000/2,000,000 | 316 sps] R=-46914.6 C=2223 Safe=22.50% SAI=0.398 Jain=0.999 PeakMF=0.784
[Ep   950 | Step   456,000/2,000,000 | 316 sps] R=-42957.6 C=2160 Safe=24.17% SAI=0.400 Jain=1.000 PeakMF=0.783
[Ep  1000 | Step   480,000/2,000,000 | 316 sps] R=-45433.2 C=2216 Safe=22.50% SAI=0.410 Jain=1.000 PeakMF=0.783
[Ep  1050 | Step   504,000/2,000,000 | 316 sps] R=-43905.2 C=2223 Safe=21.67% SAI=0.401 Jain=1.000 PeakMF=0.785
[Ep  1100 | Step   528,000/2,000,000 | 316 sps] R=-46173.5 C=2240 Safe=21.46% SAI=0.398 Jain=1.000 PeakMF=0.784
[Ep  1150 | Step   552,000/2,000,000 | 316 sps] R=-45305.7 C=2234 Safe=21.46% SAI=0.394 Jain=1.000 PeakMF=0.787
[Ep  1200 | Step   576,000/2,000,000 | 316 sps] R=-46265.0 C=2229 Safe=21.46% SAI=0.373 Jain=1.000 PeakMF=0.791
[Ep  1250 | Step   600,000/2,000,000 | 316 sps] R=-45186.7 C=2224 Safe=22.08% SAI=0.385 Jain=1.000 PeakMF=0.789
[Ep  1300 | Step   624,000/2,000,000 | 316 sps] R=-46795.0 C=2194 Safe=22.29% SAI=0.380 Jain=1.000 PeakMF=0.790
[Ep  1350 | Step   648,000/2,000,000 | 316 sps] R=-42935.1 C=2147 Safe=25.00% SAI=0.384 Jain=1.000 PeakMF=0.791
[Ep  1400 | Step   672,000/2,000,000 | 316 sps] R=-45877.2 C=2198 Safe=22.92% SAI=0.368 Jain=1.000 PeakMF=0.791
[Ep  1450 | Step   696,000/2,000,000 | 316 sps] R=-44326.5 C=2191 Safe=23.12% SAI=0.368 Jain=1.000 PeakMF=0.792
[Ep  1500 | Step   720,000/2,000,000 | 316 sps] R=-43093.6 C=2188 Safe=23.33% SAI=0.369 Jain=1.000 PeakMF=0.792
[Ep  1550 | Step   744,000/2,000,000 | 316 sps] R=-46888.0 C=2225 Safe=21.67% SAI=0.374 Jain=1.000 PeakMF=0.792
[Ep  1600 | Step   768,000/2,000,000 | 316 sps] R=-45299.1 C=2168 Safe=22.50% SAI=0.373 Jain=1.000 PeakMF=0.792
[Ep  1650 | Step   792,000/2,000,000 | 316 sps] R=-45857.8 C=2160 Safe=24.58% SAI=0.364 Jain=1.000 PeakMF=0.792
[Ep  1700 | Step   816,000/2,000,000 | 316 sps] R=-42549.6 C=2155 Safe=24.38% SAI=0.378 Jain=1.000 PeakMF=0.792
[Ep  1750 | Step   840,000/2,000,000 | 316 sps] R=-44686.0 C=2186 Safe=22.92% SAI=0.383 Jain=1.000 PeakMF=0.792
[Ep  1800 | Step   864,000/2,000,000 | 316 sps] R=-45384.5 C=2200 Safe=21.88% SAI=0.365 Jain=1.000 PeakMF=0.792
[Ep  1850 | Step   888,000/2,000,000 | 316 sps] R=-41992.0 C=2180 Safe=21.88% SAI=0.370 Jain=1.000 PeakMF=0.792
[Ep  1900 | Step   912,000/2,000,000 | 316 sps] R=-44973.7 C=2171 Safe=22.92% SAI=0.358 Jain=1.000 PeakMF=0.792
[Ep  1950 | Step   936,000/2,000,000 | 316 sps] R=-45396.4 C=2149 Safe=24.79% SAI=0.364 Jain=1.000 PeakMF=0.792
[Ep  2000 | Step   960,000/2,000,000 | 316 sps] R=-46771.4 C=2232 Safe=21.88% SAI=0.347 Jain=1.000 PeakMF=0.792
[Ep  2050 | Step   984,000/2,000,000 | 316 sps] R=-45828.4 C=2201 Safe=22.29% SAI=0.356 Jain=1.000 PeakMF=0.792
[Ep  2100 | Step 1,008,000/2,000,000 | 316 sps] R=-46606.0 C=2226 Safe=21.25% SAI=0.358 Jain=1.000 PeakMF=0.792
[Ep  2150 | Step 1,032,000/2,000,000 | 316 sps] R=-41197.5 C=2154 Safe=24.79% SAI=0.381 Jain=1.000 PeakMF=0.792
[Ep  2200 | Step 1,056,000/2,000,000 | 316 sps] R=-37327.0 C=2160 Safe=24.79% SAI=0.409 Jain=1.000 PeakMF=0.792
[Ep  2250 | Step 1,080,000/2,000,000 | 316 sps] R=-37472.3 C=2160 Safe=24.79% SAI=0.420 Jain=1.000 PeakMF=0.792
[Ep  2300 | Step 1,104,000/2,000,000 | 316 sps] R=-38545.2 C=2147 Safe=25.21% SAI=0.415 Jain=1.000 PeakMF=0.792
[Ep  2350 | Step 1,128,000/2,000,000 | 316 sps] R=-45096.8 C=2153 Safe=23.54% SAI=0.368 Jain=1.000 PeakMF=0.792
[Ep  2400 | Step 1,152,000/2,000,000 | 316 sps] R=-40480.0 C=2142 Safe=25.42% SAI=0.404 Jain=1.000 PeakMF=0.792
[Ep  2450 | Step 1,176,000/2,000,000 | 316 sps] R=-43691.1 C=2171 Safe=23.33% SAI=0.385 Jain=1.000 PeakMF=0.792
[Ep  2500 | Step 1,200,000/2,000,000 | 316 sps] R=-44764.9 C=2179 Safe=22.29% SAI=0.374 Jain=1.000 PeakMF=0.792
[Ep  2550 | Step 1,224,000/2,000,000 | 316 sps] R=-38361.8 C=2157 Safe=25.00% SAI=0.400 Jain=1.000 PeakMF=0.792
[Ep  2600 | Step 1,248,000/2,000,000 | 316 sps] R=-38062.8 C=2153 Safe=25.21% SAI=0.404 Jain=1.000 PeakMF=0.792
[Ep  2650 | Step 1,272,000/2,000,000 | 316 sps] R=-38261.2 C=2155 Safe=25.00% SAI=0.408 Jain=1.000 PeakMF=0.792
[Ep  2700 | Step 1,296,000/2,000,000 | 316 sps] R=-38793.8 C=2150 Safe=25.00% SAI=0.395 Jain=1.000 PeakMF=0.792
[Ep  2750 | Step 1,320,000/2,000,000 | 316 sps] R=-38194.8 C=2158 Safe=24.79% SAI=0.413 Jain=1.000 PeakMF=0.792
[Ep  2800 | Step 1,344,000/2,000,000 | 316 sps] R=-37280.5 C=2158 Safe=24.58% SAI=0.420 Jain=1.000 PeakMF=0.792
[Ep  2850 | Step 1,368,000/2,000,000 | 316 sps] R=-38331.8 C=2159 Safe=24.58% SAI=0.409 Jain=1.000 PeakMF=0.792Using device: cuda
Path G: loading pre-computed profiles from /root/hcmarl_project/config/pathg_profiles.json
Generating demonstrations from calibrated profiles (Eq 35 controller)...
  Generated 102 demonstrations from 34 workers
  HELDOUT_NLL model selection for K:
    K=1: heldout_nll=66240.1016
    K=2: heldout_nll=119624393818112.0000
    K=3: heldout_nll=15381214.0000
    K=4: heldout_nll=1828.3118
    K=5: heldout_nll=15538764906496.0000
  Selected K=4 (lowest heldout_nll=1828.3118)

--- MMICRL Type Discovery Results ---
  Demonstrations: 102
  Types discovered: 4
  Type proportions: ['0.35', '0.31', '0.14', '0.20']
  Mutual information I(tau;z): 0.8984
  Objective value: 0.8984
  Learned thresholds per type (raw):
    Type 0: {shoulder: 0.294}
    Type 1: {shoulder: 0.235}
    Type 2: {shoulder: 0.218}
    Type 3: {shoulder: 0.154}
  Results saved to logs/ablation_no_reperfusion/seed_8/mmicrl/mmicrl_results.json
Using MMICRL-learned thresholds for 6 workers (4 types, rescaled into [floor,1]; floors: {'shoulder': 0.7, 'ankle': 0.8, 'knee': 0.6, 'elbow': 0.45, 'trunk': 0.65, 'grip': 0.45})
  Effective per-worker theta_max: {'worker_0': {'shoulder': 0.999}, 'worker_1': {'shoulder': 0.999}, 'worker_2': {'shoulder': 0.8726179322409156}, 'worker_3': {'shoulder': 0.8726179322409156}, 'worker_4': {'shoulder': 0.8366321754251997}, 'worker_5': {'shoulder': 0.7}}
============================================================
HC-MARL Training: HC-MARL (MAPPO + ECBF + NSWF)
Seed: 8 | Device: cuda | Workers: 6
Total steps: 2,000,000 | Eval every: 50,000
Checkpoint dir: checkpoints/ablation_no_reperfusion/seed_8
============================================================
[Ep    50 | Step    24,000/2,000,000 | 314 sps] R=-42074.4 C=2156 Safe=23.96% SAI=0.441 Jain=1.000 PeakMF=0.914
[Ep   100 | Step    48,000/2,000,000 | 315 sps] R=-43970.5 C=2152 Safe=24.17% SAI=0.441 Jain=1.000 PeakMF=0.914
[Ep   150 | Step    72,000/2,000,000 | 316 sps] R=-44259.6 C=2184 Safe=23.75% SAI=0.427 Jain=1.000 PeakMF=0.913
[Ep   200 | Step    96,000/2,000,000 | 316 sps] R=-45236.0 C=2220 Safe=22.29% SAI=0.430 Jain=1.000 PeakMF=0.913
[Ep   250 | Step   120,000/2,000,000 | 316 sps] R=-46435.8 C=2228 Safe=21.67% SAI=0.439 Jain=1.000 PeakMF=0.912
[Ep   300 | Step   144,000/2,000,000 | 316 sps] R=-46732.4 C=2231 Safe=22.08% SAI=0.420 Jain=0.999 PeakMF=0.913
[Ep   350 | Step   168,000/2,000,000 | 316 sps] R=-44634.4 C=2220 Safe=21.88% SAI=0.425 Jain=1.000 PeakMF=0.913
[Ep   400 | Step   192,000/2,000,000 | 316 sps] R=-46870.0 C=2228 Safe=21.88% SAI=0.422 Jain=1.000 PeakMF=0.913
[Ep   450 | Step   216,000/2,000,000 | 316 sps] R=-45999.7 C=2226 Safe=21.88% SAI=0.431 Jain=1.000 PeakMF=0.914
[Ep   500 | Step   240,000/2,000,000 | 316 sps] R=-48086.4 C=2255 Safe=21.46% SAI=0.430 Jain=1.000 PeakMF=0.913
[Ep   550 | Step   264,000/2,000,000 | 316 sps] R=-46305.7 C=2229 Safe=21.88% SAI=0.419 Jain=1.000 PeakMF=0.913
[Ep   600 | Step   288,000/2,000,000 | 316 sps] R=-45342.9 C=2216 Safe=22.29% SAI=0.426 Jain=0.999 PeakMF=0.913
[Ep   650 | Step   312,000/2,000,000 | 316 sps] R=-45295.7 C=2203 Safe=22.50% SAI=0.433 Jain=1.000 PeakMF=0.913
[Ep   700 | Step   336,000/2,000,000 | 316 sps] R=-44543.6 C=2208 Safe=22.08% SAI=0.433 Jain=1.000 PeakMF=0.912
[Ep   750 | Step   360,000/2,000,000 | 316 sps] R=-46990.3 C=2227 Safe=21.88% SAI=0.417 Jain=1.000 PeakMF=0.913
[Ep   800 | Step   384,000/2,000,000 | 316 sps] R=-44864.7 C=2229 Safe=21.67% SAI=0.437 Jain=1.000 PeakMF=0.913
[Ep   850 | Step   408,000/2,000,000 | 316 sps] R=-48857.7 C=2257 Safe=21.04% SAI=0.427 Jain=1.000 PeakMF=0.913
[Ep   900 | Step   432,000/2,000,000 | 316 sps] R=-46867.8 C=2226 Safe=22.29% SAI=0.432 Jain=0.999 PeakMF=0.913
[Ep   950 | Step   456,000/2,000,000 | 316 sps] R=-46038.1 C=2214 Safe=22.29% SAI=0.435 Jain=1.000 PeakMF=0.913
[Ep  1000 | Step   480,000/2,000,000 | 316 sps] R=-46858.3 C=2201 Safe=22.50% SAI=0.420 Jain=1.000 PeakMF=0.913
[Ep  1050 | Step   504,000/2,000,000 | 316 sps] R=-48625.9 C=2258 Safe=21.25% SAI=0.428 Jain=1.000 PeakMF=0.913
[Ep  1100 | Step   528,000/2,000,000 | 316 sps] R=-48708.0 C=2254 Safe=21.25% SAI=0.410 Jain=1.000 PeakMF=0.913
[Ep  1150 | Step   552,000/2,000,000 | 316 sps] R=-46448.9 C=2226 Safe=21.67% SAI=0.427 Jain=0.999 PeakMF=0.913
[Ep  1200 | Step   576,000/2,000,000 | 316 sps] R=-45897.9 C=2169 Safe=23.12% SAI=0.434 Jain=1.000 PeakMF=0.913
[Ep  1250 | Step   600,000/2,000,000 | 316 sps] R=-47719.1 C=2231 Safe=22.29% SAI=0.419 Jain=0.999 PeakMF=0.914
[Ep  1300 | Step   624,000/2,000,000 | 316 sps] R=-48609.1 C=2262 Safe=21.25% SAI=0.426 Jain=0.999 PeakMF=0.913
[Ep  1350 | Step   648,000/2,000,000 | 316 sps] R=-47719.0 C=2225 Safe=21.88% SAI=0.422 Jain=1.000 PeakMF=0.913
[Ep  1400 | Step   672,000/2,000,000 | 316 sps] R=-49248.4 C=2263 Safe=21.04% SAI=0.394 Jain=0.999 PeakMF=0.913
[Ep  1450 | Step   696,000/2,000,000 | 316 sps] R=-48392.5 C=2250 Safe=21.67% SAI=0.411 Jain=0.999 PeakMF=0.912
[Ep  1500 | Step   720,000/2,000,000 | 316 sps] R=-48244.4 C=2261 Safe=21.25% SAI=0.432 Jain=1.000 PeakMF=0.912
[Ep  1550 | Step   744,000/2,000,000 | 316 sps] R=-47315.4 C=2238 Safe=21.67% SAI=0.422 Jain=0.998 PeakMF=0.912
[Ep  1600 | Step   768,000/2,000,000 | 316 sps] R=-40979.0 C=2149 Safe=25.00% SAI=0.477 Jain=0.999 PeakMF=0.911
[Ep  1650 | Step   792,000/2,000,000 | 316 sps] R=-47701.5 C=2233 Safe=21.46% SAI=0.421 Jain=0.999 PeakMF=0.912
[Ep  1700 | Step   816,000/2,000,000 | 316 sps] R=-48054.7 C=2243 Safe=21.67% SAI=0.420 Jain=1.000 PeakMF=0.912
[Ep  1750 | Step   840,000/2,000,000 | 316 sps] R=-48504.4 C=2252 Safe=21.04% SAI=0.398 Jain=0.999 PeakMF=0.914
[Ep  1800 | Step   864,000/2,000,000 | 316 sps] R=-45837.9 C=2166 Safe=23.12% SAI=0.421 Jain=0.998 PeakMF=0.910
[Ep  1850 | Step   888,000/2,000,000 | 316 sps] R=-48317.5 C=2239 Safe=21.25% SAI=0.405 Jain=0.999 PeakMF=0.913
[Ep  1900 | Step   912,000/2,000,000 | 316 sps] R=-47577.8 C=2176 Safe=22.92% SAI=0.390 Jain=0.998 PeakMF=0.913
[Ep  1950 | Step   936,000/2,000,000 | 316 sps] R=-47944.6 C=2218 Safe=22.29% SAI=0.395 Jain=1.000 PeakMF=0.915
[Ep  2000 | Step   960,000/2,000,000 | 316 sps] R=-48740.7 C=2267 Safe=21.04% SAI=0.389 Jain=0.999 PeakMF=0.914
[Ep  2050 | Step   984,000/2,000,000 | 316 sps] R=-48863.9 C=2270 Safe=21.04% SAI=0.400 Jain=0.999 PeakMF=0.913
[Ep  2100 | Step 1,008,000/2,000,000 | 316 sps] R=-48415.7 C=2279 Safe=20.83% SAI=0.428 Jain=0.997 PeakMF=0.909
[Ep  2150 | Step 1,032,000/2,000,000 | 316 sps] R=-48255.9 C=2279 Safe=20.83% SAI=0.394 Jain=0.996 PeakMF=0.912
[Ep  2200 | Step 1,056,000/2,000,000 | 316 sps] R=-48092.9 C=2280 Safe=20.83% SAI=0.403 Jain=0.990 PeakMF=0.905
[Ep  2250 | Step 1,080,000/2,000,000 | 316 sps] R=-48070.8 C=2280 Safe=20.83% SAI=0.420 Jain=0.989 PeakMF=0.900
[Ep  2300 | Step 1,104,000/2,000,000 | 316 sps] R=-48134.5 C=2280 Safe=20.83% SAI=0.399 Jain=0.997 PeakMF=0.912
[Ep  2350 | Step 1,128,000/2,000,000 | 316 sps] R=-48105.4 C=2280 Safe=20.83% SAI=0.412 Jain=0.998 PeakMF=0.908
[Ep  2400 | Step 1,152,000/2,000,000 | 316 sps] R=-48066.4 C=2280 Safe=20.83% SAI=0.414 Jain=0.998 PeakMF=0.910
[Ep  2450 | Step 1,176,000/2,000,000 | 316 sps] R=-48038.6 C=2280 Safe=20.83% SAI=0.408 Jain=0.998 PeakMF=0.908
[Ep  2500 | Step 1,200,000/2,000,000 | 316 sps] R=-47942.1 C=2280 Safe=20.83% SAI=0.433 Jain=0.998 PeakMF=0.908
[Ep  2550 | Step 1,224,000/2,000,000 | 316 sps] R=-47962.7 C=2280 Safe=20.83% SAI=0.417 Jain=0.998 PeakMF=0.910
[Ep  2600 | Step 1,248,000/2,000,000 | 316 sps] R=-48007.6 C=2280 Safe=20.83% SAI=0.432 Jain=0.999 PeakMF=0.907
[Ep  2650 | Step 1,272,000/2,000,000 | 316 sps] R=-48177.6 C=2280 Safe=20.83% SAI=0.408 Jain=1.000 PeakMF=0.914
[Ep  2700 | Step 1,296,000/2,000,000 | 316 sps] R=-47886.4 C=2280 Safe=20.83% SAI=0.454 Jain=0.999 PeakMF=0.913
[Ep  2750 | Step 1,320,000/2,000,000 | 316 sps] R=-47797.8 C=2280 Safe=20.83% SAI=0.447 Jain=0.998 PeakMF=0.910
[Ep  2800 | Step 1,344,000/2,000,000 | 316 sps] R=-47679.2 C=2280 Safe=20.83% SAI=0.455 Jain=0.997 PeakMF=0.912
[Ep  2850 | Step 1,368,000/2,000,000 | 316 sps] R=-47720.9 C=2280 Safe=20.83% SAI=0.447 Jain=0.998 PeakMF=0.912
[Ep  2900 | Step 1,392,000/2,000,000 | 316 sps] R=-47607.4 C=2280 Safe=20.83% SAI=0.451 Jain=0.999 PeakMF=0.912
[Ep  2950 | Step 1,416,000/2,000,000 | 316 sps] R=-47481.7 C=2280 Safe=20.83% SAI=0.437 Jain=1.000 PeakMF=0.914Using device: cuda
============================================================
HC-MARL Training: HC-MARL (MAPPO + ECBF + NSWF)
Seed: 0 | Device: cuda | Workers: 6
Total steps: 2,000,000 | Eval every: 50,000
Checkpoint dir: checkpoints/ablation_no_mmicrl/seed_0
============================================================
[Ep    50 | Step    24,000/2,000,000 | 398 sps] R=-7288.8 C= 713 Safe=45.42% SAI=0.413 Jain=1.000 PeakMF=0.678
[Ep   100 | Step    48,000/2,000,000 | 352 sps] R=-3599.9 C= 130 Safe=88.54% SAI=0.410 Jain=1.000 PeakMF=0.684
[Ep   150 | Step    72,000/2,000,000 | 339 sps] R=-3126.3 C= 111 Safe=80.62% SAI=0.389 Jain=1.000 PeakMF=0.694
[Ep   200 | Step    96,000/2,000,000 | 333 sps] R=-4734.0 C= 520 Safe=46.04% SAI=0.371 Jain=1.000 PeakMF=0.694
[Ep   250 | Step   120,000/2,000,000 | 329 sps] R=-2725.3 C= 102 Safe=80.21% SAI=0.377 Jain=1.000 PeakMF=0.671
[Ep   300 | Step   144,000/2,000,000 | 327 sps] R=-2356.5 C=   6 Safe=98.75% SAI=0.380 Jain=1.000 PeakMF=0.682
[Ep   350 | Step   168,000/2,000,000 | 325 sps] R=-3461.9 C= 309 Safe=67.92% SAI=0.361 Jain=1.000 PeakMF=0.689
[Ep   400 | Step   192,000/2,000,000 | 324 sps] R=-2089.5 C=  52 Safe=90.42% SAI=0.350 Jain=1.000 PeakMF=0.684
[Ep   450 | Step   216,000/2,000,000 | 323 sps] R=-1885.8 C=  51 Safe=91.46% SAI=0.343 Jain=1.000 PeakMF=0.683
[Ep   500 | Step   240,000/2,000,000 | 322 sps] R=-1684.1 C=  18 Safe=96.88% SAI=0.346 Jain=1.000 PeakMF=0.686
[Ep   550 | Step   264,000/2,000,000 | 322 sps] R=-1984.0 C=  95 Safe=85.00% SAI=0.342 Jain=1.000 PeakMF=0.684
[Ep   600 | Step   288,000/2,000,000 | 321 sps] R=-1924.0 C=  90 Safe=86.25% SAI=0.338 Jain=1.000 PeakMF=0.687
[Ep   650 | Step   312,000/2,000,000 | 321 sps] R=-1586.1 C=  16 Safe=97.08% SAI=0.342 Jain=1.000 PeakMF=0.685
[Ep   700 | Step   336,000/2,000,000 | 320 sps] R=-1660.6 C=  37 Safe=93.12% SAI=0.339 Jain=1.000 PeakMF=0.687
[Ep   750 | Step   360,000/2,000,000 | 320 sps] R=-1560.7 C=  27 Safe=95.42% SAI=0.339 Jain=1.000 PeakMF=0.686
[Ep   800 | Step   384,000/2,000,000 | 320 sps] R=-1510.6 C=  13 Safe=97.50% SAI=0.338 Jain=1.000 PeakMF=0.687
[Ep   850 | Step   408,000/2,000,000 | 319 sps] R=-1428.7 C=   4 Safe=99.17% SAI=0.338 Jain=1.000 PeakMF=0.693
[Ep   900 | Step   432,000/2,000,000 | 319 sps] R=-1410.2 C=   5 Safe=98.96% SAI=0.336 Jain=1.000 PeakMF=0.689
[Ep   950 | Step   456,000/2,000,000 | 319 sps] R=-1437.2 C=   7 Safe=98.75% SAI=0.338 Jain=1.000 PeakMF=0.689
[Ep  1000 | Step   480,000/2,000,000 | 319 sps] R=-1430.3 C=  13 Safe=97.50% SAI=0.338 Jain=1.000 PeakMF=0.694
[Ep  1050 | Step   504,000/2,000,000 | 319 sps] R=-1579.4 C=  44 Safe=93.54% SAI=0.337 Jain=1.000 PeakMF=0.692
[Ep  1100 | Step   528,000/2,000,000 | 319 sps] R=-1482.3 C=  29 Safe=95.83% SAI=0.337 Jain=1.000 PeakMF=0.694
[Ep  1150 | Step   552,000/2,000,000 | 319 sps] R=-1646.4 C=  64 Safe=90.00% SAI=0.336 Jain=1.000 PeakMF=0.695
[Ep  1200 | Step   576,000/2,000,000 | 319 sps] R=-1536.0 C=  39 Safe=95.00% SAI=0.337 Jain=1.000 PeakMF=0.693
[Ep  1250 | Step   600,000/2,000,000 | 318 sps] R=-1459.7 C=  22 Safe=96.88% SAI=0.337 Jain=1.000 PeakMF=0.693
[Ep  1300 | Step   624,000/2,000,000 | 318 sps] R=-1437.3 C=  19 Safe=97.29% SAI=0.337 Jain=1.000 PeakMF=0.693
[Ep  1350 | Step   648,000/2,000,000 | 318 sps] R=-1404.4 C=  10 Safe=98.33% SAI=0.337 Jain=1.000 PeakMF=0.695
[Ep  1400 | Step   672,000/2,000,000 | 318 sps] R=-1383.0 C=   4 Safe=99.17% SAI=0.337 Jain=1.000 PeakMF=0.693
[Ep  1450 | Step   696,000/2,000,000 | 318 sps] R=-1460.6 C=  25 Safe=95.83% SAI=0.336 Jain=1.000 PeakMF=0.692
[Ep  1500 | Step   720,000/2,000,000 | 318 sps] R=-1549.8 C=  45 Safe=91.67% SAI=0.337 Jain=1.000 PeakMF=0.694
[Ep  1550 | Step   744,000/2,000,000 | 318 sps] R=-1541.9 C=  42 Safe=93.54% SAI=0.336 Jain=1.000 PeakMF=0.693
[Ep  1600 | Step   768,000/2,000,000 | 318 sps] R=-1401.8 C=  14 Safe=97.71% SAI=0.337 Jain=1.000 PeakMF=0.694
[Ep  1650 | Step   792,000/2,000,000 | 318 sps] R=-1384.0 C=  10 Safe=98.54% SAI=0.337 Jain=1.000 PeakMF=0.691
[Ep  1700 | Step   816,000/2,000,000 | 318 sps] R=-1359.2 C=   9 Safe=98.54% SAI=0.336 Jain=1.000 PeakMF=0.695
[Ep  1750 | Step   840,000/2,000,000 | 318 sps] R=-1429.0 C=  20 Safe=97.29% SAI=0.337 Jain=1.000 PeakMF=0.693
[Ep  1800 | Step   864,000/2,000,000 | 318 sps] R=-1725.6 C=  84 Safe=88.12% SAI=0.337 Jain=1.000 PeakMF=0.696
[Ep  1850 | Step   888,000/2,000,000 | 318 sps] R=-1400.5 C=  16 Safe=97.92% SAI=0.338 Jain=1.000 PeakMF=0.695
[Ep  1900 | Step   912,000/2,000,000 | 318 sps] R=-1618.1 C=  62 Safe=92.71% SAI=0.336 Jain=1.000 PeakMF=0.694
[Ep  1950 | Step   936,000/2,000,000 | 318 sps] R=-1389.6 C=  16 Safe=97.29% SAI=0.336 Jain=1.000 PeakMF=0.695
[Ep  2000 | Step   960,000/2,000,000 | 317 sps] R=-1385.6 C=  14 Safe=97.50% SAI=0.336 Jain=1.000 PeakMF=0.693
[Ep  2050 | Step   984,000/2,000,000 | 317 sps] R=-1467.4 C=  31 Safe=96.67% SAI=0.337 Jain=1.000 PeakMF=0.695
[Ep  2100 | Step 1,008,000/2,000,000 | 317 sps] R=-1609.0 C=  61 Safe=89.38% SAI=0.336 Jain=1.000 PeakMF=0.696
[Ep  2150 | Step 1,032,000/2,000,000 | 317 sps] R=-1422.9 C=  21 Safe=97.08% SAI=0.337 Jain=1.000 PeakMF=0.693
[Ep  2200 | Step 1,056,000/2,000,000 | 317 sps] R=-1485.5 C=  37 Safe=94.17% SAI=0.337 Jain=1.000 PeakMF=0.696
[Ep  2250 | Step 1,080,000/2,000,000 | 317 sps] R=-1453.4 C=  25 Safe=95.83% SAI=0.336 Jain=1.000 PeakMF=0.694
[Ep  2300 | Step 1,104,000/2,000,000 | 317 sps] R=-1356.9 C=   5 Safe=99.17% SAI=0.337 Jain=1.000 PeakMF=0.694
[Ep  2350 | Step 1,128,000/2,000,000 | 317 sps] R=-1443.7 C=  25 Safe=96.25% SAI=0.336 Jain=1.000 PeakMF=0.695
[Ep  2400 | Step 1,152,000/2,000,000 | 317 sps] R=-1408.7 C=  19 Safe=97.08% SAI=0.337 Jain=1.000 PeakMF=0.694
[Ep  2450 | Step 1,176,000/2,000,000 | 317 sps] R=-1444.6 C=  30 Safe=95.42% SAI=0.336 Jain=1.000 PeakMF=0.696
[Ep  2500 | Step 1,200,000/2,000,000 | 317 sps] R=-1520.6 C=  47 Safe=93.54% SAI=0.336 Jain=1.000 PeakMF=0.697
[Ep  2550 | Step 1,224,000/2,000,000 | 317 sps] R=-1362.2 C=  11 Safe=98.12% SAI=0.337 Jain=1.000 PeakMF=0.695
[Ep  2600 | Step 1,248,000/2,000,000 | 317 sps] R=-1512.5 C=  39 Safe=95.42% SAI=0.338 Jain=1.000 PeakMF=0.690
[Ep  2650 | Step 1,272,000/2,000,000 | 317 sps] R=-1339.1 C=   6 Safe=98.96% SAI=0.337 Jain=1.000 PeakMF=0.695
[Ep  2700 | Step 1,296,000/2,000,000 | 317 sps] R=-1325.9 C=   2 Safe=99.58% SAI=0.337 Jain=1.000 PeakMF=0.693
[Ep  2750 | Step 1,320,000/2,000,000 | 317 sps] R=-1423.0 C=  27 Safe=94.38% SAI=0.336 Jain=1.000 PeakMF=0.695
[Ep  2800 | Step 1,344,000/2,000,000 | 317 sps] R=-1431.1 C=  26 Safe=96.88% SAI=0.337 Jain=1.000 PeakMF=0.696
[Ep  2850 | Step 1,368,000/2,000,000 | 317 sps] R=-1379.0 C=  17 Safe=97.29% SAI=0.337 Jain=1.000 PeakMF=0.692
[Ep  2900 | Step 1,392,000/2,000,000 | 317 sps] R=-1379.2 C=  19 Safe=96.67% SAI=0.337 Jain=1.000 PeakMF=0.696
[Ep  2950 | Step 1,416,000/2,000,000 | 317 sps] R=-1300.7 C=   0 Safe=100.00% SAI=0.337 Jain=1.000 PeakMF=0.695
[Ep  3000 | Step 1,440,000/2,000,000 | 317 sps] R=-1329.5 C=   4 Safe=99.38% SAI=0.337 Jain=1.000 PeakMF=0.693
[Ep  3050 | Step 1,464,000/2,000,000 | 317 sps] R=-1433.3 C=  33 Safe=94.79% SAI=0.336 Jain=1.000 PeakMF=0.696
[Ep  3100 | Step 1,488,000/2,000,000 | 317 sps] R=-1307.9 C=   3 Safe=99.38% SAI=0.337 Jain=1.000 PeakMF=0.694
[Ep  3150 | Step 1,512,000/2,000,000 | 317 sps] R=-1364.1 C=  16 Safe=97.08% SAI=0.337 Jain=1.000 PeakMF=0.696
[Ep  3200 | Step 1,536,000/2,000,000 | 317 sps] R=-1334.3 C=   8 Safe=98.33% SAI=0.337 Jain=1.000 PeakMF=0.697
[Ep  3250 | Step 1,560,000/2,000,000 | 317 sps] R=-1348.7 C=  13 Safe=98.12% SAI=0.337 Jain=1.000 PeakMF=0.693
[Ep  3300 | Step 1,584,000/2,000,000 | 317 sps] R=-1457.6 C=  36 Safe=93.12% SAI=0.336 Jain=1.000 PeakMF=0.697
[Ep  3350 | Step 1,608,000/2,000,000 | 317 sps] R=-1311.1 C=   6 Safe=98.96% SAI=0.337 Jain=1.000 PeakMF=0.694
[Ep  3400 | Step 1,632,000/2,000,000 | 317 sps] R=-1590.9 C=  64 Safe=92.92% SAI=0.336 Jain=1.000 PeakMF=0.694
[Ep  3450 | Step 1,656,000/2,000,000 | 317 sps] R=-1320.1 C=  10 Safe=98.33% SAI=0.337 Jain=1.000 PeakMF=0.696
[Ep  3500 | Step 1,680,000/2,000,000 | 317 sps] R=-1352.4 C=  15 Safe=98.33% SAI=0.336 Jain=1.000 PeakMF=0.697
[Ep  3550 | Step 1,704,000/2,000,000 | 317 sps] R=-1352.7 C=  11 Safe=97.71% SAI=0.337 Jain=1.000 PeakMF=0.694Using device: cuda
============================================================
HC-MARL Training: HC-MARL (MAPPO + ECBF + NSWF)
Seed: 1 | Device: cuda | Workers: 6
Total steps: 2,000,000 | Eval every: 50,000
Checkpoint dir: checkpoints/ablation_no_mmicrl/seed_1
============================================================
[Ep    50 | Step    24,000/2,000,000 | 384 sps] R=-6987.8 C= 685 Safe=67.08% SAI=0.427 Jain=1.000 PeakMF=0.678
[Ep   100 | Step    48,000/2,000,000 | 347 sps] R=-5549.4 C= 498 Safe=45.62% SAI=0.407 Jain=1.000 PeakMF=0.693
[Ep   150 | Step    72,000/2,000,000 | 336 sps] R=-3207.3 C= 121 Safe=79.79% SAI=0.393 Jain=1.000 PeakMF=0.682
[Ep   200 | Step    96,000/2,000,000 | 331 sps] R=-2868.7 C=  44 Safe=90.83% SAI=0.398 Jain=1.000 PeakMF=0.683
[Ep   250 | Step   120,000/2,000,000 | 328 sps] R=-2936.7 C=  85 Safe=84.17% SAI=0.391 Jain=1.000 PeakMF=0.688
[Ep   300 | Step   144,000/2,000,000 | 326 sps] R=-2781.3 C=  71 Safe=85.62% SAI=0.385 Jain=1.000 PeakMF=0.683
[Ep   350 | Step   168,000/2,000,000 | 324 sps] R=-2413.0 C=  94 Safe=84.79% SAI=0.363 Jain=1.000 PeakMF=0.684
[Ep   400 | Step   192,000/2,000,000 | 323 sps] R=-2088.2 C=  36 Safe=93.75% SAI=0.355 Jain=1.000 PeakMF=0.676
[Ep   450 | Step   216,000/2,000,000 | 322 sps] R=-1991.0 C=  57 Safe=89.38% SAI=0.348 Jain=1.000 PeakMF=0.686
[Ep   500 | Step   240,000/2,000,000 | 322 sps] R=-1934.0 C=  37 Safe=93.12% SAI=0.351 Jain=1.000 PeakMF=0.685
[Ep   550 | Step   264,000/2,000,000 | 321 sps] R=-2484.4 C= 198 Safe=73.96% SAI=0.340 Jain=1.000 PeakMF=0.689
[Ep   600 | Step   288,000/2,000,000 | 321 sps] R=-1821.3 C=  59 Safe=88.33% SAI=0.343 Jain=1.000 PeakMF=0.693
[Ep   650 | Step   312,000/2,000,000 | 320 sps] R=-1770.4 C=  69 Safe=88.96% SAI=0.338 Jain=1.000 PeakMF=0.689
[Ep   700 | Step   336,000/2,000,000 | 320 sps] R=-1511.0 C=   5 Safe=98.96% SAI=0.338 Jain=1.000 PeakMF=0.690
[Ep   750 | Step   360,000/2,000,000 | 320 sps] R=-1638.7 C=  42 Safe=92.92% SAI=0.338 Jain=1.000 PeakMF=0.691
[Ep   800 | Step   384,000/2,000,000 | 320 sps] R=-1477.0 C=  12 Safe=97.92% SAI=0.337 Jain=1.000 PeakMF=0.689
[Ep   850 | Step   408,000/2,000,000 | 319 sps] R=-1439.0 C=   4 Safe=99.17% SAI=0.337 Jain=1.000 PeakMF=0.689
[Ep   900 | Step   432,000/2,000,000 | 319 sps] R=-1459.3 C=  10 Safe=97.92% SAI=0.339 Jain=1.000 PeakMF=0.689
[Ep   950 | Step   456,000/2,000,000 | 319 sps] R=-1450.1 C=  13 Safe=97.29% SAI=0.338 Jain=1.000 PeakMF=0.689
[Ep  1000 | Step   480,000/2,000,000 | 319 sps] R=-1481.9 C=  24 Safe=95.21% SAI=0.337 Jain=1.000 PeakMF=0.692
[Ep  1050 | Step   504,000/2,000,000 | 319 sps] R=-1458.9 C=  20 Safe=97.08% SAI=0.336 Jain=1.000 PeakMF=0.692
[Ep  1100 | Step   528,000/2,000,000 | 319 sps] R=-1756.0 C=  85 Safe=85.62% SAI=0.336 Jain=1.000 PeakMF=0.693
[Ep  1150 | Step   552,000/2,000,000 | 319 sps] R=-1389.4 C=   4 Safe=99.17% SAI=0.338 Jain=1.000 PeakMF=0.692
[Ep  1200 | Step   576,000/2,000,000 | 319 sps] R=-1392.7 C=  11 Safe=98.33% SAI=0.337 Jain=1.000 PeakMF=0.693
[Ep  1250 | Step   600,000/2,000,000 | 318 sps] R=-1754.8 C=  88 Safe=86.46% SAI=0.336 Jain=1.000 PeakMF=0.694
[Ep  1300 | Step   624,000/2,000,000 | 318 sps] R=-1427.4 C=  15 Safe=97.50% SAI=0.337 Jain=1.000 PeakMF=0.692
[Ep  1350 | Step   648,000/2,000,000 | 318 sps] R=-1546.5 C=  46 Safe=93.54% SAI=0.336 Jain=1.000 PeakMF=0.693
[Ep  1400 | Step   672,000/2,000,000 | 318 sps] R=-1435.4 C=  21 Safe=96.88% SAI=0.336 Jain=1.000 PeakMF=0.695
[Ep  1450 | Step   696,000/2,000,000 | 318 sps] R=-1390.4 C=  14 Safe=97.92% SAI=0.335 Jain=1.000 PeakMF=0.694
[Ep  1500 | Step   720,000/2,000,000 | 318 sps] R=-1390.5 C=  11 Safe=98.33% SAI=0.336 Jain=1.000 PeakMF=0.693
[Ep  1550 | Step   744,000/2,000,000 | 318 sps] R=-1351.3 C=   1 Safe=99.79% SAI=0.337 Jain=1.000 PeakMF=0.693
[Ep  1600 | Step   768,000/2,000,000 | 318 sps] R=-1530.5 C=  40 Safe=92.71% SAI=0.335 Jain=1.000 PeakMF=0.694
[Ep  1650 | Step   792,000/2,000,000 | 318 sps] R=-1368.0 C=   6 Safe=99.17% SAI=0.336 Jain=1.000 PeakMF=0.695
[Ep  1700 | Step   816,000/2,000,000 | 318 sps] R=-1381.1 C=  10 Safe=98.12% SAI=0.336 Jain=1.000 PeakMF=0.696
[Ep  1750 | Step   840,000/2,000,000 | 318 sps] R=-1424.4 C=  20 Safe=97.08% SAI=0.337 Jain=1.000 PeakMF=0.695
[Ep  1800 | Step   864,000/2,000,000 | 318 sps] R=-1618.6 C=  62 Safe=91.46% SAI=0.337 Jain=1.000 PeakMF=0.697
[Ep  1850 | Step   888,000/2,000,000 | 318 sps] R=-1412.6 C=  13 Safe=98.12% SAI=0.337 Jain=1.000 PeakMF=0.694
[Ep  1900 | Step   912,000/2,000,000 | 318 sps] R=-1584.3 C=  57 Safe=90.83% SAI=0.336 Jain=1.000 PeakMF=0.697
[Ep  1950 | Step   936,000/2,000,000 | 318 sps] R=-1392.3 C=  18 Safe=97.08% SAI=0.336 Jain=1.000 PeakMF=0.696
[Ep  2000 | Step   960,000/2,000,000 | 318 sps] R=-1392.3 C=  16 Safe=97.29% SAI=0.336 Jain=1.000 PeakMF=0.696
[Ep  2050 | Step   984,000/2,000,000 | 317 sps] R=-1346.7 C=   6 Safe=99.17% SAI=0.336 Jain=1.000 PeakMF=0.696
[Ep  2100 | Step 1,008,000/2,000,000 | 317 sps] R=-1374.0 C=  12 Safe=97.92% SAI=0.337 Jain=1.000 PeakMF=0.692
[Ep  2150 | Step 1,032,000/2,000,000 | 317 sps] R=-1447.0 C=  31 Safe=95.83% SAI=0.337 Jain=1.000 PeakMF=0.694
[Ep  2200 | Step 1,056,000/2,000,000 | 317 sps] R=-1463.3 C=  34 Safe=93.75% SAI=0.336 Jain=1.000 PeakMF=0.696
[Ep  2250 | Step 1,080,000/2,000,000 | 317 sps] R=-1635.5 C=  67 Safe=90.42% SAI=0.337 Jain=1.000 PeakMF=0.695
[Ep  2300 | Step 1,104,000/2,000,000 | 317 sps] R=-1377.0 C=  14 Safe=98.12% SAI=0.337 Jain=1.000 PeakMF=0.694
[Ep  2350 | Step 1,128,000/2,000,000 | 317 sps] R=-1471.1 C=  36 Safe=95.21% SAI=0.336 Jain=1.000 PeakMF=0.696
[Ep  2400 | Step 1,152,000/2,000,000 | 317 sps] R=-1359.7 C=  11 Safe=98.33% SAI=0.336 Jain=1.000 PeakMF=0.695
[Ep  2450 | Step 1,176,000/2,000,000 | 317 sps] R=-1469.4 C=  35 Safe=94.79% SAI=0.337 Jain=1.000 PeakMF=0.692
[Ep  2500 | Step 1,200,000/2,000,000 | 317 sps] R=-1480.9 C=  33 Safe=96.04% SAI=0.337 Jain=1.000 PeakMF=0.692
[Ep  2550 | Step 1,224,000/2,000,000 | 317 sps] R=-1381.8 C=  16 Safe=97.29% SAI=0.337 Jain=1.000 PeakMF=0.694
[Ep  2600 | Step 1,248,000/2,000,000 | 317 sps] R=-1323.1 C=   2 Safe=99.58% SAI=0.337 Jain=1.000 PeakMF=0.693
[Ep  2650 | Step 1,272,000/2,000,000 | 317 sps] R=-1344.8 C=  13 Safe=97.92% SAI=0.336 Jain=1.000 PeakMF=0.696
[Ep  2700 | Step 1,296,000/2,000,000 | 317 sps] R=-1377.7 C=  19 Safe=96.88% SAI=0.337 Jain=1.000 PeakMF=0.695
[Ep  2750 | Step 1,320,000/2,000,000 | 317 sps] R=-1351.8 C=  13 Safe=97.29% SAI=0.336 Jain=1.000 PeakMF=0.696
[Ep  2800 | Step 1,344,000/2,000,000 | 317 sps] R=-1306.7 C=   4 Safe=99.17% SAI=0.337 Jain=1.000 PeakMF=0.695
[Ep  2850 | Step 1,368,000/2,000,000 | 317 sps] R=-1462.9 C=  33 Safe=95.00% SAI=0.337 Jain=1.000 PeakMF=0.695
[Ep  2900 | Step 1,392,000/2,000,000 | 317 sps] R=-1394.5 C=  21 Safe=96.25% SAI=0.336 Jain=1.000 PeakMF=0.696
[Ep  2950 | Step 1,416,000/2,000,000 | 317 sps] R=-1327.1 C=   9 Safe=98.12% SAI=0.336 Jain=1.000 PeakMF=0.696
[Ep  3000 | Step 1,440,000/2,000,000 | 317 sps] R=-1307.2 C=   3 Safe=99.38% SAI=0.336 Jain=1.000 PeakMF=0.694
[Ep  3050 | Step 1,464,000/2,000,000 | 317 sps] R=-1437.7 C=  34 Safe=93.75% SAI=0.336 Jain=1.000 PeakMF=0.695
[Ep  3100 | Step 1,488,000/2,000,000 | 317 sps] R=-1389.6 C=  24 Safe=95.00% SAI=0.336 Jain=1.000 PeakMF=0.698
[Ep  3150 | Step 1,512,000/2,000,000 | 317 sps] R=-1448.5 C=  36 Safe=93.96% SAI=0.336 Jain=1.000 PeakMF=0.694
[Ep  3200 | Step 1,536,000/2,000,000 | 317 sps] R=-1312.9 C=   3 Safe=99.38% SAI=0.337 Jain=1.000 PeakMF=0.696
[Ep  3250 | Step 1,560,000/2,000,000 | 317 sps] R=-1338.0 C=  14 Safe=97.08% SAI=0.336 Jain=1.000 PeakMF=0.695
[Ep  3300 | Step 1,584,000/2,000,000 | 317 sps] R=-1460.8 C=  35 Safe=95.83% SAI=0.336 Jain=1.000 PeakMF=0.698
[Ep  3350 | Step 1,608,000/2,000,000 | 317 sps] R=-1405.9 C=  27 Safe=96.46% SAI=0.336 Jain=1.000 PeakMF=0.693
[Ep  3400 | Step 1,632,000/2,000,000 | 317 sps] R=-1359.8 C=  18 Safe=96.67% SAI=0.337 Jain=1.000 PeakMF=0.695
[Ep  3450 | Step 1,656,000/2,000,000 | 317 sps] R=-1353.1 C=  15 Safe=97.50% SAI=0.336 Jain=1.000 PeakMF=0.693
[Ep  3500 | Step 1,680,000/2,000,000 | 317 sps] R=-1500.5 C=  43 Safe=93.75% SAI=0.337 Jain=1.000 PeakMF=0.695
[Ep  3550 | Step 1,704,000/2,000,000 | 317 sps] R=-1322.7 C=  10 Safe=98.33% SAI=0.336 Jain=1.000 PeakMF=0.694
[Ep  2900 | Step 1,392,000/2,000,000 | 317 sps] R=-43529.7 C=2166 Safe=24.58% SAI=0.383 Jain=1.000 PeakMF=0.792
[Ep  2950 | Step 1,416,000/2,000,000 | 317 sps] R=-39224.7 C=2149 Safe=25.21% SAI=0.398 Jain=1.000 PeakMF=0.792
[Ep  3000 | Step 1,440,000/2,000,000 | 317 sps] R=-37428.1 C=2130 Safe=25.42% SAI=0.407 Jain=1.000 PeakMF=0.792
[Ep  3050 | Step 1,464,000/2,000,000 | 317 sps] R=-41427.5 C=2169 Safe=24.38% SAI=0.387 Jain=1.000 PeakMF=0.792
[Ep  3100 | Step 1,488,000/2,000,000 | 317 sps] R=-47056.5 C=2278 Safe=20.83% SAI=0.373 Jain=1.000 PeakMF=0.792
[Ep  3150 | Step 1,512,000/2,000,000 | 317 sps] R=-47036.0 C=2280 Safe=20.83% SAI=0.364 Jain=1.000 PeakMF=0.792
[Ep  3200 | Step 1,536,000/2,000,000 | 317 sps] R=-46896.2 C=2280 Safe=20.83% SAI=0.367 Jain=1.000 PeakMF=0.792
[Ep  3250 | Step 1,560,000/2,000,000 | 317 sps] R=-46956.1 C=2280 Safe=20.83% SAI=0.360 Jain=1.000 PeakMF=0.792
[Ep  3300 | Step 1,584,000/2,000,000 | 317 sps] R=-46877.1 C=2280 Safe=20.83% SAI=0.357 Jain=1.000 PeakMF=0.792
[Ep  3350 | Step 1,608,000/2,000,000 | 317 sps] R=-47000.3 C=2280 Safe=20.83% SAI=0.357 Jain=1.000 PeakMF=0.792
[Ep  3400 | Step 1,632,000/2,000,000 | 317 sps] R=-46883.8 C=2280 Safe=20.83% SAI=0.370 Jain=1.000 PeakMF=0.792
[Ep  3450 | Step 1,656,000/2,000,000 | 317 sps] R=-46893.0 C=2280 Safe=20.83% SAI=0.360 Jain=1.000 PeakMF=0.792
[Ep  3500 | Step 1,680,000/2,000,000 | 317 sps] R=-46836.9 C=2280 Safe=20.83% SAI=0.370 Jain=1.000 PeakMF=0.792
[Ep  3550 | Step 1,704,000/2,000,000 | 317 sps] R=-46887.7 C=2280 Safe=20.83% SAI=0.360 Jain=0.999 PeakMF=0.792
[Ep  3600 | Step 1,728,000/2,000,000 | 317 sps] R=-46932.3 C=2280 Safe=20.83% SAI=0.369 Jain=1.000 PeakMF=0.792
[Ep  3650 | Step 1,752,000/2,000,000 | 317 sps] R=-46822.9 C=2280 Safe=20.83% SAI=0.368 Jain=1.000 PeakMF=0.792
[Ep  3700 | Step 1,776,000/2,000,000 | 317 sps] R=-46963.1 C=2280 Safe=20.83% SAI=0.358 Jain=0.999 PeakMF=0.792
[Ep  3750 | Step 1,800,000/2,000,000 | 317 sps] R=-46887.9 C=2280 Safe=20.83% SAI=0.364 Jain=1.000 PeakMF=0.792
[Ep  3800 | Step 1,824,000/2,000,000 | 317 sps] R=-46920.9 C=2280 Safe=20.83% SAI=0.363 Jain=1.000 PeakMF=0.792
[Ep  3850 | Step 1,848,000/2,000,000 | 317 sps] R=-46928.2 C=2280 Safe=20.83% SAI=0.370 Jain=1.000 PeakMF=0.792
[Ep  3900 | Step 1,872,000/2,000,000 | 317 sps] R=-46898.4 C=2280 Safe=20.83% SAI=0.363 Jain=1.000 PeakMF=0.792
[Ep  3950 | Step 1,896,000/2,000,000 | 317 sps] R=-46925.9 C=2280 Safe=20.83% SAI=0.370 Jain=1.000 PeakMF=0.792
[Ep  4000 | Step 1,920,000/2,000,000 | 317 sps] R=-46887.2 C=2280 Safe=20.83% SAI=0.353 Jain=1.000 PeakMF=0.792
[Ep  4050 | Step 1,944,000/2,000,000 | 317 sps] R=-46924.6 C=2280 Safe=20.83% SAI=0.365 Jain=1.000 PeakMF=0.792
[Ep  4100 | Step 1,968,000/2,000,000 | 317 sps] R=-46978.1 C=2280 Safe=20.83% SAI=0.374 Jain=1.000 PeakMF=0.792
[Ep  4150 | Step 1,992,000/2,000,000 | 317 sps] R=-46894.6 C=2280 Safe=20.83% SAI=0.358 Jain=1.000 PeakMF=0.792

============================================================
Training complete: 4167 episodes, 2,000,160 steps
Best reward: -34475.4
Wall time: 1.75 hours
Checkpoint: checkpoints/ablation_no_reperfusion/seed_6/checkpoint_final.pt
============================================================
2026-05-06 04:43:49 | hcmarl.utils | INFO | HIGH determinism: cudnn.deterministic=True, torch.use_deterministic_algorithms(True), matmul=highest, CUBLAS_WORKSPACE_CONFIG=:4096:8 (EXP3-Part-1-equivalent reproducibility)
2026-05-06 04:43:49 | hcmarl.utils | INFO | HIGH determinism: cudnn.deterministic=True, torch.use_deterministic_algorithms(True), matmul=highest, CUBLAS_WORKSPACE_CONFIG=:4096:8 (EXP3-Part-1-equivalent reproducibility)

[Ep  3600 | Step 1,728,000/2,000,000 | 317 sps] R=-1296.4 C=   2 Safe=99.58% SAI=0.337 Jain=1.000 PeakMF=0.695
[Ep  3650 | Step 1,752,000/2,000,000 | 317 sps] R=-1318.0 C=   5 Safe=98.96% SAI=0.337 Jain=1.000 PeakMF=0.692
[Ep  3700 | Step 1,776,000/2,000,000 | 317 sps] R=-1303.6 C=   7 Safe=98.75% SAI=0.336 Jain=1.000 PeakMF=0.694
[Ep  3750 | Step 1,800,000/2,000,000 | 317 sps] R=-1302.2 C=   4 Safe=99.17% SAI=0.337 Jain=1.000 PeakMF=0.695
[Ep  3800 | Step 1,824,000/2,000,000 | 317 sps] R=-1331.2 C=   9 Safe=98.75% SAI=0.337 Jain=1.000 PeakMF=0.695
[Ep  3850 | Step 1,848,000/2,000,000 | 317 sps] R=-1408.6 C=  24 Safe=96.67% SAI=0.337 Jain=1.000 PeakMF=0.694
[Ep  3900 | Step 1,872,000/2,000,000 | 317 sps] R=-1528.9 C=  53 Safe=91.88% SAI=0.336 Jain=1.000 PeakMF=0.695
[Ep  3950 | Step 1,896,000/2,000,000 | 317 sps] R=-1479.5 C=  43 Safe=93.33% SAI=0.336 Jain=1.000 PeakMF=0.697
[Ep  4000 | Step 1,920,000/2,000,000 | 317 sps] R=-1341.2 C=  13 Safe=97.92% SAI=0.337 Jain=1.000 PeakMF=0.695
[Ep  4050 | Step 1,944,000/2,000,000 | 317 sps] R=-1428.4 C=  33 Safe=94.79% SAI=0.336 Jain=1.000 PeakMF=0.696
[Ep  4100 | Step 1,968,000/2,000,000 | 317 sps] R=-1414.8 C=  30 Safe=93.96% SAI=0.336 Jain=1.000 PeakMF=0.697
[Ep  4150 | Step 1,992,000/2,000,000 | 317 sps] R=-1572.4 C=  61 Safe=90.00% SAI=0.337 Jain=1.000 PeakMF=0.697

============================================================
Training complete: 4167 episodes, 2,000,160 steps
Best reward: -1279.2
Wall time: 1.75 hours
Checkpoint: checkpoints/ablation_no_mmicrl/seed_1/checkpoint_final.pt
============================================================

[Ep  3600 | Step 1,728,000/2,000,000 | 317 sps] R=-1310.5 C=   4 Safe=99.38% SAI=0.337 Jain=1.000 PeakMF=0.695
[Ep  3650 | Step 1,752,000/2,000,000 | 317 sps] R=-1600.7 C=  67 Safe=93.12% SAI=0.336 Jain=1.000 PeakMF=0.694
[Ep  3700 | Step 1,776,000/2,000,000 | 317 sps] R=-1310.5 C=   8 Safe=98.33% SAI=0.336 Jain=1.000 PeakMF=0.695
[Ep  3750 | Step 1,800,000/2,000,000 | 317 sps] R=-1288.3 C=   3 Safe=99.38% SAI=0.336 Jain=1.000 PeakMF=0.696
[Ep  3800 | Step 1,824,000/2,000,000 | 317 sps] R=-1437.0 C=  33 Safe=95.62% SAI=0.337 Jain=1.000 PeakMF=0.696
[Ep  3850 | Step 1,848,000/2,000,000 | 317 sps] R=-1435.8 C=  35 Safe=95.21% SAI=0.336 Jain=1.000 PeakMF=0.697
[Ep  3900 | Step 1,872,000/2,000,000 | 317 sps] R=-1416.7 C=  25 Safe=96.46% SAI=0.337 Jain=1.000 PeakMF=0.695
[Ep  3950 | Step 1,896,000/2,000,000 | 317 sps] R=-1287.6 C=   2 Safe=99.58% SAI=0.337 Jain=1.000 PeakMF=0.696
[Ep  4000 | Step 1,920,000/2,000,000 | 317 sps] R=-1377.1 C=  21 Safe=96.67% SAI=0.336 Jain=1.000 PeakMF=0.695
[Ep  4050 | Step 1,944,000/2,000,000 | 317 sps] R=-1556.4 C=  57 Safe=89.79% SAI=0.337 Jain=1.000 PeakMF=0.694
[Ep  4100 | Step 1,968,000/2,000,000 | 317 sps] R=-1407.6 C=  27 Safe=95.62% SAI=0.337 Jain=1.000 PeakMF=0.696
[Ep  4150 | Step 1,992,000/2,000,000 | 317 sps] R=-1512.4 C=  48 Safe=92.08% SAI=0.336 Jain=1.000 PeakMF=0.696

============================================================
Training complete: 4167 episodes, 2,000,160 steps
Best reward: -1274.0
Wall time: 1.75 hours
Checkpoint: checkpoints/ablation_no_mmicrl/seed_0/checkpoint_final.pt
============================================================
2026-05-06 04:44:17 | hcmarl.utils | INFO | HIGH determinism: cudnn.deterministic=True, torch.use_deterministic_algorithms(True), matmul=highest, CUBLAS_WORKSPACE_CONFIG=:4096:8 (EXP3-Part-1-equivalent reproducibility)
2026-05-06 04:44:17 | hcmarl.utils | INFO | HIGH determinism: cudnn.deterministic=True, torch.use_deterministic_algorithms(True), matmul=highest, CUBLAS_WORKSPACE_CONFIG=:4096:8 (EXP3-Part-1-equivalent reproducibility)
2026-05-06 04:44:18 | hcmarl.utils | INFO | HIGH determinism: cudnn.deterministic=True, torch.use_deterministic_algorithms(True), matmul=highest, CUBLAS_WORKSPACE_CONFIG=:4096:8 (EXP3-Part-1-equivalent reproducibility)
2026-05-06 04:44:18 | hcmarl.utils | INFO | HIGH determinism: cudnn.deterministic=True, torch.use_deterministic_algorithms(True), matmul=highest, CUBLAS_WORKSPACE_CONFIG=:4096:8 (EXP3-Part-1-equivalent reproducibility)
[Ep  2850 | Step 1,368,000/2,000,000 | 317 sps] R=-40893.1 C=2165 Safe=24.17% SAI=0.386 Jain=1.000 PeakMF=0.792
[Ep  2900 | Step 1,392,000/2,000,000 | 317 sps] R=-41646.6 C=2165 Safe=24.38% SAI=0.397 Jain=1.000 PeakMF=0.792
[Ep  2950 | Step 1,416,000/2,000,000 | 317 sps] R=-37544.6 C=2160 Safe=24.58% SAI=0.425 Jain=1.000 PeakMF=0.792
[Ep  3000 | Step 1,440,000/2,000,000 | 317 sps] R=-38705.7 C=2150 Safe=25.21% SAI=0.412 Jain=1.000 PeakMF=0.792
[Ep  3050 | Step 1,464,000/2,000,000 | 317 sps] R=-39707.9 C=2156 Safe=24.79% SAI=0.402 Jain=1.000 PeakMF=0.792
[Ep  3100 | Step 1,488,000/2,000,000 | 317 sps] R=-41042.4 C=2156 Safe=24.79% SAI=0.402 Jain=1.000 PeakMF=0.792
[Ep  3150 | Step 1,512,000/2,000,000 | 317 sps] R=-42726.9 C=2153 Safe=25.00% SAI=0.387 Jain=1.000 PeakMF=0.792
[Ep  3200 | Step 1,536,000/2,000,000 | 317 sps] R=-37408.9 C=2156 Safe=25.00% SAI=0.417 Jain=1.000 PeakMF=0.792
[Ep  3250 | Step 1,560,000/2,000,000 | 317 sps] R=-37751.5 C=2149 Safe=25.21% SAI=0.425 Jain=1.000 PeakMF=0.792
[Ep  3300 | Step 1,584,000/2,000,000 | 317 sps] R=-41530.2 C=2157 Safe=24.79% SAI=0.397 Jain=1.000 PeakMF=0.792
[Ep  3350 | Step 1,608,000/2,000,000 | 317 sps] R=-42289.6 C=2154 Safe=24.79% SAI=0.401 Jain=1.000 PeakMF=0.792
[Ep  3400 | Step 1,632,000/2,000,000 | 317 sps] R=-37672.2 C=2155 Safe=25.00% SAI=0.415 Jain=1.000 PeakMF=0.792
[Ep  3450 | Step 1,656,000/2,000,000 | 317 sps] R=-38226.7 C=2153 Safe=24.79% SAI=0.412 Jain=1.000 PeakMF=0.792
[Ep  3500 | Step 1,680,000/2,000,000 | 317 sps] R=-40220.7 C=2162 Safe=24.79% SAI=0.426 Jain=1.000 PeakMF=0.792
[Ep  3550 | Step 1,704,000/2,000,000 | 317 sps] R=-37378.8 C=2153 Safe=25.00% SAI=0.418 Jain=1.000 PeakMF=0.792
[Ep  3600 | Step 1,728,000/2,000,000 | 317 sps] R=-38914.5 C=2142 Safe=25.21% SAI=0.416 Jain=1.000 PeakMF=0.792
[Ep  3650 | Step 1,752,000/2,000,000 | 317 sps] R=-40990.2 C=2162 Safe=24.79% SAI=0.412 Jain=1.000 PeakMF=0.792
[Ep  3700 | Step 1,776,000/2,000,000 | 317 sps] R=-40135.7 C=2158 Safe=25.00% SAI=0.423 Jain=1.000 PeakMF=0.792
[Ep  3750 | Step 1,800,000/2,000,000 | 317 sps] R=-35919.2 C=2162 Safe=24.79% SAI=0.440 Jain=1.000 PeakMF=0.792
[Ep  3800 | Step 1,824,000/2,000,000 | 317 sps] R=-41822.9 C=2161 Safe=24.79% SAI=0.420 Jain=1.000 PeakMF=0.792
[Ep  3850 | Step 1,848,000/2,000,000 | 317 sps] R=-41633.2 C=2156 Safe=25.00% SAI=0.403 Jain=1.000 PeakMF=0.792
[Ep  3900 | Step 1,872,000/2,000,000 | 317 sps] R=-40020.3 C=2158 Safe=25.00% SAI=0.402 Jain=1.000 PeakMF=0.792
[Ep  3950 | Step 1,896,000/2,000,000 | 317 sps] R=-38182.6 C=2156 Safe=25.00% SAI=0.447 Jain=1.000 PeakMF=0.792
[Ep  4000 | Step 1,920,000/2,000,000 | 317 sps] R=-42546.8 C=2162 Safe=24.79% SAI=0.392 Jain=1.000 PeakMF=0.792
[Ep  4050 | Step 1,944,000/2,000,000 | 317 sps] R=-39772.0 C=2158 Safe=24.79% SAI=0.419 Jain=1.000 PeakMF=0.792
[Ep  4100 | Step 1,968,000/2,000,000 | 317 sps] R=-41924.1 C=2159 Safe=25.00% SAI=0.404 Jain=1.000 PeakMF=0.792
[Ep  4150 | Step 1,992,000/2,000,000 | 317 sps] R=-36713.3 C=2162 Safe=24.79% SAI=0.421 Jain=1.000 PeakMF=0.792

============================================================
Training complete: 4167 episodes, 2,000,160 steps
Best reward: -34894.4
Wall time: 1.75 hours
Checkpoint: checkpoints/ablation_no_reperfusion/seed_9/checkpoint_final.pt
============================================================

[Ep  2900 | Step 1,392,000/2,000,000 | 316 sps] R=-37709.7 C=2161 Safe=24.79% SAI=0.422 Jain=1.000 PeakMF=0.792
[Ep  2950 | Step 1,416,000/2,000,000 | 316 sps] R=-38651.1 C=2164 Safe=24.38% SAI=0.411 Jain=1.000 PeakMF=0.792
[Ep  3000 | Step 1,440,000/2,000,000 | 316 sps] R=-35719.1 C=2142 Safe=25.21% SAI=0.434 Jain=1.000 PeakMF=0.792
[Ep  3050 | Step 1,464,000/2,000,000 | 316 sps] R=-36939.6 C=2153 Safe=25.00% SAI=0.419 Jain=1.000 PeakMF=0.792
[Ep  3100 | Step 1,488,000/2,000,000 | 316 sps] R=-37609.7 C=2149 Safe=25.21% SAI=0.424 Jain=1.000 PeakMF=0.792
[Ep  3150 | Step 1,512,000/2,000,000 | 316 sps] R=-41203.4 C=2154 Safe=25.00% SAI=0.383 Jain=1.000 PeakMF=0.792
[Ep  3200 | Step 1,536,000/2,000,000 | 316 sps] R=-37494.7 C=2148 Safe=25.21% SAI=0.418 Jain=1.000 PeakMF=0.792
[Ep  3250 | Step 1,560,000/2,000,000 | 316 sps] R=-42256.8 C=2161 Safe=24.17% SAI=0.391 Jain=1.000 PeakMF=0.792
[Ep  3300 | Step 1,584,000/2,000,000 | 316 sps] R=-41374.7 C=2156 Safe=25.00% SAI=0.408 Jain=0.999 PeakMF=0.792
[Ep  3350 | Step 1,608,000/2,000,000 | 316 sps] R=-39688.3 C=2148 Safe=25.00% SAI=0.400 Jain=1.000 PeakMF=0.792
[Ep  3400 | Step 1,632,000/2,000,000 | 316 sps] R=-40704.7 C=2156 Safe=25.00% SAI=0.398 Jain=1.000 PeakMF=0.792
[Ep  3450 | Step 1,656,000/2,000,000 | 316 sps] R=-34680.2 C=2161 Safe=24.79% SAI=0.453 Jain=1.000 PeakMF=0.792
[Ep  3500 | Step 1,680,000/2,000,000 | 316 sps] R=-34827.7 C=2163 Safe=24.79% SAI=0.457 Jain=1.000 PeakMF=0.792
[Ep  3550 | Step 1,704,000/2,000,000 | 316 sps] R=-38679.7 C=2155 Safe=25.00% SAI=0.407 Jain=1.000 PeakMF=0.792
[Ep  3600 | Step 1,728,000/2,000,000 | 316 sps] R=-42547.7 C=2151 Safe=24.38% SAI=0.394 Jain=1.000 PeakMF=0.792
[Ep  3650 | Step 1,752,000/2,000,000 | 316 sps] R=-39445.6 C=2156 Safe=25.00% SAI=0.410 Jain=1.000 PeakMF=0.792
[Ep  3700 | Step 1,776,000/2,000,000 | 316 sps] R=-35268.5 C=2143 Safe=25.21% SAI=0.436 Jain=1.000 PeakMF=0.792
[Ep  3750 | Step 1,800,000/2,000,000 | 316 sps] R=-41999.8 C=2146 Safe=25.00% SAI=0.424 Jain=1.000 PeakMF=0.792
[Ep  3800 | Step 1,824,000/2,000,000 | 316 sps] R=-36105.0 C=2163 Safe=24.79% SAI=0.427 Jain=1.000 PeakMF=0.792
[Ep  3850 | Step 1,848,000/2,000,000 | 316 sps] R=-41942.3 C=2150 Safe=25.21% SAI=0.406 Jain=0.999 PeakMF=0.792
[Ep  3900 | Step 1,872,000/2,000,000 | 316 sps] R=-39396.5 C=2158 Safe=25.00% SAI=0.420 Jain=1.000 PeakMF=0.792
[Ep  3950 | Step 1,896,000/2,000,000 | 316 sps] R=-42326.7 C=2156 Safe=24.79% SAI=0.414 Jain=1.000 PeakMF=0.792
[Ep  4000 | Step 1,920,000/2,000,000 | 316 sps] R=-41976.8 C=2158 Safe=25.00% SAI=0.413 Jain=1.000 PeakMF=0.792
[Ep  4050 | Step 1,944,000/2,000,000 | 316 sps] R=-42983.2 C=2161 Safe=24.79% SAI=0.412 Jain=1.000 PeakMF=0.792
[Ep  4100 | Step 1,968,000/2,000,000 | 316 sps] R=-41005.8 C=2155 Safe=25.00% SAI=0.424 Jain=1.000 PeakMF=0.792
[Ep  4150 | Step 1,992,000/2,000,000 | 316 sps] R=-42160.8 C=2147 Safe=25.21% SAI=0.407 Jain=1.000 PeakMF=0.792

============================================================
Training complete: 4167 episodes, 2,000,160 steps
Best reward: -33948.4
Wall time: 1.76 hours
Checkpoint: checkpoints/ablation_no_reperfusion/seed_7/checkpoint_final.pt
============================================================

[Ep  3000 | Step 1,440,000/2,000,000 | 316 sps] R=-47490.8 C=2280 Safe=20.83% SAI=0.470 Jain=0.997 PeakMF=0.907
[Ep  3050 | Step 1,464,000/2,000,000 | 316 sps] R=-47529.5 C=2280 Safe=20.83% SAI=0.467 Jain=0.999 PeakMF=0.911
[Ep  3100 | Step 1,488,000/2,000,000 | 316 sps] R=-47476.8 C=2280 Safe=20.83% SAI=0.468 Jain=0.998 PeakMF=0.909
[Ep  3150 | Step 1,512,000/2,000,000 | 316 sps] R=-47543.6 C=2280 Safe=20.83% SAI=0.457 Jain=0.998 PeakMF=0.910
[Ep  3200 | Step 1,536,000/2,000,000 | 316 sps] R=-47246.9 C=2280 Safe=20.83% SAI=0.441 Jain=0.999 PeakMF=0.912
[Ep  3250 | Step 1,560,000/2,000,000 | 316 sps] R=-47552.3 C=2280 Safe=20.83% SAI=0.440 Jain=1.000 PeakMF=0.911
[Ep  3300 | Step 1,584,000/2,000,000 | 316 sps] R=-47388.2 C=2280 Safe=20.83% SAI=0.520 Jain=0.999 PeakMF=0.899
[Ep  3350 | Step 1,608,000/2,000,000 | 316 sps] R=-47228.2 C=2280 Safe=20.83% SAI=0.451 Jain=0.999 PeakMF=0.913
[Ep  3400 | Step 1,632,000/2,000,000 | 316 sps] R=-47439.6 C=2280 Safe=20.83% SAI=0.475 Jain=0.998 PeakMF=0.906
[Ep  3450 | Step 1,656,000/2,000,000 | 316 sps] R=-47343.3 C=2280 Safe=20.83% SAI=0.459 Jain=0.999 PeakMF=0.913
[Ep  3500 | Step 1,680,000/2,000,000 | 316 sps] R=-47098.6 C=2280 Safe=20.83% SAI=0.458 Jain=0.997 PeakMF=0.908
[Ep  3550 | Step 1,704,000/2,000,000 | 316 sps] R=-47216.2 C=2280 Safe=20.83% SAI=0.453 Jain=0.999 PeakMF=0.910
[Ep  3600 | Step 1,728,000/2,000,000 | 316 sps] R=-46846.8 C=2280 Safe=20.83% SAI=0.449 Jain=1.000 PeakMF=0.907
[Ep  3650 | Step 1,752,000/2,000,000 | 316 sps] R=-46651.6 C=2280 Safe=20.83% SAI=0.443 Jain=1.000 PeakMF=0.909
[Ep  3700 | Step 1,776,000/2,000,000 | 316 sps] R=-46950.8 C=2280 Safe=20.83% SAI=0.447 Jain=1.000 PeakMF=0.911
[Ep  3750 | Step 1,800,000/2,000,000 | 316 sps] R=-46963.9 C=2280 Safe=20.83% SAI=0.437 Jain=0.999 PeakMF=0.909
[Ep  3800 | Step 1,824,000/2,000,000 | 316 sps] R=-47378.0 C=2280 Safe=20.83% SAI=0.445 Jain=0.999 PeakMF=0.908
[Ep  3850 | Step 1,848,000/2,000,000 | 316 sps] R=-47128.9 C=2280 Safe=20.83% SAI=0.467 Jain=0.999 PeakMF=0.903
[Ep  3900 | Step 1,872,000/2,000,000 | 316 sps] R=-47231.8 C=2280 Safe=20.83% SAI=0.473 Jain=0.999 PeakMF=0.907
[Ep  3950 | Step 1,896,000/2,000,000 | 316 sps] R=-47170.5 C=2280 Safe=20.83% SAI=0.473 Jain=1.000 PeakMF=0.910
[Ep  4000 | Step 1,920,000/2,000,000 | 316 sps] R=-47259.5 C=2280 Safe=20.83% SAI=0.485 Jain=0.999 PeakMF=0.912
[Ep  4050 | Step 1,944,000/2,000,000 | 316 sps] R=-47247.0 C=2280 Safe=20.83% SAI=0.505 Jain=1.000 PeakMF=0.909
[Ep  4100 | Step 1,968,000/2,000,000 | 316 sps] R=-47577.5 C=2280 Safe=20.83% SAI=0.512 Jain=0.999 PeakMF=0.903
[Ep  4150 | Step 1,992,000/2,000,000 | 316 sps] R=-47709.2 C=2280 Safe=20.83% SAI=0.473 Jain=0.999 PeakMF=0.908

============================================================
Training complete: 4167 episodes, 2,000,160 steps
Best reward: -40507.3
Wall time: 1.76 hours
Checkpoint: checkpoints/ablation_no_reperfusion/seed_8/checkpoint_final.pt
============================================================
2026-05-06 04:45:06 | hcmarl.utils | INFO | HIGH determinism: cudnn.deterministic=True, torch.use_deterministic_algorithms(True), matmul=highest, CUBLAS_WORKSPACE_CONFIG=:4096:8 (EXP3-Part-1-equivalent reproducibility)
2026-05-06 04:45:06 | hcmarl.utils | INFO | HIGH determinism: cudnn.deterministic=True, torch.use_deterministic_algorithms(True), matmul=highest, CUBLAS_WORKSPACE_CONFIG=:4096:8 (EXP3-Part-1-equivalent reproducibility)
2026-05-06 04:45:06 | hcmarl.utils | INFO | HIGH determinism: cudnn.deterministic=True, torch.use_deterministic_algorithms(True), matmul=highest, CUBLAS_WORKSPACE_CONFIG=:4096:8 (EXP3-Part-1-equivalent reproducibility)
2026-05-06 04:45:06 | hcmarl.utils | INFO | HIGH determinism: cudnn.deterministic=True, torch.use_deterministic_algorithms(True), matmul=highest, CUBLAS_WORKSPACE_CONFIG=:4096:8 (EXP3-Part-1-equivalent reproducibility)
2026-05-06 04:45:08 | hcmarl.utils | INFO | HIGH determinism: cudnn.deterministic=True, torch.use_deterministic_algorithms(True), matmul=highest, CUBLAS_WORKSPACE_CONFIG=:4096:8 (EXP3-Part-1-equivalent reproducibility)
2026-05-06 04:45:08 | hcmarl.utils | INFO | HIGH determinism: cudnn.deterministic=True, torch.use_deterministic_algorithms(True), matmul=highest, CUBLAS_WORKSPACE_CONFIG=:4096:8 (EXP3-Part-1-equivalent reproducibility)
Using device: cuda
============================================================
HC-MARL Training: HC-MARL (MAPPO + ECBF + NSWF)
Seed: 2 | Device: cuda | Workers: 6
Total steps: 2,000,000 | Eval every: 50,000
Checkpoint dir: checkpoints/ablation_no_mmicrl/seed_2
============================================================
[Ep    50 | Step    24,000/2,000,000 | 319 sps] R=-11274.5 C=1072 Safe=42.71% SAI=0.417 Jain=0.999 PeakMF=0.693
[Ep   100 | Step    48,000/2,000,000 | 320 sps] R=-7514.0 C= 838 Safe=47.92% SAI=0.394 Jain=1.000 PeakMF=0.688
[Ep   150 | Step    72,000/2,000,000 | 318 sps] R=-4778.6 C= 427 Safe=46.46% SAI=0.387 Jain=1.000 PeakMF=0.694
[Ep   200 | Step    96,000/2,000,000 | 317 sps] R=-3161.6 C= 139 Safe=76.67% SAI=0.386 Jain=1.000 PeakMF=0.682
[Ep   250 | Step   120,000/2,000,000 | 317 sps] R=-2466.0 C=   0 Safe=100.00% SAI=0.394 Jain=1.000 PeakMF=0.679
[Ep   300 | Step   144,000/2,000,000 | 317 sps] R=-4659.0 C= 533 Safe=60.62% SAI=0.361 Jain=1.000 PeakMF=0.685
[Ep   350 | Step   168,000/2,000,000 | 316 sps] R=-2091.3 C=  43 Safe=91.04% SAI=0.358 Jain=1.000 PeakMF=0.681
[Ep   400 | Step   192,000/2,000,000 | 316 sps] R=-1855.6 C=   1 Safe=99.79% SAI=0.352 Jain=1.000 PeakMF=0.671
[Ep   450 | Step   216,000/2,000,000 | 316 sps] R=-1707.5 C=   5 Safe=98.96% SAI=0.347 Jain=1.000 PeakMF=0.678
[Ep   500 | Step   240,000/2,000,000 | 316 sps] R=-1885.7 C=  52 Safe=90.00% SAI=0.347 Jain=1.000 PeakMF=0.686
[Ep   550 | Step   264,000/2,000,000 | 316 sps] R=-2167.5 C= 122 Safe=82.29% SAI=0.344 Jain=1.000 PeakMF=0.687
[Ep   600 | Step   288,000/2,000,000 | 316 sps] R=-2056.3 C= 122 Safe=83.54% SAI=0.338 Jain=1.000 PeakMF=0.684
[Ep   650 | Step   312,000/2,000,000 | 316 sps] R=-1689.0 C=  45 Safe=92.29% SAI=0.340 Jain=1.000 PeakMF=0.684
[Ep   700 | Step   336,000/2,000,000 | 316 sps] R=-1959.5 C= 111 Safe=85.00% SAI=0.336 Jain=1.000 PeakMF=0.687
[Ep   750 | Step   360,000/2,000,000 | 316 sps] R=-1637.7 C=  37 Safe=93.75% SAI=0.338 Jain=1.000 PeakMF=0.686
[Ep   800 | Step   384,000/2,000,000 | 316 sps] R=-1473.3 C=  11 Safe=97.71% SAI=0.339 Jain=1.000 PeakMF=0.684
[Ep   850 | Step   408,000/2,000,000 | 316 sps] R=-1453.4 C=   9 Safe=98.54% SAI=0.339 Jain=1.000 PeakMF=0.683
[Ep   900 | Step   432,000/2,000,000 | 316 sps] R=-1444.3 C=   5 Safe=98.96% SAI=0.339 Jain=1.000 PeakMF=0.687
[Ep   950 | Step   456,000/2,000,000 | 316 sps] R=-1477.6 C=  19 Safe=97.08% SAI=0.337 Jain=1.000 PeakMF=0.686
[Ep  1000 | Step   480,000/2,000,000 | 316 sps] R=-1517.5 C=  33 Safe=95.62% SAI=0.337 Jain=1.000 PeakMF=0.687
[Ep  1050 | Step   504,000/2,000,000 | 316 sps] R=-1423.7 C=  15 Safe=96.88% SAI=0.337 Jain=1.000 PeakMF=0.689
[Ep  1100 | Step   528,000/2,000,000 | 316 sps] R=-1391.6 C=   5 Safe=98.96% SAI=0.336 Jain=1.000 PeakMF=0.692
[Ep  1150 | Step   552,000/2,000,000 | 316 sps] R=-1473.3 C=  27 Safe=94.58% SAI=0.337 Jain=1.000 PeakMF=0.692
[Ep  1200 | Step   576,000/2,000,000 | 316 sps] R=-1417.9 C=  12 Safe=98.54% SAI=0.338 Jain=1.000 PeakMF=0.690
[Ep  1250 | Step   600,000/2,000,000 | 316 sps] R=-1419.8 C=  15 Safe=97.92% SAI=0.337 Jain=1.000 PeakMF=0.691
[Ep  1300 | Step   624,000/2,000,000 | 316 sps] R=-1376.7 C=   8 Safe=98.33% SAI=0.337 Jain=1.000 PeakMF=0.695
[Ep  1350 | Step   648,000/2,000,000 | 316 sps] R=-1481.4 C=  32 Safe=95.21% SAI=0.337 Jain=1.000 PeakMF=0.694
[Ep  1400 | Step   672,000/2,000,000 | 316 sps] R=-1632.8 C=  64 Safe=89.58% SAI=0.336 Jain=1.000 PeakMF=0.696
[Ep  1450 | Step   696,000/2,000,000 | 316 sps] R=-1360.6 C=   8 Safe=98.33% SAI=0.336 Jain=1.000 PeakMF=0.696
[Ep  1500 | Step   720,000/2,000,000 | 316 sps] R=-1407.7 C=  19 Safe=97.29% SAI=0.337 Jain=1.000 PeakMF=0.695
[Ep  1550 | Step   744,000/2,000,000 | 316 sps] R=-1415.6 C=  18 Safe=96.67% SAI=0.336 Jain=1.000 PeakMF=0.695
[Ep  1600 | Step   768,000/2,000,000 | 316 sps] R=-1417.5 C=  18 Safe=97.50% SAI=0.336 Jain=1.000 PeakMF=0.695
[Ep  1650 | Step   792,000/2,000,000 | 316 sps] R=-1347.1 C=   5 Safe=98.96% SAI=0.336 Jain=1.000 PeakMF=0.694
[Ep  1700 | Step   816,000/2,000,000 | 316 sps] R=-1698.6 C=  80 Safe=89.79% SAI=0.335 Jain=1.000 PeakMF=0.696
[Ep  1750 | Step   840,000/2,000,000 | 316 sps] R=-1395.0 C=  16 Safe=97.29% SAI=0.336 Jain=1.000 PeakMF=0.695
[Ep  1800 | Step   864,000/2,000,000 | 316 sps] R=-1563.3 C=  50 Safe=91.67% SAI=0.336 Jain=1.000 PeakMF=0.695
[Ep  1850 | Step   888,000/2,000,000 | 316 sps] R=-1821.5 C= 104 Safe=87.50% SAI=0.336 Jain=1.000 PeakMF=0.694
[Ep  1900 | Step   912,000/2,000,000 | 316 sps] R=-1374.2 C=  10 Safe=98.12% SAI=0.337 Jain=1.000 PeakMF=0.693
[Ep  1950 | Step   936,000/2,000,000 | 316 sps] R=-1433.3 C=  21 Safe=96.25% SAI=0.337 Jain=1.000 PeakMF=0.696
[Ep  2000 | Step   960,000/2,000,000 | 316 sps] R=-1512.3 C=  36 Safe=96.46% SAI=0.337 Jain=1.000 PeakMF=0.693
[Ep  2050 | Step   984,000/2,000,000 | 316 sps] R=-1351.6 C=   4 Safe=99.38% SAI=0.337 Jain=1.000 PeakMF=0.694
[Ep  2100 | Step 1,008,000/2,000,000 | 316 sps] R=-1400.8 C=  14 Safe=97.92% SAI=0.337 Jain=1.000 PeakMF=0.695
[Ep  2150 | Step 1,032,000/2,000,000 | 316 sps] R=-1370.7 C=   8 Safe=98.54% SAI=0.336 Jain=1.000 PeakMF=0.695
[Ep  2200 | Step 1,056,000/2,000,000 | 316 sps] R=-1512.6 C=  41 Safe=93.96% SAI=0.337 Jain=1.000 PeakMF=0.695
[Ep  2250 | Step 1,080,000/2,000,000 | 316 sps] R=-1375.2 C=  11 Safe=97.71% SAI=0.337 Jain=1.000 PeakMF=0.694
[Ep  2300 | Step 1,104,000/2,000,000 | 316 sps] R=-1737.2 C=  91 Safe=88.75% SAI=0.335 Jain=1.000 PeakMF=0.696
[Ep  2350 | Step 1,128,000/2,000,000 | 316 sps] R=-1422.8 C=  22 Safe=96.25% SAI=0.336 Jain=1.000 PeakMF=0.696
[Ep  2400 | Step 1,152,000/2,000,000 | 316 sps] R=-1346.8 C=   5 Safe=98.96% SAI=0.336 Jain=1.000 PeakMF=0.695
[Ep  2450 | Step 1,176,000/2,000,000 | 316 sps] R=-1370.0 C=  12 Safe=97.50% SAI=0.336 Jain=1.000 PeakMF=0.697
[Ep  2500 | Step 1,200,000/2,000,000 | 316 sps] R=-1541.5 C=  53 Safe=90.21% SAI=0.336 Jain=1.000 PeakMF=0.696
[Ep  2550 | Step 1,224,000/2,000,000 | 316 sps] R=-1384.2 C=  21 Safe=95.83% SAI=0.337 Jain=1.000 PeakMF=0.696
[Ep  2600 | Step 1,248,000/2,000,000 | 316 sps] R=-1494.0 C=  44 Safe=91.46% SAI=0.336 Jain=1.000 PeakMF=0.697
[Ep  2650 | Step 1,272,000/2,000,000 | 316 sps] R=-1347.8 C=  10 Safe=98.12% SAI=0.336 Jain=1.000 PeakMF=0.693
[Ep  2700 | Step 1,296,000/2,000,000 | 316 sps] R=-1382.7 C=  19 Safe=96.67% SAI=0.336 Jain=1.000 PeakMF=0.696
[Ep  2750 | Step 1,320,000/2,000,000 | 316 sps] R=-1625.2 C=  71 Safe=89.17% SAI=0.336 Jain=1.000 PeakMF=0.696
[Ep  2800 | Step 1,344,000/2,000,000 | 316 sps] R=-1370.4 C=  16 Safe=96.88% SAI=0.336 Jain=1.000 PeakMF=0.696
[Ep  2850 | Step 1,368,000/2,000,000 | 316 sps] R=-1316.7 C=   2 Safe=99.58% SAI=0.337 Jain=1.000 PeakMF=0.694
[Ep  2900 | Step 1,392,000/2,000,000 | 316 sps] R=-1574.4 C=  58 Safe=90.83% SAI=0.336 Jain=1.000 PeakMF=0.692
[Ep  2950 | Step 1,416,000/2,000,000 | 316 sps] R=-1384.4 C=  22 Safe=96.46% SAI=0.336 Jain=1.000 PeakMF=0.696
[Ep  3000 | Step 1,440,000/2,000,000 | 316 sps] R=-1569.1 C=  59 Safe=91.67% SAI=0.336 Jain=1.000 PeakMF=0.693
[Ep  3050 | Step 1,464,000/2,000,000 | 316 sps] R=-1334.6 C=  13 Safe=97.71% SAI=0.337 Jain=1.000 PeakMF=0.695
[Ep  3100 | Step 1,488,000/2,000,000 | 316 sps] R=-1403.6 C=  26 Safe=96.25% SAI=0.337 Jain=1.000 PeakMF=0.694
[Ep  3150 | Step 1,512,000/2,000,000 | 316 sps] R=-1346.1 C=  16 Safe=97.71% SAI=0.337 Jain=1.000 PeakMF=0.694
[Ep  3200 | Step 1,536,000/2,000,000 | 316 sps] R=-1405.5 C=  26 Safe=95.42% SAI=0.337 Jain=1.000 PeakMF=0.695
[Ep  3250 | Step 1,560,000/2,000,000 | 316 sps] R=-1302.7 C=   3 Safe=99.38% SAI=0.337 Jain=1.000 PeakMF=0.695
[Ep  3300 | Step 1,584,000/2,000,000 | 316 sps] R=-1345.0 C=  15 Safe=96.88% SAI=0.337 Jain=1.000 PeakMF=0.695
[Ep  3350 | Step 1,608,000/2,000,000 | 316 sps] R=-1363.6 C=  18 Safe=96.67% SAI=0.337 Jain=1.000 PeakMF=0.695
[Ep  3400 | Step 1,632,000/2,000,000 | 316 sps] R=-1350.6 C=  14 Safe=97.50% SAI=0.336 Jain=1.000 PeakMF=0.695
[Ep  3450 | Step 1,656,000/2,000,000 | 316 sps] R=-1351.1 C=  15 Safe=97.29% SAI=0.337 Jain=1.000 PeakMF=0.695
[Ep  3500 | Step 1,680,000/2,000,000 | 316 sps] R=-1357.3 C=  14 Safe=97.71% SAI=0.336 Jain=1.000 PeakMF=0.694
[Ep  3550 | Step 1,704,000/2,000,000 | 316 sps] R=-1956.8 C= 141 Safe=83.12% SAI=0.336 Jain=1.000 PeakMF=0.697Using device: cuda
============================================================
HC-MARL Training: HC-MARL (MAPPO + ECBF + NSWF)
Seed: 3 | Device: cuda | Workers: 6
Total steps: 2,000,000 | Eval every: 50,000
Checkpoint dir: checkpoints/ablation_no_mmicrl/seed_3
============================================================
[Ep    50 | Step    24,000/2,000,000 | 321 sps] R=-5254.1 C= 417 Safe=69.79% SAI=0.410 Jain=1.000 PeakMF=0.671
[Ep   100 | Step    48,000/2,000,000 | 318 sps] R=-5810.4 C= 560 Safe=37.29% SAI=0.404 Jain=1.000 PeakMF=0.693
[Ep   150 | Step    72,000/2,000,000 | 318 sps] R=-4135.4 C= 310 Safe=54.17% SAI=0.388 Jain=1.000 PeakMF=0.688
[Ep   200 | Step    96,000/2,000,000 | 317 sps] R=-2972.5 C=  85 Safe=85.00% SAI=0.400 Jain=1.000 PeakMF=0.687
[Ep   250 | Step   120,000/2,000,000 | 317 sps] R=-4052.2 C= 380 Safe=68.12% SAI=0.365 Jain=1.000 PeakMF=0.686
[Ep   300 | Step   144,000/2,000,000 | 317 sps] R=-3225.6 C= 185 Safe=75.21% SAI=0.373 Jain=1.000 PeakMF=0.693
[Ep   350 | Step   168,000/2,000,000 | 317 sps] R=-2999.9 C= 189 Safe=75.00% SAI=0.364 Jain=1.000 PeakMF=0.684
[Ep   400 | Step   192,000/2,000,000 | 317 sps] R=-2201.4 C=  59 Safe=88.54% SAI=0.356 Jain=1.000 PeakMF=0.682
[Ep   450 | Step   216,000/2,000,000 | 316 sps] R=-1941.4 C=  27 Safe=95.21% SAI=0.351 Jain=1.000 PeakMF=0.674
[Ep   500 | Step   240,000/2,000,000 | 316 sps] R=-1763.1 C=  19 Safe=96.25% SAI=0.348 Jain=1.000 PeakMF=0.681
[Ep   550 | Step   264,000/2,000,000 | 316 sps] R=-1630.9 C=  19 Safe=96.25% SAI=0.341 Jain=1.000 PeakMF=0.686
[Ep   600 | Step   288,000/2,000,000 | 316 sps] R=-1887.8 C=  84 Safe=87.92% SAI=0.340 Jain=1.000 PeakMF=0.683
[Ep   650 | Step   312,000/2,000,000 | 316 sps] R=-1554.1 C=  14 Safe=97.29% SAI=0.338 Jain=1.000 PeakMF=0.690
[Ep   700 | Step   336,000/2,000,000 | 316 sps] R=-1614.5 C=  23 Safe=95.62% SAI=0.339 Jain=1.000 PeakMF=0.688
[Ep   750 | Step   360,000/2,000,000 | 316 sps] R=-1531.7 C=  21 Safe=95.62% SAI=0.337 Jain=1.000 PeakMF=0.688
[Ep   800 | Step   384,000/2,000,000 | 316 sps] R=-1657.7 C=  50 Safe=91.46% SAI=0.337 Jain=1.000 PeakMF=0.689
[Ep   850 | Step   408,000/2,000,000 | 316 sps] R=-1447.1 C=  12 Safe=97.71% SAI=0.336 Jain=1.000 PeakMF=0.692
[Ep   900 | Step   432,000/2,000,000 | 316 sps] R=-1460.9 C=  10 Safe=98.33% SAI=0.339 Jain=1.000 PeakMF=0.687
[Ep   950 | Step   456,000/2,000,000 | 316 sps] R=-1651.3 C=  57 Safe=90.42% SAI=0.337 Jain=1.000 PeakMF=0.689
[Ep  1000 | Step   480,000/2,000,000 | 316 sps] R=-1476.1 C=  21 Safe=96.25% SAI=0.337 Jain=1.000 PeakMF=0.692
[Ep  1050 | Step   504,000/2,000,000 | 316 sps] R=-1815.4 C=  98 Safe=85.00% SAI=0.336 Jain=1.000 PeakMF=0.694
[Ep  1100 | Step   528,000/2,000,000 | 316 sps] R=-1469.6 C=  25 Safe=95.83% SAI=0.337 Jain=1.000 PeakMF=0.695
[Ep  1150 | Step   552,000/2,000,000 | 316 sps] R=-1422.7 C=  14 Safe=97.50% SAI=0.337 Jain=1.000 PeakMF=0.690
[Ep  1200 | Step   576,000/2,000,000 | 316 sps] R=-1374.1 C=   3 Safe=99.38% SAI=0.336 Jain=1.000 PeakMF=0.695
[Ep  1250 | Step   600,000/2,000,000 | 316 sps] R=-1426.9 C=  13 Safe=97.92% SAI=0.338 Jain=1.000 PeakMF=0.693
[Ep  1300 | Step   624,000/2,000,000 | 316 sps] R=-1659.4 C=  69 Safe=90.00% SAI=0.337 Jain=1.000 PeakMF=0.695
[Ep  1350 | Step   648,000/2,000,000 | 316 sps] R=-1404.8 C=  17 Safe=96.46% SAI=0.336 Jain=1.000 PeakMF=0.696
[Ep  1400 | Step   672,000/2,000,000 | 316 sps] R=-1550.1 C=  47 Safe=93.12% SAI=0.337 Jain=1.000 PeakMF=0.694
[Ep  1450 | Step   696,000/2,000,000 | 316 sps] R=-1409.8 C=  17 Safe=96.46% SAI=0.336 Jain=1.000 PeakMF=0.695
[Ep  1500 | Step   720,000/2,000,000 | 316 sps] R=-1480.7 C=  36 Safe=94.38% SAI=0.335 Jain=1.000 PeakMF=0.696
[Ep  1550 | Step   744,000/2,000,000 | 316 sps] R=-1373.5 C=   7 Safe=98.75% SAI=0.336 Jain=1.000 PeakMF=0.696
[Ep  1600 | Step   768,000/2,000,000 | 316 sps] R=-1489.9 C=  35 Safe=94.17% SAI=0.336 Jain=1.000 PeakMF=0.695
[Ep  1650 | Step   792,000/2,000,000 | 316 sps] R=-1366.6 C=  10 Safe=98.33% SAI=0.336 Jain=1.000 PeakMF=0.694
[Ep  1700 | Step   816,000/2,000,000 | 316 sps] R=-1427.8 C=  19 Safe=96.25% SAI=0.337 Jain=1.000 PeakMF=0.697
[Ep  1750 | Step   840,000/2,000,000 | 316 sps] R=-1608.0 C=  59 Safe=92.08% SAI=0.335 Jain=1.000 PeakMF=0.694
[Ep  1800 | Step   864,000/2,000,000 | 316 sps] R=-1675.9 C=  75 Safe=88.54% SAI=0.336 Jain=1.000 PeakMF=0.695
[Ep  1850 | Step   888,000/2,000,000 | 316 sps] R=-1396.7 C=  10 Safe=97.92% SAI=0.337 Jain=1.000 PeakMF=0.694
[Ep  1900 | Step   912,000/2,000,000 | 316 sps] R=-1533.4 C=  43 Safe=93.54% SAI=0.336 Jain=1.000 PeakMF=0.693
[Ep  1950 | Step   936,000/2,000,000 | 316 sps] R=-1659.9 C=  71 Safe=88.12% SAI=0.337 Jain=1.000 PeakMF=0.697
[Ep  2000 | Step   960,000/2,000,000 | 316 sps] R=-1564.7 C=  52 Safe=93.96% SAI=0.337 Jain=1.000 PeakMF=0.696
[Ep  2050 | Step   984,000/2,000,000 | 316 sps] R=-1354.9 C=  11 Safe=97.92% SAI=0.336 Jain=1.000 PeakMF=0.694
[Ep  2100 | Step 1,008,000/2,000,000 | 316 sps] R=-1333.0 C=   7 Safe=98.54% SAI=0.336 Jain=1.000 PeakMF=0.695
[Ep  2150 | Step 1,032,000/2,000,000 | 316 sps] R=-1420.8 C=  26 Safe=95.62% SAI=0.336 Jain=1.000 PeakMF=0.697
[Ep  2200 | Step 1,056,000/2,000,000 | 316 sps] R=-1485.4 C=  40 Safe=92.92% SAI=0.336 Jain=1.000 PeakMF=0.695
[Ep  2250 | Step 1,080,000/2,000,000 | 316 sps] R=-1350.3 C=  10 Safe=98.75% SAI=0.336 Jain=1.000 PeakMF=0.695
[Ep  2300 | Step 1,104,000/2,000,000 | 316 sps] R=-1390.8 C=  21 Safe=96.04% SAI=0.336 Jain=1.000 PeakMF=0.696
[Ep  2350 | Step 1,128,000/2,000,000 | 316 sps] R=-1346.1 C=  12 Safe=97.71% SAI=0.337 Jain=1.000 PeakMF=0.695
[Ep  2400 | Step 1,152,000/2,000,000 | 316 sps] R=-1375.1 C=  17 Safe=96.67% SAI=0.336 Jain=1.000 PeakMF=0.697
[Ep  2450 | Step 1,176,000/2,000,000 | 316 sps] R=-1323.5 C=   5 Safe=98.96% SAI=0.336 Jain=1.000 PeakMF=0.696
[Ep  2500 | Step 1,200,000/2,000,000 | 316 sps] R=-1442.0 C=  34 Safe=94.17% SAI=0.336 Jain=1.000 PeakMF=0.696
[Ep  2550 | Step 1,224,000/2,000,000 | 316 sps] R=-1356.6 C=  12 Safe=97.92% SAI=0.337 Jain=1.000 PeakMF=0.695
[Ep  2600 | Step 1,248,000/2,000,000 | 316 sps] R=-1386.3 C=  24 Safe=96.04% SAI=0.337 Jain=1.000 PeakMF=0.695
[Ep  2650 | Step 1,272,000/2,000,000 | 316 sps] R=-1630.6 C=  73 Safe=88.33% SAI=0.336 Jain=1.000 PeakMF=0.697
[Ep  2700 | Step 1,296,000/2,000,000 | 316 sps] R=-1446.3 C=  33 Safe=95.00% SAI=0.337 Jain=1.000 PeakMF=0.696
[Ep  2750 | Step 1,320,000/2,000,000 | 316 sps] R=-1374.6 C=  19 Safe=97.29% SAI=0.336 Jain=1.000 PeakMF=0.694
[Ep  2800 | Step 1,344,000/2,000,000 | 316 sps] R=-1439.7 C=  33 Safe=94.17% SAI=0.336 Jain=1.000 PeakMF=0.697
[Ep  2850 | Step 1,368,000/2,000,000 | 316 sps] R=-1330.8 C=  10 Safe=98.12% SAI=0.337 Jain=1.000 PeakMF=0.696
[Ep  2900 | Step 1,392,000/2,000,000 | 316 sps] R=-1328.5 C=   7 Safe=98.75% SAI=0.336 Jain=1.000 PeakMF=0.695
[Ep  2950 | Step 1,416,000/2,000,000 | 316 sps] R=-1318.9 C=   9 Safe=98.75% SAI=0.337 Jain=1.000 PeakMF=0.694
[Ep  3000 | Step 1,440,000/2,000,000 | 316 sps] R=-1439.2 C=  34 Safe=94.58% SAI=0.336 Jain=1.000 PeakMF=0.694
[Ep  3050 | Step 1,464,000/2,000,000 | 316 sps] R=-1458.1 C=  38 Safe=93.54% SAI=0.336 Jain=1.000 PeakMF=0.695
[Ep  3100 | Step 1,488,000/2,000,000 | 316 sps] R=-1344.8 C=  12 Safe=97.92% SAI=0.336 Jain=1.000 PeakMF=0.692
[Ep  3150 | Step 1,512,000/2,000,000 | 316 sps] R=-1507.4 C=  47 Safe=93.96% SAI=0.336 Jain=1.000 PeakMF=0.694
[Ep  3200 | Step 1,536,000/2,000,000 | 316 sps] R=-1360.4 C=  18 Safe=97.29% SAI=0.337 Jain=1.000 PeakMF=0.695
[Ep  3250 | Step 1,560,000/2,000,000 | 316 sps] R=-1326.1 C=  11 Safe=98.12% SAI=0.336 Jain=1.000 PeakMF=0.694
[Ep  3300 | Step 1,584,000/2,000,000 | 316 sps] R=-1281.1 C=   1 Safe=99.79% SAI=0.336 Jain=1.000 PeakMF=0.695
[Ep  3350 | Step 1,608,000/2,000,000 | 316 sps] R=-1614.2 C=  69 Safe=89.38% SAI=0.336 Jain=1.000 PeakMF=0.696
[Ep  3400 | Step 1,632,000/2,000,000 | 316 sps] R=-1322.5 C=   5 Safe=98.96% SAI=0.337 Jain=1.000 PeakMF=0.693
[Ep  3450 | Step 1,656,000/2,000,000 | 316 sps] R=-1364.9 C=  17 Safe=97.71% SAI=0.336 Jain=1.000 PeakMF=0.694
[Ep  3500 | Step 1,680,000/2,000,000 | 316 sps] R=-1318.9 C=   7 Safe=98.54% SAI=0.337 Jain=1.000 PeakMF=0.696
[Ep  3550 | Step 1,704,000/2,000,000 | 316 sps] R=-1502.4 C=  45 Safe=92.92% SAI=0.337 Jain=1.000 PeakMF=0.691Using device: cuda
============================================================
HC-MARL Training: HC-MARL (MAPPO + ECBF + NSWF)
Seed: 4 | Device: cuda | Workers: 6
Total steps: 2,000,000 | Eval every: 50,000
Checkpoint dir: checkpoints/ablation_no_mmicrl/seed_4
============================================================
[Ep    50 | Step    24,000/2,000,000 | 320 sps] R=-5819.4 C= 407 Safe=57.29% SAI=0.440 Jain=1.000 PeakMF=0.666
[Ep   100 | Step    48,000/2,000,000 | 318 sps] R=-5538.4 C= 441 Safe=61.88% SAI=0.426 Jain=1.000 PeakMF=0.678
[Ep   150 | Step    72,000/2,000,000 | 317 sps] R=-5550.6 C= 610 Safe=40.62% SAI=0.389 Jain=1.000 PeakMF=0.686
[Ep   200 | Step    96,000/2,000,000 | 317 sps] R=-2717.4 C=  35 Safe=92.92% SAI=0.387 Jain=1.000 PeakMF=0.684
[Ep   250 | Step   120,000/2,000,000 | 317 sps] R=-2630.2 C=  57 Safe=89.79% SAI=0.387 Jain=1.000 PeakMF=0.683
[Ep   300 | Step   144,000/2,000,000 | 317 sps] R=-3085.1 C= 163 Safe=76.46% SAI=0.373 Jain=1.000 PeakMF=0.684
[Ep   350 | Step   168,000/2,000,000 | 316 sps] R=-2213.6 C=  40 Safe=91.88% SAI=0.363 Jain=1.000 PeakMF=0.685
[Ep   400 | Step   192,000/2,000,000 | 316 sps] R=-3709.7 C= 386 Safe=71.46% SAI=0.352 Jain=1.000 PeakMF=0.686
[Ep   450 | Step   216,000/2,000,000 | 316 sps] R=-1920.1 C=  16 Safe=96.67% SAI=0.355 Jain=1.000 PeakMF=0.681
[Ep   500 | Step   240,000/2,000,000 | 316 sps] R=-1829.7 C=  22 Safe=96.04% SAI=0.349 Jain=1.000 PeakMF=0.685
[Ep   550 | Step   264,000/2,000,000 | 316 sps] R=-2148.6 C= 129 Safe=79.58% SAI=0.342 Jain=1.000 PeakMF=0.689
[Ep   600 | Step   288,000/2,000,000 | 316 sps] R=-1595.2 C=  10 Safe=97.92% SAI=0.342 Jain=1.000 PeakMF=0.686
[Ep   650 | Step   312,000/2,000,000 | 316 sps] R=-1626.7 C=  29 Safe=94.79% SAI=0.340 Jain=1.000 PeakMF=0.688
[Ep   700 | Step   336,000/2,000,000 | 316 sps] R=-1539.3 C=  18 Safe=96.67% SAI=0.340 Jain=1.000 PeakMF=0.686
[Ep   750 | Step   360,000/2,000,000 | 316 sps] R=-1526.9 C=  23 Safe=95.42% SAI=0.337 Jain=1.000 PeakMF=0.687
[Ep   800 | Step   384,000/2,000,000 | 316 sps] R=-1559.6 C=  34 Safe=93.75% SAI=0.337 Jain=1.000 PeakMF=0.689
[Ep   850 | Step   408,000/2,000,000 | 316 sps] R=-1464.4 C=  11 Safe=97.71% SAI=0.340 Jain=1.000 PeakMF=0.690
[Ep   900 | Step   432,000/2,000,000 | 316 sps] R=-1490.4 C=  18 Safe=97.29% SAI=0.339 Jain=1.000 PeakMF=0.686
[Ep   950 | Step   456,000/2,000,000 | 316 sps] R=-1447.5 C=   5 Safe=99.17% SAI=0.338 Jain=1.000 PeakMF=0.690
[Ep  1000 | Step   480,000/2,000,000 | 316 sps] R=-1528.4 C=  28 Safe=95.83% SAI=0.339 Jain=1.000 PeakMF=0.691
[Ep  1050 | Step   504,000/2,000,000 | 316 sps] R=-1656.5 C=  58 Safe=90.62% SAI=0.337 Jain=1.000 PeakMF=0.690
[Ep  1100 | Step   528,000/2,000,000 | 316 sps] R=-1407.0 C=   6 Safe=98.75% SAI=0.337 Jain=1.000 PeakMF=0.690
[Ep  1150 | Step   552,000/2,000,000 | 316 sps] R=-1433.4 C=  14 Safe=97.29% SAI=0.337 Jain=1.000 PeakMF=0.693
[Ep  1200 | Step   576,000/2,000,000 | 316 sps] R=-1366.4 C=   0 Safe=100.00% SAI=0.337 Jain=1.000 PeakMF=0.692
[Ep  1250 | Step   600,000/2,000,000 | 316 sps] R=-1723.0 C=  81 Safe=88.33% SAI=0.336 Jain=1.000 PeakMF=0.694
[Ep  1300 | Step   624,000/2,000,000 | 316 sps] R=-1367.4 C=   1 Safe=99.79% SAI=0.337 Jain=1.000 PeakMF=0.695
[Ep  1350 | Step   648,000/2,000,000 | 316 sps] R=-1471.8 C=  30 Safe=95.42% SAI=0.336 Jain=1.000 PeakMF=0.693
[Ep  1400 | Step   672,000/2,000,000 | 316 sps] R=-1440.2 C=  25 Safe=96.25% SAI=0.337 Jain=1.000 PeakMF=0.694
[Ep  1450 | Step   696,000/2,000,000 | 316 sps] R=-1727.2 C=  84 Safe=90.21% SAI=0.336 Jain=1.000 PeakMF=0.693
[Ep  1500 | Step   720,000/2,000,000 | 316 sps] R=-1402.2 C=  14 Safe=98.12% SAI=0.336 Jain=1.000 PeakMF=0.692
[Ep  1550 | Step   744,000/2,000,000 | 316 sps] R=-1436.1 C=  24 Safe=96.04% SAI=0.336 Jain=1.000 PeakMF=0.691
[Ep  1600 | Step   768,000/2,000,000 | 316 sps] R=-1409.3 C=  15 Safe=97.71% SAI=0.337 Jain=1.000 PeakMF=0.694
[Ep  1650 | Step   792,000/2,000,000 | 316 sps] R=-1479.9 C=  34 Safe=94.38% SAI=0.336 Jain=1.000 PeakMF=0.695
[Ep  1700 | Step   816,000/2,000,000 | 316 sps] R=-1702.4 C=  78 Safe=90.21% SAI=0.337 Jain=1.000 PeakMF=0.693
[Ep  1750 | Step   840,000/2,000,000 | 316 sps] R=-1351.2 C=   5 Safe=98.96% SAI=0.337 Jain=1.000 PeakMF=0.696
[Ep  1800 | Step   864,000/2,000,000 | 316 sps] R=-1450.8 C=  28 Safe=95.83% SAI=0.337 Jain=1.000 PeakMF=0.696
[Ep  1850 | Step   888,000/2,000,000 | 316 sps] R=-1473.0 C=  30 Safe=94.79% SAI=0.337 Jain=1.000 PeakMF=0.692
[Ep  1900 | Step   912,000/2,000,000 | 316 sps] R=-1455.5 C=  30 Safe=96.25% SAI=0.337 Jain=1.000 PeakMF=0.696
[Ep  1950 | Step   936,000/2,000,000 | 316 sps] R=-1423.2 C=  20 Safe=96.46% SAI=0.335 Jain=1.000 PeakMF=0.696
[Ep  2000 | Step   960,000/2,000,000 | 316 sps] R=-1708.9 C=  81 Safe=90.83% SAI=0.335 Jain=1.000 PeakMF=0.695
[Ep  2050 | Step   984,000/2,000,000 | 316 sps] R=-1486.3 C=  35 Safe=93.75% SAI=0.336 Jain=1.000 PeakMF=0.696
[Ep  2100 | Step 1,008,000/2,000,000 | 316 sps] R=-1498.0 C=  40 Safe=94.17% SAI=0.336 Jain=1.000 PeakMF=0.695
[Ep  2150 | Step 1,032,000/2,000,000 | 316 sps] R=-1380.1 C=  13 Safe=97.29% SAI=0.336 Jain=1.000 PeakMF=0.696
[Ep  2200 | Step 1,056,000/2,000,000 | 316 sps] R=-1418.6 C=  26 Safe=95.21% SAI=0.337 Jain=1.000 PeakMF=0.695
[Ep  2250 | Step 1,080,000/2,000,000 | 316 sps] R=-1443.9 C=  26 Safe=96.25% SAI=0.336 Jain=1.000 PeakMF=0.696
[Ep  2300 | Step 1,104,000/2,000,000 | 316 sps] R=-1456.6 C=  29 Safe=94.58% SAI=0.337 Jain=1.000 PeakMF=0.694
[Ep  2350 | Step 1,128,000/2,000,000 | 316 sps] R=-1366.9 C=  10 Safe=98.12% SAI=0.337 Jain=1.000 PeakMF=0.696
[Ep  2400 | Step 1,152,000/2,000,000 | 316 sps] R=-1412.3 C=  21 Safe=96.04% SAI=0.337 Jain=1.000 PeakMF=0.696
[Ep  2450 | Step 1,176,000/2,000,000 | 316 sps] R=-1346.6 C=  11 Safe=98.12% SAI=0.337 Jain=1.000 PeakMF=0.695
[Ep  2500 | Step 1,200,000/2,000,000 | 316 sps] R=-1667.7 C=  76 Safe=87.50% SAI=0.336 Jain=1.000 PeakMF=0.697
[Ep  2550 | Step 1,224,000/2,000,000 | 316 sps] R=-1538.1 C=  53 Safe=91.46% SAI=0.335 Jain=1.000 PeakMF=0.696
[Ep  2600 | Step 1,248,000/2,000,000 | 316 sps] R=-1372.4 C=  18 Safe=96.25% SAI=0.336 Jain=1.000 PeakMF=0.696
[Ep  2650 | Step 1,272,000/2,000,000 | 316 sps] R=-1393.2 C=  21 Safe=96.67% SAI=0.336 Jain=1.000 PeakMF=0.696
[Ep  2700 | Step 1,296,000/2,000,000 | 316 sps] R=-1517.5 C=  48 Safe=93.12% SAI=0.336 Jain=1.000 PeakMF=0.695
[Ep  2750 | Step 1,320,000/2,000,000 | 316 sps] R=-1477.4 C=  40 Safe=93.54% SAI=0.336 Jain=1.000 PeakMF=0.695
[Ep  2800 | Step 1,344,000/2,000,000 | 316 sps] R=-1378.1 C=  18 Safe=97.50% SAI=0.336 Jain=1.000 PeakMF=0.694
[Ep  2850 | Step 1,368,000/2,000,000 | 316 sps] R=-1445.5 C=  36 Safe=94.17% SAI=0.336 Jain=1.000 PeakMF=0.694
[Ep  2900 | Step 1,392,000/2,000,000 | 316 sps] R=-1359.1 C=  13 Safe=97.50% SAI=0.337 Jain=1.000 PeakMF=0.691
[Ep  2950 | Step 1,416,000/2,000,000 | 316 sps] R=-1359.5 C=  13 Safe=98.33% SAI=0.336 Jain=1.000 PeakMF=0.693
[Ep  3000 | Step 1,440,000/2,000,000 | 316 sps] R=-1446.2 C=  33 Safe=93.54% SAI=0.336 Jain=1.000 PeakMF=0.696
[Ep  3050 | Step 1,464,000/2,000,000 | 316 sps] R=-1338.0 C=  11 Safe=97.71% SAI=0.336 Jain=1.000 PeakMF=0.696
[Ep  3100 | Step 1,488,000/2,000,000 | 316 sps] R=-1335.8 C=  12 Safe=97.92% SAI=0.336 Jain=1.000 PeakMF=0.696
[Ep  3150 | Step 1,512,000/2,000,000 | 316 sps] R=-1300.8 C=   3 Safe=99.38% SAI=0.337 Jain=1.000 PeakMF=0.696
[Ep  3200 | Step 1,536,000/2,000,000 | 316 sps] R=-1396.3 C=  25 Safe=95.62% SAI=0.337 Jain=1.000 PeakMF=0.695
[Ep  3250 | Step 1,560,000/2,000,000 | 316 sps] R=-1430.9 C=  30 Safe=95.62% SAI=0.336 Jain=1.000 PeakMF=0.696
[Ep  3300 | Step 1,584,000/2,000,000 | 316 sps] R=-1468.9 C=  38 Safe=92.71% SAI=0.336 Jain=1.000 PeakMF=0.697
[Ep  3350 | Step 1,608,000/2,000,000 | 316 sps] R=-1509.0 C=  48 Safe=92.29% SAI=0.336 Jain=1.000 PeakMF=0.696
[Ep  3400 | Step 1,632,000/2,000,000 | 316 sps] R=-1316.3 C=   6 Safe=98.75% SAI=0.337 Jain=1.000 PeakMF=0.693
[Ep  3450 | Step 1,656,000/2,000,000 | 316 sps] R=-1306.6 C=   3 Safe=99.58% SAI=0.337 Jain=1.000 PeakMF=0.696
[Ep  3500 | Step 1,680,000/2,000,000 | 316 sps] R=-1448.1 C=  36 Safe=95.42% SAI=0.337 Jain=1.000 PeakMF=0.695
[Ep  3550 | Step 1,704,000/2,000,000 | 316 sps] R=-1299.2 C=   5 Safe=98.96% SAI=0.337 Jain=1.000 PeakMF=0.695Using device: cuda
============================================================
HC-MARL Training: HC-MARL (MAPPO + ECBF + NSWF)
Seed: 5 | Device: cuda | Workers: 6
Total steps: 2,000,000 | Eval every: 50,000
Checkpoint dir: checkpoints/ablation_no_mmicrl/seed_5
============================================================
[Ep    50 | Step    24,000/2,000,000 | 314 sps] R=-7317.5 C= 808 Safe=50.00% SAI=0.406 Jain=1.000 PeakMF=0.681
[Ep   100 | Step    48,000/2,000,000 | 316 sps] R=-4962.4 C= 328 Safe=76.67% SAI=0.429 Jain=1.000 PeakMF=0.684
[Ep   150 | Step    72,000/2,000,000 | 316 sps] R=-4649.4 C= 403 Safe=56.46% SAI=0.391 Jain=1.000 PeakMF=0.691
[Ep   200 | Step    96,000/2,000,000 | 316 sps] R=-5116.8 C= 495 Safe=46.88% SAI=0.390 Jain=1.000 PeakMF=0.691
[Ep   250 | Step   120,000/2,000,000 | 316 sps] R=-3464.5 C= 267 Safe=63.33% SAI=0.369 Jain=1.000 PeakMF=0.684
[Ep   300 | Step   144,000/2,000,000 | 316 sps] R=-2204.2 C=   9 Safe=98.12% SAI=0.374 Jain=1.000 PeakMF=0.681
[Ep   350 | Step   168,000/2,000,000 | 316 sps] R=-2443.9 C=  72 Safe=87.71% SAI=0.367 Jain=1.000 PeakMF=0.684
[Ep   400 | Step   192,000/2,000,000 | 316 sps] R=-1978.3 C=   3 Safe=99.38% SAI=0.363 Jain=1.000 PeakMF=0.678
[Ep   450 | Step   216,000/2,000,000 | 316 sps] R=-1796.6 C=  17 Safe=97.08% SAI=0.346 Jain=1.000 PeakMF=0.677
[Ep   500 | Step   240,000/2,000,000 | 316 sps] R=-1658.3 C=  12 Safe=97.50% SAI=0.343 Jain=1.000 PeakMF=0.681
[Ep   550 | Step   264,000/2,000,000 | 316 sps] R=-2029.7 C= 103 Safe=83.96% SAI=0.341 Jain=1.000 PeakMF=0.683
[Ep   600 | Step   288,000/2,000,000 | 316 sps] R=-1727.6 C=  44 Safe=91.25% SAI=0.338 Jain=1.000 PeakMF=0.689
[Ep   650 | Step   312,000/2,000,000 | 316 sps] R=-1699.2 C=  32 Safe=95.00% SAI=0.343 Jain=1.000 PeakMF=0.685
[Ep   700 | Step   336,000/2,000,000 | 316 sps] R=-1569.2 C=  14 Safe=97.08% SAI=0.339 Jain=1.000 PeakMF=0.682
[Ep   750 | Step   360,000/2,000,000 | 316 sps] R=-1621.6 C=  36 Safe=93.33% SAI=0.339 Jain=1.000 PeakMF=0.685
[Ep   800 | Step   384,000/2,000,000 | 316 sps] R=-2039.6 C= 133 Safe=82.92% SAI=0.336 Jain=1.000 PeakMF=0.692
[Ep   850 | Step   408,000/2,000,000 | 316 sps] R=-1525.9 C=  18 Safe=96.88% SAI=0.338 Jain=1.000 PeakMF=0.687
[Ep   900 | Step   432,000/2,000,000 | 316 sps] R=-1636.3 C=  52 Safe=91.46% SAI=0.338 Jain=1.000 PeakMF=0.689
[Ep   950 | Step   456,000/2,000,000 | 316 sps] R=-1604.9 C=  46 Safe=92.08% SAI=0.338 Jain=1.000 PeakMF=0.690
[Ep  1000 | Step   480,000/2,000,000 | 316 sps] R=-1687.7 C=  62 Safe=89.38% SAI=0.338 Jain=1.000 PeakMF=0.694
[Ep  1050 | Step   504,000/2,000,000 | 316 sps] R=-1972.1 C= 133 Safe=81.67% SAI=0.337 Jain=1.000 PeakMF=0.695
[Ep  1100 | Step   528,000/2,000,000 | 316 sps] R=-1471.8 C=  25 Safe=95.62% SAI=0.337 Jain=1.000 PeakMF=0.693
[Ep  1150 | Step   552,000/2,000,000 | 316 sps] R=-1471.7 C=  31 Safe=94.79% SAI=0.337 Jain=1.000 PeakMF=0.695
[Ep  1200 | Step   576,000/2,000,000 | 316 sps] R=-1619.7 C=  61 Safe=90.42% SAI=0.336 Jain=1.000 PeakMF=0.696
[Ep  1250 | Step   600,000/2,000,000 | 316 sps] R=-1379.9 C=   6 Safe=99.17% SAI=0.336 Jain=1.000 PeakMF=0.694
[Ep  1300 | Step   624,000/2,000,000 | 316 sps] R=-1520.6 C=  40 Safe=92.71% SAI=0.335 Jain=1.000 PeakMF=0.695
[Ep  1350 | Step   648,000/2,000,000 | 316 sps] R=-1473.8 C=  31 Safe=94.38% SAI=0.336 Jain=1.000 PeakMF=0.695
[Ep  1400 | Step   672,000/2,000,000 | 316 sps] R=-1457.6 C=  27 Safe=95.21% SAI=0.336 Jain=1.000 PeakMF=0.694
[Ep  1450 | Step   696,000/2,000,000 | 316 sps] R=-1668.4 C=  72 Safe=89.79% SAI=0.337 Jain=1.000 PeakMF=0.694
[Ep  1500 | Step   720,000/2,000,000 | 316 sps] R=-1382.1 C=  10 Safe=98.12% SAI=0.337 Jain=1.000 PeakMF=0.691
[Ep  1550 | Step   744,000/2,000,000 | 316 sps] R=-1649.3 C=  70 Safe=89.79% SAI=0.336 Jain=1.000 PeakMF=0.695
[Ep  1600 | Step   768,000/2,000,000 | 316 sps] R=-1381.5 C=   6 Safe=98.96% SAI=0.338 Jain=1.000 PeakMF=0.693
[Ep  1650 | Step   792,000/2,000,000 | 316 sps] R=-1448.8 C=  28 Safe=96.04% SAI=0.337 Jain=1.000 PeakMF=0.695
[Ep  1700 | Step   816,000/2,000,000 | 316 sps] R=-1404.4 C=  18 Safe=96.67% SAI=0.337 Jain=1.000 PeakMF=0.696
[Ep  1750 | Step   840,000/2,000,000 | 316 sps] R=-1410.7 C=  18 Safe=97.29% SAI=0.337 Jain=1.000 PeakMF=0.695
[Ep  1800 | Step   864,000/2,000,000 | 316 sps] R=-1419.6 C=  21 Safe=96.88% SAI=0.336 Jain=1.000 PeakMF=0.694
[Ep  1850 | Step   888,000/2,000,000 | 316 sps] R=-1477.9 C=  33 Safe=94.79% SAI=0.336 Jain=1.000 PeakMF=0.697
[Ep  1900 | Step   912,000/2,000,000 | 316 sps] R=-1416.2 C=  19 Safe=97.50% SAI=0.336 Jain=1.000 PeakMF=0.694
[Ep  1950 | Step   936,000/2,000,000 | 316 sps] R=-1453.3 C=  29 Safe=96.25% SAI=0.336 Jain=1.000 PeakMF=0.694
[Ep  2000 | Step   960,000/2,000,000 | 316 sps] R=-1517.8 C=  44 Safe=93.12% SAI=0.336 Jain=1.000 PeakMF=0.696
[Ep  2050 | Step   984,000/2,000,000 | 316 sps] R=-1400.6 C=  13 Safe=97.71% SAI=0.337 Jain=1.000 PeakMF=0.695
[Ep  2100 | Step 1,008,000/2,000,000 | 316 sps] R=-1435.3 C=  23 Safe=96.46% SAI=0.337 Jain=1.000 PeakMF=0.691
[Ep  2150 | Step 1,032,000/2,000,000 | 316 sps] R=-1366.9 C=   5 Safe=98.96% SAI=0.338 Jain=1.000 PeakMF=0.694
[Ep  2200 | Step 1,056,000/2,000,000 | 316 sps] R=-1384.1 C=  13 Safe=97.71% SAI=0.337 Jain=1.000 PeakMF=0.694
[Ep  2250 | Step 1,080,000/2,000,000 | 316 sps] R=-1676.8 C=  76 Safe=89.58% SAI=0.336 Jain=1.000 PeakMF=0.693
[Ep  2300 | Step 1,104,000/2,000,000 | 316 sps] R=-1475.7 C=  31 Safe=95.21% SAI=0.336 Jain=1.000 PeakMF=0.692
[Ep  2350 | Step 1,128,000/2,000,000 | 316 sps] R=-1401.2 C=  20 Safe=96.25% SAI=0.336 Jain=1.000 PeakMF=0.697
[Ep  2400 | Step 1,152,000/2,000,000 | 316 sps] R=-1371.2 C=  10 Safe=98.12% SAI=0.337 Jain=1.000 PeakMF=0.693
[Ep  2450 | Step 1,176,000/2,000,000 | 316 sps] R=-1353.9 C=  12 Safe=98.12% SAI=0.337 Jain=1.000 PeakMF=0.695
[Ep  2500 | Step 1,200,000/2,000,000 | 316 sps] R=-1565.4 C=  58 Safe=92.29% SAI=0.337 Jain=1.000 PeakMF=0.696
[Ep  2550 | Step 1,224,000/2,000,000 | 316 sps] R=-1438.5 C=  30 Safe=95.42% SAI=0.336 Jain=1.000 PeakMF=0.697
[Ep  2600 | Step 1,248,000/2,000,000 | 316 sps] R=-1484.5 C=  39 Safe=94.79% SAI=0.337 Jain=1.000 PeakMF=0.695
[Ep  2650 | Step 1,272,000/2,000,000 | 316 sps] R=-1434.6 C=  29 Safe=94.79% SAI=0.336 Jain=1.000 PeakMF=0.693
[Ep  2700 | Step 1,296,000/2,000,000 | 316 sps] R=-1372.5 C=  18 Safe=96.25% SAI=0.336 Jain=1.000 PeakMF=0.695
[Ep  2750 | Step 1,320,000/2,000,000 | 316 sps] R=-1363.8 C=  13 Safe=97.29% SAI=0.337 Jain=1.000 PeakMF=0.695
[Ep  2800 | Step 1,344,000/2,000,000 | 316 sps] R=-1828.2 C= 113 Safe=85.62% SAI=0.335 Jain=1.000 PeakMF=0.695
[Ep  2850 | Step 1,368,000/2,000,000 | 316 sps] R=-1360.2 C=  15 Safe=97.71% SAI=0.337 Jain=1.000 PeakMF=0.696
[Ep  2900 | Step 1,392,000/2,000,000 | 316 sps] R=-1343.0 C=  13 Safe=97.50% SAI=0.336 Jain=1.000 PeakMF=0.695
[Ep  2950 | Step 1,416,000/2,000,000 | 316 sps] R=-1644.6 C=  75 Safe=89.79% SAI=0.336 Jain=1.000 PeakMF=0.695
[Ep  3000 | Step 1,440,000/2,000,000 | 316 sps] R=-1314.8 C=   4 Safe=99.17% SAI=0.337 Jain=1.000 PeakMF=0.692
[Ep  3050 | Step 1,464,000/2,000,000 | 316 sps] R=-1471.8 C=  40 Safe=93.54% SAI=0.336 Jain=1.000 PeakMF=0.694
[Ep  3100 | Step 1,488,000/2,000,000 | 316 sps] R=-1353.4 C=  14 Safe=97.08% SAI=0.337 Jain=1.000 PeakMF=0.696
[Ep  3150 | Step 1,512,000/2,000,000 | 316 sps] R=-1322.1 C=   7 Safe=98.96% SAI=0.337 Jain=1.000 PeakMF=0.692
[Ep  3200 | Step 1,536,000/2,000,000 | 316 sps] R=-1407.9 C=  28 Safe=94.79% SAI=0.336 Jain=1.000 PeakMF=0.694
[Ep  3250 | Step 1,560,000/2,000,000 | 316 sps] R=-1408.6 C=  25 Safe=95.83% SAI=0.336 Jain=1.000 PeakMF=0.696
[Ep  3300 | Step 1,584,000/2,000,000 | 316 sps] R=-1326.8 C=   6 Safe=98.96% SAI=0.337 Jain=1.000 PeakMF=0.693
[Ep  3350 | Step 1,608,000/2,000,000 | 316 sps] R=-1303.3 C=   2 Safe=99.58% SAI=0.337 Jain=1.000 PeakMF=0.693
[Ep  3400 | Step 1,632,000/2,000,000 | 316 sps] R=-1343.5 C=  10 Safe=98.54% SAI=0.337 Jain=1.000 PeakMF=0.692
[Ep  3450 | Step 1,656,000/2,000,000 | 316 sps] R=-1401.7 C=  26 Safe=95.00% SAI=0.337 Jain=1.000 PeakMF=0.697
[Ep  3500 | Step 1,680,000/2,000,000 | 316 sps] R=-1416.1 C=  26 Safe=95.83% SAI=0.337 Jain=1.000 PeakMF=0.695
[Ep  3550 | Step 1,704,000/2,000,000 | 316 sps] R=-1487.7 C=  40 Safe=95.21% SAI=0.337 Jain=1.000 PeakMF=0.694Using device: cuda
============================================================
HC-MARL Training: HC-MARL (MAPPO + ECBF + NSWF)
Seed: 6 | Device: cuda | Workers: 6
Total steps: 2,000,000 | Eval every: 50,000
Checkpoint dir: checkpoints/ablation_no_mmicrl/seed_6
============================================================
[Ep    50 | Step    24,000/2,000,000 | 315 sps] R=-5209.7 C= 350 Safe=73.54% SAI=0.440 Jain=1.000 PeakMF=0.672
[Ep   100 | Step    48,000/2,000,000 | 316 sps] R=-4299.3 C= 200 Safe=78.54% SAI=0.424 Jain=1.000 PeakMF=0.683
[Ep   150 | Step    72,000/2,000,000 | 316 sps] R=-6124.9 C= 678 Safe=45.83% SAI=0.386 Jain=1.000 PeakMF=0.697
[Ep   200 | Step    96,000/2,000,000 | 316 sps] R=-2987.8 C= 117 Safe=83.33% SAI=0.381 Jain=1.000 PeakMF=0.686
[Ep   250 | Step   120,000/2,000,000 | 316 sps] R=-3419.7 C= 246 Safe=64.38% SAI=0.372 Jain=1.000 PeakMF=0.687
[Ep   300 | Step   144,000/2,000,000 | 316 sps] R=-2159.9 C=  21 Safe=96.04% SAI=0.366 Jain=1.000 PeakMF=0.680
[Ep   350 | Step   168,000/2,000,000 | 316 sps] R=-2088.8 C=  59 Safe=90.62% SAI=0.355 Jain=1.000 PeakMF=0.683
[Ep   400 | Step   192,000/2,000,000 | 316 sps] R=-1957.6 C=  30 Safe=94.38% SAI=0.351 Jain=1.000 PeakMF=0.691
[Ep   450 | Step   216,000/2,000,000 | 316 sps] R=-1788.3 C=  43 Safe=93.54% SAI=0.342 Jain=1.000 PeakMF=0.683
[Ep   500 | Step   240,000/2,000,000 | 316 sps] R=-1662.4 C=  17 Safe=96.46% SAI=0.343 Jain=1.000 PeakMF=0.682
[Ep   550 | Step   264,000/2,000,000 | 316 sps] R=-1763.1 C=  56 Safe=90.00% SAI=0.340 Jain=1.000 PeakMF=0.685
[Ep   600 | Step   288,000/2,000,000 | 316 sps] R=-1679.1 C=  27 Safe=95.00% SAI=0.343 Jain=1.000 PeakMF=0.686
[Ep   650 | Step   312,000/2,000,000 | 316 sps] R=-1509.3 C=   8 Safe=98.54% SAI=0.338 Jain=1.000 PeakMF=0.686
[Ep   700 | Step   336,000/2,000,000 | 316 sps] R=-1556.5 C=  25 Safe=95.83% SAI=0.336 Jain=1.000 PeakMF=0.688
[Ep   750 | Step   360,000/2,000,000 | 316 sps] R=-1458.2 C=   5 Safe=98.96% SAI=0.338 Jain=1.000 PeakMF=0.683
[Ep   800 | Step   384,000/2,000,000 | 316 sps] R=-1629.8 C=  49 Safe=91.25% SAI=0.335 Jain=1.000 PeakMF=0.689
[Ep   850 | Step   408,000/2,000,000 | 316 sps] R=-1807.4 C=  92 Safe=87.71% SAI=0.337 Jain=1.000 PeakMF=0.687
[Ep   900 | Step   432,000/2,000,000 | 316 sps] R=-1457.5 C=  19 Safe=96.67% SAI=0.337 Jain=1.000 PeakMF=0.690
[Ep   950 | Step   456,000/2,000,000 | 316 sps] R=-1402.7 C=   7 Safe=98.54% SAI=0.337 Jain=1.000 PeakMF=0.688
[Ep  1000 | Step   480,000/2,000,000 | 316 sps] R=-1442.6 C=  13 Safe=98.33% SAI=0.337 Jain=1.000 PeakMF=0.693
[Ep  1050 | Step   504,000/2,000,000 | 316 sps] R=-1460.4 C=  21 Safe=96.25% SAI=0.337 Jain=1.000 PeakMF=0.688
[Ep  1100 | Step   528,000/2,000,000 | 316 sps] R=-1420.1 C=  11 Safe=98.12% SAI=0.336 Jain=1.000 PeakMF=0.689
[Ep  1150 | Step   552,000/2,000,000 | 316 sps] R=-1485.5 C=  29 Safe=94.58% SAI=0.336 Jain=1.000 PeakMF=0.692
[Ep  1200 | Step   576,000/2,000,000 | 316 sps] R=-1434.9 C=  20 Safe=96.46% SAI=0.336 Jain=1.000 PeakMF=0.692
[Ep  1250 | Step   600,000/2,000,000 | 316 sps] R=-1474.7 C=  32 Safe=94.17% SAI=0.337 Jain=1.000 PeakMF=0.693
[Ep  1300 | Step   624,000/2,000,000 | 316 sps] R=-1391.2 C=  13 Safe=97.29% SAI=0.337 Jain=1.000 PeakMF=0.694
[Ep  1350 | Step   648,000/2,000,000 | 316 sps] R=-1416.3 C=  20 Safe=95.83% SAI=0.336 Jain=1.000 PeakMF=0.695
[Ep  1400 | Step   672,000/2,000,000 | 316 sps] R=-1451.8 C=  28 Safe=96.04% SAI=0.337 Jain=1.000 PeakMF=0.694
[Ep  1450 | Step   696,000/2,000,000 | 316 sps] R=-1402.5 C=  15 Safe=97.29% SAI=0.337 Jain=1.000 PeakMF=0.690
[Ep  1500 | Step   720,000/2,000,000 | 316 sps] R=-1351.7 C=   3 Safe=99.38% SAI=0.336 Jain=1.000 PeakMF=0.694
[Ep  1550 | Step   744,000/2,000,000 | 316 sps] R=-1453.2 C=  29 Safe=95.62% SAI=0.337 Jain=1.000 PeakMF=0.695
[Ep  1600 | Step   768,000/2,000,000 | 316 sps] R=-1406.1 C=  19 Safe=96.88% SAI=0.336 Jain=1.000 PeakMF=0.695
[Ep  1650 | Step   792,000/2,000,000 | 316 sps] R=-1602.6 C=  63 Safe=92.92% SAI=0.336 Jain=1.000 PeakMF=0.695
[Ep  1700 | Step   816,000/2,000,000 | 316 sps] R=-1381.6 C=  13 Safe=98.12% SAI=0.337 Jain=1.000 PeakMF=0.696
[Ep  1750 | Step   840,000/2,000,000 | 316 sps] R=-1466.1 C=  31 Safe=94.58% SAI=0.337 Jain=1.000 PeakMF=0.695
[Ep  1800 | Step   864,000/2,000,000 | 316 sps] R=-1758.1 C=  90 Safe=89.17% SAI=0.337 Jain=1.000 PeakMF=0.695
[Ep  1850 | Step   888,000/2,000,000 | 316 sps] R=-1444.5 C=  24 Safe=96.25% SAI=0.336 Jain=1.000 PeakMF=0.694
[Ep  1900 | Step   912,000/2,000,000 | 316 sps] R=-1347.3 C=   8 Safe=98.96% SAI=0.336 Jain=1.000 PeakMF=0.692
[Ep  1950 | Step   936,000/2,000,000 | 316 sps] R=-1387.8 C=  10 Safe=98.54% SAI=0.337 Jain=1.000 PeakMF=0.693
[Ep  2000 | Step   960,000/2,000,000 | 316 sps] R=-1400.0 C=  16 Safe=97.50% SAI=0.337 Jain=1.000 PeakMF=0.692
[Ep  2050 | Step   984,000/2,000,000 | 316 sps] R=-1330.8 C=   2 Safe=99.58% SAI=0.337 Jain=1.000 PeakMF=0.694
[Ep  2100 | Step 1,008,000/2,000,000 | 316 sps] R=-1428.2 C=  24 Safe=95.83% SAI=0.337 Jain=1.000 PeakMF=0.696
[Ep  2150 | Step 1,032,000/2,000,000 | 316 sps] R=-1422.9 C=  24 Safe=96.04% SAI=0.336 Jain=1.000 PeakMF=0.695
[Ep  2200 | Step 1,056,000/2,000,000 | 316 sps] R=-1385.0 C=  16 Safe=97.08% SAI=0.336 Jain=1.000 PeakMF=0.696
[Ep  2250 | Step 1,080,000/2,000,000 | 316 sps] R=-1358.9 C=   8 Safe=98.54% SAI=0.337 Jain=1.000 PeakMF=0.695
[Ep  2300 | Step 1,104,000/2,000,000 | 316 sps] R=-1375.4 C=  11 Safe=98.33% SAI=0.337 Jain=1.000 PeakMF=0.694
[Ep  2350 | Step 1,128,000/2,000,000 | 316 sps] R=-1351.9 C=   8 Safe=98.33% SAI=0.337 Jain=1.000 PeakMF=0.694
[Ep  2400 | Step 1,152,000/2,000,000 | 316 sps] R=-1359.7 C=  11 Safe=98.54% SAI=0.337 Jain=1.000 PeakMF=0.695
[Ep  2450 | Step 1,176,000/2,000,000 | 316 sps] R=-1333.0 C=   7 Safe=98.54% SAI=0.336 Jain=1.000 PeakMF=0.696
[Ep  2500 | Step 1,200,000/2,000,000 | 316 sps] R=-1358.8 C=  14 Safe=97.29% SAI=0.337 Jain=1.000 PeakMF=0.697
[Ep  2550 | Step 1,224,000/2,000,000 | 316 sps] R=-1382.1 C=  15 Safe=96.88% SAI=0.336 Jain=1.000 PeakMF=0.697
[Ep  2600 | Step 1,248,000/2,000,000 | 316 sps] R=-1367.5 C=  15 Safe=97.71% SAI=0.337 Jain=1.000 PeakMF=0.694
[Ep  2650 | Step 1,272,000/2,000,000 | 316 sps] R=-1343.0 C=  10 Safe=97.92% SAI=0.337 Jain=1.000 PeakMF=0.697
[Ep  2700 | Step 1,296,000/2,000,000 | 316 sps] R=-1380.4 C=  20 Safe=96.88% SAI=0.336 Jain=1.000 PeakMF=0.696
[Ep  2750 | Step 1,320,000/2,000,000 | 316 sps] R=-1337.3 C=   9 Safe=98.33% SAI=0.337 Jain=1.000 PeakMF=0.694
[Ep  2800 | Step 1,344,000/2,000,000 | 316 sps] R=-1337.4 C=   3 Safe=99.38% SAI=0.337 Jain=1.000 PeakMF=0.694
[Ep  2850 | Step 1,368,000/2,000,000 | 316 sps] R=-1747.7 C=  95 Safe=88.75% SAI=0.336 Jain=1.000 PeakMF=0.695
[Ep  2900 | Step 1,392,000/2,000,000 | 316 sps] R=-1384.0 C=  19 Safe=96.67% SAI=0.337 Jain=1.000 PeakMF=0.696
[Ep  2950 | Step 1,416,000/2,000,000 | 316 sps] R=-1297.9 C=   4 Safe=99.17% SAI=0.337 Jain=1.000 PeakMF=0.696
[Ep  3000 | Step 1,440,000/2,000,000 | 316 sps] R=-1358.3 C=  17 Safe=96.46% SAI=0.336 Jain=1.000 PeakMF=0.697
[Ep  3050 | Step 1,464,000/2,000,000 | 316 sps] R=-1461.0 C=  38 Safe=93.54% SAI=0.337 Jain=1.000 PeakMF=0.695
[Ep  3100 | Step 1,488,000/2,000,000 | 316 sps] R=-1352.6 C=  14 Safe=97.50% SAI=0.337 Jain=1.000 PeakMF=0.696
[Ep  3150 | Step 1,512,000/2,000,000 | 316 sps] R=-1323.4 C=   3 Safe=99.38% SAI=0.337 Jain=1.000 PeakMF=0.692
[Ep  3200 | Step 1,536,000/2,000,000 | 316 sps] R=-1306.8 C=   3 Safe=99.38% SAI=0.337 Jain=1.000 PeakMF=0.696
[Ep  3250 | Step 1,560,000/2,000,000 | 316 sps] R=-1506.6 C=  48 Safe=93.12% SAI=0.337 Jain=1.000 PeakMF=0.696
[Ep  3300 | Step 1,584,000/2,000,000 | 316 sps] R=-1403.7 C=  27 Safe=96.88% SAI=0.337 Jain=1.000 PeakMF=0.693
[Ep  3350 | Step 1,608,000/2,000,000 | 316 sps] R=-1289.9 C=   1 Safe=99.79% SAI=0.337 Jain=1.000 PeakMF=0.695
[Ep  3400 | Step 1,632,000/2,000,000 | 316 sps] R=-1458.3 C=  37 Safe=94.38% SAI=0.337 Jain=1.000 PeakMF=0.694
[Ep  3450 | Step 1,656,000/2,000,000 | 316 sps] R=-1391.6 C=  25 Safe=95.00% SAI=0.337 Jain=1.000 PeakMF=0.696
[Ep  3500 | Step 1,680,000/2,000,000 | 316 sps] R=-1345.3 C=  16 Safe=96.88% SAI=0.337 Jain=1.000 PeakMF=0.695
[Ep  3550 | Step 1,704,000/2,000,000 | 316 sps] R=-1305.7 C=   7 Safe=98.54% SAI=0.337 Jain=1.000 PeakMF=0.695Using device: cuda
============================================================
HC-MARL Training: HC-MARL (MAPPO + ECBF + NSWF)
Seed: 7 | Device: cuda | Workers: 6
Total steps: 2,000,000 | Eval every: 50,000
Checkpoint dir: checkpoints/ablation_no_mmicrl/seed_7
============================================================
[Ep    50 | Step    24,000/2,000,000 | 314 sps] R=-9347.9 C= 983 Safe=48.33% SAI=0.422 Jain=1.000 PeakMF=0.686
[Ep   100 | Step    48,000/2,000,000 | 315 sps] R=-5130.8 C= 350 Safe=75.21% SAI=0.425 Jain=1.000 PeakMF=0.689
[Ep   150 | Step    72,000/2,000,000 | 315 sps] R=-3878.8 C= 259 Safe=68.12% SAI=0.389 Jain=1.000 PeakMF=0.689
[Ep   200 | Step    96,000/2,000,000 | 315 sps] R=-3764.4 C= 242 Safe=63.96% SAI=0.388 Jain=1.000 PeakMF=0.688
[Ep   250 | Step   120,000/2,000,000 | 315 sps] R=-3887.3 C= 293 Safe=68.33% SAI=0.380 Jain=1.000 PeakMF=0.688
[Ep   300 | Step   144,000/2,000,000 | 315 sps] R=-2983.8 C= 160 Safe=72.50% SAI=0.372 Jain=1.000 PeakMF=0.682
[Ep   350 | Step   168,000/2,000,000 | 315 sps] R=-2414.9 C= 103 Safe=87.92% SAI=0.355 Jain=1.000 PeakMF=0.688
[Ep   400 | Step   192,000/2,000,000 | 315 sps] R=-2340.7 C= 123 Safe=80.21% SAI=0.353 Jain=1.000 PeakMF=0.685
[Ep   450 | Step   216,000/2,000,000 | 315 sps] R=-2241.2 C= 117 Safe=77.92% SAI=0.346 Jain=1.000 PeakMF=0.687
[Ep   500 | Step   240,000/2,000,000 | 315 sps] R=-1723.5 C=  25 Safe=95.42% SAI=0.342 Jain=1.000 PeakMF=0.679
[Ep   550 | Step   264,000/2,000,000 | 315 sps] R=-1671.3 C=  27 Safe=94.79% SAI=0.342 Jain=1.000 PeakMF=0.684
[Ep   600 | Step   288,000/2,000,000 | 316 sps] R=-1874.4 C=  69 Safe=86.88% SAI=0.345 Jain=1.000 PeakMF=0.688
[Ep   650 | Step   312,000/2,000,000 | 316 sps] R=-1635.3 C=  30 Safe=94.58% SAI=0.341 Jain=1.000 PeakMF=0.689
[Ep   700 | Step   336,000/2,000,000 | 316 sps] R=-1833.5 C=  81 Safe=89.79% SAI=0.340 Jain=1.000 PeakMF=0.689
[Ep   750 | Step   360,000/2,000,000 | 316 sps] R=-1593.7 C=  37 Safe=93.54% SAI=0.337 Jain=1.000 PeakMF=0.689
[Ep   800 | Step   384,000/2,000,000 | 316 sps] R=-1537.9 C=  27 Safe=95.62% SAI=0.338 Jain=1.000 PeakMF=0.685
[Ep   850 | Step   408,000/2,000,000 | 316 sps] R=-1521.5 C=  24 Safe=95.42% SAI=0.336 Jain=1.000 PeakMF=0.690
[Ep   900 | Step   432,000/2,000,000 | 316 sps] R=-1477.2 C=  17 Safe=97.50% SAI=0.337 Jain=1.000 PeakMF=0.688
[Ep   950 | Step   456,000/2,000,000 | 316 sps] R=-1417.7 C=   7 Safe=98.75% SAI=0.337 Jain=1.000 PeakMF=0.692
[Ep  1000 | Step   480,000/2,000,000 | 316 sps] R=-1484.4 C=  27 Safe=95.00% SAI=0.338 Jain=1.000 PeakMF=0.690
[Ep  1050 | Step   504,000/2,000,000 | 316 sps] R=-1388.6 C=   0 Safe=100.00% SAI=0.338 Jain=1.000 PeakMF=0.692
[Ep  1100 | Step   528,000/2,000,000 | 316 sps] R=-1432.7 C=  16 Safe=97.50% SAI=0.337 Jain=1.000 PeakMF=0.692
[Ep  1150 | Step   552,000/2,000,000 | 316 sps] R=-1589.7 C=  53 Safe=92.71% SAI=0.337 Jain=1.000 PeakMF=0.693
[Ep  1200 | Step   576,000/2,000,000 | 316 sps] R=-1499.0 C=  33 Safe=95.62% SAI=0.337 Jain=1.000 PeakMF=0.694
[Ep  1250 | Step   600,000/2,000,000 | 316 sps] R=-1450.2 C=  21 Safe=96.46% SAI=0.336 Jain=1.000 PeakMF=0.694
[Ep  1300 | Step   624,000/2,000,000 | 316 sps] R=-1527.3 C=  40 Safe=92.92% SAI=0.336 Jain=1.000 PeakMF=0.694
[Ep  1350 | Step   648,000/2,000,000 | 316 sps] R=-1450.9 C=  23 Safe=97.08% SAI=0.337 Jain=1.000 PeakMF=0.695
[Ep  1400 | Step   672,000/2,000,000 | 316 sps] R=-1354.8 C=   3 Safe=99.38% SAI=0.336 Jain=1.000 PeakMF=0.695
[Ep  1450 | Step   696,000/2,000,000 | 316 sps] R=-1419.3 C=  21 Safe=96.67% SAI=0.337 Jain=1.000 PeakMF=0.695
[Ep  1500 | Step   720,000/2,000,000 | 316 sps] R=-1396.7 C=  15 Safe=97.29% SAI=0.337 Jain=1.000 PeakMF=0.695
[Ep  1550 | Step   744,000/2,000,000 | 316 sps] R=-1589.0 C=  52 Safe=93.54% SAI=0.336 Jain=1.000 PeakMF=0.695
[Ep  1600 | Step   768,000/2,000,000 | 316 sps] R=-1371.0 C=  10 Safe=98.54% SAI=0.335 Jain=1.000 PeakMF=0.695
[Ep  1650 | Step   792,000/2,000,000 | 316 sps] R=-1431.9 C=  24 Safe=96.67% SAI=0.336 Jain=1.000 PeakMF=0.696
[Ep  1700 | Step   816,000/2,000,000 | 316 sps] R=-1451.7 C=  27 Safe=96.46% SAI=0.336 Jain=1.000 PeakMF=0.694
[Ep  1750 | Step   840,000/2,000,000 | 316 sps] R=-1390.8 C=  14 Safe=97.92% SAI=0.336 Jain=1.000 PeakMF=0.696
[Ep  1800 | Step   864,000/2,000,000 | 316 sps] R=-1356.1 C=   5 Safe=99.17% SAI=0.336 Jain=1.000 PeakMF=0.695
[Ep  1850 | Step   888,000/2,000,000 | 316 sps] R=-1448.1 C=  23 Safe=96.67% SAI=0.336 Jain=1.000 PeakMF=0.695
[Ep  1900 | Step   912,000/2,000,000 | 316 sps] R=-1400.8 C=  18 Safe=96.46% SAI=0.336 Jain=1.000 PeakMF=0.696
[Ep  1950 | Step   936,000/2,000,000 | 316 sps] R=-1563.6 C=  52 Safe=92.29% SAI=0.337 Jain=1.000 PeakMF=0.696
[Ep  2000 | Step   960,000/2,000,000 | 316 sps] R=-1382.8 C=   8 Safe=98.75% SAI=0.337 Jain=1.000 PeakMF=0.694
[Ep  2050 | Step   984,000/2,000,000 | 316 sps] R=-1445.5 C=  21 Safe=96.04% SAI=0.335 Jain=1.000 PeakMF=0.695
[Ep  2100 | Step 1,008,000/2,000,000 | 316 sps] R=-1366.7 C=  10 Safe=97.92% SAI=0.336 Jain=1.000 PeakMF=0.692
[Ep  2150 | Step 1,032,000/2,000,000 | 316 sps] R=-1464.4 C=  25 Safe=96.88% SAI=0.337 Jain=1.000 PeakMF=0.689
[Ep  2200 | Step 1,056,000/2,000,000 | 316 sps] R=-1335.9 C=   2 Safe=99.79% SAI=0.337 Jain=1.000 PeakMF=0.694
[Ep  2250 | Step 1,080,000/2,000,000 | 316 sps] R=-1716.0 C=  85 Safe=90.00% SAI=0.336 Jain=1.000 PeakMF=0.695
[Ep  2300 | Step 1,104,000/2,000,000 | 316 sps] R=-1506.2 C=  39 Safe=92.71% SAI=0.336 Jain=1.000 PeakMF=0.696
[Ep  2350 | Step 1,128,000/2,000,000 | 316 sps] R=-1395.1 C=  17 Safe=96.88% SAI=0.335 Jain=1.000 PeakMF=0.696
[Ep  2400 | Step 1,152,000/2,000,000 | 316 sps] R=-1343.7 C=   8 Safe=98.33% SAI=0.336 Jain=1.000 PeakMF=0.694
[Ep  2450 | Step 1,176,000/2,000,000 | 316 sps] R=-1417.6 C=  23 Safe=97.50% SAI=0.336 Jain=1.000 PeakMF=0.692
[Ep  2500 | Step 1,200,000/2,000,000 | 316 sps] R=-1494.2 C=  40 Safe=93.12% SAI=0.336 Jain=1.000 PeakMF=0.693
[Ep  2550 | Step 1,224,000/2,000,000 | 316 sps] R=-1528.7 C=  50 Safe=92.08% SAI=0.336 Jain=1.000 PeakMF=0.696
[Ep  2600 | Step 1,248,000/2,000,000 | 316 sps] R=-1383.6 C=  19 Safe=96.88% SAI=0.336 Jain=1.000 PeakMF=0.696
[Ep  2650 | Step 1,272,000/2,000,000 | 316 sps] R=-1339.9 C=  10 Safe=98.12% SAI=0.336 Jain=1.000 PeakMF=0.695
[Ep  2700 | Step 1,296,000/2,000,000 | 316 sps] R=-1308.7 C=   3 Safe=99.38% SAI=0.336 Jain=1.000 PeakMF=0.694
[Ep  2750 | Step 1,320,000/2,000,000 | 316 sps] R=-1346.5 C=  12 Safe=97.92% SAI=0.337 Jain=1.000 PeakMF=0.695
[Ep  2800 | Step 1,344,000/2,000,000 | 316 sps] R=-1312.3 C=   6 Safe=98.75% SAI=0.336 Jain=1.000 PeakMF=0.696
[Ep  2850 | Step 1,368,000/2,000,000 | 316 sps] R=-1313.6 C=   5 Safe=99.17% SAI=0.337 Jain=1.000 PeakMF=0.696
[Ep  2900 | Step 1,392,000/2,000,000 | 316 sps] R=-1385.4 C=  20 Safe=95.83% SAI=0.336 Jain=1.000 PeakMF=0.696
[Ep  2950 | Step 1,416,000/2,000,000 | 316 sps] R=-1304.8 C=   3 Safe=99.38% SAI=0.337 Jain=1.000 PeakMF=0.696
[Ep  3000 | Step 1,440,000/2,000,000 | 316 sps] R=-1358.6 C=  16 Safe=97.50% SAI=0.337 Jain=1.000 PeakMF=0.695
[Ep  3050 | Step 1,464,000/2,000,000 | 316 sps] R=-1567.6 C=  60 Safe=91.88% SAI=0.337 Jain=1.000 PeakMF=0.694
[Ep  3100 | Step 1,488,000/2,000,000 | 316 sps] R=-1333.8 C=  11 Safe=97.71% SAI=0.337 Jain=1.000 PeakMF=0.694
[Ep  3150 | Step 1,512,000/2,000,000 | 316 sps] R=-1432.3 C=  33 Safe=94.58% SAI=0.337 Jain=1.000 PeakMF=0.695
[Ep  3200 | Step 1,536,000/2,000,000 | 316 sps] R=-1544.0 C=  52 Safe=93.54% SAI=0.337 Jain=1.000 PeakMF=0.694
[Ep  3250 | Step 1,560,000/2,000,000 | 316 sps] R=-1326.2 C=   9 Safe=98.12% SAI=0.337 Jain=1.000 PeakMF=0.695
[Ep  3300 | Step 1,584,000/2,000,000 | 316 sps] R=-1371.7 C=  21 Safe=96.67% SAI=0.336 Jain=1.000 PeakMF=0.694
[Ep  3350 | Step 1,608,000/2,000,000 | 316 sps] R=-1306.4 C=   5 Safe=99.17% SAI=0.337 Jain=1.000 PeakMF=0.696
[Ep  3400 | Step 1,632,000/2,000,000 | 316 sps] R=-1366.8 C=  19 Safe=96.88% SAI=0.336 Jain=1.000 PeakMF=0.696
[Ep  3450 | Step 1,656,000/2,000,000 | 316 sps] R=-1362.8 C=  19 Safe=97.08% SAI=0.337 Jain=1.000 PeakMF=0.695
[Ep  3500 | Step 1,680,000/2,000,000 | 316 sps] R=-1369.8 C=  20 Safe=96.67% SAI=0.337 Jain=1.000 PeakMF=0.694
[Ep  3550 | Step 1,704,000/2,000,000 | 316 sps] R=-1479.6 C=  43 Safe=93.54% SAI=0.336 Jain=1.000 PeakMF=0.693
[Ep  3600 | Step 1,728,000/2,000,000 | 316 sps] R=-1307.1 C=   7 Safe=98.54% SAI=0.336 Jain=1.000 PeakMF=0.696
[Ep  3650 | Step 1,752,000/2,000,000 | 316 sps] R=-1316.1 C=   5 Safe=98.96% SAI=0.337 Jain=1.000 PeakMF=0.693
[Ep  3700 | Step 1,776,000/2,000,000 | 316 sps] R=-1302.5 C=   3 Safe=99.38% SAI=0.337 Jain=1.000 PeakMF=0.696
[Ep  3750 | Step 1,800,000/2,000,000 | 316 sps] R=-1495.5 C=  42 Safe=93.75% SAI=0.337 Jain=1.000 PeakMF=0.690
[Ep  3800 | Step 1,824,000/2,000,000 | 316 sps] R=-1445.3 C=  34 Safe=94.79% SAI=0.337 Jain=1.000 PeakMF=0.694
[Ep  3850 | Step 1,848,000/2,000,000 | 316 sps] R=-1330.6 C=   9 Safe=98.96% SAI=0.337 Jain=1.000 PeakMF=0.696
[Ep  3900 | Step 1,872,000/2,000,000 | 316 sps] R=-1385.0 C=  21 Safe=96.46% SAI=0.337 Jain=1.000 PeakMF=0.693
[Ep  3950 | Step 1,896,000/2,000,000 | 316 sps] R=-1329.6 C=  12 Safe=97.50% SAI=0.337 Jain=1.000 PeakMF=0.696
[Ep  4000 | Step 1,920,000/2,000,000 | 316 sps] R=-1310.1 C=   6 Safe=98.75% SAI=0.337 Jain=1.000 PeakMF=0.696
[Ep  4050 | Step 1,944,000/2,000,000 | 316 sps] R=-1398.9 C=  24 Safe=96.04% SAI=0.337 Jain=1.000 PeakMF=0.694
[Ep  4100 | Step 1,968,000/2,000,000 | 316 sps] R=-1320.5 C=   6 Safe=98.75% SAI=0.337 Jain=1.000 PeakMF=0.693
[Ep  4150 | Step 1,992,000/2,000,000 | 316 sps] R=-1397.6 C=  25 Safe=95.83% SAI=0.336 Jain=1.000 PeakMF=0.693

============================================================
Training complete: 4167 episodes, 2,000,160 steps
Best reward: -1279.3
Wall time: 1.76 hours
Checkpoint: checkpoints/ablation_no_mmicrl/seed_2/checkpoint_final.pt
============================================================
2026-05-06 06:29:31 | hcmarl.utils | INFO | HIGH determinism: cudnn.deterministic=True, torch.use_deterministic_algorithms(True), matmul=highest, CUBLAS_WORKSPACE_CONFIG=:4096:8 (EXP3-Part-1-equivalent reproducibility)
2026-05-06 06:29:31 | hcmarl.utils | INFO | HIGH determinism: cudnn.deterministic=True, torch.use_deterministic_algorithms(True), matmul=highest, CUBLAS_WORKSPACE_CONFIG=:4096:8 (EXP3-Part-1-equivalent reproducibility)

[Ep  3600 | Step 1,728,000/2,000,000 | 316 sps] R=-1421.1 C=  29 Safe=95.21% SAI=0.337 Jain=1.000 PeakMF=0.695
[Ep  3650 | Step 1,752,000/2,000,000 | 316 sps] R=-1303.5 C=   6 Safe=98.75% SAI=0.337 Jain=1.000 PeakMF=0.695
[Ep  3700 | Step 1,776,000/2,000,000 | 316 sps] R=-1445.0 C=  35 Safe=94.38% SAI=0.336 Jain=1.000 PeakMF=0.694
[Ep  3750 | Step 1,800,000/2,000,000 | 316 sps] R=-1330.3 C=   9 Safe=98.12% SAI=0.337 Jain=1.000 PeakMF=0.694
[Ep  3800 | Step 1,824,000/2,000,000 | 316 sps] R=-1631.4 C=  75 Safe=90.42% SAI=0.336 Jain=1.000 PeakMF=0.697
[Ep  3850 | Step 1,848,000/2,000,000 | 316 sps] R=-1301.8 C=   6 Safe=98.75% SAI=0.336 Jain=1.000 PeakMF=0.696
[Ep  3900 | Step 1,872,000/2,000,000 | 316 sps] R=-1410.1 C=  29 Safe=95.42% SAI=0.336 Jain=1.000 PeakMF=0.694
[Ep  3950 | Step 1,896,000/2,000,000 | 316 sps] R=-1351.3 C=  14 Safe=97.71% SAI=0.337 Jain=1.000 PeakMF=0.695
[Ep  4000 | Step 1,920,000/2,000,000 | 316 sps] R=-1486.3 C=  44 Safe=92.08% SAI=0.336 Jain=1.000 PeakMF=0.692
[Ep  4050 | Step 1,944,000/2,000,000 | 316 sps] R=-1361.1 C=  19 Safe=96.46% SAI=0.336 Jain=1.000 PeakMF=0.694
[Ep  4100 | Step 1,968,000/2,000,000 | 316 sps] R=-1324.4 C=   9 Safe=98.33% SAI=0.337 Jain=1.000 PeakMF=0.694
[Ep  4150 | Step 1,992,000/2,000,000 | 316 sps] R=-1352.1 C=  14 Safe=97.71% SAI=0.337 Jain=1.000 PeakMF=0.693

============================================================
Training complete: 4167 episodes, 2,000,160 steps
Best reward: -1280.6
Wall time: 1.76 hours
Checkpoint: checkpoints/ablation_no_mmicrl/seed_3/checkpoint_final.pt
============================================================
2026-05-06 06:29:52 | hcmarl.utils | INFO | HIGH determinism: cudnn.deterministic=True, torch.use_deterministic_algorithms(True), matmul=highest, CUBLAS_WORKSPACE_CONFIG=:4096:8 (EXP3-Part-1-equivalent reproducibility)
2026-05-06 06:29:52 | hcmarl.utils | INFO | HIGH determinism: cudnn.deterministic=True, torch.use_deterministic_algorithms(True), matmul=highest, CUBLAS_WORKSPACE_CONFIG=:4096:8 (EXP3-Part-1-equivalent reproducibility)

[Ep  3600 | Step 1,728,000/2,000,000 | 316 sps] R=-1321.0 C=   8 Safe=98.33% SAI=0.336 Jain=1.000 PeakMF=0.695
[Ep  3650 | Step 1,752,000/2,000,000 | 316 sps] R=-1329.2 C=  12 Safe=97.50% SAI=0.336 Jain=1.000 PeakMF=0.695
[Ep  3700 | Step 1,776,000/2,000,000 | 316 sps] R=-1343.5 C=  13 Safe=97.29% SAI=0.337 Jain=1.000 PeakMF=0.695
[Ep  3750 | Step 1,800,000/2,000,000 | 316 sps] R=-1307.8 C=   7 Safe=98.75% SAI=0.337 Jain=1.000 PeakMF=0.695
[Ep  3800 | Step 1,824,000/2,000,000 | 316 sps] R=-1374.9 C=  22 Safe=96.88% SAI=0.336 Jain=1.000 PeakMF=0.695
[Ep  3850 | Step 1,848,000/2,000,000 | 316 sps] R=-1330.6 C=   7 Safe=98.96% SAI=0.337 Jain=1.000 PeakMF=0.693
[Ep  3900 | Step 1,872,000/2,000,000 | 316 sps] R=-1363.3 C=  19 Safe=96.88% SAI=0.337 Jain=1.000 PeakMF=0.695
[Ep  3950 | Step 1,896,000/2,000,000 | 316 sps] R=-1355.2 C=  18 Safe=97.08% SAI=0.336 Jain=1.000 PeakMF=0.696
[Ep  4000 | Step 1,920,000/2,000,000 | 316 sps] R=-1301.0 C=   5 Safe=98.96% SAI=0.336 Jain=1.000 PeakMF=0.695
[Ep  4050 | Step 1,944,000/2,000,000 | 316 sps] R=-1307.6 C=   6 Safe=98.96% SAI=0.337 Jain=1.000 PeakMF=0.695
[Ep  4100 | Step 1,968,000/2,000,000 | 316 sps] R=-1379.1 C=  21 Safe=96.46% SAI=0.336 Jain=1.000 PeakMF=0.694
[Ep  4150 | Step 1,992,000/2,000,000 | 316 sps] R=-1467.2 C=  38 Safe=94.17% SAI=0.337 Jain=1.000 PeakMF=0.693

============================================================
Training complete: 4167 episodes, 2,000,160 steps
Best reward: -1275.6
Wall time: 1.76 hours
Checkpoint: checkpoints/ablation_no_mmicrl/seed_4/checkpoint_final.pt
============================================================

[Ep  3600 | Step 1,728,000/2,000,000 | 316 sps] R=-1320.3 C=  10 Safe=98.54% SAI=0.336 Jain=1.000 PeakMF=0.696
[Ep  3650 | Step 1,752,000/2,000,000 | 316 sps] R=-1435.2 C=  33 Safe=94.38% SAI=0.337 Jain=1.000 PeakMF=0.692
[Ep  3700 | Step 1,776,000/2,000,000 | 316 sps] R=-1387.8 C=  22 Safe=96.04% SAI=0.337 Jain=1.000 PeakMF=0.694
[Ep  3750 | Step 1,800,000/2,000,000 | 316 sps] R=-1295.9 C=   4 Safe=99.17% SAI=0.336 Jain=1.000 PeakMF=0.694
[Ep  3800 | Step 1,824,000/2,000,000 | 316 sps] R=-1400.6 C=  24 Safe=96.25% SAI=0.337 Jain=1.000 PeakMF=0.691
[Ep  3850 | Step 1,848,000/2,000,000 | 316 sps] R=-1301.2 C=   6 Safe=98.75% SAI=0.337 Jain=1.000 PeakMF=0.695
[Ep  3900 | Step 1,872,000/2,000,000 | 316 sps] R=-1338.0 C=  12 Safe=97.71% SAI=0.337 Jain=1.000 PeakMF=0.695
[Ep  3950 | Step 1,896,000/2,000,000 | 316 sps] R=-1340.5 C=  10 Safe=98.33% SAI=0.337 Jain=1.000 PeakMF=0.695
[Ep  4000 | Step 1,920,000/2,000,000 | 316 sps] R=-1359.2 C=  16 Safe=97.50% SAI=0.337 Jain=1.000 PeakMF=0.694
[Ep  4050 | Step 1,944,000/2,000,000 | 316 sps] R=-1314.3 C=   8 Safe=98.33% SAI=0.337 Jain=1.000 PeakMF=0.694
[Ep  4100 | Step 1,968,000/2,000,000 | 316 sps] R=-1298.3 C=   4 Safe=99.17% SAI=0.337 Jain=1.000 PeakMF=0.694
[Ep  4150 | Step 1,992,000/2,000,000 | 316 sps] R=-1310.9 C=   4 Safe=99.17% SAI=0.337 Jain=1.000 PeakMF=0.694

============================================================
Training complete: 4167 episodes, 2,000,160 steps
Best reward: -1269.5
Wall time: 1.76 hours
Checkpoint: checkpoints/ablation_no_mmicrl/seed_5/checkpoint_final.pt
============================================================

[Ep  3600 | Step 1,728,000/2,000,000 | 316 sps] R=-1441.5 C=  35 Safe=93.75% SAI=0.336 Jain=1.000 PeakMF=0.696
[Ep  3650 | Step 1,752,000/2,000,000 | 316 sps] R=-1359.2 C=  18 Safe=97.29% SAI=0.337 Jain=1.000 PeakMF=0.696
[Ep  3700 | Step 1,776,000/2,000,000 | 316 sps] R=-1279.5 C=   0 Safe=100.00% SAI=0.337 Jain=1.000 PeakMF=0.695
[Ep  3750 | Step 1,800,000/2,000,000 | 316 sps] R=-1327.3 C=   9 Safe=98.54% SAI=0.337 Jain=1.000 PeakMF=0.694
[Ep  3800 | Step 1,824,000/2,000,000 | 316 sps] R=-1756.2 C= 100 Safe=87.29% SAI=0.336 Jain=1.000 PeakMF=0.697
[Ep  3850 | Step 1,848,000/2,000,000 | 316 sps] R=-1491.6 C=  46 Safe=93.12% SAI=0.336 Jain=1.000 PeakMF=0.697
[Ep  3900 | Step 1,872,000/2,000,000 | 316 sps] R=-1312.6 C=   7 Safe=98.54% SAI=0.336 Jain=1.000 PeakMF=0.695
[Ep  3950 | Step 1,896,000/2,000,000 | 316 sps] R=-1391.7 C=  25 Safe=95.62% SAI=0.336 Jain=1.000 PeakMF=0.694
[Ep  4000 | Step 1,920,000/2,000,000 | 316 sps] R=-1342.3 C=  14 Safe=97.92% SAI=0.337 Jain=1.000 PeakMF=0.695
[Ep  4050 | Step 1,944,000/2,000,000 | 316 sps] R=-1356.6 C=  16 Safe=97.71% SAI=0.337 Jain=1.000 PeakMF=0.694
[Ep  4100 | Step 1,968,000/2,000,000 | 316 sps] R=-1308.5 C=   8 Safe=98.75% SAI=0.337 Jain=1.000 PeakMF=0.695
[Ep  4150 | Step 1,992,000/2,000,000 | 316 sps] R=-1553.3 C=  58 Safe=92.92% SAI=0.336 Jain=1.000 PeakMF=0.695

============================================================
Training complete: 4167 episodes, 2,000,160 steps
Best reward: -1275.4
Wall time: 1.76 hours
Checkpoint: checkpoints/ablation_no_mmicrl/seed_6/checkpoint_final.pt
============================================================

[Ep  3600 | Step 1,728,000/2,000,000 | 316 sps] R=-1338.3 C=   9 Safe=98.54% SAI=0.337 Jain=1.000 PeakMF=0.694
[Ep  3650 | Step 1,752,000/2,000,000 | 316 sps] R=-1309.2 C=   5 Safe=98.96% SAI=0.337 Jain=1.000 PeakMF=0.695
[Ep  3700 | Step 1,776,000/2,000,000 | 316 sps] R=-1361.3 C=  17 Safe=97.08% SAI=0.337 Jain=1.000 PeakMF=0.696
[Ep  3750 | Step 1,800,000/2,000,000 | 316 sps] R=-1361.9 C=  19 Safe=96.04% SAI=0.336 Jain=1.000 PeakMF=0.694
[Ep  3800 | Step 1,824,000/2,000,000 | 316 sps] R=-1319.5 C=   7 Safe=98.54% SAI=0.337 Jain=1.000 PeakMF=0.695
[Ep  3850 | Step 1,848,000/2,000,000 | 316 sps] R=-1298.4 C=   2 Safe=99.58% SAI=0.337 Jain=1.000 PeakMF=0.693
[Ep  3900 | Step 1,872,000/2,000,000 | 316 sps] R=-1501.4 C=  45 Safe=91.46% SAI=0.337 Jain=1.000 PeakMF=0.694
[Ep  3950 | Step 1,896,000/2,000,000 | 316 sps] R=-1349.0 C=  13 Safe=97.71% SAI=0.337 Jain=1.000 PeakMF=0.695
[Ep  4000 | Step 1,920,000/2,000,000 | 316 sps] R=-1522.2 C=  48 Safe=92.29% SAI=0.337 Jain=1.000 PeakMF=0.692
[Ep  4050 | Step 1,944,000/2,000,000 | 316 sps] R=-1331.7 C=  10 Safe=98.33% SAI=0.337 Jain=1.000 PeakMF=0.696
[Ep  4100 | Step 1,968,000/2,000,000 | 316 sps] R=-1775.9 C= 103 Safe=88.54% SAI=0.336 Jain=1.000 PeakMF=0.695
[Ep  4150 | Step 1,992,000/2,000,000 | 316 sps] R=-1318.4 C=   4 Safe=99.38% SAI=0.337 Jain=1.000 PeakMF=0.692

============================================================
Training complete: 4167 episodes, 2,000,160 steps
Best reward: -1269.8
Wall time: 1.76 hours
Checkpoint: checkpoints/ablation_no_mmicrl/seed_7/checkpoint_final.pt
============================================================
Using device: cuda
============================================================
HC-MARL Training: HC-MARL (MAPPO + ECBF + NSWF)
Seed: 8 | Device: cuda | Workers: 6
Total steps: 2,000,000 | Eval every: 50,000
Checkpoint dir: checkpoints/ablation_no_mmicrl/seed_8
============================================================
[Ep    50 | Step    24,000/2,000,000 | 349 sps] R=-6252.1 C= 521 Safe=60.62% SAI=0.424 Jain=1.000 PeakMF=0.676
[Ep   100 | Step    48,000/2,000,000 | 414 sps] R=-6377.6 C= 703 Safe=38.33% SAI=0.379 Jain=1.000 PeakMF=0.690
[Ep   150 | Step    72,000/2,000,000 | 442 sps] R=-2946.6 C=   5 Safe=98.96% SAI=0.414 Jain=1.000 PeakMF=0.687
[Ep   200 | Step    96,000/2,000,000 | 457 sps] R=-4255.1 C= 334 Safe=47.92% SAI=0.385 Jain=1.000 PeakMF=0.696
[Ep   250 | Step   120,000/2,000,000 | 465 sps] R=-5323.5 C= 564 Safe=47.71% SAI=0.394 Jain=1.000 PeakMF=0.686
[Ep   300 | Step   144,000/2,000,000 | 472 sps] R=-3501.9 C= 243 Safe=68.75% SAI=0.380 Jain=1.000 PeakMF=0.692
[Ep   350 | Step   168,000/2,000,000 | 475 sps] R=-2181.5 C=  31 Safe=93.54% SAI=0.364 Jain=1.000 PeakMF=0.685
[Ep   400 | Step   192,000/2,000,000 | 479 sps] R=-1978.0 C=  35 Safe=92.71% SAI=0.353 Jain=1.000 PeakMF=0.684
[Ep   450 | Step   216,000/2,000,000 | 481 sps] R=-1729.8 C=  21 Safe=96.88% SAI=0.344 Jain=1.000 PeakMF=0.685
[Ep   500 | Step   240,000/2,000,000 | 483 sps] R=-1650.6 C=  19 Safe=96.25% SAI=0.340 Jain=1.000 PeakMF=0.686
[Ep   550 | Step   264,000/2,000,000 | 483 sps] R=-1604.4 C=  19 Safe=96.25% SAI=0.338 Jain=1.000 PeakMF=0.686
[Ep   600 | Step   288,000/2,000,000 | 485 sps] R=-1575.5 C=   9 Safe=98.54% SAI=0.338 Jain=1.000 PeakMF=0.683
[Ep   650 | Step   312,000/2,000,000 | 486 sps] R=-1683.4 C=  43 Safe=92.50% SAI=0.339 Jain=1.000 PeakMF=0.687
[Ep   700 | Step   336,000/2,000,000 | 487 sps] R=-1619.8 C=  27 Safe=94.79% SAI=0.340 Jain=1.000 PeakMF=0.683
[Ep   750 | Step   360,000/2,000,000 | 488 sps] R=-1520.2 C=  20 Safe=96.46% SAI=0.337 Jain=1.000 PeakMF=0.688
[Ep   800 | Step   384,000/2,000,000 | 489 sps] R=-1552.1 C=  22 Safe=96.04% SAI=0.339 Jain=1.000 PeakMF=0.687
[Ep   850 | Step   408,000/2,000,000 | 489 sps] R=-1493.7 C=  16 Safe=97.50% SAI=0.338 Jain=1.000 PeakMF=0.687
[Ep   900 | Step   432,000/2,000,000 | 489 sps] R=-1422.9 C=   5 Safe=98.96% SAI=0.338 Jain=1.000 PeakMF=0.688
[Ep   950 | Step   456,000/2,000,000 | 489 sps] R=-1419.0 C=   6 Safe=98.75% SAI=0.337 Jain=1.000 PeakMF=0.691
[Ep  1000 | Step   480,000/2,000,000 | 489 sps] R=-1418.9 C=  15 Safe=97.50% SAI=0.335 Jain=1.000 PeakMF=0.689
[Ep  1050 | Step   504,000/2,000,000 | 489 sps] R=-1529.4 C=  37 Safe=94.79% SAI=0.338 Jain=1.000 PeakMF=0.693
[Ep  1100 | Step   528,000/2,000,000 | 490 sps] R=-1425.8 C=  10 Safe=98.33% SAI=0.338 Jain=1.000 PeakMF=0.693
[Ep  1150 | Step   552,000/2,000,000 | 490 sps] R=-1481.8 C=  25 Safe=96.46% SAI=0.338 Jain=1.000 PeakMF=0.688
[Ep  1200 | Step   576,000/2,000,000 | 490 sps] R=-1396.3 C=   9 Safe=98.33% SAI=0.338 Jain=1.000 PeakMF=0.691
[Ep  1250 | Step   600,000/2,000,000 | 491 sps] R=-1806.2 C=  98 Safe=88.33% SAI=0.337 Jain=1.000 PeakMF=0.694
[Ep  1300 | Step   624,000/2,000,000 | 491 sps] R=-1671.9 C=  72 Safe=89.17% SAI=0.336 Jain=1.000 PeakMF=0.694
[Ep  1350 | Step   648,000/2,000,000 | 491 sps] R=-1377.9 C=   9 Safe=98.33% SAI=0.336 Jain=1.000 PeakMF=0.695
[Ep  1400 | Step   672,000/2,000,000 | 492 sps] R=-1441.9 C=  19 Safe=96.46% SAI=0.336 Jain=1.000 PeakMF=0.694
[Ep  1450 | Step   696,000/2,000,000 | 492 sps] R=-1437.9 C=  24 Safe=96.25% SAI=0.336 Jain=1.000 PeakMF=0.694
[Ep  1500 | Step   720,000/2,000,000 | 492 sps] R=-1400.8 C=  17 Safe=97.50% SAI=0.336 Jain=1.000 PeakMF=0.694
[Ep  1550 | Step   744,000/2,000,000 | 492 sps] R=-1509.8 C=  41 Safe=94.17% SAI=0.337 Jain=1.000 PeakMF=0.696
[Ep  1600 | Step   768,000/2,000,000 | 492 sps] R=-1419.3 C=  18 Safe=96.88% SAI=0.336 Jain=1.000 PeakMF=0.694
[Ep  1650 | Step   792,000/2,000,000 | 493 sps] R=-1481.8 C=  35 Safe=94.58% SAI=0.337 Jain=1.000 PeakMF=0.696
[Ep  1700 | Step   816,000/2,000,000 | 493 sps] R=-1362.4 C=   9 Safe=98.54% SAI=0.336 Jain=1.000 PeakMF=0.695
[Ep  1750 | Step   840,000/2,000,000 | 493 sps] R=-1351.8 C=   5 Safe=99.17% SAI=0.337 Jain=1.000 PeakMF=0.695
[Ep  1800 | Step   864,000/2,000,000 | 494 sps] R=-1356.6 C=   2 Safe=99.58% SAI=0.338 Jain=1.000 PeakMF=0.695
[Ep  1850 | Step   888,000/2,000,000 | 494 sps] R=-1374.8 C=   8 Safe=98.33% SAI=0.337 Jain=1.000 PeakMF=0.696
[Ep  1900 | Step   912,000/2,000,000 | 494 sps] R=-1353.1 C=   4 Safe=99.17% SAI=0.336 Jain=1.000 PeakMF=0.695
[Ep  1950 | Step   936,000/2,000,000 | 495 sps] R=-1586.2 C=  56 Safe=92.08% SAI=0.336 Jain=1.000 PeakMF=0.696
[Ep  2000 | Step   960,000/2,000,000 | 495 sps] R=-1350.1 C=   4 Safe=99.17% SAI=0.336 Jain=1.000 PeakMF=0.693
[Ep  2050 | Step   984,000/2,000,000 | 495 sps] R=-1463.8 C=  31 Safe=96.04% SAI=0.336 Jain=1.000 PeakMF=0.696
[Ep  2100 | Step 1,008,000/2,000,000 | 495 sps] R=-1399.3 C=  15 Safe=97.71% SAI=0.337 Jain=1.000 PeakMF=0.695
[Ep  2150 | Step 1,032,000/2,000,000 | 496 sps] R=-1367.4 C=   7 Safe=98.54% SAI=0.337 Jain=1.000 PeakMF=0.693
[Ep  2200 | Step 1,056,000/2,000,000 | 495 sps] R=-1452.9 C=  30 Safe=95.21% SAI=0.335 Jain=1.000 PeakMF=0.696
[Ep  2250 | Step 1,080,000/2,000,000 | 495 sps] R=-1407.3 C=  14 Safe=97.92% SAI=0.337 Jain=1.000 PeakMF=0.694
[Ep  2300 | Step 1,104,000/2,000,000 | 496 sps] R=-1374.5 C=   4 Safe=99.17% SAI=0.337 Jain=1.000 PeakMF=0.691
[Ep  2350 | Step 1,128,000/2,000,000 | 496 sps] R=-1420.7 C=  23 Safe=95.83% SAI=0.336 Jain=1.000 PeakMF=0.696
[Ep  2400 | Step 1,152,000/2,000,000 | 496 sps] R=-1618.6 C=  64 Safe=91.04% SAI=0.336 Jain=1.000 PeakMF=0.696
[Ep  2450 | Step 1,176,000/2,000,000 | 496 sps] R=-2273.8 C= 195 Safe=83.33% SAI=0.337 Jain=1.000 PeakMF=0.695
[Ep  2500 | Step 1,200,000/2,000,000 | 496 sps] R=-1349.3 C=   5 Safe=99.17% SAI=0.338 Jain=1.000 PeakMF=0.693
[Ep  2550 | Step 1,224,000/2,000,000 | 496 sps] R=-1354.6 C=  10 Safe=98.33% SAI=0.336 Jain=1.000 PeakMF=0.695
[Ep  2600 | Step 1,248,000/2,000,000 | 496 sps] R=-1576.7 C=  61 Safe=90.83% SAI=0.337 Jain=1.000 PeakMF=0.696
[Ep  2650 | Step 1,272,000/2,000,000 | 495 sps] R=-1358.9 C=  16 Safe=97.29% SAI=0.336 Jain=1.000 PeakMF=0.696
[Ep  2700 | Step 1,296,000/2,000,000 | 495 sps] R=-1340.2 C=   8 Safe=98.54% SAI=0.337 Jain=1.000 PeakMF=0.694
[Ep  2750 | Step 1,320,000/2,000,000 | 496 sps] R=-1368.5 C=  17 Safe=96.88% SAI=0.337 Jain=1.000 PeakMF=0.696
[Ep  2800 | Step 1,344,000/2,000,000 | 496 sps] R=-1446.3 C=  34 Safe=95.00% SAI=0.337 Jain=1.000 PeakMF=0.695
[Ep  2850 | Step 1,368,000/2,000,000 | 496 sps] R=-1353.7 C=  16 Safe=97.29% SAI=0.337 Jain=1.000 PeakMF=0.696
[Ep  2900 | Step 1,392,000/2,000,000 | 496 sps] R=-1458.5 C=  35 Safe=94.79% SAI=0.337 Jain=1.000 PeakMF=0.695
[Ep  2950 | Step 1,416,000/2,000,000 | 496 sps] R=-1584.1 C=  62 Safe=91.88% SAI=0.337 Jain=1.000 PeakMF=0.695
[Ep  3000 | Step 1,440,000/2,000,000 | 496 sps] R=-1298.7 C=   0 Safe=100.00% SAI=0.337 Jain=1.000 PeakMF=0.694
[Ep  3050 | Step 1,464,000/2,000,000 | 496 sps] R=-1319.3 C=   7 Safe=98.54% SAI=0.337 Jain=1.000 PeakMF=0.696
[Ep  3100 | Step 1,488,000/2,000,000 | 496 sps] R=-1409.4 C=  26 Safe=95.83% SAI=0.336 Jain=1.000 PeakMF=0.695
[Ep  3150 | Step 1,512,000/2,000,000 | 496 sps] R=-1483.3 C=  43 Safe=91.88% SAI=0.336 Jain=1.000 PeakMF=0.697
[Ep  3200 | Step 1,536,000/2,000,000 | 496 sps] R=-1690.3 C=  85 Safe=87.92% SAI=0.336 Jain=1.000 PeakMF=0.697
[Ep  3250 | Step 1,560,000/2,000,000 | 496 sps] R=-1318.7 C=   7 Safe=98.54% SAI=0.336 Jain=1.000 PeakMF=0.696
[Ep  3300 | Step 1,584,000/2,000,000 | 496 sps] R=-1302.6 C=   3 Safe=99.38% SAI=0.337 Jain=1.000 PeakMF=0.694
[Ep  3350 | Step 1,608,000/2,000,000 | 496 sps] R=-1348.4 C=  13 Safe=97.71% SAI=0.337 Jain=1.000 PeakMF=0.694
[Ep  3400 | Step 1,632,000/2,000,000 | 496 sps] R=-1342.1 C=  10 Safe=98.33% SAI=0.337 Jain=1.000 PeakMF=0.694
[Ep  3450 | Step 1,656,000/2,000,000 | 496 sps] R=-1307.8 C=   7 Safe=98.54% SAI=0.337 Jain=1.000 PeakMF=0.695
[Ep  3500 | Step 1,680,000/2,000,000 | 496 sps] R=-1585.2 C=  64 Safe=90.83% SAI=0.336 Jain=1.000 PeakMF=0.697
[Ep  3550 | Step 1,704,000/2,000,000 | 496 sps] R=-1417.2 C=  31 Safe=94.79% SAI=0.336 Jain=1.000 PeakMF=0.695Using device: cuda
============================================================
HC-MARL Training: HC-MARL (MAPPO + ECBF + NSWF)
Seed: 9 | Device: cuda | Workers: 6
Total steps: 2,000,000 | Eval every: 50,000
Checkpoint dir: checkpoints/ablation_no_mmicrl/seed_9
============================================================
[Ep    50 | Step    24,000/2,000,000 | 394 sps] R=-9486.0 C= 962 Safe=45.21% SAI=0.413 Jain=1.000 PeakMF=0.679
[Ep   100 | Step    48,000/2,000,000 | 443 sps] R=-3617.2 C=  92 Safe=86.67% SAI=0.424 Jain=1.000 PeakMF=0.679
[Ep   150 | Step    72,000/2,000,000 | 460 sps] R=-4284.5 C= 395 Safe=61.25% SAI=0.371 Jain=1.000 PeakMF=0.694
[Ep   200 | Step    96,000/2,000,000 | 470 sps] R=-2907.6 C=  40 Safe=91.88% SAI=0.397 Jain=1.000 PeakMF=0.682
[Ep   250 | Step   120,000/2,000,000 | 476 sps] R=-3988.0 C= 350 Safe=62.29% SAI=0.369 Jain=1.000 PeakMF=0.689
[Ep   300 | Step   144,000/2,000,000 | 480 sps] R=-3774.7 C= 303 Safe=66.88% SAI=0.377 Jain=1.000 PeakMF=0.688
[Ep   350 | Step   168,000/2,000,000 | 483 sps] R=-2344.0 C=  30 Safe=94.58% SAI=0.372 Jain=1.000 PeakMF=0.685
[Ep   400 | Step   192,000/2,000,000 | 485 sps] R=-1980.5 C=   2 Safe=99.58% SAI=0.359 Jain=1.000 PeakMF=0.681
[Ep   450 | Step   216,000/2,000,000 | 486 sps] R=-1921.6 C=  13 Safe=97.71% SAI=0.351 Jain=1.000 PeakMF=0.686
[Ep   500 | Step   240,000/2,000,000 | 488 sps] R=-1921.4 C=  39 Safe=93.33% SAI=0.348 Jain=1.000 PeakMF=0.685
[Ep   550 | Step   264,000/2,000,000 | 489 sps] R=-1811.5 C=  49 Safe=92.08% SAI=0.345 Jain=1.000 PeakMF=0.682
[Ep   600 | Step   288,000/2,000,000 | 490 sps] R=-1693.7 C=  30 Safe=95.21% SAI=0.343 Jain=1.000 PeakMF=0.684
[Ep   650 | Step   312,000/2,000,000 | 491 sps] R=-1616.5 C=  21 Safe=96.04% SAI=0.340 Jain=1.000 PeakMF=0.686
[Ep   700 | Step   336,000/2,000,000 | 492 sps] R=-1554.7 C=  20 Safe=96.46% SAI=0.339 Jain=1.000 PeakMF=0.688
[Ep   750 | Step   360,000/2,000,000 | 492 sps] R=-1691.5 C=  54 Safe=93.12% SAI=0.336 Jain=1.000 PeakMF=0.687
[Ep   800 | Step   384,000/2,000,000 | 492 sps] R=-1573.1 C=  32 Safe=95.21% SAI=0.340 Jain=1.000 PeakMF=0.690
[Ep   850 | Step   408,000/2,000,000 | 492 sps] R=-1581.1 C=  40 Safe=92.50% SAI=0.336 Jain=1.000 PeakMF=0.688
[Ep   900 | Step   432,000/2,000,000 | 492 sps] R=-1589.6 C=  37 Safe=93.96% SAI=0.339 Jain=1.000 PeakMF=0.688
[Ep   950 | Step   456,000/2,000,000 | 492 sps] R=-1448.3 C=   9 Safe=98.54% SAI=0.338 Jain=1.000 PeakMF=0.687
[Ep  1000 | Step   480,000/2,000,000 | 493 sps] R=-1482.4 C=  23 Safe=95.83% SAI=0.337 Jain=1.000 PeakMF=0.688
[Ep  1050 | Step   504,000/2,000,000 | 493 sps] R=-1408.4 C=   3 Safe=99.38% SAI=0.336 Jain=1.000 PeakMF=0.687
[Ep  1100 | Step   528,000/2,000,000 | 492 sps] R=-1377.7 C=   2 Safe=99.58% SAI=0.336 Jain=1.000 PeakMF=0.691
[Ep  1150 | Step   552,000/2,000,000 | 493 sps] R=-1368.8 C=   5 Safe=98.96% SAI=0.337 Jain=1.000 PeakMF=0.693
[Ep  1200 | Step   576,000/2,000,000 | 493 sps] R=-1578.5 C=  52 Safe=91.04% SAI=0.337 Jain=1.000 PeakMF=0.691
[Ep  1250 | Step   600,000/2,000,000 | 493 sps] R=-1358.5 C=   4 Safe=99.17% SAI=0.337 Jain=1.000 PeakMF=0.693
[Ep  1300 | Step   624,000/2,000,000 | 493 sps] R=-1458.8 C=  26 Safe=96.25% SAI=0.337 Jain=1.000 PeakMF=0.694
[Ep  1350 | Step   648,000/2,000,000 | 494 sps] R=-1377.7 C=   6 Safe=98.75% SAI=0.337 Jain=1.000 PeakMF=0.694
[Ep  1400 | Step   672,000/2,000,000 | 494 sps] R=-1522.2 C=  40 Safe=93.75% SAI=0.337 Jain=1.000 PeakMF=0.696
[Ep  1450 | Step   696,000/2,000,000 | 494 sps] R=-1392.7 C=  11 Safe=98.33% SAI=0.337 Jain=1.000 PeakMF=0.695
[Ep  1500 | Step   720,000/2,000,000 | 494 sps] R=-1618.8 C=  58 Safe=92.71% SAI=0.337 Jain=1.000 PeakMF=0.695
[Ep  1550 | Step   744,000/2,000,000 | 494 sps] R=-1577.1 C=  52 Safe=92.08% SAI=0.336 Jain=1.000 PeakMF=0.695
[Ep  1600 | Step   768,000/2,000,000 | 494 sps] R=-1652.5 C=  70 Safe=92.29% SAI=0.336 Jain=1.000 PeakMF=0.696
[Ep  1650 | Step   792,000/2,000,000 | 494 sps] R=-1372.2 C=  11 Safe=98.75% SAI=0.337 Jain=1.000 PeakMF=0.695
[Ep  1700 | Step   816,000/2,000,000 | 495 sps] R=-1390.2 C=  10 Safe=98.54% SAI=0.338 Jain=1.000 PeakMF=0.693
[Ep  1750 | Step   840,000/2,000,000 | 495 sps] R=-1412.7 C=  19 Safe=96.88% SAI=0.336 Jain=1.000 PeakMF=0.695
[Ep  1800 | Step   864,000/2,000,000 | 495 sps] R=-1359.1 C=   6 Safe=98.75% SAI=0.337 Jain=1.000 PeakMF=0.694
[Ep  1850 | Step   888,000/2,000,000 | 495 sps] R=-1388.4 C=  12 Safe=98.33% SAI=0.336 Jain=1.000 PeakMF=0.695
[Ep  1900 | Step   912,000/2,000,000 | 496 sps] R=-1432.1 C=  20 Safe=96.46% SAI=0.337 Jain=1.000 PeakMF=0.693
[Ep  1950 | Step   936,000/2,000,000 | 496 sps] R=-1768.4 C=  94 Safe=85.42% SAI=0.336 Jain=1.000 PeakMF=0.696
[Ep  2000 | Step   960,000/2,000,000 | 496 sps] R=-1442.4 C=  20 Safe=95.83% SAI=0.337 Jain=1.000 PeakMF=0.696
[Ep  2050 | Step   984,000/2,000,000 | 496 sps] R=-1413.0 C=  16 Safe=97.29% SAI=0.337 Jain=1.000 PeakMF=0.694
[Ep  2100 | Step 1,008,000/2,000,000 | 496 sps] R=-2009.1 C= 144 Safe=85.83% SAI=0.336 Jain=1.000 PeakMF=0.696
[Ep  2150 | Step 1,032,000/2,000,000 | 496 sps] R=-1481.9 C=  35 Safe=94.38% SAI=0.337 Jain=1.000 PeakMF=0.695
[Ep  2200 | Step 1,056,000/2,000,000 | 496 sps] R=-1361.7 C=  13 Safe=97.71% SAI=0.337 Jain=1.000 PeakMF=0.695
[Ep  2250 | Step 1,080,000/2,000,000 | 496 sps] R=-1454.8 C=  32 Safe=95.00% SAI=0.337 Jain=1.000 PeakMF=0.694
[Ep  2300 | Step 1,104,000/2,000,000 | 496 sps] R=-1588.0 C=  60 Safe=91.46% SAI=0.338 Jain=1.000 PeakMF=0.695
[Ep  2350 | Step 1,128,000/2,000,000 | 496 sps] R=-1773.7 C= 101 Safe=84.17% SAI=0.336 Jain=1.000 PeakMF=0.697
[Ep  2400 | Step 1,152,000/2,000,000 | 496 sps] R=-1357.1 C=  11 Safe=97.71% SAI=0.337 Jain=1.000 PeakMF=0.693
[Ep  2450 | Step 1,176,000/2,000,000 | 496 sps] R=-1336.5 C=  10 Safe=97.92% SAI=0.336 Jain=1.000 PeakMF=0.696
[Ep  2500 | Step 1,200,000/2,000,000 | 496 sps] R=-1757.6 C=  97 Safe=83.33% SAI=0.336 Jain=1.000 PeakMF=0.696
[Ep  2550 | Step 1,224,000/2,000,000 | 496 sps] R=-1338.0 C=  10 Safe=98.12% SAI=0.336 Jain=1.000 PeakMF=0.695
[Ep  2600 | Step 1,248,000/2,000,000 | 496 sps] R=-1337.9 C=  12 Safe=97.92% SAI=0.336 Jain=1.000 PeakMF=0.696
[Ep  2650 | Step 1,272,000/2,000,000 | 496 sps] R=-1792.5 C= 105 Safe=86.25% SAI=0.336 Jain=1.000 PeakMF=0.697
[Ep  2700 | Step 1,296,000/2,000,000 | 496 sps] R=-1346.1 C=  15 Safe=97.29% SAI=0.336 Jain=1.000 PeakMF=0.696
[Ep  2750 | Step 1,320,000/2,000,000 | 496 sps] R=-1426.1 C=  30 Safe=95.21% SAI=0.336 Jain=1.000 PeakMF=0.694
[Ep  2800 | Step 1,344,000/2,000,000 | 496 sps] R=-1303.0 C=   6 Safe=98.75% SAI=0.336 Jain=1.000 PeakMF=0.696
[Ep  2850 | Step 1,368,000/2,000,000 | 496 sps] R=-1337.9 C=   6 Safe=99.17% SAI=0.337 Jain=1.000 PeakMF=0.694
[Ep  2900 | Step 1,392,000/2,000,000 | 496 sps] R=-1432.6 C=  34 Safe=93.75% SAI=0.336 Jain=1.000 PeakMF=0.697
[Ep  2950 | Step 1,416,000/2,000,000 | 496 sps] R=-1381.6 C=  22 Safe=97.08% SAI=0.337 Jain=1.000 PeakMF=0.695
[Ep  3000 | Step 1,440,000/2,000,000 | 496 sps] R=-1537.7 C=  54 Safe=91.67% SAI=0.337 Jain=1.000 PeakMF=0.695
[Ep  3050 | Step 1,464,000/2,000,000 | 496 sps] R=-1662.3 C=  79 Safe=89.17% SAI=0.336 Jain=1.000 PeakMF=0.693
[Ep  3100 | Step 1,488,000/2,000,000 | 496 sps] R=-1388.5 C=  20 Safe=96.46% SAI=0.337 Jain=1.000 PeakMF=0.693
[Ep  3150 | Step 1,512,000/2,000,000 | 496 sps] R=-1391.3 C=  21 Safe=96.88% SAI=0.337 Jain=1.000 PeakMF=0.695
[Ep  3200 | Step 1,536,000/2,000,000 | 496 sps] R=-1411.6 C=  28 Safe=95.21% SAI=0.336 Jain=1.000 PeakMF=0.694
[Ep  3250 | Step 1,560,000/2,000,000 | 496 sps] R=-1493.1 C=  46 Safe=91.67% SAI=0.336 Jain=1.000 PeakMF=0.697
[Ep  3300 | Step 1,584,000/2,000,000 | 496 sps] R=-1345.5 C=  11 Safe=98.12% SAI=0.337 Jain=1.000 PeakMF=0.696
[Ep  3350 | Step 1,608,000/2,000,000 | 496 sps] R=-1343.0 C=  16 Safe=96.88% SAI=0.336 Jain=1.000 PeakMF=0.695
[Ep  3400 | Step 1,632,000/2,000,000 | 496 sps] R=-1392.2 C=  26 Safe=95.42% SAI=0.337 Jain=1.000 PeakMF=0.696
[Ep  3450 | Step 1,656,000/2,000,000 | 496 sps] R=-1312.5 C=   6 Safe=99.17% SAI=0.337 Jain=1.000 PeakMF=0.694
[Ep  3500 | Step 1,680,000/2,000,000 | 496 sps] R=-1390.1 C=  24 Safe=96.25% SAI=0.337 Jain=1.000 PeakMF=0.694
[Ep  3550 | Step 1,704,000/2,000,000 | 496 sps] R=-1417.6 C=  27 Safe=95.62% SAI=0.337 Jain=1.000 PeakMF=0.692
[Ep  3600 | Step 1,728,000/2,000,000 | 496 sps] R=-1301.3 C=   2 Safe=99.58% SAI=0.337 Jain=1.000 PeakMF=0.693
[Ep  3650 | Step 1,752,000/2,000,000 | 496 sps] R=-1337.8 C=  14 Safe=97.08% SAI=0.337 Jain=1.000 PeakMF=0.696
[Ep  3700 | Step 1,776,000/2,000,000 | 496 sps] R=-1474.6 C=  40 Safe=95.21% SAI=0.337 Jain=1.000 PeakMF=0.695
[Ep  3750 | Step 1,800,000/2,000,000 | 496 sps] R=-1405.2 C=  28 Safe=95.21% SAI=0.337 Jain=1.000 PeakMF=0.696
[Ep  3800 | Step 1,824,000/2,000,000 | 496 sps] R=-1307.2 C=   8 Safe=98.75% SAI=0.337 Jain=1.000 PeakMF=0.695
[Ep  3850 | Step 1,848,000/2,000,000 | 496 sps] R=-1330.4 C=   8 Safe=98.33% SAI=0.337 Jain=1.000 PeakMF=0.695
[Ep  3900 | Step 1,872,000/2,000,000 | 496 sps] R=-1315.6 C=   5 Safe=98.96% SAI=0.337 Jain=1.000 PeakMF=0.696
[Ep  3950 | Step 1,896,000/2,000,000 | 496 sps] R=-1399.5 C=  26 Safe=95.62% SAI=0.337 Jain=1.000 PeakMF=0.696
[Ep  4000 | Step 1,920,000/2,000,000 | 496 sps] R=-1277.3 C=   2 Safe=99.58% SAI=0.336 Jain=1.000 PeakMF=0.695
[Ep  4050 | Step 1,944,000/2,000,000 | 496 sps] R=-1342.8 C=  12 Safe=97.71% SAI=0.337 Jain=1.000 PeakMF=0.695
[Ep  4100 | Step 1,968,000/2,000,000 | 496 sps] R=-1298.6 C=   7 Safe=98.75% SAI=0.336 Jain=1.000 PeakMF=0.694
[Ep  4150 | Step 1,992,000/2,000,000 | 496 sps] R=-1350.5 C=  16 Safe=96.88% SAI=0.336 Jain=1.000 PeakMF=0.694

============================================================
Training complete: 4167 episodes, 2,000,160 steps
Best reward: -1275.1
Wall time: 1.12 hours
Checkpoint: checkpoints/ablation_no_mmicrl/seed_8/checkpoint_final.pt
============================================================

[Ep  3600 | Step 1,728,000/2,000,000 | 496 sps] R=-1335.5 C=  12 Safe=98.33% SAI=0.337 Jain=1.000 PeakMF=0.695
[Ep  3650 | Step 1,752,000/2,000,000 | 497 sps] R=-1544.4 C=  56 Safe=90.21% SAI=0.337 Jain=1.000 PeakMF=0.697
[Ep  3700 | Step 1,776,000/2,000,000 | 497 sps] R=-1311.8 C=   7 Safe=98.54% SAI=0.336 Jain=1.000 PeakMF=0.693
[Ep  3750 | Step 1,800,000/2,000,000 | 497 sps] R=-1305.2 C=   5 Safe=99.17% SAI=0.337 Jain=1.000 PeakMF=0.696
[Ep  3800 | Step 1,824,000/2,000,000 | 497 sps] R=-1364.4 C=  16 Safe=97.08% SAI=0.337 Jain=1.000 PeakMF=0.694
[Ep  3850 | Step 1,848,000/2,000,000 | 497 sps] R=-1323.5 C=   7 Safe=98.54% SAI=0.337 Jain=1.000 PeakMF=0.694
[Ep  3900 | Step 1,872,000/2,000,000 | 497 sps] R=-1388.6 C=  23 Safe=95.83% SAI=0.337 Jain=1.000 PeakMF=0.696
[Ep  3950 | Step 1,896,000/2,000,000 | 497 sps] R=-1402.9 C=  28 Safe=94.58% SAI=0.336 Jain=1.000 PeakMF=0.696
[Ep  4000 | Step 1,920,000/2,000,000 | 497 sps] R=-1442.4 C=  36 Safe=94.17% SAI=0.337 Jain=1.000 PeakMF=0.697
[Ep  4050 | Step 1,944,000/2,000,000 | 497 sps] R=-1348.4 C=  16 Safe=97.71% SAI=0.336 Jain=1.000 PeakMF=0.696
[Ep  4100 | Step 1,968,000/2,000,000 | 497 sps] R=-1341.2 C=  13 Safe=97.50% SAI=0.337 Jain=1.000 PeakMF=0.696
[Ep  4150 | Step 1,992,000/2,000,000 | 497 sps] R=-1388.1 C=  25 Safe=95.21% SAI=0.337 Jain=1.000 PeakMF=0.697

============================================================
Training complete: 4167 episodes, 2,000,160 steps
Best reward: -1276.6
Wall time: 1.12 hours
Checkpoint: checkpoints/ablation_no_mmicrl/seed_9/checkpoint_final.pt
============================================================
[6/50] no_ecbf seed=5 DONE
[4/50] no_ecbf seed=3 DONE
[3/50] no_ecbf seed=2 DONE
[1/50] no_ecbf seed=0 DONE
[5/50] no_ecbf seed=4 DONE
[2/50] no_ecbf seed=1 DONE
[10/50] no_ecbf seed=9 DONE
[9/50] no_ecbf seed=8 DONE
[7/50] no_ecbf seed=6 DONE
[8/50] no_ecbf seed=7 DONE
[11/50] no_nswf seed=0 DONE
[12/50] no_nswf seed=1 DONE
[13/50] no_nswf seed=2 DONE
[15/50] no_nswf seed=4 DONE
[16/50] no_nswf seed=5 DONE
[14/50] no_nswf seed=3 DONE
[18/50] no_nswf seed=7 DONE
[17/50] no_nswf seed=6 DONE
[19/50] no_nswf seed=8 DONE
[20/50] no_nswf seed=9 DONE
[23/50] no_divergent seed=2 DONE
[22/50] no_divergent seed=1 DONE
[24/50] no_divergent seed=3 DONE
[21/50] no_divergent seed=0 DONE
[25/50] no_divergent seed=4 DONE
[26/50] no_divergent seed=5 DONE
[28/50] no_divergent seed=7 DONE
[30/50] no_divergent seed=9 DONE
[27/50] no_divergent seed=6 DONE
[29/50] no_divergent seed=8 DONE
[31/50] no_reperfusion seed=0 DONE
[32/50] no_reperfusion seed=1 DONE
[33/50] no_reperfusion seed=2 DONE
[35/50] no_reperfusion seed=4 DONE
[34/50] no_reperfusion seed=3 DONE
[36/50] no_reperfusion seed=5 DONE
[37/50] no_reperfusion seed=6 DONE
[42/50] no_mmicrl seed=1 DONE
[41/50] no_mmicrl seed=0 DONE
[40/50] no_reperfusion seed=9 DONE
[38/50] no_reperfusion seed=7 DONE
[39/50] no_reperfusion seed=8 DONE
[43/50] no_mmicrl seed=2 DONE
[44/50] no_mmicrl seed=3 DONE
[45/50] no_mmicrl seed=4 DONE
[46/50] no_mmicrl seed=5 DONE
[47/50] no_mmicrl seed=6 DONE
[48/50] no_mmicrl seed=7 DONE
[49/50] no_mmicrl seed=8 DONE
[50/50] no_mmicrl seed=9 DONE

All 50 jobs complete.
