{
  "n_demonstrations": 102,
  "n_types_discovered": 4,
  "type_proportions": [
    0.3137254901960784,
    0.049019607843137254,
    0.17647058823529413,
    0.46078431372549017
  ],
  "mutual_information": 0.0,
  "mi_collapsed": true,
  "objective_value": 0.0,
  "theta_per_type": {
    "0": {
      "shoulder": 0.29875820875167847
    },
    "1": {
      "shoulder": 0.11441495269536972
    },
    "2": {
      "shoulder": 0.25250473618507385
    },
    "3": {
      "shoulder": 0.19516263902187347
    }
  },
  "lambda1": 1.0,
  "lambda2": 1.0,
  "bic_scores": {
    "1": 6.92015266418457,
    "2": 956251.0,
    "3": 16153.658203125,
    "4": -14.065954208374023,
    "5": 4.220736026763916
  },
  "k_selection": {
    "score": "heldout_nll",
    "values": {
      "1": 6.92015266418457,
      "2": 956251.0,
      "3": 16153.658203125,
      "4": -14.065954208374023,
      "5": 4.220736026763916
    }
  }
}