{
  "method": "hcmarl",
  "seed": 0,
  "total_episodes": 4167,
  "total_steps": 2000160,
  "best_reward": -39538.94970852223,
  "wall_time_seconds": 6329.634984493256,
  "wall_time_hours": 1.7582319401370154
}