{
  "method": "hcmarl",
  "seed": 8,
  "total_episodes": 4167,
  "total_steps": 2000160,
  "best_reward": -8956.883316822154,
  "wall_time_seconds": 6344.357655763626,
  "wall_time_hours": 1.7623215710454516
}