{
  "method": "hcmarl",
  "seed": 3,
  "total_episodes": 4167,
  "total_steps": 2000160,
  "best_reward": -1233.3439123257203,
  "wall_time_seconds": 6354.018995761871,
  "wall_time_hours": 1.7650052766005198
}