{
  "method": "happo",
  "seed": 3,
  "total_episodes": 4167,
  "total_steps": 2000160,
  "best_reward": -9379.19495359389,
  "wall_time_seconds": 42773.96576809883,
  "wall_time_hours": 11.88165715780523
}