{
  "method": "hcmarl",
  "seed": 9,
  "total_episodes": 4167,
  "total_steps": 2000160,
  "best_reward": -1276.5504574958843,
  "wall_time_seconds": 5291.739459991455,
  "wall_time_hours": 1.469927627775404
}