{
  "n_demonstrations": 102,
  "n_types_discovered": 1,
  "type_proportions": [
    1.0
  ],
  "mutual_information": 0.0,
  "mi_collapsed": false,
  "objective_value": 0.0,
  "theta_per_type": {
    "0": {
      "shoulder": 0.2412293553352356
    }
  },
  "lambda1": 1.0,
  "lambda2": 1.0,
  "bic_scores": {
    "1": 3294.829345703125,
    "2": 1256852.625,
    "3": 30021290.0,
    "4": 3642.6474609375,
    "5": 6233619968.0
  },
  "k_selection": {
    "score": "heldout_nll",
    "values": {
      "1": 3294.829345703125,
      "2": 1256852.625,
      "3": 30021290.0,
      "4": 3642.6474609375,
      "5": 6233619968.0
    }
  }
}