{
  "n_demonstrations": 102,
  "n_types_discovered": 2,
  "type_proportions": [
    0.049019607843137254,
    0.9509803921568627
  ],
  "mutual_information": 0.0,
  "mi_collapsed": true,
  "objective_value": 0.0,
  "theta_per_type": {
    "0": {
      "shoulder": 0.14596880972385406
    },
    "1": {
      "shoulder": 0.2445022314786911
    }
  },
  "lambda1": 1.0,
  "lambda2": 1.0,
  "bic_scores": {
    "1": 73045.4453125,
    "2": 130.85177612304688,
    "3": 969064.4375,
    "4": 710.4616088867188,
    "5": 88205960.0
  },
  "k_selection": {
    "score": "heldout_nll",
    "values": {
      "1": 73045.4453125,
      "2": 130.85177612304688,
      "3": 969064.4375,
      "4": 710.4616088867188,
      "5": 88205960.0
    }
  }
}