{
  "method": "hcmarl",
  "seed": 5,
  "total_episodes": 4167,
  "total_steps": 2000160,
  "best_reward": -1269.5154217572829,
  "wall_time_seconds": 6347.991742134094,
  "wall_time_hours": 1.7633310394816928
}