{
  "method": "hcmarl",
  "seed": 0,
  "total_episodes": 4167,
  "total_steps": 2000160,
  "best_reward": -1274.020085147896,
  "wall_time_seconds": 6353.776161193848,
  "wall_time_hours": 1.7649378225538466
}