{
  "method": "hcmarl",
  "seed": 2,
  "total_episodes": 4167,
  "total_steps": 2000160,
  "best_reward": -1242.684151412621,
  "wall_time_seconds": 6350.812540054321,
  "wall_time_hours": 1.7641145944595338
}