{
  "method": "happo",
  "seed": 7,
  "total_episodes": 4167,
  "total_steps": 2000160,
  "best_reward": -7210.50974562301,
  "wall_time_seconds": 39957.98405957222,
  "wall_time_hours": 11.099440016547838
}